zdc,ligneLabel,destination,accId,labelPosition,position,positionMax,equipement,directionId,terminusReel,zdcSuivant
71264,7,Châtelet,,Arrière,5,5,,1,"Villejuif - Louis Aragon",71217
463564,8,Bastille,,Arrière,5,5,,1,"Pointe du Lac",71693
71673,9,Nation,,Milieu,3,5,,0,"Pont de Sèvres",71694
71940,7B,Jaurès,,Arrière,2,3,,1,"Louis Blanc",71407
71139,6,Montparnasse-Bienvenue,,Milieu,3,5,,0,Nation,71108
71056,4,Denfert-Rochereau,,Arrière,6,6,,1,"Bagneux - Lucie Aubrac",73653
71324,12,Madeleine,,Avant,1,5,,0,"Mairie d'Issy",71298
71410,5,Magenta,,Arrière,5,5,,0,"Bobigny - Pablo Picasso",71961
71673,6,Nation,,Milieu,3,5,,1,"Charles de Gaulle - Étoile",71639
71346,13,Miromesnil,,Milieu,3,5,,0,"Châtillon - Montrouge",71305
71347,2,"Charles de Gaulle-Etoile",,Avant,1,5,,1,"Porte Dauphine",71315
71426,4,Barbès-Rochechouart,,Milieu,3,6,Escalator,0,"Porte de Clignancourt",71469
71264,1,Châtelet,,Arrière,6,6,,1,"La Défense",73630
71285,9,Trocadéro,,Arrière,5,5,,0,"Pont de Sèvres",71292
71410,5,"Paris Gare du Nord",,Milieu,3,5,,1,"Place d'Italie",71359
73648,5,"65 boulevard Richard Lenoir",50147740,Avant,1,5,,0,"Bobigny - Pablo Picasso",71803
463564,1,"Bd Bourdon",50147743,Avant,1,6,,1,"La Défense",71222
72486,5,"Gare routière Bus 134A-134B",50147773,Avant,1,5,,0,"Bobigny - Pablo Picasso",
71264,11,"63 - 65 rue de Rivoli",50147791,Avant,1,5,,1,Châtelet,
71264,14,"112 rue deRivoli",50147795,Arrière,6,8,Escalator,0,"Saint-Denis - Pleyel",73788
73794,4,"Place Carrée, Forum des Halles)",50147804,Avant,1,6,,1,"Bagneux - Lucie Aubrac",71264
73633,8,"18 rue Saint-Denis",50147823,Arrière,5,5,,0,Balard,71320
73633,8,"13 boulevard Saint-Denis",50147824,Arrière,5,5,,0,Balard,71320
71139,12,"Maine Montparnasse",50147832,Arrière,4,5,,0,"Mairie d'Issy",73641
71088,4,"Boulevard Edgard Quinet",50147856,Arrière,6,6,,1,"Bagneux - Lucie Aubrac",71056
71450,3,"Avenue Stéphane Mallarmé",50147886,Arrière,5,5,,0,Gallieni,71453
71808,3B,Père-Lachaise,50147892,Arrière,3,3,,0,"Porte des Lilas",71828
71296,3,"Rue du Temple",50147921,Arrière,5,5,,1,"Pont de Levallois - Bécon",71293
71961,2,"244-171 boulevard de la Villette",50147926,Arrière,5,5,,0,Nation,71940
71485,1,"Quartier Bellini",50147944,Avant,2,6,,0,"Château de Vincennes",71442
71673,1,"Terre-plein face au 28 place de la Nation",50147946,Arrière,6,6,,1,"La Défense",71654
71379,1,"80 avenue de la Grande Armée",50147957,Avant,1,6,,0,"Château de Vincennes",71348
73630,1,"Amiral de Coligny (8 rue de l')",50147987,Arrière,6,6,,1,"La Défense",71297
71253,7,"quai du Louvre",50148108,Avant,1,5,,1,"Villejuif - Louis Aragon",71264
70636,7,"50 avenue de la Porte d'Ivry",50148138,Avant,1,5,,0,"La Courneuve - 8 Mai 1945",70604
70375,7,"34 avenue de Paris",50148147,Avant,2,5,,0,"La Courneuve - 8 Mai 1945",70452
71320,9,"5 Boulevard du Faubourg Poissonnière",50148182,Avant,1,5,,0,"Pont de Sèvres",71326
70269,8,"92 avenue Charles de Gaulle",50148228,Arrière,4,5,,0,Balard,70358
70021,8,"Centre Commercial Créteil-Soleil",50148232,Avant,2,5,Escalator,1,"Pointe du Lac",69884
71084,9,"Place de la Porte de Saint-Cloud",50148251,Arrière,5,5,,0,"Pont de Sèvres",71054
71206,10,"55 rue d' Auteuil",50148258,Avant,2,5,,0,"Boulogne Pont de Saint-Cloud",71169
71334,9,"30 avenue Franklin D. Roosevelt",50148283,Avant,1,5,,1,"Mairie de Montreuil",71346
71346,9,"24 bis rue de la Boétie",50148288,Arrière,5,5,,0,"Pont de Sèvres",71334
71750,9,"107 boulevard Voltaire",50148315,Arrière,5,5,,0,"Pont de Sèvres",71781
73639,10,"13 rue du Four",50148359,Arrière,5,5,,0,"Boulogne Pont de Saint-Cloud",71203
71840,11,"135 avenue Parmentier",50148408,Avant,1,5,,0,Rosny-Bois-Perrier,71853
71853,2,"Terre-plein face au 1 boulevard de la Villette",50148414,Avant,1,5,,0,Nation,71834
71125,6,"183 rue de Vaugirard",50148438,Arrière,5,5,,0,Nation,71139
71370,14,"95 rue Saint-Lazare",50148494,Avant,2,8,,1,"Aéroport d'Orly",71324
73661,13,"Marché des Batignolles",50148512,Avant,1,5,,0,"Châtillon - Montrouge",71474
71347,6,"2 avenue de la Grande Armée",50148549,Avant,2,5,,1,"Charles de Gaulle - Étoile",
71347,2,"6 avenue Carnot",50148553,Milieu,3,5,,0,Nation,71367
73626,14,"Chalon (rue, vers la rue Chalon : Salle T.G.V.)",50148567,Milieu,4,8,Ascenseur,1,"Aéroport d'Orly",71607
71370,13,"14 rue du Havre",50148663,Milieu,3,5,,0,"Châtillon - Montrouge",71346
71370,14,"14 rue du Havre",50148663,Arrière,6,8,,1,"Aéroport d'Orly",71324
70522,8,"Avenue du General Leclerc",50148694,Avant,2,5,,1,"Pointe du Lac",70426
73626,1,"Face au 201 rue de Bercy",50148698,Arrière,5,6,,0,"Château de Vincennes",71654
71311,11,"10 place de la République",50148722,Avant,2,5,,1,Châtelet,71293
70586,4,"Place Emile Cresp (côté rue Gabriel Peri)",50148741,Arrière,6,6,,1,"Bagneux - Lucie Aubrac",70441
71940,2,"Boulevard de la Villette",50148784,Avant,1,5,,1,"Porte Dauphine",71961
71977,7,"Avenue de Flandre",50148824,Arrière,5,5,,0,"La Courneuve - 8 Mai 1945",72013
72126,14,"Rue Touzet",50148891,Arrière,8,8,,0,"Saint-Denis - Pleyel",72168
71545,14,"av du Cimetière des Batignolles",50148894,Milieu,5,8,,1,"Aéroport d'Orly",71475
71545,13,"av de Clichy",50148897,Arrière,5,5,,0,"Châtillon - Montrouge",73661
70441,4,"4 av. Stalingrad Bagneux",50149174,Avant,1,6,Ascenseur,1,"Bagneux - Lucie Aubrac",483315
72168,14,"Rue Albert Dhalenne",50149542,Avant,2,8,Ascenseur,0,"Saint-Denis - Pleyel",490784
71897,11,"bd de la Boissière",50149892,Avant,1,5,Ascenseur,1,Châtelet,71947
71897,11,"bd de la Boissière",50149892,Arrière,4,5,Ascenseur,1,Châtelet,71947
490782,11,"r. de la Dhuys",50149896,Avant,2,5,Ascenseur,0,Rosny-Bois-Perrier,490783
70645,14,"r. Tagore",50149930,Milieu,5,8,Escalier,1,"Aéroport d'Orly",70445
70645,14,"r. de la Vistule",50149931,Milieu,5,8,Escalator,0,"Saint-Denis - Pleyel",71557
70645,14,"r. Bourgon",50149932,Arrière,7,8,Escalator,1,"Aéroport d'Orly",70445
69677,14,"Entrée / Sortie",50149941,Arrière,7,8,Escalier,0,"Saint-Denis - Pleyel",73753
69677,14,"Entrée / Sortie",50149941,Avant,3,8,Ascenseur,0,"Saint-Denis - Pleyel",73753
490784,14,"23 rue Pleyel",50149984,Arrière,6,8,Escalator,0,"Saint-Denis - Pleyel",
490779,11,"bd du Gén. Leclerc",50210356,Avant,2,5,Escalator,1,Châtelet,71909
71311,9,République,,Milieu,3,5,,1,"Mairie de Montreuil",71803
73633,8,Strasbourg-Saint-Denis,,Arrière,5,5,,0,Balard,71320
71940,2,Jaurès,,Arrière,4,5,Ascenseur,0,Nation,71893
415852,1,"Hôtel de Ville",,Avant,1,6,,0,"Château de Vincennes",71222
71434,2,"Gare du Nord",,Avant,1,5,,1,"Porte Dauphine",71426
71359,7,"Gare de l'Est (Verdun)",,Milieu,3,5,,0,"La Courneuve - 8 Mai 1945",474149
71403,2,Villiers,,Arrière,5,5,,1,"Porte Dauphine",73671
71298,8,Concorde,,Arrière,5,5,,0,Balard,71274
71673,1,Nation,,Milieu,3,6,,1,"La Défense",71654
73633,9,Strasbourg-Saint-Denis,,Arrière,5,5,,0,"Pont de Sèvres",71320
73618,10,Odéon,,Arrière,5,5,,1,"Gare d'Austerlitz",73619
71139,4,Montparnasse-Bienvenue,,Avant,1,6,,0,"Porte de Clignancourt",71184
71311,11,République,,Arrière,4,5,,0,Rosny-Bois-Perrier,71840
71033,6,"Place d'Italie",,Milieu,3,5,,0,Nation,71043
71434,2,Magenta,,Milieu,3,5,,1,"Porte Dauphine",71426
73690,9,Saint-Lazare,,Arrière,5,5,,0,"Pont de Sèvres",71346
71511,12,Marcadet-Poissonniers,,Arrière,5,5,,1,"Mairie d'Aubervilliers",71510
71410,5,"Paris Gare du Nord",,Milieu,3,5,Escalator,1,"Place d'Italie",71359
71264,4,"Châtelet - Les Halles",,Milieu,3,6,,0,"Porte de Clignancourt",73794
71347,2,"Charles de Gaulle - Etoile",,Avant,1,5,,1,"Porte Dauphine",71315
71337,3,Auber,,Milieu,3,5,,1,"Pont de Levallois - Bécon",482368
71264,11,"Châtelet - Les Halles",,Avant,1,5,,1,Châtelet,
71264,1,"Châtelet - Les Halles",,Arrière,6,6,,1,"La Défense",73630
73626,14,"Gare de Lyon",,Arrière,6,8,Ascenseur,0,"Saint-Denis - Pleyel",71264
71322,5,"19 boulevard de Magenta",50147739,Avant,1,5,,1,"Place d'Italie",71311
72486,5,"Mc 93 Maison de la Culture",50147747,Arrière,5,5,,1,"Place d'Italie",72039
71359,4,"5 rue du 8 Mai 1945",50147775,Avant,2,6,,1,"Bagneux - Lucie Aubrac",71333
71426,2,"1 Bd de Rochechouart",50147785,Avant,1,5,,1,"Porte Dauphine",71419
71264,4,"Rue de la Lingerie",50147790,Milieu,3,6,,0,"Porte de Clignancourt",73794
71264,1,"8 place Sainte-Opportune",50147793,Avant,2,6,,0,"Château de Vincennes",415852
71264,14,"8 place Sainte-Opportune",50147793,Avant,2,8,,1,"Aéroport d'Orly",73626
71264,1,"55 rue de Rivoli",50147794,Arrière,6,6,,1,"La Défense",73630
71264,7,"112 rue deRivoli",50147795,Arrière,5,5,,1,"Villejuif - Louis Aragon",71217
71264,14,"112 rue deRivoli",50147795,Arrière,7,8,,0,"Saint-Denis - Pleyel",73788
71264,4,"Rue des Lavandières",50147796,Arrière,6,6,,0,"Porte de Clignancourt",73794
71202,4,"69 rue de Rennes",50147800,Avant,1,6,,0,"Porte de Clignancourt",71216
73620,4,"Place Saint-Michel",50147811,Arrière,6,6,Ascenseur,0,"Porte de Clignancourt",71223
71117,4,"103 boulevard du Montparnasse",50147831,Arrière,5,6,Escalator,1,"Bagneux - Lucie Aubrac",71088
71088,4,"233 boulevard Raspail",50147857,Arrière,6,6,,1,"Bagneux - Lucie Aubrac",71056
73617,3,"1 rue de Madrid",50147866,Milieu,3,5,,1,"Pont de Levallois - Bécon",71403
425779,1,"70 avenue Charles de Gaulle",50147962,Avant,1,6,,1,"La Défense",71442
71305,1,"Clémenceau (place)",50147971,Avant,1,6,,1,"La Défense",71318
71297,7,"Place du Palais-Royal",50147990,Arrière,4,5,,1,"Villejuif - Louis Aragon",71253
71634,1,"Château de Vincennes",50147998,Arrière,6,6,,1,"La Défense",71650
71197,6,"Boulevard de Grenelle",50148028,Arrière,5,5,,0,Nation,71199
71614,8,"6 Place Félix Eboué",50148045,Arrière,5,5,,0,Balard,71631
73650,6,"34 boulevard de Picpus",50148050,Avant,1,5,,0,Nation,71639
71673,2,"Place de la Nation",50148054,Arrière,5,5,,0,Nation,
73696,7,"54 avenue Jean Jaurès",50148063,Avant,2,5,,0,"La Courneuve - 8 Mai 1945",
72460,7,"144 avenue de la République",50148072,Milieu,3,5,,1,"Villejuif - Louis Aragon",72430
474149,7,"188 rue du Faubourg Saint-Martin",50148090,Arrière,5,5,,1,"Villejuif - Louis Aragon",71359
71201,7,"12 boulevard Henri IV",50148112,Avant,1,5,,1,"Villejuif - Louis Aragon",71148
70537,7,"1 bis rue Pierre Curie",50148140,Arrière,5,5,,0,"La Courneuve - 8 Mai 1945",70636
70488,7,"Centre Commercial",50148142,Arrière,5,5,,1,"Mairie d'Ivry",
71073,8,"10 boulevard Victor",50148154,Arrière,5,5,,0,Balard,
71137,8,"Place Félix Faure",50148164,Avant,1,5,,1,"Pointe du Lac",71132
71311,9,République,,Avant,1,5,,1,"Mairie de Montreuil",71803
73689,7,"Chaussée d'Antin (La Fayette)",,Milieu,3,5,,1,"Villejuif - Louis Aragon",71337
71311,5,République,,Milieu,3,5,,1,"Place d'Italie",71803
73690,9,Saint-Lazare,,Arrière,5,5,,0,"Pont de Sèvres",71346
71673,2,Nation,,Milieu,3,5,,1,"Porte Dauphine",71697
71324,12,Madeleine,,Arrière,5,5,,1,"Mairie d'Aubervilliers",71370
71961,2,Stalingrad,,Arrière,5,5,,1,"Porte Dauphine",71434
71940,5,Jaurès,,Avant,1,5,,1,"Place d'Italie",71961
71274,13,Invalides,,Arrière,5,5,,0,"Châtillon - Montrouge",71232
71139,12,Montparnasse-Bienvenue,,Arrière,5,5,,1,"Mairie d'Aubervilliers",71138
71311,3,République,,Avant,1,5,,1,"Pont de Levallois - Bécon",71296
71370,14,Saint-Lazare,,Avant,3,8,,0,"Saint-Denis - Pleyel",71475
71808,3B,Gambetta,,Arrière,3,3,,0,"Porte des Lilas",71828
71264,14,Châtelet,,Arrière,6,8,Escalator,0,"Saint-Denis - Pleyel",73788
71337,7,Opéra,,Avant,1,5,,0,"La Courneuve - 8 Mai 1945",73689
71337,7,Opéra,,Arrière,5,5,,1,"Villejuif - Louis Aragon",73788
71787,2,Père-Lachaise,,Avant,1,5,,1,"Porte Dauphine",71815
71347,2,"Charles de Gaulle - Etoile",,Avant,1,5,,1,"Porte Dauphine",71315
482368,9,Auber,,Avant,1,5,,0,"Pont de Sèvres",73690
71337,3,Auber,,Avant,1,5,,0,Gallieni,71313
73626,14,"Gare de Lyon",,Avant,1,8,Escalator,1,"Aéroport d'Orly",71607
463564,1,"Boulevard Richard Lenoir",50147742,Avant,1,6,,1,"La Défense",71222
72039,5,"7 rue de Paris",50147750,Avant,2,5,,1,"Place d'Italie",72024
71359,5,"Rue du Faubourg Saint-Martin",50147777,Avant,2,5,,0,"Bobigny - Pablo Picasso",71410
71203,12,"Square Boucicaut",50148445,Avant,1,5,,0,"Mairie d'Issy",73640
461505,13,"r. de l'Avenir",50148469,Avant,1,5,,0,"Châtillon - Montrouge",
71370,13,"2 rue d'Amsterdam",50148491,Arrière,4,5,Escalator,0,"Châtillon - Montrouge",71346
71528,13,"86 avenue de Saint-Ouen",50148497,Avant,1,5,,1,"Saint-Denis - Université",72078
72168,13,"Place de la République",50148508,Avant,1,5,,0,"Châtillon - Montrouge",72128
71545,14,"125 boulevard Bessières",50148515,Avant,3,8,Escalator,1,"Aéroport d'Orly",71475
72203,13,"56 avenue Gabriel Péri",50148521,Avant,2,5,Escalator,1,"Asnières - Gennevilliers - Les Courtilles",72240
71347,2,"Avenue Foch",50148551,Milieu,3,5,,0,Nation,71367
71347,6,"6 avenue Carnot",50148553,Arrière,5,5,,1,"Charles de Gaulle - Étoile",
71475,14,"Rue Cardinet",50148654,Arrière,7,8,Ascenseur,0,"Saint-Denis - Pleyel",71545
71311,5,République,,Milieu,3,5,,1,"Place d'Italie",71803
482368,9,Havre-Caumartin,,Avant,1,5,,0,"Pont de Sèvres",73690
71654,8,Reuilly-Diderot,,Avant,1,5,,0,Balard,74001
71305,13,Champs-Elysées-Clémenceau,,Milieu,3,5,,1,"Asnières - Gennevilliers - Les Courtilles",71346
71347,2,"Charles de Gaulle-Etoile",,Avant,2,5,Escalator,1,"Porte Dauphine",71315
71410,4,"La Chapelle",,Milieu,3,6,,0,"Porte de Clignancourt",71426
71139,6,Montparnasse-Bienvenue,,Arrière,5,5,,1,"Charles de Gaulle - Étoile",71125
71370,13,Saint-Augustin,,Arrière,5,5,,1,"Asnières - Gennevilliers - Les Courtilles",71382
71346,9,Miromesnil,,Arrière,5,5,,1,"Mairie de Montreuil",73690
71940,2,Jaurès,,Arrière,5,5,,0,Nation,71893
71940,7B,Jaurès,,Arrière,2,3,,1,"Louis Blanc",71407
71324,14,Madeleine,,Avant,3,8,Escalator,0,"Saint-Denis - Pleyel",71370
71264,14,Châtelet,,Avant,3,8,,1,"Aéroport d'Orly",73626
71199,8,"La Motte-Picquet-Grenelle",,Arrière,5,5,,1,"Pointe du Lac",71224
71199,8,"La Motte-Picquet-Grenelle",,Arrière,5,5,,0,Balard,71132
73618,4,Odéon,,Arrière,6,6,Escalator,1,"Bagneux - Lucie Aubrac",71216
71853,2,Belleville,,Milieu,3,5,,0,Nation,71834
71961,2,Stalingrad,,Avant,1,5,,0,Nation,71940
71409,2,Pigalle,,Arrière,5,5,,0,Nation,71419
71673,9,Nation,,Milieu,3,5,,1,"Mairie de Montreuil",479928
71347,2,"Charles de Gaulle-Etoile",,Avant,1,5,,1,"Porte Dauphine",71315
71264,14,Châtelet,,Avant,3,8,,1,"Aéroport d'Orly",73626
71940,5,Jaurès,,Milieu,3,5,,0,"Bobigny - Pablo Picasso",71957
73636,3,Réaumur-Sébastopol,,Arrière,5,5,,1,"Pont de Levallois - Bécon",73634
71311,9,République,,Milieu,3,5,,1,"Mairie de Montreuil",71803
71264,11,Châtelet,,Arrière,4,5,,0,Rosny-Bois-Perrier,415852
71330,8,Richelieu-Drouot,,Avant,1,5,,0,Balard,71337
71337,3,Opéra,,Avant,1,5,,0,Gallieni,71313
73633,8,Strasbourg-Saint-Denis,,Arrière,5,5,,0,Balard,71320
73633,8,Strasbourg-Saint-Denis,,Arrière,5,5,,0,Balard,71320
71673,2,Nation,,Milieu,3,5,,0,Nation,
71264,7,"Châtelet - Les Halles",,Arrière,5,5,,1,"Villejuif - Louis Aragon",71217
71264,4,"Châtelet - Les Halles",,Milieu,3,6,,1,"Bagneux - Lucie Aubrac",71223
71264,7,"Châtelet - Les Halles",,Avant,1,5,,0,"La Courneuve - 8 Mai 1945",71253
73626,14,"Gare de Lyon",,Avant,1,8,,0,"Saint-Denis - Pleyel",71264
71264,14,"Rue de la Lingerie",50147790,Avant,2,8,,0,"Saint-Denis - Pleyel",73788
71264,1,"Rue des Lavandières",50147796,Avant,2,6,,0,"Château de Vincennes",415852
71264,14,"15 avenue Victoria",50147799,Avant,2,8,,1,"Aéroport d'Orly",73626
71139,13,"Maine Montparnasse",50147832,Avant,1,5,,0,"Châtillon - Montrouge",73675
73653,4,"42 avenue du Général Leclerc",50147850,Avant,1,6,,1,"Bagneux - Lucie Aubrac",71030
71799,3,"Boulevard Davout",50147901,Avant,1,5,,0,Gallieni,71817
73626,1,"25 boulevard Diderot",50147981,Arrière,5,6,,0,"Château de Vincennes",71654
71297,7,"Le Louvre des Antiquaires",50147991,Avant,2,5,,1,"Villejuif - Louis Aragon",71253
71647,1,"113 avenue de Paris",50148005,Avant,1,6,,0,"Château de Vincennes",71650
71033,5,"182 boulevard Vincent Auriol",50148016,Avant,1,5,,1,"Place d'Italie",
71607,6,"48 Boulevard de Bercy",50148043,Arrière,5,5,,1,"Charles de Gaulle - Étoile",71597
71673,2,"Place de la Nation",50148054,Avant,1,5,,1,"Porte Dauphine",71697
71885,7B,"Rue de Crimée",50148055,Arrière,3,3,,0,Pré-Saint-Gervais,71911
73689,7,"Rue La Fayette",50148096,Avant,1,5,,1,"Villejuif - Louis Aragon",71337
70596,7,"190 avenue d' Italie",50148130,Avant,1,5,,0,"La Courneuve - 8 Mai 1945",70645
71224,8,"Avenue Bosquet",50148169,Arrière,5,5,,1,"Pointe du Lac",71242
71298,1,"258 rue de Rivoli",50148174,Arrière,6,6,,0,"Château de Vincennes",71284
70269,8,"13 Rue Gustave Eiffel",50148229,Avant,1,5,,0,Balard,70358
70172,8,"Route de Choisy",50148231,Arrière,4,5,,0,Balard,70269
71318,9,"Palais de la Découverte",50148281,Avant,1,5,,1,"Mairie de Montreuil",71334
71346,13,"29 rue de la Boétie",50148287,Avant,1,5,Escalator,0,"Châtillon - Montrouge",71305
71199,8,"Avenue de Suffren",50148791,Avant,1,5,,1,"Pointe du Lac",71224
415852,1,"Rue du Temple",50148893,Arrière,6,6,Escalator,0,"Château de Vincennes",71222
71545,14,"av de Clichy",50148897,Arrière,6,8,Escalator,0,"Saint-Denis - Pleyel",72126
72491,12,"rue de la Commune",50149328,Milieu,3,5,Ascenseur,1,"Mairie d'Aubervilliers",72524
490779,11,"r. de la Liberté",50149886,Arrière,5,5,Escalier,1,Châtelet,71909
490783,11,"Entrée / Sortie",50149897,Arrière,5,5,,0,Rosny-Bois-Perrier,426280
70645,14,"av. d'Italie",50149928,Arrière,7,8,Escalier,0,"Saint-Denis - Pleyel",71557
70645,14,"r. Tagore",50149930,Avant,2,8,Escalier,0,"Saint-Denis - Pleyel",71557
70645,14,"r. de la Vistule",50149931,Avant,2,8,Escalier,1,"Aéroport d'Orly",70445
70645,14,"r. Bourgon",50149932,Avant,1,8,Ascenseur,0,"Saint-Denis - Pleyel",71557
69677,14,"Entrée / Sortie",50149942,Arrière,7,8,Escalier,0,"Saint-Denis - Pleyel",73753
490784,14,"19 rue Pleyel",50149983,Arrière,6,8,Escalator,0,"Saint-Denis - Pleyel",
490779,11,"bd du Gén. Leclerc",50210356,Arrière,5,5,Escalator,0,Rosny-Bois-Perrier,71947
71897,11,"bd de la Boissière",50210359,Arrière,4,5,Ascenseur,1,Châtelet,71947
71311,3,République,,Arrière,5,5,,0,Gallieni,71801
71311,3,République,,Arrière,5,5,,0,Gallieni,71801
73690,9,Saint-Lazare,,Avant,1,5,,1,"Mairie de Montreuil",482368
71370,12,Saint-Lazare,,Arrière,5,5,,1,"Mairie d'Aubervilliers",71355
71264,7,Châtelet,,Arrière,5,5,,1,"Villejuif - Louis Aragon",71217
71434,2,"Gare du Nord",,Arrière,5,5,,0,Nation,71961
71298,12,Concorde,,Milieu,3,5,,0,"Mairie d'Issy",73642
71139,4,Montparnasse-Bienvenue,,Arrière,6,6,,1,"Bagneux - Lucie Aubrac",71117
71337,7,Opéra,,Arrière,5,5,,1,"Villejuif - Louis Aragon",73788
71297,1,"Palais-Royal (Musée du Louvre)",,Milieu,3,6,,0,"Château de Vincennes",73630
71379,1,"16 place de Verdun",50147959,Avant,1,6,,1,"La Défense",425779
71347,6,"Place Charles de Gaulle",50147977,Avant,1,5,,0,Nation,73656
71297,7,"Le Louvre des Antiquaires",50147991,Arrière,4,5,,0,"La Courneuve - 8 Mai 1945",73788
71297,7,"Place du Palais-Royal",50147993,Avant,1,5,,0,"La Courneuve - 8 Mai 1945",73788
71650,1,"98 avenue de Paris",50148001,Arrière,6,6,,0,"Château de Vincennes",71634
73696,7,"50 avenue Jean Jaurès",50148064,Arrière,4,5,,0,"La Courneuve - 8 Mai 1945",
71961,7,"Bassin de la Villette",50148088,Arrière,5,5,,0,"La Courneuve - 8 Mai 1945",71977
71133,7,"Arènes de Lutèce",50148116,Arrière,5,5,,1,"Villejuif - Louis Aragon",71100
70375,7,"53 avenue de Paris",50148146,Avant,2,5,,1,"Villejuif - Louis Aragon",70248
70143,7,"Boulevard Maxime Gorky",50148151,Arrière,4,5,,1,"Villejuif - Louis Aragon",
71320,9,"15 Boulevard de Bonne Nouvelle",50148181,Arrière,5,5,,0,"Pont de Sèvres",71326
463564,8,"Rue de la Roquette",50148194,Arrière,5,5,,1,"Pointe du Lac",71693
70426,8,"147 avenue du Général Leclerc",50148223,Arrière,5,5,,0,Balard,70522
70358,8,"Avenue du Général Leclerc",50148225,Arrière,5,5,,0,Balard,70426
71084,9,"Parc des Princes",50148250,Arrière,5,5,,1,"Mairie de Montreuil",71124
71206,9,"55 rue d' Auteuil",50148258,Avant,1,5,,1,"Mairie de Montreuil",73657
71294,9,"Rue Boissière",50148276,Avant,1,5,,1,"Mairie de Montreuil",71290
71346,13,"11 avenue Delcassé",50148285,Avant,1,5,Escalator,0,"Châtillon - Montrouge",71305
73647,9,"164 boulevard Voltaire",50148323,Avant,1,5,,0,"Pont de Sèvres",71750
71756,9,"1 avenue Paul Langevin",50148341,Avant,1,5,,1,"Mairie de Montreuil",71785
71135,5,"SNCF/RER C grandes lignes et banlieue",50148348,Avant,1,5,,0,"Bobigny - Pablo Picasso",71637
71148,10,"2 place Jussieu",50148353,Arrière,5,5,,1,"Gare d'Austerlitz",71135
73658,9,"34 rue Molitor",50148387,Avant,1,5,,1,"Mairie de Montreuil",71206
71311,8,"14 place de la République",50148405,Avant,1,5,,0,Balard,73633
71840,11,"135 avenue Parmentier",50148408,Arrière,5,5,,1,Châtelet,71311
71868,11,"7 rue du Jourdain",50148418,Avant,1,5,,1,Châtelet,71864
71075,12,"316 rue de Vaugirard",50148431,Arrière,4,5,,1,"Mairie d'Aubervilliers",71091
71232,13,"13 boulevard des Invalides",50148488,Avant,1,5,,1,"Asnières - Gennevilliers - Les Courtilles",71274
71370,14,"Galeries marchandes - Gare Saint-Lazare",50148490,Avant,3,8,,0,"Saint-Denis - Pleyel",71475
71370,13,"11-13 place du Havre",50148492,Avant,1,5,,0,"Châtillon - Montrouge",71346
71528,13,"68 avenue de Saint-Ouen",50148500,Avant,1,5,,0,"Châtillon - Montrouge",71474
72203,13,"Gare routière",50148522,Avant,2,5,Escalator,1,"Asnières - Gennevilliers - Les Courtilles",72240
71347,1,"2 avenue de la Grande Armée",50148549,Avant,1,6,,1,"La Défense",71348
71347,2,"2 avenue de la Grande Armée",50148549,Avant,2,5,Escalator,1,"Porte Dauphine",71315
72126,14,"Victor Hugo (boulevard)",50148650,Avant,3,8,Escalator,0,"Saint-Denis - Pleyel",72168
70586,4,"Parvis de l'église Saint-jacques",50148738,Avant,2,6,,0,"Porte de Clignancourt",70657
71359,4,"Place du 11 Novembre",50148780,Milieu,4,6,,0,"Porte de Clignancourt",71410
415852,11,"Rue de Rivoli",50148848,Arrière,5,5,,0,Rosny-Bois-Perrier,71273
71475,14,"Rue Mstilav Rostropovitch",50148886,Avant,2,8,Escalator,0,"Saint-Denis - Pleyel",71545
71545,14,"rue Fragonard",50148898,Arrière,6,8,Escalator,0,"Saint-Denis - Pleyel",72126
71572,14,"Rue Goscinny",50148911,Arrière,7,8,Escalator,1,"Aéroport d'Orly",71557
490783,11,"Entrée / Sortie",50149897,Milieu,3,5,Ascenseur,0,Rosny-Bois-Perrier,426280
70645,14,"r. de la Vistule",50149931,Milieu,5,8,Escalier,1,"Aéroport d'Orly",70445
69974,14,"r. de Bicêtre",50149935,Arrière,7,8,Escalier,1,"Aéroport d'Orly",73753
63284,14,"Orly 4 - T7 - Cur d'Orly",50149982,Avant,1,8,Escalier,1,"Aéroport d'Orly",
490784,14,"Place de Etoiles",50149986,Milieu,5,8,Ascenseur,0,"Saint-Denis - Pleyel",
71148,7,Jussieu,,Milieu,3,5,,0,"La Courneuve - 8 Mai 1945",71201
71033,6,"Place d'Italie",,Arrière,5,5,,0,Nation,71043
71139,6,Montparnasse-Bienvenue,,Arrière,5,5,,1,"Charles de Gaulle - Étoile",71125
71139,12,Montparnasse-Bienvenue,,Avant,1,5,,1,"Mairie d'Aubervilliers",71138
71311,5,République,,Milieu,3,5,,0,"Bobigny - Pablo Picasso",71322
71803,9,Oberkampf,,Avant,1,5,,1,"Mairie de Montreuil",71781
71940,2,Jaurès,,Avant,2,5,Ascenseur,1,"Porte Dauphine",71961
71940,2,Jaurès,,Arrière,4,5,Ascenseur,0,Nation,71893
71320,9,"Bonne Nouvelle",,Avant,1,5,Escalator,0,"Pont de Sèvres",71326
71264,7,Châtelet,,Avant,1,5,,0,"La Courneuve - 8 Mai 1945",71253
71264,11,Châtelet,,Avant,1,5,,1,Châtelet,
71328,1,"George V",,Milieu,4,6,,0,"Château de Vincennes",71318
71297,7,"Palais-Royal (Musée du Louvre)",,Avant,1,5,,0,"La Courneuve - 8 Mai 1945",73788
71545,14,"Porte de Clichy",,Avant,3,8,,0,"Saint-Denis - Pleyel",72126
73620,4,"Saint-Michel Notre-Dame",,Arrière,6,6,,1,"Bagneux - Lucie Aubrac",73618
72168,13,"Mairie de Saint-Ouen",,Milieu,3,5,,0,"Châtillon - Montrouge",72128
463564,1,"Boulevard Richard Lenoir",50147742,Arrière,6,6,,0,"Château de Vincennes",73626
71359,7,"Rue du Faubourg Saint-Martin",50147777,Milieu,3,5,,1,"Villejuif - Louis Aragon",71363
71426,4,"1 Bd de Rochechouart",50147785,Avant,2,6,,1,"Bagneux - Lucie Aubrac",71410
71264,14,"5 rue Saint-Denis",50147792,Arrière,6,8,Escalator,0,"Saint-Denis - Pleyel",73788
71264,14,"Rue des Lavandières",50147796,Avant,3,8,Escalator,1,"Aéroport d'Orly",73626
71333,4,"51-53 boulevard de Strasbourg",50147802,Avant,1,6,,1,"Bagneux - Lucie Aubrac",73633
71359,5,"93 boulevard de Strasbourg",50147803,Avant,2,5,,0,"Bobigny - Pablo Picasso",71410
73636,4,"68 rue Réaumur",50147818,Arrière,6,6,,0,"Porte de Clignancourt",73633
73636,3,"81 rue Réaumur",50147819,Avant,1,5,,0,Gallieni,71293
71139,13,"Centre Commercial",50147840,Avant,2,5,,0,"Châtillon - Montrouge",73675
73653,4,"36 avenue du Général Leclerc",50147852,Milieu,3,6,,1,"Bagneux - Lucie Aubrac",71030
71088,6,"Boulevard Edgard Quinet",50147856,Avant,1,5,,1,"Charles de Gaulle - Étoile",71108
71453,3,"Square Albert Besnard",50147858,Arrière,5,5,,0,Gallieni,71423
71370,14,"Place Gabriel Péri",50147867,Avant,3,8,,0,"Saint-Denis - Pleyel",71475
70657,4,"140 avenue du Général Leclerc",50147871,Arrière,6,6,,0,"Porte de Clignancourt",71030
70657,4,"134-136 boulevard Brune",50147872,Arrière,6,6,,0,"Porte de Clignancourt",71030
482368,9,"bd Haussmann",50147875,Arrière,5,5,,0,"Pont de Sèvres",73690
71808,3B,"Hôpital Tenon",50147893,Arrière,3,3,,0,"Porte des Lilas",71828
482368,9,"Boulevard Haussmann",50147906,Avant,1,5,,1,"Mairie de Montreuil",73689
71940,5,"Face au 1 avenue Jean-Jaurès",50147924,Arrière,5,5,,0,"Bobigny - Pablo Picasso",71957
71815,2,"Ménilmontant (139/148 boulevard de)",50147951,Avant,1,5,,1,"Porte Dauphine",71834
71940,5,"Face au 196 boulevard de la Villette",50147954,Avant,1,5,,1,"Place d'Italie",71961
71318,1,"27 avenue des Champs-Elysées",50147973,Avant,2,6,,0,"Château de Vincennes",71305
73626,14,"25 boulevard Diderot",50147981,Milieu,4,8,Ascenseur,1,"Aéroport d'Orly",71607
71647,1,"180 avenue Galliéni",50148008,Arrière,6,6,,0,"Château de Vincennes",71650
71033,7,"Manufacture des Gobelins",50148017,Avant,1,5,,1,"Villejuif - Louis Aragon",71001
71199,8,"Face au 130-113 boulevard de Grenelle",50148030,Arrière,5,5,,1,"Pointe du Lac",71224
71614,8,"6 Place Félix Eboué",50148045,Avant,1,5,,1,"Pointe du Lac",71595
73695,7,"213 avenue Jean Jaurès",50148069,Milieu,3,5,,1,"Villejuif - Louis Aragon",72460
73689,9,"36 boulevard Haussmann",50148095,Arrière,5,5,,1,"Mairie de Montreuil",71330
71337,3,"Place de l' Opéra",50148103,Avant,1,5,,0,Gallieni,71313
71073,8,"8 boulevard Victor",50148153,Arrière,5,5,,0,Balard,
71224,8,"Avenue Duquesne",50148168,Arrière,5,5,,1,"Pointe du Lac",71242
71298,1,"Jardin des Tuileries",50148175,Avant,1,6,,1,"La Défense",71305
70172,8,"Route de Choisy",50148231,Arrière,5,5,,1,"Pointe du Lac",70021
70698,9,"122 avenue du Général Leclerc",50148235,Arrière,5,5,,0,"Pont de Sèvres",
73690,9,"83 boulevard Haussmann",50148289,Avant,1,5,,0,"Pont de Sèvres",71346
73690,9,"83 boulevard Haussmann",50148289,Arrière,5,5,,1,"Mairie de Montreuil",482368
71330,8,"Boulevard des Italiens",50148291,Avant,1,5,,1,"Pointe du Lac",71326
71750,9,"5 place Léon Blum",50148317,Arrière,5,5,,1,"Mairie de Montreuil",73647
73647,9,"188 boulevard Voltaire",50148320,Avant,1,5,,1,"Mairie de Montreuil",71694
71756,9,"Rue de Paris",50148340,Avant,1,5,,1,"Mairie de Montreuil",71785
71158,10,"Rue Fondary",50148370,Avant,1,5,,1,"Gare d'Austerlitz",71199
415852,11,"31 rue de Rivoli",50148393,Avant,1,5,,1,Châtelet,71264
72118,13,"Hôpital Gouin",50148517,Avant,1,5,,0,"Châtillon - Montrouge",71545
71517,1,"Défense (rond-point de la Défense)",50148546,Arrière,6,6,,1,"La Défense",
71264,14,"Place Marguerite de Navarre",50148652,Avant,2,8,,0,"Saint-Denis - Pleyel",73788
73626,14,"Place Louis Armand",50148653,Milieu,5,8,Ascenseur,0,"Saint-Denis - Pleyel",71264
71370,14,"Rue Saint-Lazare",50148706,Arrière,6,8,,1,"Aéroport d'Orly",71324
71311,9,"13 place de  la République",50148721,Avant,1,5,,1,"Mairie de Montreuil",71803
74041,12,"Angle de la rue Léon Blum et de l'Avenue George Sand",50148737,Arrière,4,5,,1,"Mairie d'Aubervilliers",72491
71073,8,"Rue Louis Armand",50148757,Arrière,5,5,,1,"Maisons-Alfort - Les Juilliottes",71086
71517,1,"Parvis de la Défense",50148843,Arrière,6,6,,1,"La Défense",
70248,7,"Boulevard Maxime Gorky",50148864,Arrière,4,5,,0,"La Courneuve - 8 Mai 1945",70375
73794,4,"Porte du Jour",50148872,Milieu,3,6,Escalator,0,"Porte de Clignancourt",479068
71545,14,"Bd Berthier",50148896,Avant,3,8,Escalator,1,"Aéroport d'Orly",71475
71572,14,"Bibliothèque François Mitterrand",50148909,Avant,1,8,Ascenseur,0,"Saint-Denis - Pleyel",71576
71870,11,"rue du Docteur Potain",50149586,Arrière,5,5,,0,Rosny-Bois-Perrier,71889
70645,14,"r. du Tage",50149929,Milieu,5,8,Escalator,0,"Saint-Denis - Pleyel",71557
73753,14,"r. du Languedoc",50149939,Avant,1,8,Ascenseur,0,"Saint-Denis - Pleyel",69974
71897,11,"bd de la Boissière",50210358,Arrière,5,5,Ascenseur,0,Rosny-Bois-Perrier,490782
71370,14,Saint-Augustin,,Avant,3,8,,1,"Aéroport d'Orly",71324
73689,7,"Chaussée d'Antin (La Fayette)",,Avant,1,5,,1,"Villejuif - Louis Aragon",71337
71853,11,Belleville,,Avant,1,5,,0,Rosny-Bois-Perrier,71864
71511,12,Marcadet-Poissonniers,,Arrière,5,5,,1,"Mairie d'Aubervilliers",71510
71410,5,"Gare du Nord",,Milieu,3,5,Escalator,1,"Place d'Italie",71359
71607,14,Bercy,,Arrière,6,8,Ascenseur,1,"Aéroport d'Orly",71576
71324,14,Madeleine,,Avant,3,8,,0,"Saint-Denis - Pleyel",71370
72168,14,"Mairie de Saint-Ouen",,Avant,1,8,,0,"Saint-Denis - Pleyel",490784
71940,2,Jaurès,,Avant,1,5,,1,"Porte Dauphine",71961
482368,3,"Haussmann Saint-Lazare",,Avant,1,5,,0,Gallieni,71337
71135,5,"Gare d'Austerlitz",,Avant,1,5,,1,"Place d'Italie",71092
71370,12,Saint-Lazare,,Avant,1,5,,0,"Mairie d'Issy",71324
73618,10,Odéon,,Avant,1,5,Escalator,0,"Boulogne Pont de Saint-Cloud",73639
71407,7B,"Louis Blanc",,Arrière,3,3,,0,Pré-Saint-Gervais,71940
71324,8,Madeleine,,Arrière,5,5,,1,"Pointe du Lac",71337
71159,10,Duroc,,Arrière,5,5,,0,"Boulogne Pont de Saint-Cloud",71157
71607,14,Bercy,,Arrière,6,8,Ascenseur,1,"Aéroport d'Orly",71576
71337,7,Auber,,Arrière,5,5,,1,"Villejuif - Louis Aragon",73788
71517,1,"La Défense",,Arrière,6,6,,1,"La Défense",
71517,1,"La Défense",,Avant,1,6,,1,"La Défense",
71264,4,"Châtelet - Les Halles",,Milieu,3,6,,1,"Bagneux - Lucie Aubrac",71223
71264,11,"Châtelet - Les Halles",,Avant,1,5,,1,Châtelet,
71056,4,Denfert-Rochereau,,Arrière,6,6,,1,"Bagneux - Lucie Aubrac",73653
73626,14,"Gare de Lyon",,Avant,1,8,,0,"Saint-Denis - Pleyel",71264
73626,14,"Gare de Lyon",,Arrière,6,8,,1,"Aéroport d'Orly",71607
71264,11,"5 rue Saint-Denis",50147792,Arrière,5,5,,0,Rosny-Bois-Perrier,415852
71264,1,"7 avenue Victoria",50147798,Avant,2,6,,0,"Château de Vincennes",415852
73633,9,"18 rue Saint-Denis",50147823,Arrière,5,5,,0,"Pont de Sèvres",71320
73633,9,"28 boulevard Saint-Denis",50147825,Avant,1,5,,0,"Pont de Sèvres",71320
71370,13,"Rue de l' Arcade",50147868,Avant,1,5,,0,"Châtillon - Montrouge",71346
71808,3,Père-Lachaise,50147892,Avant,1,5,,0,Gallieni,71799
71799,3,"Rue de la Py",50147897,Avant,1,5,,1,"Pont de Levallois - Bécon",71808
71673,2,"Terre-plein face au 28 place de la Nation",50147946,Arrière,4,5,,1,"Porte Dauphine",71697
71940,5,"Face au 196 boulevard de la Villette",50147954,Arrière,5,5,,0,"Bobigny - Pablo Picasso",71957
71318,1,"27 avenue des Champs-Elysées",50147973,Arrière,5,6,,1,"La Défense",71328
71297,1,"Place du Palais-Royal",50147988,Avant,1,6,,0,"Château de Vincennes",73630
71647,1,"113 avenue de Paris",50148005,Arrière,6,6,,1,"La Défense",71663
71607,14,"Boulevard de Bercy",50148041,Avant,3,8,Escalator,0,"Saint-Denis - Pleyel",73626
71607,6,"Boulevard de Bercy",50148041,Avant,1,5,,1,"Charles de Gaulle - Étoile",71597
73696,7,"54 avenue Jean Jaurès",50148063,Arrière,4,5,,0,"La Courneuve - 8 Mai 1945",
73696,7,"50 avenue Jean Jaurès",50148064,Milieu,3,5,,1,"Villejuif - Louis Aragon",73695
71363,7,"Terre-plein face au 107 rue du Faubourg Poissonnière",50148091,Arrière,5,5,,1,"Villejuif - Louis Aragon",71351
71076,7,"42 avenue des Gobelins",50148121,Milieu,3,5,,1,"Villejuif - Louis Aragon",71033
70604,7,"130 boulevard Masséna",50148134,Arrière,5,5,,1,"Mairie d'Ivry",70636
70375,7,"34 avenue de Paris",50148147,Arrière,4,5,,1,"Villejuif - Louis Aragon",70248
463564,8,"1 Boulevard Beaumarchais",50148193,Avant,1,5,,0,Balard,73622
71084,9,"Place de la Porte de Saint-Cloud",50148251,Avant,1,5,,1,"Mairie de Montreuil",71124
71285,9,"Place du Trocadéro",50148273,Arrière,5,5,,0,"Pont de Sèvres",71292
71346,13,"24 bis rue de la Boétie",50148288,Arrière,4,5,,0,"Châtillon - Montrouge",71305
71326,8,"3 boulevard Montmartre",50148300,Arrière,5,5,,1,"Pointe du Lac",71320
71148,10,"39 rue Liné",50148352,Avant,1,5,,0,"Boulogne Pont de Saint-Cloud",71153
71159,13,"Place Léon-Paul Fargue",50148362,Avant,1,5,,0,"Châtillon - Montrouge",71139
71147,10,"23 bis Boulevard Jean Jaurès",50148381,Arrière,5,5,,1,"Gare d'Austerlitz",73658
71853,2,"Terre-plein face au 1 boulevard de la Villette",50148414,Arrière,5,5,,1,"Porte Dauphine",71893
71853,11,"4 boulevard de la Villette",50148417,Avant,1,5,,0,Rosny-Bois-Perrier,71864
71909,11,"2 boulevard de la Liberté",50148420,Arrière,5,5,,0,Rosny-Bois-Perrier,490779
73640,12,"Terre-plein face au 78 boulevard Raspail",50148441,Avant,1,5,,0,"Mairie d'Issy",71138
71270,12,"223 Boulevard Saint-Germain",50148448,Avant,1,5,,0,"Mairie d'Issy",71227
73675,13,"73 avenue du Maine",50148482,Avant,1,5,,1,"Asnières - Gennevilliers - Les Courtilles",71139
71370,13,"11-13 place du Havre",50148492,Milieu,3,5,,0,"Châtillon - Montrouge",71346
72168,13,"2 avenue Gabriel Péri",50148506,Arrière,5,5,,1,"Saint-Denis - Université",72217
72168,13,"Place de la République",50148508,Arrière,4,5,Escalator,1,"Saint-Denis - Université",72217
72118,13,"Hôpital Gouin",50148517,Arrière,5,5,Escalator,1,"Asnières - Gennevilliers - Les Courtilles",72203
73626,1,"203 rue Bercy",50148559,Milieu,4,6,,1,"La Défense",463564
71264,1,"Théâtre du Châtelet",50148697,Arrière,6,6,,1,"La Défense",73630
71870,11,"240 rue de Belleville",50148712,Avant,1,5,,0,Rosny-Bois-Perrier,71889
71557,14,"91 rue de Tolbiac",50148724,Avant,1,8,,1,"Aéroport d'Orly",70645
72286,13,"Angle Boulevard Pierre de Coubertin / Avenue Lucien Lanternier",50148729,Arrière,4,5,Ascenseur,0,"Châtillon - Montrouge",72240
71347,2,"Avenue Hoche",50148764,Milieu,3,5,,0,Nation,71367
71597,6,"Avenue de France",50148821,Milieu,3,5,Ascenseur,1,"Charles de Gaulle - Étoile",73651
71940,7B,"Avenue Secrétan",50148876,Arrière,3,3,,1,"Louis Blanc",71407
71545,13,"Bd Berthier",50148896,Avant,2,5,,1,"Asnières - Gennevilliers - Les Courtilles",72118
71572,14,"Bibliothèque François Mitterrand",50148909,Arrière,7,8,Escalator,1,"Aéroport d'Orly",71557
72491,12,"rue de la Commune",50149328,Avant,1,5,,1,"Mairie d'Aubervilliers",72524
71947,11,"bd Henri Barbusse",50149889,Arrière,5,5,Ascenseur,0,Rosny-Bois-Perrier,71897
71897,11,"r. des Saules Clouet",50149893,Arrière,5,5,Escalier,0,Rosny-Bois-Perrier,490782
70645,14,"r. du Tage",50149929,Milieu,5,8,Escalator,1,"Aéroport d'Orly",70445
70645,14,"r. Tagore",50149930,Arrière,6,8,Escalator,1,"Aéroport d'Orly",70445
70645,14,"r. de la Vistule",50149931,Arrière,6,8,Escalier,1,"Aéroport d'Orly",70445
70645,14,"r. de la Vistule",50149931,Arrière,6,8,Escalier,0,"Saint-Denis - Pleyel",71557
69974,14,"r. de Bicêtre",50149935,Arrière,7,8,Ascenseur,1,"Aéroport d'Orly",73753
69677,14,"Entrée / Sortie",50149942,Milieu,4,8,Escalator,1,"Aéroport d'Orly",63284
490784,14,"23 rue Pleyel",50149984,Avant,2,8,Escalator,0,"Saint-Denis - Pleyel",
490779,11,"bd du Gén. Leclerc",50210356,Arrière,5,5,Ascenseur,0,Rosny-Bois-Perrier,71947
490779,11,"r. de la Liberté",50210357,Arrière,5,5,Ascenseur,0,Rosny-Bois-Perrier,71947
71897,11,"bd de la Boissière",50210358,Avant,2,5,Ascenseur,0,Rosny-Bois-Perrier,490782
71326,8,"Grands Boulevards",,Avant,1,5,,0,Balard,71330
71370,12,Saint-Augustin,,Arrière,5,5,,1,"Mairie d'Aubervilliers",71355
71607,6,Bercy,,Arrière,5,5,,0,Nation,71606
71607,6,Bercy,,Avant,1,5,,1,"Charles de Gaulle - Étoile",71597
73626,1,"Gare de Lyon",,Milieu,3,6,,0,"Château de Vincennes",71654
71370,13,Saint-Lazare,,Avant,1,5,,0,"Châtillon - Montrouge",71346
72168,14,"Mairie de Saint-Ouen",,Avant,3,8,,1,"Aéroport d'Orly",72126
73626,1,"Gare de Lyon",,Milieu,3,6,,0,"Château de Vincennes",71654
71370,3,Saint-Lazare,,Milieu,3,5,,1,"Pont de Levallois - Bécon",73617
73690,9,Saint-Lazare,,Arrière,5,5,,0,"Pont de Sèvres",71346
71403,2,Villiers,,Milieu,3,5,,1,"Porte Dauphine",73671
463564,1,Bastille,,Milieu,3,6,,0,"Château de Vincennes",73626
71326,9,"Grands Boulevards",,Avant,1,5,,1,"Mairie de Montreuil",71320
415852,1,"Hôtel de Ville",,Arrière,6,6,,1,"La Défense",71264
71264,7,Châtelet,,Arrière,5,5,,1,"Villejuif - Louis Aragon",71217
415852,11,"Hôtel de Ville",,Arrière,4,5,,1,Châtelet,71264
71324,8,Madeleine,,Avant,1,5,,0,Balard,71298
73636,4,Réaumur-Sébastopol,,Milieu,3,6,,0,"Porte de Clignancourt",73633
71940,7B,Jaurès,,Arrière,2,3,,1,"Louis Blanc",71407
71298,1,Concorde,,Avant,1,6,,1,"La Défense",71305
71614,8,"Daumesnil (Félix Eboué)",,Arrière,5,5,,0,Balard,71631
71654,1,Reuilly-Diderot,,Avant,1,6,,0,"Château de Vincennes",71673
71654,8,Reuilly-Diderot,,Avant,1,5,,0,Balard,74001
71654,8,Reuilly-Diderot,,Arrière,5,5,,1,"Pointe du Lac",71631
71434,2,"Paris Gare du Nord",,Avant,1,5,,1,"Porte Dauphine",71426
73633,4,"18 rue Saint-Denis",50147823,Avant,1,6,,1,"Bagneux - Lucie Aubrac",73636
73633,4,"10 boulevard Bonne Nouvelle",50147827,Arrière,6,6,,0,"Porte de Clignancourt",71333
71139,12,"73 boulevard du Montparnasse",50147836,Arrière,4,5,,1,"Mairie d'Aubervilliers",71138
71370,13,"Place Gabriel Péri",50147867,Arrière,5,5,,1,"Asnières - Gennevilliers - Les Courtilles",71382
71370,14,"Gare SNCF",50147870,Milieu,4,8,Ascenseur,1,"Aéroport d'Orly",71324
474152,2,"Avenue Bugeaud",50147914,Avant,1,5,,1,"Porte Dauphine",
73635,3,"Palais Brongniart",50147917,Arrière,5,5,,0,Gallieni,73634
73671,2,"1 Place de la République Dominicaine",50147937,Avant,1,5,,0,Nation,71403
425779,1,"85 avenue Charles de Gaulle",50147963,Arrière,6,6,,1,"La Défense",71442
71328,1,"101 avenue des Champs-Elysées",50147974,Milieu,4,6,,1,"La Défense",71347
71199,10,"Face au 130-113 boulevard de Grenelle",50148030,Arrière,5,5,,1,"Gare d'Austerlitz",71157
71900,7B,"28 rue Botzaris",50148059,Avant,1,3,Ascenseur,1,"Louis Blanc",71920
70596,7,"166-168 boulevard Masséna",50148129,Avant,1,5,,0,"La Courneuve - 8 Mai 1945",70645
71073,8,"Rue Balard",50148155,Avant,1,5,,1,"Maisons-Alfort - Les Juilliottes",71086
71132,8,"21 place du Commerce",50148166,Arrière,5,5,,1,"Pointe du Lac",71199
71324,14,"2 rue Tronchet",50148178,Avant,1,8,Ascenseur,0,"Saint-Denis - Pleyel",71370
71693,8,"70 rue du Faubourg Saint-Antoine",50148195,Arrière,5,5,,1,"Pointe du Lac",74001
74001,8,"31 rue de Chaligny",50148199,Avant,1,5,,1,"Pointe du Lac",71654
71631,8,"68 rue de Reuilly",50148204,Arrière,5,5,,1,"Pointe du Lac",71614
71591,8,"275 avenue Daumesnil",50148211,Avant,1,5,,0,Balard,71595
70358,8,"Avenue du Général Leclerc",50148225,Avant,1,5,,1,"Pointe du Lac",70269
70021,8,"Le Mont-Mesly",50148233,Arrière,4,5,,0,Balard,70172
71054,9,"83 bis avenue Edouard Vaillant",50148246,Avant,1,5,,1,"Mairie de Montreuil",71084
71084,9,"Gare routière",50148247,Arrière,5,5,,1,"Mairie de Montreuil",71124
71285,9,"Place du Trocadéro",50148268,Arrière,5,5,,0,"Pont de Sèvres",71292
71285,6,"Place du Trocadéro",50148268,Arrière,5,5,,1,"Charles de Gaulle - Étoile",71301
71285,9,"Place du Trocédero",50148269,Arrière,5,5,,0,"Pont de Sèvres",71292
71285,6,"Place du Trocadéro",50148273,Avant,1,5,,0,Nation,71237
71290,9,"Avenue Montaigne",50148277,Avant,1,5,,1,"Mairie de Montreuil",71318
71318,9,"60 avenue Montaigne",50148282,Arrière,5,5,,0,"Pont de Sèvres",71290
71346,13,"24 bis rue de la Boétie",50148288,Avant,2,5,,1,"Asnières - Gennevilliers - Les Courtilles",71370
71330,9,"Boulevard des Italiens",50148291,Arrière,5,5,,0,"Pont de Sèvres",73689
71330,9,"Rue Marivaux",50148292,Arrière,5,5,,1,"Mairie de Montreuil",71326
71326,8,"15 boulevard Poissonnière",50148302,Arrière,5,5,,0,Balard,71330
71326,8,"20 boulevard Poissonnière",50148303,Avant,1,5,,1,"Pointe du Lac",71320
71803,9,"20 rue de Crussol",50148304,Arrière,5,5,,0,"Pont de Sèvres",71311
71781,9,"86 boulevard Voltaire",50148308,Arrière,5,5,Ascenseur,0,"Pont de Sèvres",71803
71159,10,"bd du Montparnasse",50148364,Avant,1,5,,1,"Gare d'Austerlitz",71170
71199,10,"67 avenue de la Motte-Picquet",50148368,Avant,1,5,,0,"Boulogne Pont de Saint-Cloud",71158
71853,2,"130 boulevard de Belleville",50148416,Avant,1,5,,0,Nation,71834
71075,12,"337 rue de Vaugirard",50148430,Arrière,5,5,,1,"Mairie d'Aubervilliers",71091
71203,10,"Square Boucicaut",50148445,Arrière,5,5,,0,"Boulogne Pont de Saint-Cloud",71170
71270,12,"Rue de Bellechasse",50148447,Avant,1,5,,1,"Mairie d'Aubervilliers",73642
461505,13,"r. de l'Avenir",50148469,Arrière,5,5,,1,"Asnières - Gennevilliers - Les Courtilles",70562
73766,13,"r. Jean Bleuzen",50148471,Avant,2,5,Escalator,0,"Châtillon - Montrouge",70562
71370,14,"Galeries marchandes - Gare Saint-Lazare",50148489,Arrière,7,8,,0,"Saint-Denis - Pleyel",71475
71370,3,"Galeries marchandes - Gare Saint-Lazare",50148489,Avant,1,5,,1,"Pont de Levallois - Bécon",73617
72168,13,"10 place de la République",50148507,Arrière,4,5,Escalator,1,"Saint-Denis - Université",72217
71545,14,"1 boulevard Berthier",50148516,Arrière,8,8,Ascenseur,0,"Saint-Denis - Pleyel",72126
71545,13,"1 boulevard Berthier",50148516,Arrière,5,5,,1,"Asnières - Gennevilliers - Les Courtilles",72118
71347,6,"1 avenue de la Grande Armée",50148550,Arrière,5,5,,1,"Charles de Gaulle - Étoile",
73620,4,"Musée du moyen Age",50148607,Avant,1,6,,0,"Porte de Clignancourt",71223
71264,11,"Place Marguerite de Navarre",50148652,Arrière,5,5,,0,Rosny-Bois-Perrier,415852
71889,3B,"171 Boulevard Mortier",50148658,Avant,1,3,,0,"Porte des Lilas",
70698,9,"Avenue du Général Leclerc",50148659,Avant,1,5,,0,"Pont de Sèvres",
463564,8,"Port de l'Arsenal",50148660,Avant,1,5,,0,Balard,73622
463564,1,"Port de l'Arsenal",50148660,Milieu,4,6,,1,"La Défense",71222
71370,14,"14 rue du Havre",50148663,Avant,3,8,,0,"Saint-Denis - Pleyel",71475
71324,14,"Face au 20 place de la Madeleine",50148699,Milieu,5,8,Ascenseur,1,"Aéroport d'Orly",73788
71576,14,"Cour Chamonard",50148702,Milieu,4,8,Escalator,1,"Aéroport d'Orly",71572
71576,14,"Cour Chamonard",50148702,Arrière,6,8,Ascenseur,1,"Aéroport d'Orly",71572
71311,11,"Av de la République",50148717,Avant,2,5,,0,Rosny-Bois-Perrier,71840
71311,5,"Av de la République",50148717,Avant,1,5,,1,"Place d'Italie",71803
71311,8,"10 place de la République",50148722,Milieu,3,5,,0,Balard,73633
71311,5,"10 place de la République",50148722,Milieu,3,5,,1,"Place d'Italie",71803
71311,9,"10 place de la République",50148722,Milieu,3,5,,0,"Pont de Sèvres",73633
72286,13,"20, rue la redoute",50148728,Arrière,4,5,Ascenseur,0,"Châtillon - Montrouge",72240
72286,13,"20, rue la redoute",50148728,Avant,1,5,,1,"Asnières - Gennevilliers - Les Courtilles",
72286,13,"Angle Boulevard Pierre de Coubertin / Avenue Lucien Lanternier",50148729,Avant,2,5,Ascenseur,1,"Asnières - Gennevilliers - Les Courtilles",
72217,13,"Centre Paris - Pleyel",50148732,Arrière,5,5,,0,"Châtillon - Montrouge",72168
72217,13,"Centre Paris - Pleyel",50148732,Avant,1,5,,1,"Saint-Denis - Université",72285
71320,8,"Boulevard de Bonne Nouvelle",50148758,Avant,1,5,,1,"Pointe du Lac",73633
71320,9,"Boulevard de Bonne Nouvelle",50148758,Avant,1,5,,1,"Mairie de Montreuil",73633
71347,2,"Avenue Hoche",50148764,Avant,1,5,,1,"Porte Dauphine",71315
72078,13,"Rue Liebniz",50148815,Arrière,5,5,Escalator,1,"Saint-Denis - Université",72128
71889,3B,"Avenue Gambetta",50148816,Avant,1,3,,0,"Porte des Lilas",
71654,1,"Boulevard Diderot",50148822,Avant,1,6,,1,"La Défense",73626
73648,5,"Boulevard Richar Lenoir",50148823,Avant,1,5,,1,"Place d'Italie",73621
71795,3,"Avenue de la République",50148825,Avant,1,5,,0,Gallieni,71787
415852,11,"Rue de Rivoli",50148847,Arrière,5,5,,0,Rosny-Bois-Perrier,71273
71147,10,"Rue du Chateau",50148851,Arrière,5,5,,0,"Boulogne Pont de Saint-Cloud",70721
478883,4,"Boulevard Ornano",50148858,Avant,1,6,,0,"Porte de Clignancourt",
71330,9,"1 Boulevard Haussmann",50148861,Avant,1,5,,1,"Mairie de Montreuil",71326
72126,14,"Rue Pierre Dreyfus",50148890,Arrière,8,8,,0,"Saint-Denis - Pleyel",72168
71545,14,"Rue André Suarez",50148895,Avant,3,8,,0,"Saint-Denis - Pleyel",72126
71545,14,"Bd Berthier",50148896,Avant,1,8,Ascenseur,1,"Aéroport d'Orly",71475
71545,13,"rue Fragonard",50148898,Arrière,5,5,,0,"Châtillon - Montrouge",73661
71572,14,"Rue du Chevaleret",50148910,Avant,1,8,Ascenseur,0,"Saint-Denis - Pleyel",71576
70604,7,"Bd Masséna",50148959,Avant,1,5,,0,"La Courneuve - 8 Mai 1945",70596
70441,4,"4 av. Stalingrad Bagneux",50149174,Arrière,5,6,Escalator,0,"Porte de Clignancourt",70586
71897,11,"r. des Saules Clouet",50149893,Avant,1,5,Ascenseur,1,Châtelet,71947
490782,11,"r. Lucien Piron",50149894,Avant,2,5,Escalier,0,Rosny-Bois-Perrier,490783
70645,14,"av. d'Italie",50149928,Arrière,6,8,Escalier,0,"Saint-Denis - Pleyel",71557
70645,14,"r. du Tage",50149929,Arrière,7,8,Escalator,1,"Aéroport d'Orly",70445
70645,14,"r. du Tage",50149929,Arrière,6,8,Escalator,0,"Saint-Denis - Pleyel",71557
70645,14,"r. Bourgon",50149932,Avant,1,8,Ascenseur,1,"Aéroport d'Orly",70445
70645,14,"r. Bourgon",50149932,Arrière,7,8,Escalier,0,"Saint-Denis - Pleyel",71557
70445,14,"r. Gabriel Péri",50149933,Avant,2,8,Escalier,1,"Aéroport d'Orly",478860
69974,14,"ZAC Lallier",50149936,Milieu,4,8,Escalier,0,"Saint-Denis - Pleyel",478860
69974,14,"ZAC Lallier",50149936,Avant,3,8,Escalator,1,"Aéroport d'Orly",73753
490779,11,"r. de la Liberté",50210353,Avant,2,5,Ascenseur,1,Châtelet,71909
70645,14,"av. d'Italie",50210354,Milieu,5,8,Escalier,0,"Saint-Denis - Pleyel",71557
490779,11,"r. de la Liberté",50210357,Avant,2,5,Escalator,1,Châtelet,71909
71897,11,"bd de la Boissière",50210359,Arrière,5,5,Escalier,0,Rosny-Bois-Perrier,490782
71897,11,"bd de la Boissière",50210359,Arrière,5,5,Ascenseur,0,Rosny-Bois-Perrier,490782
71148,10,Jussieu,,Avant,1,5,,0,"Boulogne Pont de Saint-Cloud",71153
71940,2,Jaurès,,Arrière,4,5,Ascenseur,0,Nation,71893
71370,13,"Haussmann Saint-Lazare",,Milieu,3,5,,0,"Châtillon - Montrouge",71346
71139,12,Montparnasse-Bienvenue,,Milieu,3,5,,0,"Mairie d'Issy",73641
71930,7B,"9 place Rhin et Danube",50148057,Avant,1,3,,1,"Louis Blanc",71906
73695,7,"Av Jean Jaurès",50148068,Arrière,5,5,,1,"Villejuif - Louis Aragon",72460
72460,7,"144 avenue de la République",50148072,Milieu,3,5,Escalator,0,"La Courneuve - 8 Mai 1945",73695
71100,7,"100 rue Monge",50148118,Avant,1,5,,0,"La Courneuve - 8 Mai 1945",71133
71274,13,"Rue de l' Université",50148172,Avant,1,5,,1,"Asnières - Gennevilliers - Les Courtilles",71305
71274,13,"Rue Robert Esnault Pelterie",50148173,Arrière,5,5,,0,"Châtillon - Montrouge",71232
71654,1,"116 boulevard Diderot",50148203,Avant,1,6,,0,"Château de Vincennes",71673
71579,8,"25 Boulevard Poniatowsky",50148213,Avant,1,5,,1,"Pointe du Lac",71558
71330,9,"16 boulevard des Italiens",50148296,Arrière,5,5,,1,"Mairie de Montreuil",71326
71326,9,"3 boulevard Montmartre",50148300,Arrière,5,5,,1,"Mairie de Montreuil",71320
71326,9,"27 boulevard Poissonnière",50148301,Arrière,5,5,,1,"Mairie de Montreuil",71320
71781,9,"71 boulevard Voltaire",50148310,Avant,1,5,Ascenseur,1,"Mairie de Montreuil",71750
71781,9,"55 boulevard Voltaire",50148311,Avant,1,5,,0,"Pont de Sèvres",71803
71710,9,"1 avenue de la Porte de Montreuil",50148335,Arrière,5,5,,1,"Mairie de Montreuil",71725
71725,9,"152 rue de Paris",50148338,Avant,1,5,,1,"Mairie de Montreuil",71756
71147,10,"23 bis Boulevard Jean Jaurès",50148381,Avant,1,5,,0,"Boulogne Pont de Saint-Cloud",70721
71273,11,"20 rue Beaubourg",50148396,Avant,1,5,,1,Châtelet,415852
71311,8,"1 rue René Boulanger",50148406,Avant,1,5,,0,Balard,73633
71311,5,"1 rue René Boulanger",50148406,Arrière,5,5,,1,"Place d'Italie",71803
71311,9,"13 place de la République",50148407,Arrière,5,5,,0,"Pont de Sèvres",73633
71311,11,"13 place de la République",50148407,Avant,2,5,,1,Châtelet,71293
71853,2,"2 boulevard de la Villette",50148415,Arrière,5,5,,1,"Porte Dauphine",71893
71853,2,"130 boulevard de Belleville",50148416,Arrière,5,5,,1,"Porte Dauphine",71893
71853,2,"4 boulevard de la Villette",50148417,Avant,1,5,,0,Nation,71834
71045,12,"407 rue de Vaugirard",50148427,Arrière,5,5,,0,"Mairie d'Issy",70990
71045,12,"407 rue de Vaugirard",50148427,Avant,2,5,,1,"Mairie d'Aubervilliers",71075
71091,12,"283 rue de Vaugirard",50148433,Arrière,5,5,,1,"Mairie d'Aubervilliers",71113
412687,13,"72 rue Raymond Losserand",50148481,Arrière,5,5,,1,"Asnières - Gennevilliers - Les Courtilles",73675
71370,14,"Galeries marchandes - Gare Saint-Lazare",50148490,Avant,2,8,,1,"Aéroport d'Orly",71324
71370,3,"11-13 place du Havre",50148492,Arrière,4,5,,1,"Pont de Levallois - Bécon",73617
71370,14,"95 rue Saint-Lazare",50148494,Milieu,4,8,Ascenseur,1,"Aéroport d'Orly",71324
72128,13,"Avenue Gabriel Péri",50148505,Avant,1,5,,1,"Saint-Denis - Université",72168
72118,13,"Hôpital Gouin",50148517,Arrière,4,5,,1,"Asnières - Gennevilliers - Les Courtilles",72203
71347,1,"1 avenue de la Grande Armée",50148550,Avant,1,6,,1,"La Défense",71348
71347,2,"Avenue Foch",50148551,Avant,1,5,,1,"Porte Dauphine",71315
73626,1,"Rue de Bercy",50148562,Milieu,4,6,,1,"La Défense",463564
73626,14,"Chalon (rue, vers la rue Chalon : Salle T.G.V.)",50148567,Milieu,5,8,Ascenseur,0,"Saint-Denis - Pleyel",71264
71673,9,"Terre-plein face au 3 place de la Nation",50148569,Arrière,5,5,,1,"Mairie de Montreuil",479928
71475,14,"Rue Cardinet",50148654,Avant,2,8,Ascenseur,1,"Aéroport d'Orly",71370
73626,1,"Face au 201 rue de Bercy",50148698,Milieu,3,6,,0,"Château de Vincennes",71654
72326,13,Basilique,50148704,Arrière,4,5,,1,"Saint-Denis - Université",72358
71870,11,"Rue de Belleville",50148711,Arrière,5,5,,1,Châtelet,71885
71311,8,"2 place de la République",50148716,Avant,1,5,,1,"Pointe du Lac",71277
71311,9,"Av de la République",50148717,Avant,1,5,,1,"Mairie de Montreuil",71803
71311,8,"12 place de la République",50148718,Milieu,3,5,,1,"Pointe du Lac",71277
71311,3,"13 place de  la République",50148721,Milieu,3,5,,1,"Pont de Levallois - Bécon",71296
412992,8,"Rue Félix Faure",50148759,Avant,1,5,,1,"Pointe du Lac",71137
71485,1,"Quartier Saisons",50148776,Milieu,3,6,,0,"Château de Vincennes",71442
71940,2,"Boulevard de la Villette",50148785,Avant,1,5,,1,"Porte Dauphine",71961
72358,13,"Gare Routière",50148862,Avant,2,5,,0,"Châtillon - Montrouge",72326
71607,14,"Rue Paul Belmondo",50148882,Arrière,7,8,Escalator,0,"Saint-Denis - Pleyel",73626
70604,7,"Bd Masséna",50148960,Avant,1,5,,0,"La Courneuve - 8 Mai 1945",70596
72491,12,"rue de la Commune",50149326,Milieu,3,5,Ascenseur,0,"Mairie d'Issy",74041
71135,10,"Gare d'Austerlitz",,Arrière,5,5,,1,"Gare d'Austerlitz",
71410,4,"Gare du Nord",,Milieu,3,6,,0,"Porte de Clignancourt",71426
73626,14,"Gare de Lyon",,Avant,1,8,,0,"Saint-Denis - Pleyel",71264
71787,3,Père-Lachaise,,Avant,1,5,,0,Gallieni,71808
71139,13,Montparnasse-Bienvenue,,Arrière,5,5,,1,"Asnières - Gennevilliers - Les Courtilles",71159
71139,13,Montparnasse-Bienvenue,,Avant,1,5,,0,"Châtillon - Montrouge",73675
71139,6,Montparnasse-Bienvenue,,Milieu,3,5,,0,Nation,71108
71614,6,"Daumesnil (Félix Eboué)",,Avant,1,5,,1,"Charles de Gaulle - Étoile",71606
71274,8,Invalides,,Avant,1,5,,1,"Pointe du Lac",71298
71517,1,"La Défense (Grande Arche)",,Avant,1,6,,1,"La Défense",
71410,5,"Gare du Nord",,Avant,1,5,,0,"Bobigny - Pablo Picasso",71961
71370,3,"Haussmann Saint-Lazare",,Arrière,5,5,,0,Gallieni,482368
71379,1,"Neuilly Porte Maillot",,Arrière,6,6,,1,"La Défense",425779
71139,13,Montparnasse-Bienvenue,,Avant,1,5,,0,"Châtillon - Montrouge",73675
71311,9,République,,Avant,1,5,,1,"Mairie de Montreuil",71803
71370,13,Saint-Lazare,,Avant,1,5,Escalator,0,"Châtillon - Montrouge",71346
71370,13,Saint-Lazare,,Milieu,3,5,Escalator,0,"Châtillon - Montrouge",71346
71370,3,Saint-Lazare,,Avant,1,5,Ascenseur,1,"Pont de Levallois - Bécon",73617
71403,3,Villiers,,Arrière,5,5,,0,Gallieni,73617
71033,5,"Place d'Italie",,Avant,1,5,,0,"Bobigny - Pablo Picasso",71063
71033,5,"Place d'Italie",,Arrière,5,5,,0,"Bobigny - Pablo Picasso",71063
71330,9,Richelieu-Drouot,,Avant,1,5,,0,"Pont de Sèvres",73689
71148,10,Jussieu,,Avant,1,5,,0,"Boulogne Pont de Saint-Cloud",71153
71940,2,Jaurès,,Arrière,5,5,,0,Nation,71893
73689,7,"Chaussée d'Antin (La Fayette)",,Avant,1,5,,1,"Villejuif - Louis Aragon",71337
71264,7,Châtelet,,Avant,1,5,,0,"La Courneuve - 8 Mai 1945",71253
71274,8,Invalides,,Avant,1,5,,1,"Pointe du Lac",71298
71337,8,Opéra,,Avant,1,5,,1,"Pointe du Lac",71330
73633,9,Strasbourg-Saint-Denis,,Avant,1,5,,1,"Mairie de Montreuil",71311
71410,4,"Paris Gare du Nord",,Milieu,3,6,,1,"Bagneux - Lucie Aubrac",71359
71264,7,"Châtelet - Les Halles",,Avant,1,5,,0,"La Courneuve - 8 Mai 1945",71253
71545,13,"Porte de Clichy",,Avant,1,5,,1,"Asnières - Gennevilliers - Les Courtilles",72118
72486,5,"Gare routière Bus 146-303-347",50147772,Arrière,5,5,,1,"Place d'Italie",72039
70657,4,"Avenue Ernest Reyer",50147844,Arrière,6,6,,0,"Porte de Clignancourt",71030
71088,4,"233 boulevard Raspail",50147857,Avant,1,6,,0,"Porte de Clignancourt",71117
71403,2,"Parc de Monceau",50147865,Arrière,5,5,,0,Nation,71408
71370,14,"Cour de Rome",50147869,Milieu,5,8,Ascenseur,0,"Saint-Denis - Pleyel",71475
482368,3,"bd Haussmann",50147875,Milieu,3,5,,1,"Pont de Levallois - Bécon",71370
482368,9,"Rue Auber",50147905,Arrière,5,5,,0,"Pont de Sèvres",73690
71367,2,"3 place des Ternes",50147908,Arrière,4,5,,1,"Porte Dauphine",71347
73671,2,"1 Place de la République Dominicaine",50147937,Arrière,5,5,,1,"Porte Dauphine",71376
71751,2,"19 rue de Mont-Louis",50147950,Avant,1,5,,1,"Porte Dauphine",71787
71834,2,"Belleville (37 boulevard de)",50147952,Arrière,5,5,,1,"Porte Dauphine",71853
71442,1,"209 avenue Charles de Gaulle",50147965,Avant,1,6,,1,"La Défense",71485
71347,6,"Place Charles de Gaulle",50147977,Arrière,5,5,,1,"Charles de Gaulle - Étoile",
71647,1,"168 bis avenue de Paris",50148004,Avant,1,6,,0,"Château de Vincennes",71650
71663,1,"81 Cours de Vincennes",50148009,Avant,2,6,,1,"La Défense",71673
71197,6,"Boulevard de Grenelle",50148028,Avant,1,5,,1,"Charles de Gaulle - Étoile",473829
71606,6,"3 boulevard de Reuilly",50148044,Avant,1,5,,1,"Charles de Gaulle - Étoile",71607
71900,7B,"28 rue Botzaris",50148059,Arrière,2,3,,1,"Louis Blanc",71920
70636,7,"Avenue d'Ivry",50148137,Arrière,5,5,,1,"Mairie d'Ivry",70537
70452,7,"Hôpital Kremlin Bicêtre",50148145,Milieu,3,5,Escalator,1,"Villejuif - Louis Aragon",70375
71073,8,"151 avenue Félix Faure",50148156,Avant,1,5,,1,"Maisons-Alfort - Les Juilliottes",71086
71242,8,"Les Invalides Tombeau de l'Empereur - Musée de l'Armée",50148171,Arrière,4,5,,1,"Pointe du Lac",71274
71324,8,"Boulevard de la Madeleine",50148176,Avant,2,5,,0,Balard,71298
71324,12,"Boulevard de la Madeleine",50148176,Milieu,3,5,,1,"Mairie d'Aubervilliers",71370
71320,8,"15 Boulevard de Bonne Nouvelle",50148181,Avant,1,5,,1,"Pointe du Lac",73633
71277,8,"Cirque d'Hiver",50148184,Arrière,5,5,,0,Balard,71311
73622,8,"52 boulevard Beaumarchais",50148188,Arrière,5,5,,1,"Pointe du Lac",463564
71591,8,"95 Boulevard Poniatowski",50148208,Arrière,5,5,,0,Balard,71595
70648,8,"77 rue de Paris",50148219,Arrière,5,5,,0,Balard,71558
70358,8,"249 avenue du Général Leclerc",50148227,Avant,1,5,,0,Balard,70426
70021,8,"Centre Commercial Créteil-Soleil",50148232,Arrière,4,5,,1,"Pointe du Lac",69884
71084,9,"Place de la Porte de Saint-Cloud",50148253,Arrière,4,5,,0,"Pont de Sèvres",71054
71346,9,"29 rue de la Boétie",50148287,Arrière,5,5,,0,"Pont de Sèvres",71334
71330,9,"2 boulevard des Italiens",50148295,Avant,1,5,Escalator,0,"Pont de Sèvres",73689
73647,9,"164 boulevard Voltaire",50148323,Arrière,5,5,,1,"Mairie de Montreuil",71694
71190,10,"62 boulevard Saint-Germain",50148357,Arrière,5,5,,0,"Boulogne Pont de Saint-Cloud",73619
71141,10,"11 rue Chardon Lagache",50148388,Avant,1,5,,1,"Gare d'Austerlitz",71162
415852,11,"9 place de l'Hôtel de Ville",50148394,Avant,1,5,,1,Châtelet,71264
71293,3,"42 rue Réaumur",50148402,Arrière,4,5,,0,Gallieni,71296
71311,11,"14 place de la République",50148405,Arrière,4,5,,0,Rosny-Bois-Perrier,71840
71311,11,"1 rue René Boulanger",50148406,Avant,1,5,,1,Châtelet,71293
71840,11,"137 avenue Parmentier",50148409,Avant,1,5,,0,Rosny-Bois-Perrier,71853
71840,11,"137 avenue Parmentier",50148409,Arrière,5,5,,1,Châtelet,71311
71853,2,"4 boulevard de la Villette",50148417,Arrière,5,5,,1,"Porte Dauphine",71893
71075,12,"316 rue de Vaugirard",50148431,Avant,2,5,,0,"Mairie d'Issy",71045
71125,6,"162 rue de Vaugirard",50148437,Avant,1,5,,1,"Charles de Gaulle - Étoile",71144
71203,12,"Rue Velpeau",50148443,Arrière,5,5,,1,"Mairie d'Aubervilliers",71227
73642,12,"86 rue de Lille",50148449,Arrière,5,5,,0,"Mairie d'Issy",71270
71492,12,"Lamarck (53/53 bis rue)",50148462,Arrière,5,5,,0,"Mairie d'Issy",71432
70562,13,"87 rue Guy Môquet",50148470,Avant,1,5,,0,"Châtillon - Montrouge",461505
70562,13,"87 rue Guy Môquet",50148470,Arrière,5,5,,1,"Asnières - Gennevilliers - Les Courtilles",73766
71006,13,"2 boulevard Brune",50148475,Avant,1,5,,0,"Châtillon - Montrouge",73766
73675,13,"Rue de la Gaîté",50148483,Avant,1,5,,1,"Asnières - Gennevilliers - Les Courtilles",71139
73675,13,"Hôpital Léopold Bellan",50148484,Arrière,5,5,,0,"Châtillon - Montrouge",412687
73675,13,"Avenue du Maine",50148486,Avant,1,5,,1,"Asnières - Gennevilliers - Les Courtilles",71139
71370,12,"Galeries marchandes - Gare Saint-Lazare",50148489,Arrière,5,5,,1,"Mairie d'Aubervilliers",71355
71370,13,"Galeries marchandes - Gare Saint-Lazare",50148489,Avant,1,5,,0,"Châtillon - Montrouge",71346
71370,3,"2 rue d'Amsterdam",50148491,Avant,1,5,,1,"Pont de Levallois - Bécon",73617
71370,13,"2 rue d'Amsterdam",50148491,Milieu,3,5,,0,"Châtillon - Montrouge",71346
71370,12,"11-13 place du Havre",50148492,Arrière,5,5,,1,"Mairie d'Aubervilliers",71355
71370,13,"95 rue Saint-Lazare",50148494,Avant,1,5,,1,"Asnières - Gennevilliers - Les Courtilles",71382
72078,13,"153 avenue de Saint-Ouen",50148501,Arrière,5,5,,0,"Châtillon - Montrouge",71528
72128,13,"Avenue Gabriel Péri",50148503,Arrière,5,5,,0,"Châtillon - Montrouge",72078
72285,13,"Stade de France",50148509,Avant,1,5,,1,"Saint-Denis - Université",72326
72285,13,"Musée d'Art et d'Histoire",50148511,Arrière,5,5,Ascenseur,1,"Saint-Denis - Université",72326
72203,13,"Gare routière",50148523,Arrière,4,5,,1,"Asnières - Gennevilliers - Les Courtilles",72240
71264,14,"Place Marguerite de Navarre",50148652,Milieu,4,8,,0,"Saint-Denis - Pleyel",73788
70522,8,"Musée Fragonard",50148695,Avant,2,5,,1,"Pointe du Lac",70426
71264,11,"Théâtre du Châtelet",50148697,Avant,1,5,,1,Châtelet,
71572,14,"Face au 62 rue du Chevaleret",50148701,Arrière,6,8,Escalator,0,"Saint-Denis - Pleyel",71576
71311,8,"2 place de la République",50148716,Arrière,5,5,,0,Balard,73633
74041,12,"Place du Front Populaire",50148735,Arrière,4,5,,1,"Mairie d'Aubervilliers",72491
71030,4,"Place Victor et Hélène Basch",50148747,Avant,1,6,,1,"Bagneux - Lucie Aubrac",70657
70375,7,"Centre Commercial",50148837,Avant,2,5,Escalator,1,"Villejuif - Louis Aragon",70248
69884,8,"Route de Pompadour",50148856,Arrière,4,5,,0,Balard,70021
71607,14,"Rue de Bercy",50148884,Arrière,7,8,Escalator,0,"Saint-Denis - Pleyel",73626
71545,14,"Bd Berthier",50148896,Arrière,8,8,Ascenseur,0,"Saint-Denis - Pleyel",72126
71572,14,"Rue Goscinny",50148911,Avant,2,8,Escalator,0,"Saint-Denis - Pleyel",71576
490779,11,"bd du Gén. Leclerc",50149887,Avant,2,5,Ascenseur,1,Châtelet,71909
71897,11,"r. des Saules Clouet",50210355,Avant,2,5,Ascenseur,0,Rosny-Bois-Perrier,490782
71897,11,"bd de la Boissière",50210359,Avant,1,5,Escalier,1,Châtelet,71947
71435,2,"Place de Clichy",,Arrière,5,5,,0,Nation,71420
71410,5,"Gare du Nord",,Avant,1,5,,0,"Bobigny - Pablo Picasso",71961
73626,14,"Gare de Lyon",,Avant,1,8,Escalator,0,"Saint-Denis - Pleyel",71264
71311,11,République,,Arrière,4,5,,0,Rosny-Bois-Perrier,71840
71139,6,Montparnasse-Bienvenue,,Milieu,3,5,,0,Nation,71108
71370,12,Saint-Lazare,,Arrière,5,5,,1,"Mairie d'Aubervilliers",71355
71370,3,Saint-Lazare,,Avant,1,5,,1,"Pont de Levallois - Bécon",73617
71359,4,"Gare de l'Est (Verdun)",,Arrière,6,6,,0,"Porte de Clignancourt",71410
71033,5,"Place d'Italie",,Milieu,3,5,,0,"Bobigny - Pablo Picasso",71063
73626,14,"Gare de Lyon",,Avant,1,8,Escalator,0,"Saint-Denis - Pleyel",71264
71435,2,"Place de Clichy",,Avant,1,5,,1,"Porte Dauphine",71408
71264,7,"Châtelet - Les Halles",,Arrière,5,5,,1,"Villejuif - Louis Aragon",71217
71264,11,"Châtelet - Les Halles",,Avant,1,5,,1,Châtelet,
71989,5,"Avenue Jean Jaurès",50147731,Avant,1,5,,1,"Place d'Italie",71972
73621,5,"21 Boulevard Richard Lenoir",50147741,Arrière,5,5,,1,"Place d'Italie",463564
71511,12,"69 rue des Poissonniers",50147764,Arrière,5,5,,0,"Mairie d'Issy",71521
71426,4,"2 Bd de Rochechouart",50147784,Arrière,5,6,,0,"Porte de Clignancourt",71469
71264,14,"63 - 65 rue de Rivoli",50147791,Avant,3,8,Escalator,1,"Aéroport d'Orly",73626
71264,7,"8 place Sainte-Opportune",50147793,Arrière,5,5,,1,"Villejuif - Louis Aragon",71217
71264,14,"112 rue deRivoli",50147795,Avant,2,8,,1,"Aéroport d'Orly",73626
71264,11,"Rue des Lavandières",50147796,Avant,1,5,,1,Châtelet,
71264,14,"15 avenue Victoria",50147799,Arrière,6,8,Escalator,0,"Saint-Denis - Pleyel",73788
71202,4,"65 rue de Rennes",50147801,Arrière,6,6,,1,"Bagneux - Lucie Aubrac",71184
73620,4,"Place Saint-Michel",50147811,Arrière,6,6,,1,"Bagneux - Lucie Aubrac",73618
73636,4,"Square Emile Chantemps",50147817,Avant,1,6,,0,"Porte de Clignancourt",73633
73636,4,"68 rue Réaumur",50147818,Avant,1,6,,1,"Bagneux - Lucie Aubrac",479068
71117,4,"106 boulevard du Montparnasse",50147829,Arrière,6,6,,0,"Porte de Clignancourt",71139
71370,3,"Place Gabriel Péri",50147867,Arrière,5,5,,1,"Pont de Levallois - Bécon",73617
71828,3B,"Paul Signac (place, en face du 125 avenue Gambetta)",50147877,Arrière,3,3,,0,"Porte des Lilas",71860
71450,3,"Avenue Stéphane Mallarmé",50147886,Avant,1,5,,1,"Pont de Levallois - Bécon",73667
71795,3,"71 rue Servan",50147888,Avant,1,5,,0,Gallieni,71787
71808,3,"Place Martin Nadaud",50147895,Avant,1,5,,0,Gallieni,71799
71728,2,"111 boulevard de Charonne",50147948,Arrière,5,5,,0,Nation,71697
71940,7B,"Face au 196 boulevard de la Villette",50147954,Avant,1,3,,1,"Louis Blanc",71407
71347,2,"Place Charles de Gaulle",50147976,Avant,1,5,,0,Nation,71367
73626,14,"Rue de Bercy",50147982,Avant,1,8,Escalator,1,"Aéroport d'Orly",71607
71634,1,"14 avenue de Paris",50147999,Arrière,6,6,,0,"Château de Vincennes",
71647,1,"125 bis avenue de Paris",50148006,Milieu,3,6,Escalator,0,"Château de Vincennes",71650
71663,1,"90 Cours de Vincennes",50148010,Arrière,6,6,,0,"Château de Vincennes",71647
70375,7,"53 avenue de Paris",50148146,Arrière,4,5,,0,"La Courneuve - 8 Mai 1945",70452
71137,8,"2 avenue Félix Faure",50148163,Avant,1,5,,1,"Pointe du Lac",71132
71693,8,"100 rue du Faubourg Saint-Antoine",50148197,Avant,1,5,,1,"Pointe du Lac",74001
70698,9,"122 avenue du Général Leclerc",50148235,Avant,1,5,,1,"Mairie de Montreuil",71034
71346,13,"29 rue de la Boétie",50148287,Arrière,4,5,,0,"Châtillon - Montrouge",71305
71330,8,"Boulevard des Italiens",50148291,Arrière,4,5,,0,Balard,71337
71330,8,"16 boulevard des Italiens",50148296,Arrière,5,5,,1,"Pointe du Lac",71326
72240,13,"Angle rue des Bas et Rue Louis Calmel",50148727,Arrière,4,5,Escalator,0,"Châtillon - Montrouge",72203
73621,5,"Boulevard Richard Lenoir",50148761,Arrière,5,5,,0,"Bobigny - Pablo Picasso",73648
71359,7,"Place du 11 Novembre",50148780,Avant,1,5,,0,"La Courneuve - 8 Mai 1945",474149
71940,7B,"Boulevard de la Villette",50148784,Avant,1,3,,1,"Louis Blanc",71407
71434,2,"Rue du Faubourg Saint Denis",50148787,Arrière,5,5,,0,Nation,71961
71199,8,"Boulevard de Grenelle",50148790,Arrière,5,5,,1,"Pointe du Lac",71224
71363,7,"Rue de Chabrol",50148814,Arrière,5,5,,1,"Villejuif - Louis Aragon",71351
72358,13,"Gare Routière",50148862,Arrière,4,5,Ascenseur,0,"Châtillon - Montrouge",72326
70143,7,"Avenue Louis Aragon",50148863,Milieu,3,5,,1,"Villejuif - Louis Aragon",
72168,14,"Rue Albert Dhalenne",50148888,Milieu,4,8,,1,"Aéroport d'Orly",72126
71545,13,"Rue André Suarez",50148895,Avant,2,5,,1,"Asnières - Gennevilliers - Les Courtilles",72118
71545,14,"Rue André Suarez",50148895,Arrière,8,8,Escalator,1,"Aéroport d'Orly",71475
70604,7,"Bd Masséna",50148959,Arrière,5,5,,1,"Mairie d'Ivry",70636
71947,11,"r. Carnot",50149890,Avant,1,5,Ascenseur,1,Châtelet,490779
71947,11,"r. Carnot",50149890,Arrière,5,5,Escalier,0,Rosny-Bois-Perrier,71897
490782,11,"r. Lucien Piron",50149894,Avant,2,5,Ascenseur,0,Rosny-Bois-Perrier,490783
70645,14,"r. du Tage",50149929,Avant,1,8,Ascenseur,1,"Aéroport d'Orly",70445
70645,14,"r. du Tage",50149929,Arrière,6,8,Escalier,0,"Saint-Denis - Pleyel",71557
70645,14,"r. Tagore",50149930,Milieu,5,8,Escalator,1,"Aéroport d'Orly",70445
70645,14,"r. de la Vistule",50149931,Milieu,5,8,Escalier,0,"Saint-Denis - Pleyel",71557
70645,14,"r. Bourgon",50149932,Arrière,6,8,Escalator,1,"Aéroport d'Orly",70445
73753,14,"r. Latérale",50149937,Milieu,5,8,Ascenseur,0,"Saint-Denis - Pleyel",69974
490784,14,"27 rue Pleyel",50149985,Milieu,5,8,Ascenseur,1,"Aéroport d'Orly",72168
71897,11,"bd de la Boissière",50210359,Avant,2,5,Ascenseur,0,Rosny-Bois-Perrier,490782
71370,14,Saint-Augustin,,Avant,3,8,,0,"Saint-Denis - Pleyel",71475
71311,5,République,,Milieu,3,5,,0,"Bobigny - Pablo Picasso",71322
71033,7,"Place d'Italie",,Milieu,3,5,,1,"Villejuif - Louis Aragon",71001
71654,8,Reuilly-Diderot,,Arrière,5,5,,1,"Pointe du Lac",71631
415852,11,"Hôtel de Ville",,Avant,1,5,,0,Rosny-Bois-Perrier,71273
71139,4,Montparnasse-Bienvenue,,Arrière,6,6,,1,"Bagneux - Lucie Aubrac",71117
71033,7,"Place d'Italie",,Milieu,3,5,,0,"La Courneuve - 8 Mai 1945",71076
71326,9,"Grands Boulevards",,Arrière,5,5,Escalator,1,"Mairie de Montreuil",71320
70645,14,"Maison Blanche",,Avant,2,8,Escalier,1,"Aéroport d'Orly",70445
71517,1,"La Défense (Grande Arche)",,Avant,1,6,,1,"La Défense",
71410,5,"Gare du Nord",,Milieu,3,5,Escalator,1,"Place d'Italie",71359
71410,5,"Gare du Nord",,Milieu,3,5,Escalator,0,"Bobigny - Pablo Picasso",71961
71673,6,Nation,,Milieu,3,5,,1,"Charles de Gaulle - Étoile",71639
71673,6,Nation,,Milieu,3,5,,0,Nation,
71311,8,République,,Milieu,3,5,,0,Balard,73633
71139,4,Montparnasse-Bienvenue,,Arrière,6,6,,1,"Bagneux - Lucie Aubrac",71117
71311,11,République,,Arrière,4,5,,0,Rosny-Bois-Perrier,71840
71311,3,République,,Avant,1,5,,1,"Pont de Levallois - Bécon",71296
71370,12,Saint-Lazare,,Avant,1,5,,0,"Mairie d'Issy",71324
71511,4,Marcadet-Poissonniers,,Arrière,6,6,,1,"Bagneux - Lucie Aubrac",71469
71511,12,Marcadet-Poissonniers,,Avant,1,5,,0,"Mairie d'Issy",71521
71033,7,"Place d'Italie",,Milieu,3,5,,0,"La Courneuve - 8 Mai 1945",71076
71961,5,Stalingrad,,Arrière,5,5,,1,"Place d'Italie",71410
71961,5,Stalingrad,,Avant,1,5,,1,"Place d'Italie",71410
71305,13,Champs-Elysées-Clémenceau,,Milieu,3,5,,0,"Châtillon - Montrouge",71274
463564,8,Bastille,,Arrière,5,5,,1,"Pointe du Lac",71693
71033,5,"Place d'Italie",,Avant,1,5,,1,"Place d'Italie",
71853,11,Belleville,,Arrière,4,5,,1,Châtelet,71840
71419,2,Anvers,,Avant,1,5,,1,"Porte Dauphine",71409
73788,14,Pyramides,,Milieu,4,8,Escalator,0,"Saint-Denis - Pleyel",71324
482368,9,Auber,,Avant,1,5,,0,"Pont de Sèvres",73690
71517,1,"La Défense",,Arrière,6,6,,0,"Château de Vincennes",71485
71264,14,"Châtelet - Les Halles",,Avant,3,8,,1,"Aéroport d'Orly",73626
71056,6,Denfert-Rochereau,,Arrière,5,5,,1,"Charles de Gaulle - Étoile",71088
71972,5,"159 avenue Jean Jaurès",50147733,Avant,1,5,Escalator,0,"Bobigny - Pablo Picasso",71989
71972,5,"161 avenue Jean Jaurès",50147734,Arrière,5,5,,1,"Place d'Italie",71957
72486,5,"Gare routière Bus 134A-134B",50147773,Arrière,5,5,,1,"Place d'Italie",72039
71359,5,"5 rue du 8 Mai 1945",50147775,Avant,2,5,,1,"Place d'Italie",71322
71410,4,"Rue du Faubourg St Denis",50147779,Arrière,6,6,,0,"Porte de Clignancourt",71426
71426,2,"1 Bd de Rochechouart",50147785,Arrière,5,5,,0,Nation,71434
71264,11,"55 rue de Rivoli",50147794,Arrière,5,5,,0,Rosny-Bois-Perrier,415852
71264,7,"55 rue de Rivoli",50147794,Avant,1,5,,0,"La Courneuve - 8 Mai 1945",71253
73618,10,"93 boulevard Saint-Germain",50147807,Avant,1,5,Escalator,0,"Boulogne Pont de Saint-Cloud",73639
73633,8,"Porte Saint-Martin",50147821,Arrière,5,5,,0,Balard,71320
73633,4,"18 rue Saint-Denis",50147823,Arrière,6,6,,0,"Porte de Clignancourt",71333
71139,13,"2 place Bienvenue",50147834,Avant,1,5,,0,"Châtillon - Montrouge",73675
71139,6,"Centre Commercial",50147840,Arrière,5,5,,1,"Charles de Gaulle - Étoile",71125
71056,4,"2 Place Denfert Rochereau",50147853,Avant,1,6,,0,"Porte de Clignancourt",71088
71423,3,"Place Monseigneur Loutil",50147859,Arrière,5,5,,1,"Pont de Levallois - Bécon",71453
71403,2,"2 boulevard de Courcelles",50147863,Arrière,5,5,,1,"Porte Dauphine",73671
71370,3,"Place Gabriel Péri",50147867,Milieu,3,5,,0,Gallieni,482368
71370,3,"Gare SNCF",50147870,Arrière,5,5,,0,Gallieni,482368
72057,3,"Rue Anatole France",50147881,Arrière,5,5,,0,Gallieni,71519
71453,3,"184 rue de Courcelles",50147887,Arrière,5,5,,0,Gallieni,71423
71795,3,"91 rue Saint Maur",50147889,Arrière,5,5,,0,Gallieni,71787
71808,3B,"Place Martin Nadaud",50147895,Avant,1,3,,1,Gambetta,
71367,2,"130 boulevard de Courcelles",50147909,Arrière,5,5,,0,Nation,71376
71313,3,"20 rue du Quatre Septembre",50147916,Avant,1,5,,1,"Pont de Levallois - Bécon",71337
71801,3,"48 avenue de la République",50147922,Avant,1,5,,0,Gallieni,71795
71961,2,"244-171 boulevard de la Villette",50147926,Avant,1,5,Ascenseur,1,"Porte Dauphine",71434
71961,5,"86 rue de l' Aqueduc",50147927,Avant,1,5,,1,"Place d'Italie",71410
71485,1,"Quartier Bellini",50147944,Milieu,3,6,,0,"Château de Vincennes",71442
71318,9,"27 avenue des Champs-Elysées",50147973,Avant,1,5,,1,"Mairie de Montreuil",71334
71347,6,"Place Charles de Gaulle",50147977,Avant,1,5,,1,"Charles de Gaulle - Étoile",
73626,14,"28 boulevard Diderot",50147985,Milieu,5,8,Ascenseur,0,"Saint-Denis - Pleyel",71264
71297,1,"Le Louvre des Antiquaires",50147991,Arrière,6,6,,1,"La Défense",71284
71634,1,"7 avenue de Nogent",50147995,Avant,1,6,,0,"Château de Vincennes",
71634,1,"Gare routière",50147997,Avant,1,6,,0,"Château de Vincennes",
71237,6,"pl. du Costa Rica",50148024,Milieu,3,5,,0,Nation,473829
72460,7,"76 avenue Jean Jaurès",50148073,Avant,2,5,,0,"La Courneuve - 8 Mai 1945",73695
73689,9,"Galeries La Fayette",50148098,Arrière,5,5,,1,"Mairie de Montreuil",71330
70596,7,"190 avenue d' Italie",50148130,Arrière,5,5,,1,"Mairie d'Ivry",70604
70143,7,"175 boulevard Maxime Gorky",50148150,Arrière,4,5,,0,"La Courneuve - 8 Mai 1945",70248
71274,13,"Rue de l' Université",50148172,Arrière,5,5,,0,"Châtillon - Montrouge",71232
463564,1,"Rue de la Roquette",50148194,Milieu,4,6,,0,"Château de Vincennes",73626
71654,8,"73 boulevard Diderot",50148202,Arrière,5,5,,1,"Pointe du Lac",71631
71054,9,"96 boulevard de la République",50148242,Avant,1,5,,0,"Pont de Sèvres",71034
71084,9,"Parc des Princes",50148250,Avant,1,5,,0,"Pont de Sèvres",71054
71285,9,"Place du Trocédero",50148269,Avant,1,5,,1,"Mairie de Montreuil",71294
71318,9,"7 rond-point des Champs-Elysées",50148280,Arrière,5,5,,0,"Pont de Sèvres",71290
71330,9,"2 boulevard des Italiens",50148295,Arrière,5,5,Escalator,1,"Mairie de Montreuil",71326
71703,9,"65 rue des Pyrénées",50148331,Avant,1,5,,0,"Pont de Sèvres",479928
71148,7,"39 rue Liné",50148352,Arrière,5,5,,0,"La Courneuve - 8 Mai 1945",71201
71199,8,"67 avenue de la Motte-Picquet",50148368,Avant,1,5,,0,Balard,71132
71169,10,"99 boulevard de Montmorency",50148380,Arrière,5,5,,0,"Boulogne Pont de Saint-Cloud",71147
415852,1,"Bazar de l'Hôtel de Ville",50148395,Avant,1,6,,0,"Château de Vincennes",71222
71311,3,"13 place de la République",50148407,Milieu,3,5,,1,"Pont de Levallois - Bécon",71296
71370,12,"2 rue d'Amsterdam",50148491,Arrière,5,5,,1,"Mairie d'Aubervilliers",71355
71370,3,"95 rue Saint-Lazare",50148494,Milieu,3,5,,0,Gallieni,482368
71545,13,"125 boulevard Bessières",50148515,Avant,1,5,,0,"Châtillon - Montrouge",73661
72203,13,"56 avenue Gabriel Péri",50148521,Arrière,4,5,,1,"Asnières - Gennevilliers - Les Courtilles",72240
71347,6,"2 avenue de la Grande Armée",50148549,Milieu,3,5,,1,"Charles de Gaulle - Étoile",
73620,4,Notre-Dame,50148605,Arrière,6,6,,1,"Bagneux - Lucie Aubrac",73618
71475,14,"Rue Cardinet",50148654,Milieu,4,8,,1,"Aéroport d'Orly",71370
71889,11,"Boulevard Sérurier",50148656,Avant,1,5,,1,Châtelet,71870
463564,1,"Place des Vosges",50148661,Avant,1,6,,1,"La Défense",71222
71370,14,"14 rue du Havre",50148663,Milieu,4,8,Ascenseur,1,"Aéroport d'Orly",71324
73626,14,"Face au 201 rue de Bercy",50148698,Milieu,4,8,Ascenseur,1,"Aéroport d'Orly",71607
71311,3,"1 Rue Rene Boulanger",50148719,Avant,1,5,,1,"Pont de Levallois - Bécon",71296
71311,11,"9 boulevard Saint-Martin",50148720,Arrière,4,5,,0,Rosny-Bois-Perrier,71840
71311,8,"9 boulevard Saint-Martin",50148720,Arrière,5,5,,1,"Pointe du Lac",71277
71311,3,"9 boulevard Saint-Martin",50148720,Arrière,5,5,,0,Gallieni,71801
71311,5,"13 place de  la République",50148721,Avant,1,5,,1,"Place d'Italie",71803
71320,8,"Boulevard de Bonne Nouvelle",50148758,Arrière,5,5,,0,Balard,71326
71359,5,"Place du 11 Novembre",50148780,Arrière,5,5,,0,"Bobigny - Pablo Picasso",71410
71597,6,"Avenue de France",50148821,Milieu,3,5,Ascenseur,0,Nation,71607
71557,14,"Rue de Tolbiac",50148854,Arrière,8,8,Ascenseur,0,"Saint-Denis - Pleyel",71572
72168,14,"Rue Albert Dhalenne",50148888,Milieu,5,8,,0,"Saint-Denis - Pleyel",490784
71545,14,"rue Fragonard",50148898,Avant,1,8,Escalator,0,"Saint-Denis - Pleyel",72126
71897,11,"r. des Saules Clouet",50149893,Avant,2,5,Escalator,0,Rosny-Bois-Perrier,490782
70645,14,"r. Tagore",50149930,Arrière,7,8,Escalier,0,"Saint-Denis - Pleyel",71557
69974,14,"ZAC Lallier",50149936,Avant,3,8,Escalator,0,"Saint-Denis - Pleyel",478860
69677,14,"Entrée / Sortie",50149942,Avant,3,8,Ascenseur,0,"Saint-Denis - Pleyel",73753
490784,14,"23 rue Pleyel",50149984,Milieu,5,8,Ascenseur,1,"Aéroport d'Orly",72168
70645,14,"av. d'Italie",50210354,Arrière,7,8,Escalier,0,"Saint-Denis - Pleyel",71557
71311,9,République,,Arrière,5,5,,0,"Pont de Sèvres",73633
71311,8,République,,Milieu,3,5,,1,"Pointe du Lac",71277
73658,10,Michel-Ange-Molitor,,Avant,1,5,,1,"Gare d'Austerlitz",71141
71311,8,République,,Milieu,3,5,,0,Balard,73633
73690,9,Saint-Lazare,,Avant,1,5,,1,"Mairie de Montreuil",482368
71324,8,Madeleine,,Avant,1,5,,0,Balard,71298
482368,9,Havre-Caumartin,,Arrière,5,5,,1,"Mairie de Montreuil",73689
71206,9,Michel-Ange-Auteuil,,Avant,1,5,,1,"Mairie de Montreuil",73657
71370,14,Saint-Lazare,,Milieu,5,8,Escalator,0,"Saint-Denis - Pleyel",71475
71348,1,Argentine,,Arrière,6,6,,0,"Château de Vincennes",71347
71940,7B,Jaurès,,Arrière,2,3,,0,Pré-Saint-Gervais,71920
71139,12,Montparnasse-Bienvenue,,Milieu,3,5,,0,"Mairie d'Issy",73641
73633,9,Strasbourg-Saint-Denis,,Arrière,5,5,,0,"Pont de Sèvres",71320
71337,7,Opéra,,Avant,1,5,,0,"La Courneuve - 8 Mai 1945",73689
71264,14,Châtelet,,Avant,3,8,,1,"Aéroport d'Orly",73626
71264,14,Châtelet,,Arrière,6,8,Escalator,0,"Saint-Denis - Pleyel",73788
71434,2,"Gare du Nord",,Avant,1,5,,1,"Porte Dauphine",71426
71274,8,Invalides,,Arrière,5,5,,0,Balard,71242
71139,4,Montparnasse-Bienvenue,,Avant,1,6,,0,"Porte de Clignancourt",71184
71311,11,République,,Avant,1,5,,1,Châtelet,71293
71311,8,République,,Milieu,3,5,,0,Balard,73633
73690,9,Saint-Lazare,,Avant,1,5,,0,"Pont de Sèvres",71346
73690,9,Saint-Lazare,,Arrière,5,5,,0,"Pont de Sèvres",71346
71139,13,Montparnasse-Bienvenue,,Arrière,5,5,,1,"Asnières - Gennevilliers - Les Courtilles",71159
71139,6,Montparnasse-Bienvenue,,Arrière,5,5,,1,"Charles de Gaulle - Étoile",71125
71961,7,Stalingrad,,Milieu,3,5,,1,"Villejuif - Louis Aragon",71407
71359,5,"Gare de l'Est (Verdun)",,Avant,1,5,,1,"Place d'Italie",71322
71961,2,Stalingrad,,Arrière,5,5,,1,"Porte Dauphine",71434
71940,2,Jaurès,,Arrière,5,5,,0,Nation,71893
71409,2,Pigalle,,Arrière,5,5,,0,Nation,71419
71293,11,Arts-et-Métiers,,Arrière,4,5,,0,Rosny-Bois-Perrier,71311
71264,4,Châtelet,,Milieu,3,6,,0,"Porte de Clignancourt",73794
71199,8,"La Motte-Picquet-Grenelle",,Arrière,5,5,,1,"Pointe du Lac",71224
71435,13,"Place de Clichy",,Milieu,3,5,,1,"Asnières - Gennevilliers - Les Courtilles",71474
71889,3B,"Porte des Lilas",,Arrière,3,3,,1,Gambetta,71860
71370,14,Saint-Augustin,,Avant,3,8,,0,"Saint-Denis - Pleyel",71475
73633,9,Strasbourg-Saint-Denis,,Arrière,5,5,,0,"Pont de Sèvres",71320
71434,2,"Paris Gare du Nord",,Arrière,5,5,,0,Nation,71961
71264,11,"Châtelet - Les Halles",,Avant,1,5,,1,Châtelet,
71264,4,"Châtelet - Les Halles",,Milieu,3,6,,0,"Porte de Clignancourt",73794
463564,8,"Boulevard Richard Lenoir",50147742,Avant,1,5,,0,Balard,73622
72039,5,"280 avenue Jean Lolive",50147749,Avant,2,5,,1,"Place d'Italie",72024
71359,4,"SNCF Gare de l'Est",50147776,Avant,2,6,,0,"Porte de Clignancourt",71410
71410,5,"18 rue de Dunkerque",50147778,Avant,1,5,,1,"Place d'Italie",71359
71264,7,"55 rue de Rivoli",50147794,Arrière,5,5,,1,"Villejuif - Louis Aragon",71217
71264,14,"7 avenue Victoria",50147798,Arrière,7,8,,0,"Saint-Denis - Pleyel",73788
73794,4,"Rue Turbigo",50147806,Arrière,6,6,,1,"Bagneux - Lucie Aubrac",71264
73618,4,"Carrefour de l' Odéon",50147808,Arrière,6,6,,0,"Porte de Clignancourt",73620
73618,10,"108 boulevard Saint-Germain",50147809,Avant,1,5,,1,"Gare d'Austerlitz",73619
71216,4,"Ecole des Beaux Arts",50147816,Avant,1,6,,1,"Bagneux - Lucie Aubrac",71202
73636,4,"81 rue Réaumur",50147819,Avant,1,6,,1,"Bagneux - Lucie Aubrac",479068
71139,13,"73 boulevard du Montparnasse",50147836,Avant,2,5,,0,"Châtillon - Montrouge",73675
71056,4,"2 avenue du Général Leclerc",50147854,Avant,1,6,,1,"Bagneux - Lucie Aubrac",73653
71423,3,"74 avenue de Villiers",50147860,Arrière,4,5,,1,"Pont de Levallois - Bécon",71453
71403,2,"2 boulevard de Courcelles",50147863,Avant,1,5,,0,Nation,71408
71370,13,"Gare SNCF",50147870,Avant,1,5,Escalator,0,"Châtillon - Montrouge",71346
70657,4,"140 avenue du Général Leclerc",50147871,Avant,1,6,,1,"Bagneux - Lucie Aubrac",70586
474152,2,"Avenue Bugeaud",50147915,Arrière,5,5,,1,"Porte Dauphine",
71834,2,"Belleville (37 boulevard de)",50147952,Avant,1,5,,0,Nation,71815
71298,1,"Face au 246 rue de Rivoli",50147968,Arrière,6,6,,1,"La Défense",71305
71298,1,"6 place de la Concorde",50147969,Arrière,6,6,,0,"Château de Vincennes",71284
71305,1,"Clémenceau (place)",50147971,Arrière,6,6,,0,"Château de Vincennes",71298
73626,14,"Rue de Bercy",50147982,Arrière,8,8,Escalator,0,"Saint-Denis - Pleyel",71264
71297,1,"Terre-plein face au 93 rue de Rivoli",50147989,Arrière,6,6,,1,"La Défense",71284
71297,1,"Place du Palais-Royal",50147990,Avant,1,6,,0,"Château de Vincennes",73630
71297,1,"Passage du Louvre",50147994,Arrière,6,6,,1,"La Défense",71284
71673,6,"Place de la Nation",50148053,Avant,1,5,,0,Nation,
73696,7,"61 place du 8 Mai 1945",50148061,Arrière,4,5,,0,"La Courneuve - 8 Mai 1945",
73696,7,"61 place du 8 Mai 1945",50148061,Milieu,3,5,,0,"La Courneuve - 8 Mai 1945",
72430,7,"Avenue de la Porte de la Villette",50148078,Arrière,5,5,,1,"Villejuif - Louis Aragon",72031
478885,7,"Rue de la Victoire",50148094,Avant,1,5,,0,"La Courneuve - 8 Mai 1945",71351
71133,7,"Arènes de Lutèce",50148116,Avant,1,5,,0,"La Courneuve - 8 Mai 1945",71148
70636,7,"Avenue d'Ivry",50148137,Avant,1,5,,0,"La Courneuve - 8 Mai 1945",70604
71132,8,"16 place du Commerce",50148165,Avant,2,5,Escalator,0,Balard,71137
71298,12,"Jardin des Tuileries",50148175,Avant,2,5,,1,"Mairie d'Aubervilliers",71324
71320,8,"26 Boulevard de Bonne Nouvelle",50148179,Arrière,5,5,,0,Balard,71326
71654,8,"73 boulevard Diderot",50148202,Avant,1,5,,0,Balard,74001
71558,8,"147 rue de Paris",50148215,Arrière,5,5,,0,Balard,71579
73657,9,"78 avenue Mozart",50148259,Arrière,5,5,,0,"Pont de Sèvres",71206
71285,9,"Place du Trocadéro",50148273,Avant,1,5,,1,"Mairie de Montreuil",71294
71346,9,"11 avenue Delcassé",50148285,Arrière,5,5,,1,"Mairie de Montreuil",73690
71330,8,"Rue Marivaux",50148292,Avant,1,5,,0,Balard,71337
71330,9,"2 Boulevard Haussmann",50148294,Arrière,5,5,,0,"Pont de Sèvres",73689
71781,9,"80 boulevard Voltaire",50148309,Arrière,5,5,Ascenseur,0,"Pont de Sèvres",71803
73647,9,"143 boulevard Voltaire",50148322,Avant,1,5,,0,"Pont de Sèvres",71750
71710,9,"65 boulevard Davout",50148334,Arrière,5,5,,1,"Mairie de Montreuil",71725
71311,5,"13 place de la République",50148407,Arrière,5,5,,0,"Bobigny - Pablo Picasso",71322
73641,12,"138 rue du Cherche-Midi",50148439,Arrière,5,5,,1,"Mairie d'Aubervilliers",71139
73642,12,"Angle avec le 239 bd Saint-Germain et la rue de Courty",50148450,Arrière,5,5,,0,"Mairie d'Issy",71270
73675,13,"Rue de la Gaîté",50148483,Arrière,5,5,,0,"Châtillon - Montrouge",412687
71370,12,"Galeries marchandes - Gare Saint-Lazare",50148489,Avant,1,5,,0,"Mairie d'Issy",71324
71370,14,"11-13 place du Havre",50148492,Arrière,7,8,,0,"Saint-Denis - Pleyel",71475
72078,13,"Avenue de Saint-Ouen",50148502,Arrière,5,5,,0,"Châtillon - Montrouge",71528
71545,14,"125 boulevard Bessières",50148515,Arrière,6,8,Escalator,0,"Saint-Denis - Pleyel",72126
73626,14,"Rue de Bercy",50148562,Avant,1,8,Escalator,1,"Aéroport d'Orly",71607
71475,14,"Rue Cardinet",50148654,Avant,2,8,Escalator,1,"Aéroport d'Orly",71370
463564,5,"Place des Vosges",50148661,Arrière,5,5,,1,"Place d'Italie",71637
71264,14,"Théâtre du Châtelet",50148697,Avant,2,8,,1,"Aéroport d'Orly",73626
71576,14,"Cour Chamonard",50148702,Arrière,7,8,,1,"Aéroport d'Orly",71572
71311,3,"Av de la République",50148717,Avant,2,5,,0,Gallieni,71801
71311,8,"12 place de la République",50148718,Milieu,3,5,,0,Balard,73633
72286,13,"Angle Boulevard Pierre de Coubertin / Avenue Lucien Lanternier",50148729,Avant,1,5,,1,"Asnières - Gennevilliers - Les Courtilles",
71634,1,"Château de Vincennes",50148766,Avant,1,6,,1,"La Défense",71650
71940,2,"Boulevard de la Villette",50148784,Arrière,5,5,,0,Nation,71893
71434,2,"Rue du Faubourg Saint Denis",50148787,Avant,1,5,,1,"Porte Dauphine",71426
71597,6,"Avenue de France",50148821,Avant,1,5,,0,Nation,71607
69884,8,"Route de Pompadour",50148857,Arrière,4,5,,0,Balard,70021
72491,12,"rue de la Commune",50149328,Arrière,4,5,Escalator,1,"Mairie d'Aubervilliers",72524
72524,12,"avenue Victor Hugo",50149334,Arrière,4,5,,1,"Mairie d'Aubervilliers",
490779,11,"r. de la Liberté",50149886,Arrière,5,5,Escalator,0,Rosny-Bois-Perrier,71947
71897,11,"bd de la Boissière",50149892,Arrière,5,5,Ascenseur,0,Rosny-Bois-Perrier,490782
490782,11,"r. de la Dhuys",50149896,Avant,2,5,Escalier,0,Rosny-Bois-Perrier,490783
70645,14,"r. du Tage",50149929,Arrière,7,8,Escalier,1,"Aéroport d'Orly",70445
70645,14,"r. du Tage",50149929,Arrière,6,8,Escalator,1,"Aéroport d'Orly",70445
69974,14,"r. de Bicêtre",50149935,Milieu,5,8,Escalier,1,"Aéroport d'Orly",73753
69974,14,"r. de Bicêtre",50149935,Avant,1,8,Escalier,0,"Saint-Denis - Pleyel",478860
69974,14,"ZAC Lallier",50149936,Arrière,6,8,Ascenseur,1,"Aéroport d'Orly",73753
69974,14,"ZAC Lallier",50149936,Arrière,6,8,Escalier,0,"Saint-Denis - Pleyel",478860
73753,14,"r. du Languedoc",50149939,Avant,1,8,Ascenseur,1,"Aéroport d'Orly",69677
70645,14,"av. d'Italie",50210354,Milieu,5,8,Escalier,1,"Aéroport d'Orly",70445
70645,14,"av. d'Italie",50210354,Avant,1,8,Ascenseur,1,"Aéroport d'Orly",70445
70645,14,"av. d'Italie",50210354,Arrière,7,8,Escalier,1,"Aéroport d'Orly",70445
71139,4,Montparnasse-Bienvenue,,Arrière,6,6,,1,"Bagneux - Lucie Aubrac",71117
71125,6,Pasteur,,Avant,1,5,,1,"Charles de Gaulle - Étoile",71144
71298,8,Concorde,,Arrière,5,5,,0,Balard,71274
71264,7,Châtelet,,Avant,1,5,,0,"La Courneuve - 8 Mai 1945",71253
463564,8,Bastille,,Avant,1,5,,0,Balard,73622
71320,9,"Bonne Nouvelle",,Arrière,5,5,,1,"Mairie de Montreuil",73633
71264,1,Châtelet,,Avant,1,6,,0,"Château de Vincennes",415852
71940,5,Jaurès,,Arrière,5,5,,0,"Bobigny - Pablo Picasso",71957
73690,9,Saint-Lazare,,Avant,1,5,,1,"Mairie de Montreuil",482368
463564,1,Bastille,,Milieu,3,6,,0,"Château de Vincennes",73626
463564,5,Bastille,,Avant,1,5,,1,"Place d'Italie",71637
71264,14,Châtelet,,Avant,3,8,,1,"Aéroport d'Orly",73626
71889,3B,"Porte des Lilas",,Avant,1,3,,0,"Porte des Lilas",
71410,5,"Paris Gare du Nord",,Avant,1,5,,0,"Bobigny - Pablo Picasso",71961
71673,2,Nation,,Milieu,3,5,,0,Nation,
71347,6,"Charles de Gaulle - Etoile",,Avant,1,5,,0,Nation,73656
71264,7,"Châtelet - Les Halles",,Avant,1,5,,0,"La Courneuve - 8 Mai 1945",71253
72024,5,"Avenue Jean Lolive",50147752,Avant,1,5,,1,"Place d'Italie",72004
71359,7,"78 boulevard de Strasbourg",50147774,Milieu,3,5,,1,"Villejuif - Louis Aragon",71363
71216,4,"147 boulevard Saint-Germain",50147789,Avant,1,6,,1,"Bagneux - Lucie Aubrac",71202
71264,1,"63 - 65 rue de Rivoli",50147791,Arrière,6,6,,0,"Château de Vincennes",415852
73633,8,"9 rue Saint-Denis",50147822,Arrière,5,5,,0,Balard,71320
71030,4,"205 avenue du Maine",50147848,Avant,1,6,,1,"Bagneux - Lucie Aubrac",70657
71056,6,"2 avenue du Général Leclerc",50147854,Milieu,3,5,,1,"Charles de Gaulle - Étoile",71088
71416,3,"Place du Général Catroux",50147861,Avant,1,5,,1,"Pont de Levallois - Bécon",71423
71370,3,"Cour de Rome",50147869,Avant,1,5,,1,"Pont de Levallois - Bécon",73617
70657,4,"108 boulevard Jourdan",50147874,Arrière,6,6,,0,"Porte de Clignancourt",71030
71450,3,"143 rue de Villiers",50147884,Avant,1,5,,1,"Pont de Levallois - Bécon",73667
71808,3,"Hôpital Tenon",50147893,Arrière,5,5,,1,"Pont de Levallois - Bécon",71787
71799,3,"Rue Belgrand",50147898,Avant,1,5,,1,"Pont de Levallois - Bécon",71808
474152,2,"Boulevard Amiral Bruix",50147912,Avant,1,5,,1,"Porte Dauphine",
71940,7B,"Face au 2 place de Stalingrad",50147925,Avant,1,3,,1,"Louis Blanc",71407
71485,1,"Quartier Bellini",50147944,Milieu,3,6,,1,"La Défense",71517
71328,1,"118 avenue des Champs-Elysées",50147975,Milieu,4,6,,0,"Château de Vincennes",71318
73626,1,"25 boulevard Diderot",50147981,Avant,2,6,,1,"La Défense",463564
71013,6,"Boulevard Auguste Blanqui",50148037,Avant,1,5,,1,"Charles de Gaulle - Étoile",71026
73696,7,"Place du 8 Mai 1945",50148065,Arrière,4,5,,0,"La Courneuve - 8 Mai 1945",
474149,7,"188 rue du Faubourg Saint-Martin",50148090,Avant,1,5,,0,"La Courneuve - 8 Mai 1945",71407
71337,8,"Place de l' Opéra",50148103,Milieu,3,5,,0,Balard,71324
71201,7,"12 boulevard Henri IV",50148112,Arrière,5,5,,0,"La Courneuve - 8 Mai 1945",71217
71076,7,"25 avenue des Gobelins",50148119,Avant,2,5,,0,"La Courneuve - 8 Mai 1945",71100
70636,7,"53 avenue de la Porte d'Ivry",50148136,Arrière,5,5,,1,"Mairie d'Ivry",70537
70248,7,"39-45 Boulevard Maxime Gorky",50148148,Avant,2,5,,1,"Villejuif - Louis Aragon",70143
70143,7,"Boulevard Maxime Gorky",50148151,Arrière,4,5,,0,"La Courneuve - 8 Mai 1945",70248
71320,9,"11 Boulevard de Bonne Nouvelle",50148180,Arrière,5,5,,0,"Pont de Sèvres",71326
71591,8,"Place Edouard Renard",50148210,Arrière,5,5,,1,"Pointe du Lac",71579
70358,8,"2 rue Louis Pergaud",50148226,Avant,1,5,,0,Balard,70426
71206,9,"53 rue d' Auteuil",50148257,Avant,1,5,,1,"Mairie de Montreuil",73657
71294,9,"Rue Boissière",50148276,Arrière,5,5,,0,"Pont de Sèvres",71285
71694,9,"230 boulevard Voltaire",50148325,Avant,1,5,,0,"Pont de Sèvres",73647
71785,9,"1 Boulevard Rouget de Lisle",50148343,Avant,1,5,,0,"Pont de Sèvres",71756
71135,10,"SNCF/RER C grandes lignes et banlieue",50148348,Avant,1,5,,1,"Gare d'Austerlitz",
71190,10,"62 boulevard Saint-Germain",50148357,Avant,1,5,,1,"Gare d'Austerlitz",71153
71170,10,"97 rue de Sèvres",50148361,Avant,1,5,,0,"Boulogne Pont de Saint-Cloud",71159
71199,10,"67 avenue de la Motte-Picquet",50148368,Arrière,5,5,,1,"Gare d'Austerlitz",71157
71293,3,"Rue Conté",50148403,Avant,1,5,,1,"Pont de Levallois - Bécon",73636
73640,12,"Terre-plein face au 78 boulevard Raspail",50148441,Arrière,5,5,,1,"Mairie d'Aubervilliers",71203
73642,12,"233 boulevard Saint-Germain",50148451,Avant,1,5,,0,"Mairie d'Issy",71270
71366,12,"27 Place Saint-Georges",50148458,Avant,1,5,,0,"Mairie d'Issy",71350
71370,14,"Galeries marchandes - Gare Saint-Lazare",50148489,Avant,3,8,,0,"Saint-Denis - Pleyel",71475
72285,13,"Musée d'Art et d'Histoire",50148511,Avant,1,5,,1,"Saint-Denis - Université",72326
72285,13,"Musée d'Art et d'Histoire",50148511,Arrière,4,5,,0,"Châtillon - Montrouge",72217
71889,11,"Rue de Belleville",50148657,Avant,1,5,,1,Châtelet,71870
463564,1,"Port de l'Arsenal",50148660,Milieu,4,6,,0,"Château de Vincennes",73626
70522,8,"Avenue du General Leclerc",50148694,Arrière,4,5,,1,"Pointe du Lac",70426
73626,1,"Face au 201 rue de Bercy",50148698,Milieu,4,6,,1,"La Défense",463564
71370,14,"Rue Saint-Lazare",50148706,Avant,3,8,,0,"Saint-Denis - Pleyel",71475
71311,3,"12 place de la République",50148718,Milieu,3,5,,0,Gallieni,71801
71311,8,"13 place de  la République",50148721,Arrière,5,5,,0,Balard,73633
69884,8,"avenue François Mitterrand",50148734,Arrière,4,5,,0,Balard,70021
74041,12,"Angle de la rue Léon Blum et de l'Avenue George Sand",50148737,Avant,2,5,Escalator,1,"Mairie d'Aubervilliers",72491
71030,4,"Eglise Saint Pierre de Montrouge",50148748,Avant,1,6,,1,"Bagneux - Lucie Aubrac",70657
73788,14,"Rue de l'Echelle",50148820,Avant,1,8,Ascenseur,1,"Aéroport d'Orly",71264
415852,1,"Rue de Rivoli",50148847,Avant,1,6,,1,"La Défense",71264
71330,9,"1 Boulevard Haussmann",50148861,Arrière,5,5,,0,"Pont de Sèvres",73689
73794,4,"Porte Saint-Eustache",50148871,Arrière,6,6,Escalator,1,"Bagneux - Lucie Aubrac",71264
73794,4,"Porte du Louvre",50148873,Arrière,6,6,Escalator,1,"Bagneux - Lucie Aubrac",71264
71469,4,"Rue Custine",50148880,Arrière,6,6,,1,"Bagneux - Lucie Aubrac",71426
72126,14,"Rue Madame de Sanzillon",50148885,Avant,3,8,Escalator,1,"Aéroport d'Orly",71545
71545,13,"av du Cimetière des Batignolles",50148894,Arrière,5,5,,0,"Châtillon - Montrouge",73661
71572,14,"Bibliothèque François Mitterrand",50148909,Arrière,8,8,Ascenseur,1,"Aéroport d'Orly",71557
71305,13,"Avenue du Général Eisenhower",50149009,Avant,2,5,,0,"Châtillon - Montrouge",71274
483315,4,"49 av. Henri Barbusse Bagneux",50149175,Avant,2,6,,1,"Bagneux - Lucie Aubrac",
483315,4,"49 av. Henri Barbusse Bagneux",50149175,Avant,1,6,Escalator,1,"Bagneux - Lucie Aubrac",
71947,11,"bd Henri Barbusse",50149889,Avant,2,5,Escalator,0,Rosny-Bois-Perrier,71897
70645,14,"av. d'Italie",50149928,Milieu,5,8,Escalier,1,"Aéroport d'Orly",70445
73753,14,"r. des Routiers",50149938,Milieu,5,8,Ascenseur,0,"Saint-Denis - Pleyel",69974
490784,14,"19 rue Pleyel",50149983,Avant,1,8,Escalator,0,"Saint-Denis - Pleyel",
490784,14,"27 rue Pleyel",50149985,Arrière,7,8,Ascenseur,0,"Saint-Denis - Pleyel",
70645,14,"av. d'Italie",50210354,Milieu,5,8,Escalator,1,"Aéroport d'Orly",70445
71897,11,"r. des Saules Clouet",50210355,Arrière,4,5,Escalator,1,Châtelet,71947
71897,11,"bd de la Boissière",50210359,Avant,1,5,Ascenseur,1,Châtelet,71947
71298,12,Concorde,,Arrière,5,5,,0,"Mairie d'Issy",73642
71264,7,Châtelet,,Arrière,5,5,,1,"Villejuif - Louis Aragon",71217
71311,3,République,,Arrière,5,5,,0,Gallieni,71801
71407,7B,"Louis Blanc",,Arrière,2,3,,0,Pré-Saint-Gervais,71940
482368,3,"Haussmann Saint-Lazare",,Avant,1,5,,1,"Pont de Levallois - Bécon",71370
71359,7,"Gare de l'Est (Verdun)",,Milieu,3,5,,0,"La Courneuve - 8 Mai 1945",474149
71264,14,Châtelet,,Avant,3,8,,0,"Saint-Denis - Pleyel",73788
71264,11,Châtelet,,Avant,1,5,,1,Châtelet,
71274,13,Invalides,,Milieu,3,5,,0,"Châtillon - Montrouge",71232
71337,7,Opéra,,Avant,1,5,,0,"La Courneuve - 8 Mai 1945",73689
71673,1,Nation,,Milieu,3,6,,0,"Château de Vincennes",71663
71337,7,Auber,,Avant,1,5,,0,"La Courneuve - 8 Mai 1945",73689
71264,14,"Châtelet - Les Halles",,Avant,3,8,,0,"Saint-Denis - Pleyel",73788
71056,4,Denfert-Rochereau,,Arrière,6,6,,1,"Bagneux - Lucie Aubrac",73653
70645,7,"Maison Blanche",,Avant,2,5,Escalier,1,"Villejuif - Louis Aragon",70452
71957,5,"av. Jean Jaurès",50147735,Avant,1,5,,0,"Bobigny - Pablo Picasso",71972
72024,5,"121 rue Jean Lolive",50147751,Arrière,5,5,,0,"Bobigny - Pablo Picasso",72039
71556,4,"38 boulevard Ornano",50147767,Avant,1,6,,0,"Porte de Clignancourt",478883
71202,4,"65 rue de Rennes",50147801,Avant,1,6,,0,"Porte de Clignancourt",71216
73633,8,"18 rue Saint-Denis",50147823,Avant,1,5,,1,"Pointe du Lac",71311
71139,6,"Maine Montparnasse",50147832,Avant,1,5,,0,Nation,71108
71370,14,"Cour de Rome",50147869,Avant,2,8,,1,"Aéroport d'Orly",71324
71297,7,"Place du Palais-Royal",50147988,Arrière,4,5,,1,"Villejuif - Louis Aragon",71253
71337,8,"Théâtre National de l'Opéra",50148102,Arrière,4,5,,1,"Pointe du Lac",71330
70645,7,"144 avenue d' Italie",50148127,Arrière,5,5,,1,"Villejuif - Louis Aragon",70452
71274,13,"Rue de l' Université",50148172,Arrière,4,5,,0,"Châtillon - Montrouge",71232
71320,8,"11 Boulevard de Bonne Nouvelle",50148180,Avant,1,5,,1,"Pointe du Lac",73633
463564,5,"37 boulevard Bourdon",50148190,Arrière,5,5,,0,"Bobigny - Pablo Picasso",73621
71285,9,"Place du Trocédéro",50148271,Arrière,5,5,,0,"Pont de Sèvres",71292
71346,13,"29 rue de la Boétie",50148287,Avant,2,5,,1,"Asnières - Gennevilliers - Les Courtilles",71370
71330,9,"3 Boulevard Haussmann",50148297,Arrière,5,5,,1,"Mairie de Montreuil",71326
71703,9,"67 bis rue des Pyrénées",50148332,Avant,1,5,,0,"Pont de Sèvres",479928
71785,9,"Place Jean Jaurès",50148346,Avant,2,5,,1,"Mairie de Montreuil",
71153,10,"28 rue Monge",50148354,Avant,1,5,,1,"Gare d'Austerlitz",71148
71853,2,"1 boulevard de la Villette",50148413,Arrière,5,5,,1,"Porte Dauphine",71893
72064,12,"93 rue de la Chapelle",50148467,Arrière,5,5,,0,"Mairie d'Issy",71510
73766,13,"bd Charles de Gaulle",50148472,Milieu,3,5,,0,"Châtillon - Montrouge",70562
71545,14,"125 boulevard Bessières",50148515,Avant,1,8,Escalator,0,"Saint-Denis - Pleyel",72126
72203,13,"19 rue des Bas",50148525,Milieu,3,5,,0,"Châtillon - Montrouge",72118
71889,11,"Rue de Belleville",50148657,Arrière,4,5,,0,Rosny-Bois-Perrier,71909
71311,5,"2 place de la République",50148716,Arrière,5,5,,0,"Bobigny - Pablo Picasso",71322
71311,3,"2 place de la République",50148716,Avant,2,5,,0,Gallieni,71801
71311,9,"12 place de la République",50148718,Avant,1,5,,0,"Pont de Sèvres",73633
73651,6,"La Pitié-Salpêtrière",50148767,Avant,1,5,,1,"Charles de Gaulle - Étoile",71043
412687,13,"Rue Niepce",50148812,Arrière,5,5,,1,"Asnières - Gennevilliers - Les Courtilles",73675
70248,7,"Boulevard Maxime Gorky",50148864,Avant,2,5,,0,"La Courneuve - 8 Mai 1945",70375
73794,4,"Porte Saint-Eustache",50148871,Avant,1,6,,1,"Bagneux - Lucie Aubrac",71264
72126,14,"Rue Pierre Dreyfus",50148890,Avant,3,8,Escalator,1,"Aéroport d'Orly",71545
70441,4,"43 av. de Verdun Montrouge",50149173,Avant,1,6,Ascenseur,0,"Porte de Clignancourt",70586
72524,12,"avenue Victor Hugo",50149335,Avant,2,5,,0,"Mairie d'Issy",72491
71947,11,"place Carnot",50149888,Arrière,4,5,Escalator,1,Châtelet,490779
426280,11,"Entrée / Sortie",50149898,Arrière,4,5,Escalator,0,Rosny-Bois-Perrier,
70645,14,"av. d'Italie",50149928,Milieu,5,8,Escalier,0,"Saint-Denis - Pleyel",71557
70645,14,"av. d'Italie",50149928,Arrière,7,8,Escalier,1,"Aéroport d'Orly",70445
70645,14,"r. Tagore",50149930,Milieu,5,8,Escalier,0,"Saint-Denis - Pleyel",71557
70645,14,"r. Bourgon",50149932,Arrière,6,8,Escalier,0,"Saint-Denis - Pleyel",71557
70445,14,"r. Séverine",50149934,Arrière,6,8,Ascenseur,1,"Aéroport d'Orly",478860
69974,14,"ZAC Lallier",50149936,Arrière,7,8,Ascenseur,1,"Aéroport d'Orly",73753
69974,14,"ZAC Lallier",50149936,Avant,3,8,Escalier,0,"Saint-Denis - Pleyel",478860
63284,14,"Orly 1-2-3",50149981,Avant,1,8,Escalier,1,"Aéroport d'Orly",
490784,14,"27 rue Pleyel",50149985,Avant,2,8,Escalator,0,"Saint-Denis - Pleyel",
490779,11,"r. de la Liberté",50210353,Arrière,5,5,Ascenseur,0,Rosny-Bois-Perrier,71947
490779,11,"r. de la Liberté",50210353,Avant,2,5,Escalator,1,Châtelet,71909
71897,11,"r. des Saules Clouet",50210355,Arrière,4,5,Ascenseur,1,Châtelet,71947
71285,6,Trocadéro,,Avant,1,5,,1,"Charles de Gaulle - Étoile",71301
482368,3,Havre-Caumartin,,Avant,1,5,,1,"Pont de Levallois - Bécon",71370
71940,2,Jaurès,,Avant,2,5,Ascenseur,1,"Porte Dauphine",71961
71370,13,Saint-Lazare,,Arrière,5,5,,1,"Asnières - Gennevilliers - Les Courtilles",71382
71264,1,Châtelet,,Avant,1,6,,0,"Château de Vincennes",415852
71148,7,Jussieu,,Milieu,3,5,,1,"Villejuif - Louis Aragon",71133
71297,7,"Palais-Royal (Musée du Louvre)",,Avant,1,5,,0,"La Courneuve - 8 Mai 1945",73788
463564,5,Bastille,,Arrière,5,5,,0,"Bobigny - Pablo Picasso",73621
71787,3,Père-Lachaise,,Arrière,5,5,,1,"Pont de Levallois - Bécon",71795
71409,12,Pigalle,,Arrière,5,5,,1,"Mairie d'Aubervilliers",71432
71426,4,Barbès-Rochechouart,,Milieu,3,6,,1,"Bagneux - Lucie Aubrac",71410
71359,5,"Gare de l'Est (Verdun)",,Avant,1,5,,1,"Place d'Italie",71322
71434,2,"Gare du Nord",,Arrière,5,5,,0,Nation,71961
71125,12,Pasteur,,Arrière,5,5,,0,"Mairie d'Issy",71113
71337,3,Opéra,,Avant,1,5,,0,Gallieni,71313
71545,14,"Porte de Clichy",,Avant,3,8,,0,"Saint-Denis - Pleyel",72126
70645,14,"Maison Blanche",,Milieu,4,8,Escalier,0,"Saint-Denis - Pleyel",71557
71453,3,"Pereire Levallois",,Milieu,3,5,,0,Gallieni,71423
71370,12,"Haussmann Saint-Lazare",,Milieu,3,5,,1,"Mairie d'Aubervilliers",71355
71274,8,Invalides,,Avant,1,5,,1,"Pointe du Lac",71298
71125,6,Pasteur,,Arrière,5,5,,0,Nation,71139
71139,4,Montparnasse-Bienvenue,,Arrière,6,6,,1,"Bagneux - Lucie Aubrac",71117
71139,13,Montparnasse-Bienvenue,,Arrière,5,5,,1,"Asnières - Gennevilliers - Les Courtilles",71159
71311,9,République,,Avant,1,5,,0,"Pont de Sèvres",73633
71311,8,République,,Milieu,3,5,,0,Balard,73633
71311,11,République,,Avant,2,5,,1,Châtelet,71293
71370,13,Saint-Lazare,,Avant,1,5,,0,"Châtillon - Montrouge",71346
71961,5,Stalingrad,,Arrière,5,5,,0,"Bobigny - Pablo Picasso",71940
71135,10,"Gare d'Austerlitz",,Arrière,5,5,,0,"Boulogne Pont de Saint-Cloud",71148
71803,5,Oberkampf,,Arrière,5,5,,1,"Place d'Italie",73648
71264,11,Châtelet,,Avant,1,5,,1,Châtelet,
71264,4,Châtelet,,Avant,1,6,,1,"Bagneux - Lucie Aubrac",71223
71324,12,Madeleine,,Arrière,5,5,,1,"Mairie d'Aubervilliers",71370
71148,7,Jussieu,,Milieu,3,5,,1,"Villejuif - Louis Aragon",71133
71264,14,Châtelet,,Arrière,6,8,Escalator,0,"Saint-Denis - Pleyel",73788
71264,7,Châtelet,,Avant,1,5,,0,"La Courneuve - 8 Mai 1945",71253
415852,11,"Hôtel de Ville",,Avant,1,5,,0,Rosny-Bois-Perrier,71273
71264,11,Châtelet,,Arrière,4,5,,0,Rosny-Bois-Perrier,415852
482368,9,Havre-Caumartin,,Avant,1,5,,0,"Pont de Sèvres",73690
482368,9,Havre-Caumartin,,Arrière,5,5,,1,"Mairie de Montreuil",73689
71199,10,"La Motte-Picquet-Grenelle",,Avant,1,5,,0,"Boulogne Pont de Saint-Cloud",71158
70645,14,"Maison Blanche",,Avant,2,8,Escalier,0,"Saint-Denis - Pleyel",71557
71337,8,Opéra,,Arrière,5,5,,0,Balard,71324
71370,3,Saint-Augustin,,Avant,1,5,,1,"Pont de Levallois - Bécon",73617
71264,1,"Châtelet - Les Halles",,Arrière,6,6,,1,"La Défense",73630
463564,5,"Bd Bourdon",50147743,Arrière,5,5,,0,"Bobigny - Pablo Picasso",73621
71264,11,"63 - 65 rue de Rivoli",50147791,Arrière,5,5,,0,Rosny-Bois-Perrier,415852
71264,14,"5 rue Saint-Denis",50147792,Avant,3,8,Escalator,1,"Aéroport d'Orly",73626
71264,7,"5 rue Saint-Denis",50147792,Avant,1,5,,0,"La Courneuve - 8 Mai 1945",71253
71264,14,"8 place Sainte-Opportune",50147793,Arrière,6,8,Escalator,0,"Saint-Denis - Pleyel",73788
71293,11,"Rue Conté",50148403,Avant,1,5,,1,Châtelet,71273
71311,5,"13 place de la République",50148407,Avant,1,5,,1,"Place d'Italie",71803
71868,11,"7 rue du Jourdain",50148418,Arrière,5,5,,0,Rosny-Bois-Perrier,71885
71868,11,"1 rue Lassus",50148419,Arrière,5,5,,1,Châtelet,71864
72168,13,"Place de la République",50148508,Arrière,5,5,,1,"Saint-Denis - Université",72217
72285,13,"Stade de France",50148509,Arrière,4,5,,1,"Saint-Denis - Université",72326
71347,1,"1 avenue de la Grande Armée",50148550,Arrière,5,6,,0,"Château de Vincennes",71328
71347,2,"Avenue Foch",50148551,Avant,2,5,Escalator,1,"Porte Dauphine",71315
71889,3B,"Boulevard Sérurier",50148656,Avant,1,3,,0,"Porte des Lilas",
71864,11,"4 avenue Simon Bolivar",50148713,Avant,1,5,,0,Rosny-Bois-Perrier,71868
72240,13,"Angle rue Dupont et rue Pierre de Coubertin",50148726,Avant,2,5,,0,"Châtillon - Montrouge",72203
71673,6,Nation,,Milieu,3,5,,1,"Charles de Gaulle - Étoile",71639
71033,5,"Place d'Italie",,Arrière,5,5,,0,"Bobigny - Pablo Picasso",71063
71545,14,"Porte de Clichy",,Avant,3,8,,1,"Aéroport d'Orly",71475
71673,6,Nation,,Milieu,3,5,,0,Nation,
71311,5,République,,Milieu,3,5,,1,"Place d'Italie",71803
71370,13,Saint-Lazare,,Avant,1,5,,0,"Châtillon - Montrouge",71346
71370,13,Saint-Lazare,,Avant,1,5,,0,"Châtillon - Montrouge",71346
71139,6,Montparnasse-Bienvenue,,Arrière,5,5,,1,"Charles de Gaulle - Étoile",71125
71347,6,"Charles de Gaulle-Etoile",,Avant,1,5,,0,Nation,73656
71324,12,Madeleine,,Milieu,3,5,,0,"Mairie d'Issy",71298
71264,14,Châtelet,,Avant,3,8,,0,"Saint-Denis - Pleyel",73788
71264,4,Châtelet,,Arrière,6,6,,0,"Porte de Clignancourt",73794
71410,4,"Gare du Nord",,Milieu,3,6,,1,"Bagneux - Lucie Aubrac",71359
71199,6,"La Motte-Picquet-Grenelle",,Avant,1,5,,0,Nation,71167
71297,7,"Palais-Royal (Musée du Louvre)",,Milieu,3,5,,1,"Villejuif - Louis Aragon",71253
71673,9,Nation,,Milieu,3,5,,1,"Mairie de Montreuil",479928
71337,3,Auber,,Avant,1,5,,0,Gallieni,71313
73626,14,"Gare de Lyon",,Arrière,6,8,Ascenseur,0,"Saint-Denis - Pleyel",71264
71264,4,"7 avenue Victoria",50147798,Avant,1,6,,1,"Bagneux - Lucie Aubrac",71223
73636,3,"81 rue Réaumur",50147819,Arrière,5,5,,1,"Pont de Levallois - Bécon",73634
73633,8,"19 boulevard Saint-Denis",50147826,Arrière,5,5,Escalator,1,"Pointe du Lac",71311
71117,4,"101 boulevard du Montparnasse",50147830,Arrière,6,6,,0,"Porte de Clignancourt",71139
71139,4,"2 place Bienvenue",50147834,Avant,1,6,,0,"Porte de Clignancourt",71184
70657,4,"Avenue Ernest Reyer",50147844,Avant,1,6,,1,"Bagneux - Lucie Aubrac",70586
71403,3,"Parc de Monceau",50147865,Arrière,5,5,,0,Gallieni,73617
71347,6,"Place Charles de Gaulle",50147977,Milieu,3,5,,1,"Charles de Gaulle - Étoile",
73626,1,"Gare SNCF",50147983,Milieu,4,6,,1,"La Défense",463564
473829,6,"Tour Eiffel",50148026,Avant,1,5,,1,"Charles de Gaulle - Étoile",71237
71041,6,"Terre-plein face au 46 boulevard Saint-Jacques",50148034,Avant,1,5,,1,"Charles de Gaulle - Étoile",71056
71614,8,"Place Félix Eboué",50148046,Avant,1,5,,1,"Pointe du Lac",71595
71337,3,"Place de l' Opéra",50148103,Arrière,5,5,,1,"Pont de Levallois - Bécon",482368
71337,3,"6 rue Scribe",50148104,Avant,1,5,,1,"Pont de Levallois - Bécon",482368
70143,7,"Boulevard Maxime Gorky",50148151,Milieu,3,5,,0,"La Courneuve - 8 Mai 1945",70248
412992,8,"111 rue de la Convention",50148161,Arrière,5,5,,0,Balard,71086
71274,13,"Rue Robert Esnault Pelterie",50148173,Milieu,3,5,,0,"Châtillon - Montrouge",71232
71320,8,"11 Boulevard de Bonne Nouvelle",50148180,Arrière,5,5,,0,Balard,71326
463564,8,"Rue de la Roquette",50148194,Avant,1,5,,0,Balard,73622
71285,6,"Place du Trocadéro",50148272,Arrière,5,5,,1,"Charles de Gaulle - Étoile",71301
71694,9,"232 boulevard Voltaire",50148326,Milieu,3,5,Ascenseur,1,"Mairie de Montreuil",71673
71785,9,"Place Jean Jaurès",50148345,Avant,1,5,,0,"Pont de Sèvres",71756
415852,11,"Rue du Renard",50148392,Avant,1,5,,1,Châtelet,71264
71853,11,"79 boulevard de Belleville",50148412,Arrière,5,5,,1,Châtelet,71840
71113,12,"25 rue des Volontaires",50148436,Arrière,5,5,,0,"Mairie d'Issy",71091
71311,11,République,,Arrière,4,5,,0,Rosny-Bois-Perrier,71840
71370,13,Saint-Augustin,,Avant,1,5,,0,"Châtillon - Montrouge",71346
71206,10,Michel-Ange-Auteuil,,Milieu,3,5,,0,"Boulogne Pont de Saint-Cloud",71169
73690,9,Saint-Lazare,,Avant,1,5,,1,"Mairie de Montreuil",482368
71370,14,Saint-Lazare,,Avant,3,8,,1,"Aéroport d'Orly",71324
71264,4,Châtelet,,Arrière,6,6,,0,"Porte de Clignancourt",73794
71359,4,"Gare de l'Est (Verdun)",,Arrière,6,6,,0,"Porte de Clignancourt",71410
71139,4,Montparnasse-Bienvenue,,Avant,1,6,,0,"Porte de Clignancourt",71184
71359,5,"Gare de l'Est (Verdun)",,Milieu,3,5,,0,"Bobigny - Pablo Picasso",71410
482368,9,"Haussmann Saint-Lazare",,Arrière,5,5,,1,"Mairie de Montreuil",73689
71673,2,Nation,,Milieu,3,5,,0,Nation,
71673,2,Nation,,Milieu,3,5,,0,Nation,
463564,5,Bastille,,Milieu,3,5,,1,"Place d'Italie",71637
71359,4,"Gare de l'Est (Verdun)",,Avant,1,6,,1,"Bagneux - Lucie Aubrac",71333
71940,2,Jaurès,,Avant,2,5,Ascenseur,1,"Porte Dauphine",71961
71318,9,Franklin-Roosevelt,,Avant,1,5,,1,"Mairie de Montreuil",71334
71199,8,"La Motte-Picquet-Grenelle",,Avant,1,5,,0,Balard,71132
71274,8,Invalides,,Arrière,5,5,,0,Balard,71242
71337,3,Opéra,,Avant,1,5,,0,Gallieni,71313
73788,14,Pyramides,,Arrière,6,8,Ascenseur,0,"Saint-Denis - Pleyel",71324
73620,4,"Saint-Michel Notre-Dame",,Avant,1,6,,0,"Porte de Clignancourt",71223
71264,14,"Châtelet - Les Halles",,Avant,3,8,,0,"Saint-Denis - Pleyel",73788
71346,9,Miromesnil,,Avant,1,5,,0,"Pont de Sèvres",71334
463564,8,"Boulevard Richard Lenoir",50147742,Arrière,5,5,,1,"Pointe du Lac",71693
71264,11,"Rue de la Lingerie",50147790,Arrière,5,5,,0,Rosny-Bois-Perrier,415852
71264,1,"63 - 65 rue de Rivoli",50147791,Avant,1,6,,1,"La Défense",73630
71264,7,"5 rue Saint-Denis",50147792,Arrière,5,5,,1,"Villejuif - Louis Aragon",71217
71264,1,"5 rue Saint-Denis",50147792,Avant,1,6,,0,"Château de Vincennes",415852
71264,11,"Place du Châtelet",50147797,Arrière,5,5,,0,Rosny-Bois-Perrier,415852
71264,14,"Place du Châtelet",50147797,Avant,2,8,,1,"Aéroport d'Orly",73626
71359,4,"93 boulevard de Strasbourg",50147803,Avant,1,6,,1,"Bagneux - Lucie Aubrac",71333
73794,4,"Place Carrée, Forum des Halles)",50147804,Arrière,6,6,Escalator,0,"Porte de Clignancourt",479068
73636,4,"81 rue Réaumur",50147819,Arrière,6,6,,0,"Porte de Clignancourt",73633
73633,8,"13 boulevard Saint-Denis",50147824,Avant,1,5,,1,"Pointe du Lac",71311
71139,13,"Centre Commercial",50147840,Avant,1,5,,0,"Châtillon - Montrouge",73675
71030,4,"73 avenue du Général Leclerc",50147846,Arrière,6,6,,0,"Porte de Clignancourt",73653
71370,13,"Cour de Rome",50147869,Avant,1,5,Escalator,0,"Châtillon - Montrouge",71346
71519,3,"Rue Anatole France",50147879,Avant,1,5,,0,Gallieni,73667
71799,3,"Rue Belgrand",50147899,Avant,1,5,,1,"Pont de Levallois - Bécon",71808
71799,3,"Boulevard Davout",50147901,Arrière,5,5,,1,"Pont de Levallois - Bécon",71808
73635,3,"Rue Notre-Dame des Victoires",50147918,Arrière,5,5,,1,"Pont de Levallois - Bécon",71313
71673,2,"Terre-plein face au 28 place de la Nation",50147946,Arrière,5,5,,1,"Porte Dauphine",71697
71284,1,"206 rue de Rivoli",50147967,Arrière,6,6,,1,"La Défense",71298
71298,8,"Place de la Concorde",50147970,Avant,1,5,,1,"Pointe du Lac",71324
71297,1,"Place du Palais-Royal",50147988,Arrière,5,6,,1,"La Défense",71284
71297,7,"Terre-plein face au 93 rue de Rivoli",50147989,Avant,2,5,,0,"La Courneuve - 8 Mai 1945",73788
71647,1,"168 bis avenue de Paris",50148004,Arrière,6,6,,1,"La Défense",71663
71663,1,"106 Cours de Vincennes",50148011,Avant,1,6,,0,"Château de Vincennes",71647
71033,7,"Place d' Italie",50148018,Arrière,5,5,,0,"La Courneuve - 8 Mai 1945",71076
71199,6,"Face au 130-113 boulevard de Grenelle",50148030,Arrière,4,5,Ascenseur,0,Nation,71167
73650,6,"32 boulevard de Picpus",50148049,Avant,1,5,,0,Nation,71639
71673,2,"Place de la Nation",50148053,Arrière,5,5,,0,Nation,
73695,7,"Av Jean Jaurès",50148068,Avant,1,5,Escalator,0,"La Courneuve - 8 Mai 1945",73696
478885,7,"Rue de la Victoire",50148094,Arrière,5,5,,1,"Villejuif - Louis Aragon",73689
71337,7,"Place de l' Opéra",50148103,Avant,1,5,,0,"La Courneuve - 8 Mai 1945",73689
71100,7,"100 rue Monge",50148118,Milieu,3,5,,0,"La Courneuve - 8 Mai 1945",71133
70452,7,"81 avenue de Fontainebleau",50148144,Arrière,4,5,,1,"Villejuif - Louis Aragon",70375
70143,7,"175 boulevard Maxime Gorky",50148150,Arrière,4,5,,1,"Villejuif - Louis Aragon",
71274,13,"Rue Robert Esnault Pelterie",50148173,Avant,1,5,,1,"Asnières - Gennevilliers - Les Courtilles",71305
70648,8,"66 rue de Paris",50148220,Avant,1,5,,1,"Pointe du Lac",70522
71034,9,"29 avenue du Général Leclerc",50148237,Avant,1,5,,1,"Mairie de Montreuil",71054
71084,9,"Place de la Porte de Saint-Cloud",50148252,Avant,1,5,,1,"Mairie de Montreuil",71124
71084,9,"Place de la Porte de Saint-Cloud",50148252,Arrière,5,5,,0,"Pont de Sèvres",71054
71124,9,"71 boulevard Exelmans",50148254,Avant,1,5,,1,"Mairie de Montreuil",73658
71243,9,"39 avenue Mozart",50148262,Avant,1,5,,1,"Mairie de Montreuil",474150
71292,9,"54 avenue Georges Mandel",50148266,Avant,1,5,,0,"Pont de Sèvres",474150
71346,13,"11 avenue Delcassé",50148285,Arrière,5,5,Escalator,1,"Asnières - Gennevilliers - Les Courtilles",71370
71346,9,"29 rue de la Boétie",50148287,Avant,1,5,,1,"Mairie de Montreuil",73690
71330,9,"2 Boulevard Haussmann",50148294,Avant,1,5,,1,"Mairie de Montreuil",71326
71703,9,"67 bis rue des Pyrénées",50148332,Arrière,5,5,,1,"Mairie de Montreuil",71710
71710,9,"4 avenue de la Porte de Montreuil",50148336,Arrière,5,5,,1,"Mairie de Montreuil",71725
71725,9,"185 rue de Paris",50148337,Avant,1,5,,0,"Pont de Sèvres",71710
71725,9,"185 rue de Paris",50148337,Arrière,5,5,,1,"Mairie de Montreuil",71756
71785,9,"Place Jean Jaurès",50148344,Milieu,3,5,,0,"Pont de Sèvres",71756
71148,10,"2 place Jussieu",50148353,Avant,1,5,,0,"Boulogne Pont de Saint-Cloud",71153
71159,10,"67 boulevard des Invalides",50148363,Avant,1,5,,1,"Gare d'Austerlitz",71170
71159,10,"67 boulevard des Invalides",50148363,Arrière,5,5,,0,"Boulogne Pont de Saint-Cloud",71157
71162,10,"63 avenue de Versailles",50148389,Avant,1,5,,1,"Gare d'Austerlitz",71150
70671,12,"Place Bonaventure Leca",50148423,Arrière,5,5,,0,"Mairie d'Issy",
72285,13,"Stade de France",50148509,Avant,2,5,,0,"Châtillon - Montrouge",72217
72285,13,"1 Rue Danielle Casanova",50148510,Avant,2,5,,0,"Châtillon - Montrouge",72217
72285,13,"Musée d'Art et d'Histoire",50148511,Avant,2,5,,0,"Châtillon - Montrouge",72217
71347,6,"2 avenue de la Grande Armée",50148549,Avant,1,5,,0,Nation,73656
73626,14,"Face au 201 rue de Bercy",50148698,Milieu,5,8,Ascenseur,0,"Saint-Denis - Pleyel",71264
71572,14,"Face au 62 rue du Chevaleret",50148701,Arrière,8,8,Ascenseur,1,"Aéroport d'Orly",71557
71347,1,"Avenue Hoche",50148764,Avant,1,6,,0,"Château de Vincennes",71328
71485,1,"Quartier Saisons",50148776,Milieu,3,6,,1,"La Défense",71517
71940,2,"Boulevard de la Villette",50148785,Arrière,4,5,,0,Nation,71893
71940,7B,"Boulevard de la Villette",50148785,Avant,1,3,,1,"Louis Blanc",71407
71558,8,"Rue de Paris",50148850,Avant,1,5,,0,Balard,71579
71147,10,"Rue du Chateau",50148851,Avant,1,5,,1,"Gare d'Austerlitz",73658
72064,12,"Rond Point de la Chapelle",50148859,Avant,1,5,,0,"Mairie d'Issy",71510
71607,14,"Rue Paul Belmondo",50148882,Avant,1,8,Ascenseur,1,"Aéroport d'Orly",71576
71545,14,"av du Cimetière des Batignolles",50148894,Avant,3,8,Escalator,1,"Aéroport d'Orly",71475
71545,14,"Rue André Suarez",50148895,Arrière,6,8,Escalator,0,"Saint-Denis - Pleyel",72126
71545,14,"Rue André Suarez",50148895,Avant,1,8,Escalator,0,"Saint-Denis - Pleyel",72126
71572,14,"Rue du Chevaleret",50148910,Avant,3,8,Escalator,1,"Aéroport d'Orly",71557
71572,14,"Rue du Chevaleret",50148910,Arrière,8,8,Ascenseur,1,"Aéroport d'Orly",71557
72524,12,"avenue Victor Hugo",50149335,Arrière,4,5,Ascenseur,1,"Mairie d'Aubervilliers",
72524,12,"avenue de la République",50149337,Avant,2,5,Ascenseur,1,"Mairie d'Aubervilliers",
69677,14,"Entrée / Sortie",50149940,Avant,3,8,Ascenseur,0,"Saint-Denis - Pleyel",73753
71897,11,"r. des Saules Clouet",50210355,Avant,2,5,Escalator,0,Rosny-Bois-Perrier,490782
71803,9,Oberkampf,,Avant,1,5,,1,"Mairie de Montreuil",71781
71370,3,Saint-Lazare,,Avant,1,5,,1,"Pont de Levallois - Bécon",73617
71199,6,"La Motte-Picquet-Grenelle",,Arrière,5,5,,1,"Charles de Gaulle - Étoile",71197
71203,10,Sèvres-Babylone,,Avant,1,5,,1,"Gare d'Austerlitz",73639
463564,1,Bastille,,Milieu,3,6,,0,"Château de Vincennes",73626
71410,4,"La Chapelle",,Milieu,3,6,,1,"Bagneux - Lucie Aubrac",71359
71311,3,République,,Arrière,5,5,,0,Gallieni,71801
71311,11,République,,Arrière,4,5,,0,Rosny-Bois-Perrier,71840
73658,9,Michel-Ange-Molitor,,Avant,1,5,,1,"Mairie de Montreuil",71206
71311,3,République,,Avant,1,5,,1,"Pont de Levallois - Bécon",71296
71673,1,Nation,,Milieu,3,6,,1,"La Défense",71654
71885,7B,"Place des Fêtes",,Avant,1,3,,0,Pré-Saint-Gervais,71911
71324,14,Madeleine,,Avant,1,8,Ascenseur,0,"Saint-Denis - Pleyel",71370
71359,7,"Gare de l'Est (Verdun)",,Avant,1,5,,1,"Villejuif - Louis Aragon",71363
71347,1,"Charles de Gaulle-Etoile",,Milieu,3,6,,0,"Château de Vincennes",71328
463564,5,Bastille,,Avant,1,5,,0,"Bobigny - Pablo Picasso",73621
71410,5,"La Chapelle",,Avant,1,5,,0,"Bobigny - Pablo Picasso",71961
71139,6,Montparnasse-Bienvenue,,Arrière,5,5,,1,"Charles de Gaulle - Étoile",71125
71961,2,Stalingrad,,Avant,1,5,,0,Nation,71940
73788,14,Pyramides,,Avant,3,8,,1,"Aéroport d'Orly",71264
71434,2,"Gare du Nord",,Arrière,5,5,,0,Nation,71961
73626,14,"Gare de Lyon",,Arrière,6,8,Escalator,1,"Aéroport d'Orly",71607
71311,8,République,,Milieu,3,5,,1,"Pointe du Lac",71277
71311,5,République,,Milieu,3,5,,0,"Bobigny - Pablo Picasso",71322
71311,9,République,,Milieu,3,5,,1,"Mairie de Montreuil",71803
71203,12,Sèvres-Babylone,,Arrière,5,5,,1,"Mairie d'Aubervilliers",71227
71370,3,Saint-Lazare,,Avant,1,5,,1,"Pont de Levallois - Bécon",73617
71370,13,Saint-Lazare,,Arrière,5,5,,1,"Asnières - Gennevilliers - Les Courtilles",71382
71139,12,Montparnasse-Bienvenue,,Avant,1,5,,1,"Mairie d'Aubervilliers",71138
73618,4,Odéon,,Avant,1,6,,0,"Porte de Clignancourt",73620
71961,5,Stalingrad,,Avant,1,5,,0,"Bobigny - Pablo Picasso",71940
71961,7,Stalingrad,,Arrière,5,5,,1,"Villejuif - Louis Aragon",71407
71298,12,Concorde,,Milieu,3,5,,0,"Mairie d'Issy",73642
73633,4,Strasbourg-Saint-Denis,,Milieu,3,6,,0,"Porte de Clignancourt",71333
73633,9,Strasbourg-Saint-Denis,,Arrière,5,5,,0,"Pont de Sèvres",71320
71673,9,Nation,,Milieu,3,5,,0,"Pont de Sèvres",71694
73626,1,"Gare de Lyon",,Milieu,3,6,,0,"Château de Vincennes",71654
71322,5,"bd de Magenta",50147738,Avant,1,5,,1,"Place d'Italie",71311
72486,5,"Gare routière Bus 151N-620",50147745,Avant,1,5,,0,"Bobigny - Pablo Picasso",
71359,5,"78 boulevard de Strasbourg",50147774,Avant,1,5,,0,"Bobigny - Pablo Picasso",71410
71264,1,"55 rue de Rivoli",50147794,Avant,1,6,,0,"Château de Vincennes",415852
71264,4,"112 rue deRivoli",50147795,Avant,1,6,,1,"Bagneux - Lucie Aubrac",71223
73618,10,"93 boulevard Saint-Germain",50147807,Arrière,5,5,Escalator,1,"Gare d'Austerlitz",73619
71223,4,"2 Place Louis Lepine",50147815,Avant,1,6,Ascenseur,1,"Bagneux - Lucie Aubrac",73620
73633,4,"19 boulevard Saint-Denis",50147826,Avant,1,6,,1,"Bagneux - Lucie Aubrac",73636
73633,8,"19 boulevard Saint-Denis",50147826,Avant,1,5,,0,Balard,71320
71139,4,"Maine Montparnasse",50147832,Arrière,6,6,,1,"Bagneux - Lucie Aubrac",71117
71139,4,"Maine Montparnasse",50147832,Avant,2,6,,0,"Porte de Clignancourt",71184
71139,13,"59 bis boulevard du Montparnasse",50147839,Avant,1,5,,0,"Châtillon - Montrouge",73675
71030,4,"205 avenue du Maine",50147848,Arrière,6,6,,0,"Porte de Clignancourt",73653
71056,4,"1 Avenue du Général Leclerc",50147855,Arrière,6,6,,0,"Porte de Clignancourt",71088
71370,12,"Rue de l' Arcade",50147868,Milieu,3,5,,1,"Mairie d'Aubervilliers",71355
72168,14,"Rue Albert Dhalenne",50148888,Arrière,7,8,Escalator,0,"Saint-Denis - Pleyel",490784
70441,4,"4 av. Stalingrad Bagneux",50149174,Arrière,6,6,Ascenseur,0,"Porte de Clignancourt",70586
72491,12,"rue de la Commune",50149327,Arrière,4,5,Escalator,1,"Mairie d'Aubervilliers",72524
72491,12,"rue de la Commune",50149328,Milieu,3,5,Ascenseur,0,"Mairie d'Issy",74041
490782,11,"r. Lucien Piron",50149894,Arrière,4,5,Ascenseur,1,Châtelet,71897
70645,14,"av. d'Italie",50149928,Arrière,7,8,Escalator,1,"Aéroport d'Orly",70445
70645,14,"r. Bourgon",50149932,Milieu,5,8,Escalier,1,"Aéroport d'Orly",70445
490784,14,"19 rue Pleyel",50149983,Arrière,7,8,Escalator,0,"Saint-Denis - Pleyel",
70645,14,"av. d'Italie",50210354,Avant,2,8,Escalier,0,"Saint-Denis - Pleyel",71557
71897,11,"bd de la Boissière",50210358,Arrière,5,5,Escalier,0,Rosny-Bois-Perrier,490782
71803,9,Oberkampf,,Arrière,5,5,,0,"Pont de Sèvres",71311
71808,3B,Gambetta,,Arrière,3,3,,0,"Porte des Lilas",71828
71370,14,Saint-Lazare,,Avant,3,8,,1,"Aéroport d'Orly",71324
71324,14,Madeleine,,Avant,1,8,,0,"Saint-Denis - Pleyel",71370
71125,6,Pasteur,,Arrière,5,5,,0,Nation,71139
71673,6,Nation,,Milieu,3,5,,1,"Charles de Gaulle - Étoile",71639
71264,14,Châtelet,,Avant,3,8,,0,"Saint-Denis - Pleyel",73788
71453,3,"Pereire Levallois",,Avant,2,5,,1,"Pont de Levallois - Bécon",71450
71370,13,Saint-Lazare,,Arrière,5,5,,1,"Asnières - Gennevilliers - Les Courtilles",71382
71033,7,"Place d'Italie",,Milieu,3,5,,1,"Villejuif - Louis Aragon",71001
71359,7,"Gare de l'Est (Verdun)",,Avant,1,5,,1,"Villejuif - Louis Aragon",71363
71326,9,"Grands Boulevards",,Avant,1,5,Escalator,0,"Pont de Sèvres",71330
71056,6,Denfert-Rochereau,,Avant,1,5,,0,Nation,71041
71264,7,Châtelet,,Arrière,5,5,,1,"Villejuif - Louis Aragon",71217
70645,7,"Maison Blanche",,Avant,2,5,Escalier,1,"Villejuif - Louis Aragon",70452
73621,5,"21 Boulevard Richard Lenoir",50147741,Avant,1,5,,0,"Bobigny - Pablo Picasso",73648
72004,5,"Centre Commercial",50147755,Avant,1,5,,0,"Bobigny - Pablo Picasso",72024
71426,2,"Boulevard de la Chapelle",50147783,Avant,1,5,Ascenseur,1,"Porte Dauphine",71419
71469,4,"42 boulevard Barbès",50147787,Milieu,3,6,Escalator,0,"Porte de Clignancourt",71511
73794,4,"Place des Verrières Forum des Halles)",50147805,Avant,1,6,,0,"Porte de Clignancourt",479068
73633,4,"9 rue Saint-Denis",50147822,Avant,1,6,,1,"Bagneux - Lucie Aubrac",73636
71139,12,"Raoul Dautry (place, SNCF Montparnasse)",50147833,Arrière,5,5,,1,"Mairie d'Aubervilliers",71138
71139,13,"2 place Bienvenue",50147834,Avant,2,5,,0,"Châtillon - Montrouge",73675
71347,2,"Place Charles de Gaulle",50147977,Avant,2,5,Escalator,1,"Porte Dauphine",71315
473829,6,"Place des Martyrs du vélodrome",50148025,Avant,1,5,,1,"Charles de Gaulle - Étoile",71237
71073,8,"2 avenue de la Porte de Sèvres",50148152,Milieu,3,5,,0,Balard,
71324,12,"23 boulevard de la Madeleine",50148177,Avant,2,5,,0,"Mairie d'Issy",71298
71320,9,"8 boulevard du Faubourg Poissonnière",50148183,Arrière,5,5,,1,"Mairie de Montreuil",73633
71243,9,"48 avenue Mozart",50148261,Arrière,5,5,,0,"Pont de Sèvres",73657
71290,9,"Avenue du Président Wilson",50148279,Avant,1,5,Escalator,0,"Pont de Sèvres",71294
71694,9,"209 boulevard Voltaire",50148324,Avant,1,5,,0,"Pont de Sèvres",73647
71135,10,"Jardin des Plantes",50148349,Avant,1,5,,1,"Gare d'Austerlitz",
415852,11,"31 rue de Rivoli",50148393,Arrière,5,5,,0,Rosny-Bois-Perrier,71273
71273,11,"3 rue Grenier Saint-Lazare",50148398,Arrière,5,5,,1,Châtelet,415852
71366,12,"Place Saint-Georges",50148457,Arrière,4,5,,1,"Mairie d'Aubervilliers",71409
461505,13,"av. Marx Dormoy",50148468,Arrière,5,5,,1,"Asnières - Gennevilliers - Les Courtilles",70562
71232,13,"13 boulevard des Invalides",50148488,Arrière,5,5,,0,"Châtillon - Montrouge",71204
71370,14,"Galeries marchandes - Gare Saint-Lazare",50148490,Arrière,7,8,,0,"Saint-Denis - Pleyel",71475
71370,3,"2 rue d'Amsterdam",50148491,Milieu,3,5,,0,Gallieni,482368
71370,14,"11-13 place du Havre",50148492,Avant,3,8,,0,"Saint-Denis - Pleyel",71475
71370,12,"95 rue Saint-Lazare",50148494,Avant,1,5,,1,"Mairie d'Aubervilliers",71355
72285,13,"1 Rue Danielle Casanova",50148510,Avant,1,5,Ascenseur,0,"Châtillon - Montrouge",72217
73661,13,"47 rue Brochant",50148513,Avant,1,5,,0,"Châtillon - Montrouge",71474
72118,13,"79 rue Martre",50148520,Arrière,5,5,,0,"Châtillon - Montrouge",71545
71347,6,"Avenue Foch",50148551,Avant,2,5,,1,"Charles de Gaulle - Étoile",
71870,11,"259 rue de Belleville",50148710,Avant,1,5,,0,Rosny-Bois-Perrier,71889
71311,9,"2 place de la République",50148716,Arrière,5,5,,0,"Pont de Sèvres",73633
71311,8,"Av de la République",50148717,Arrière,5,5,,0,Balard,73633
70657,4,"121 avenue du Général Leclerc",50148745,Avant,1,6,Ascenseur,0,"Porte de Clignancourt",71030
71030,4,"Eglise Saint Pierre de Montrouge",50148748,Arrière,6,6,,0,"Porte de Clignancourt",73653
71474,13,"Avenue de Clichy",50148788,Avant,1,5,,1,"Asnières - Gennevilliers - Les Courtilles",73661
71076,7,"Manufacture des Gobelins",50148797,Arrière,5,5,,0,"La Courneuve - 8 Mai 1945",71100
415852,1,"Rue de Rivoli",50148848,Avant,1,6,Escalator,1,"La Défense",71264
73794,4,"Porte du Louvre",50148873,Milieu,3,6,Escalator,0,"Porte de Clignancourt",479068
72168,14,"Rue Albert Dhalenne",50148888,Avant,2,8,Ascenseur,0,"Saint-Denis - Pleyel",490784
71545,14,"Bd Berthier",50148896,Arrière,8,8,Escalator,1,"Aéroport d'Orly",71475
71545,14,"Bd Berthier",50148896,Avant,1,8,Escalator,0,"Saint-Denis - Pleyel",72126
72491,12,"rue de la Commune",50149327,Avant,2,5,Escalator,0,"Mairie d'Issy",74041
490779,11,"bd du Gén. Leclerc",50149887,Arrière,5,5,Ascenseur,0,Rosny-Bois-Perrier,71947
70645,14,"av. d'Italie",50149928,Milieu,5,8,Escalator,1,"Aéroport d'Orly",70445
70445,14,"r. Gabriel Péri",50149933,Arrière,7,8,Ascenseur,1,"Aéroport d'Orly",478860
69974,14,"r. de Bicêtre",50149935,Milieu,4,8,Escalator,0,"Saint-Denis - Pleyel",478860
69677,14,"Entrée / Sortie",50149941,Avant,3,8,Escalier,0,"Saint-Denis - Pleyel",73753
71264,14,"Place du Châtelet",50147797,Arrière,7,8,,0,"Saint-Denis - Pleyel",73788
73794,4,"Place des Verrières Forum des Halles)",50147805,Milieu,4,6,Escalator,1,"Bagneux - Lucie Aubrac",71264
73633,9,"9 rue Saint-Denis",50147822,Arrière,5,5,,0,"Pont de Sèvres",71320
73633,9,"18 rue Saint-Denis",50147823,Avant,1,5,,1,"Mairie de Montreuil",71311
71139,13,"Maine Montparnasse",50147832,Avant,2,5,,0,"Châtillon - Montrouge",73675
70657,4,"Rue de la Légion Etrangère",50147842,Arrière,6,6,,0,"Porte de Clignancourt",71030
71416,3,"Place du Général Catroux",50147861,Arrière,5,5,,0,Gallieni,71403
70657,4,"134-136 boulevard Brune",50147872,Avant,1,6,,1,"Bagneux - Lucie Aubrac",70586
71799,3,"Rue Belgrand",50147899,Arrière,5,5,,0,Gallieni,71817
482368,9,"Boulevard Haussmann",50147906,Arrière,5,5,,0,"Pont de Sèvres",73690
71940,5,"Face au 1 avenue Jean-Jaurès",50147924,Avant,1,5,,1,"Place d'Italie",71961
71379,1,"87 avenue de la Grande Armée",50147958,Arrière,6,6,,1,"La Défense",425779
71647,1,"127 avenue Galliéni",50148007,Arrière,6,6,,0,"Château de Vincennes",71650
71199,10,"Face au 130-113 boulevard de Grenelle",50148030,Avant,1,5,,0,"Boulogne Pont de Saint-Cloud",71158
71614,6,"Place Félix Eboué",50148048,Arrière,4,5,Escalator,0,Nation,73650
71906,7B,"80 rue Botzaris",50148058,Avant,1,3,Escalator,0,Pré-Saint-Gervais,71885
71407,7B,"234 rue du Faubourg Saint-Martin",50148089,Arrière,3,3,,0,Pré-Saint-Gervais,71940
73689,9,"Rue La Fayette",50148096,Arrière,5,5,,1,"Mairie de Montreuil",71330
71133,7,"2 place Monge",50148115,Arrière,5,5,,0,"La Courneuve - 8 Mai 1945",71148
70488,7,"213 avenue Maurice Thorez",50148143,Arrière,5,5,,1,"Mairie d'Ivry",
70248,7,"Boulevard Maxime Gorky",50148149,Arrière,4,5,,1,"Villejuif - Louis Aragon",70143
71073,8,"Rue Balard",50148155,Arrière,5,5,,0,Balard,
71324,8,"23 boulevard de la Madeleine",50148177,Arrière,4,5,,1,"Pointe du Lac",71337
463564,1,"37 boulevard Bourdon",50148190,Arrière,6,6,,0,"Château de Vincennes",73626
463564,8,"1 Boulevard Beaumarchais",50148193,Arrière,5,5,,1,"Pointe du Lac",71693
71693,8,"100 rue du Faubourg Saint-Antoine",50148197,Arrière,5,5,,0,Balard,463564
71558,8,"150 rue de Paris",50148216,Avant,1,5,,0,Balard,71579
70269,8,"13 Rue Gustave Eiffel",50148229,Arrière,5,5,,1,"Pointe du Lac",70172
71034,9,"29 avenue du Général Leclerc",50148237,Arrière,5,5,,0,"Pont de Sèvres",70698
71054,9,"101 avenue Edouard Vaillant",50148241,Avant,1,5,,0,"Pont de Sèvres",71034
71157,10,"UNESCO - Fontenoy",50148367,Arrière,5,5,,0,"Boulogne Pont de Saint-Cloud",71199
415852,1,"Rue du Renard",50148392,Avant,1,6,,1,"La Défense",71264
71311,11,"13 place de la République",50148407,Avant,2,5,,0,Rosny-Bois-Perrier,71840
71909,11,"Place du Colonel Fabien",50148421,Avant,1,5,,1,Châtelet,71889
71203,12,"41 boulevard Raspail",50148444,Milieu,3,5,Escalator,0,"Mairie d'Issy",73640
71355,12,"50 rue de Chateaudun",50148455,Arrière,5,5,,1,"Mairie d'Aubervilliers",71350
71409,2,"16 boulevard de Clichy",50148460,Arrière,5,5,,0,Nation,71419
73675,13,"74 avenue du Maine",50148485,Arrière,5,5,,0,"Châtillon - Montrouge",412687
71370,13,"Galeries marchandes - Gare Saint-Lazare",50148489,Milieu,3,5,,0,"Châtillon - Montrouge",71346
72203,13,"56 avenue Gabriel Péri",50148521,Avant,2,5,,0,"Châtillon - Montrouge",72118
72203,13,"Gare routière",50148524,Milieu,3,5,,0,"Châtillon - Montrouge",72118
71264,4,"Place Marguerite de Navarre",50148652,Milieu,4,6,,1,"Bagneux - Lucie Aubrac",71223
73788,14,"Face au 13 avenue de l'Opera",50148700,Arrière,6,8,Escalator,0,"Saint-Denis - Pleyel",71324
71864,11,"401 rue des Pyrénées",50148715,Arrière,5,5,,1,Châtelet,71853
71311,8,"10 place de la République",50148722,Milieu,3,5,,1,"Pointe du Lac",71277
69884,8,"avenue François Mitterrand",50148734,Avant,2,5,,0,Balard,70021
72217,13,"Boulevard Anatole France",50148762,Avant,1,5,,1,"Saint-Denis - Université",72285
71347,2,"Avenue Hoche",50148764,Avant,2,5,Escalator,1,"Porte Dauphine",71315
70990,12,"Rue Ernest Renan",50148770,Avant,1,5,,0,"Mairie d'Issy",70671
71359,7,"Gare de l'Est",50148781,Avant,1,5,,0,"La Courneuve - 8 Mai 1945",474149
71940,5,"Boulevard de la Villette",50148784,Arrière,5,5,,0,"Bobigny - Pablo Picasso",71957
71940,2,"Boulevard de la Villette",50148785,Avant,2,5,Ascenseur,1,"Porte Dauphine",71961
72491,12,"rue de la Commune",50149326,Avant,2,5,Escalator,0,"Mairie d'Issy",74041
72524,12,"avenue Victor Hugo",50149336,Avant,2,5,Ascenseur,1,"Mairie d'Aubervilliers",
72168,14,"Rue Albert Dhalenne",50149542,Milieu,4,8,,1,"Aéroport d'Orly",72126
71897,11,"r. des Saules Clouet",50149893,Avant,1,5,Escalier,1,Châtelet,71947
490783,11,"Entrée / Sortie",50149897,Arrière,5,5,,1,Châtelet,490782
70645,14,"r. du Tage",50149929,Avant,2,8,Escalier,1,"Aéroport d'Orly",70445
70645,14,"r. de la Vistule",50149931,Arrière,7,8,Escalator,0,"Saint-Denis - Pleyel",71557
70645,14,"r. Bourgon",50149932,Milieu,5,8,Escalator,0,"Saint-Denis - Pleyel",71557
70445,14,"r. Séverine",50149934,Arrière,7,8,Ascenseur,1,"Aéroport d'Orly",478860
69974,14,"ZAC Lallier",50149936,Avant,1,8,Ascenseur,0,"Saint-Denis - Pleyel",478860
69677,14,"Entrée / Sortie",50149940,Milieu,4,8,Escalator,1,"Aéroport d'Orly",63284
490784,14,"27 rue Pleyel",50149985,Arrière,7,8,Escalator,0,"Saint-Denis - Pleyel",
70645,14,"av. d'Italie",50210354,Arrière,6,8,Escalier,1,"Aéroport d'Orly",70445
71159,13,Duroc,,Avant,1,5,,0,"Châtillon - Montrouge",71139
71337,7,Opéra,,Avant,1,5,,0,"La Courneuve - 8 Mai 1945",73689
71347,2,"Charles de Gaulle-Etoile",,Avant,2,5,Escalator,1,"Porte Dauphine",71315
71347,2,"Charles de Gaulle-Etoile",,Avant,1,5,,1,"Porte Dauphine",71315
71311,11,République,,Arrière,4,5,,0,Rosny-Bois-Perrier,71840
71203,12,Sèvres-Babylone,,Avant,1,5,,0,"Mairie d'Issy",73640
71961,2,Stalingrad,,Avant,1,5,,0,Nation,71940
71607,14,Bercy,,Milieu,4,8,Escalator,1,"Aéroport d'Orly",71576
71298,8,Concorde,,Arrière,5,5,,0,Balard,71274
71298,1,Concorde,,Arrière,6,6,,0,"Château de Vincennes",71284
71264,7,Châtelet,,Avant,1,5,,0,"La Courneuve - 8 Mai 1945",71253
71264,14,Châtelet,,Arrière,6,8,Escalator,0,"Saint-Denis - Pleyel",73788
71614,6,"Daumesnil (Félix Eboué)",,Arrière,5,5,,0,Nation,73650
71274,8,Invalides,,Arrière,4,5,,1,"Pointe du Lac",71298
72168,14,"Mairie de Saint-Ouen",,Avant,3,8,,1,"Aéroport d'Orly",72126
73788,14,Pyramides,,Avant,1,8,Ascenseur,1,"Aéroport d'Orly",71264
71410,5,"Paris Gare du Nord",,Avant,1,5,,0,"Bobigny - Pablo Picasso",71961
71337,7,Auber,,Arrière,5,5,,1,"Villejuif - Louis Aragon",73788
73626,14,"Gare de Lyon",,Avant,1,8,Escalator,0,"Saint-Denis - Pleyel",71264
463564,5,"Boulevard Richard Lenoir",50147742,Arrière,5,5,,1,"Place d'Italie",71637
72486,5,"Gare routière Bus 151N-301",50147746,Arrière,5,5,,1,"Place d'Italie",72039
71264,14,"Rue de la Lingerie",50147790,Milieu,5,8,,1,"Aéroport d'Orly",73626
71264,7,"63 - 65 rue de Rivoli",50147791,Arrière,5,5,,1,"Villejuif - Louis Aragon",71217
71264,4,"5 rue Saint-Denis",50147792,Avant,1,6,,1,"Bagneux - Lucie Aubrac",71223
71359,5,"93 boulevard de Strasbourg",50147803,Avant,2,5,,1,"Place d'Italie",71322
71088,6,"233 boulevard Raspail",50147857,Arrière,5,5,,0,Nation,71056
71370,14,"Rue de l' Arcade",50147868,Avant,2,8,,1,"Aéroport d'Orly",71324
482368,3,"Boulevard Haussmann",50147876,Milieu,3,5,,1,"Pont de Levallois - Bécon",71370
71435,13,"Terre-plein face au 130 boulevard de Clichy",50147935,Arrière,4,5,,1,"Asnières - Gennevilliers - Les Courtilles",71474
71348,1,"Rue des Acacias",50147955,Arrière,6,6,,0,"Château de Vincennes",71347
71298,8,"Place de la Concorde",50147970,Arrière,5,5,,0,Balard,71274
71222,1,"Rivoli (terre plein face au 10 rue de)",50147986,Avant,1,6,,1,"La Défense",415852
73630,1,"Amiral de Coligny (8 rue de l')",50147987,Avant,1,6,,0,"Château de Vincennes",71264
71297,7,"Terre-plein face au 93 rue de Rivoli",50147989,Avant,1,5,,0,"La Courneuve - 8 Mai 1945",73788
71297,7,"Place Colette",50147992,Avant,1,5,,0,"La Courneuve - 8 Mai 1945",73788
473829,6,"Tour Eiffel",50148026,Arrière,5,5,,0,Nation,71197
71197,6,"Boulevard de Grenelle",50148029,Avant,1,5,,1,"Charles de Gaulle - Étoile",473829
71673,6,"Place de la Nation",50148054,Avant,1,5,,0,Nation,
71885,11,"Rue de Crimée",50148055,Arrière,5,5,,0,Rosny-Bois-Perrier,71870
73695,7,"Gare routière",50148067,Arrière,5,5,,1,"Villejuif - Louis Aragon",72460
71977,7,"19 rue Riquet",50148085,Avant,1,5,,0,"La Courneuve - 8 Mai 1945",72013
73689,7,"Galeries La Fayette",50148098,Avant,1,5,,1,"Villejuif - Louis Aragon",71337
71100,7,"96 rue Monge",50148117,Arrière,5,5,,1,"Villejuif - Louis Aragon",71076
71076,7,"47 avenue des Gobelins",50148122,Avant,1,5,,1,"Villejuif - Louis Aragon",71033
70604,7,"130 boulevard Masséna",50148134,Avant,1,5,,0,"La Courneuve - 8 Mai 1945",70596
70488,7,"21 rue Marat",50148141,Arrière,5,5,,0,"La Courneuve - 8 Mai 1945",70537
70143,7,"175 boulevard Maxime Gorky",50148150,Milieu,3,5,,1,"Villejuif - Louis Aragon",
71324,12,"23 boulevard de la Madeleine",50148177,Milieu,3,5,,1,"Mairie d'Aubervilliers",71370
71320,8,"15 Boulevard de Bonne Nouvelle",50148181,Arrière,5,5,,0,Balard,71326
463564,1,"Hôpital des Quinze-Vingts",50148192,Milieu,4,6,,1,"La Défense",71222
74001,8,"Hôpital St-Antoine",50148198,Avant,1,5,,0,Balard,71693
71595,8,"252 avenue Daumesnil",50148206,Avant,1,5,,1,"Pointe du Lac",71591
70358,8,"279 avenue du Général Leclerc",50148224,Arrière,5,5,,0,Balard,70426
71034,9,"52 avenue du Général Leclerc",50148236,Arrière,5,5,,0,"Pont de Sèvres",70698
71084,9,"Place de la Porte de Saint-Cloud",50148253,Avant,1,5,,1,"Mairie de Montreuil",71124
71124,9,"73 boulevard Exelmans",50148255,Arrière,5,5,,0,"Pont de Sèvres",71084
474150,9,"2 avenue Mozart",50148264,Avant,1,5,,1,"Mairie de Montreuil",71292
71346,13,"11 avenue Delcassé",50148285,Arrière,4,5,,0,"Châtillon - Montrouge",71305
71346,9,"11 avenue Delcassé",50148285,Avant,1,5,,0,"Pont de Sèvres",71334
71346,13,"24 bis rue de la Boétie",50148288,Arrière,5,5,Escalator,1,"Asnières - Gennevilliers - Les Courtilles",71370
71330,8,"2 Boulevard Haussmann",50148294,Arrière,4,5,,0,Balard,71337
71330,8,"2 boulevard des Italiens",50148295,Avant,1,5,,0,Balard,71337
71330,9,"16 boulevard des Italiens",50148296,Avant,1,5,,0,"Pont de Sèvres",73689
71330,8,"3 Boulevard Haussmann",50148297,Arrière,5,5,,1,"Pointe du Lac",71326
71326,9,"3 boulevard Montmartre",50148300,Avant,1,5,Escalator,0,"Pont de Sèvres",71330
71781,9,"60 boulevard Voltaire",50148312,Avant,1,5,,0,"Pont de Sèvres",71803
71703,9,"65 rue des Pyrénées",50148331,Arrière,5,5,,1,"Mairie de Montreuil",71710
71756,9,"Rue de Paris",50148340,Arrière,5,5,,0,"Pont de Sèvres",71725
71135,10,"La Pitié - Salpétrière",50148350,Arrière,4,5,,1,"Gare d'Austerlitz",
71159,13,"Place Léon-Paul Fargue",50148362,Arrière,5,5,,1,"Asnières - Gennevilliers - Les Courtilles",71204
71157,10,"UNESCO - Miollis",50148366,Avant,1,5,,1,"Gare d'Austerlitz",71159
71156,10,"11 place Charles Michels",50148373,Avant,1,5,,0,"Boulogne Pont de Saint-Cloud",71150
71166,10,"2 rue Verneret",50148377,Avant,1,5,,0,"Boulogne Pont de Saint-Cloud",71206
70721,10,"Musée Albert Kahn",50148384,Avant,1,5,,0,"Boulogne Pont de Saint-Cloud",
415852,1,"9 place de l'Hôtel de Ville",50148394,Arrière,6,6,,0,"Château de Vincennes",71222
71293,3,"Rue Conté",50148403,Arrière,4,5,,0,Gallieni,71296
71311,5,"1 rue René Boulanger",50148406,Avant,1,5,,0,"Bobigny - Pablo Picasso",71322
71853,11,"2 boulevard de la Villette",50148415,Arrière,5,5,,1,Châtelet,71840
71853,11,"130 boulevard de Belleville",50148416,Avant,1,5,,0,Rosny-Bois-Perrier,71864
70671,12,"Rue du Général Leclerc",50148422,Arrière,5,5,,0,"Mairie d'Issy",
71045,12,"Boulevard Lefebvre",50148429,Arrière,5,5,,0,"Mairie d'Issy",70990
73642,12,"Angle avec le 239 bd Saint-Germain et la rue de Courty",50148450,Arrière,5,5,,1,"Mairie d'Aubervilliers",71298
71409,2,"16 boulevard de Clichy",50148460,Avant,1,5,,1,"Porte Dauphine",71420
71521,12,"115 rue Ordener",50148464,Arrière,5,5,Escalator,1,"Mairie d'Aubervilliers",71511
73766,13,"bd Charles de Gaulle",50148472,Milieu,3,5,,1,"Asnières - Gennevilliers - Les Courtilles",71006
71006,13,"1 boulevard Brune",50148476,Avant,1,5,,0,"Châtillon - Montrouge",73766
71370,13,"2 rue d'Amsterdam",50148491,Avant,1,5,,1,"Asnières - Gennevilliers - Les Courtilles",71382
71528,13,"2 rue de la Jonquière",50148498,Arrière,5,5,,0,"Châtillon - Montrouge",71474
73661,13,"Marché des Batignolles",50148512,Arrière,5,5,,1,"Asnières - Gennevilliers - Les Courtilles",71545
71545,13,"1 boulevard Berthier",50148516,Arrière,5,5,,0,"Châtillon - Montrouge",73661
72118,13,"61 rue Martre",50148518,Arrière,4,5,,1,"Asnières - Gennevilliers - Les Courtilles",72203
71347,6,"2 avenue de la Grande Armée",50148549,Arrière,4,5,,1,"Charles de Gaulle - Étoile",
71347,2,"6 avenue Carnot",50148553,Avant,1,5,,1,"Porte Dauphine",71315
73620,4,"Boulevard Saint-Germain",50148606,Avant,1,6,,0,"Porte de Clignancourt",71223
71889,11,"171 Boulevard Mortier",50148658,Avant,1,5,,1,Châtelet,71870
463564,5,"Port de l'Arsenal",50148660,Arrière,5,5,,0,"Bobigny - Pablo Picasso",73621
71370,13,"14 rue du Havre",50148663,Avant,1,5,,0,"Châtillon - Montrouge",71346
71264,14,"Théâtre du Châtelet",50148697,Arrière,6,8,Escalator,0,"Saint-Denis - Pleyel",73788
71572,14,"Face au 62 rue du Chevaleret",50148701,Avant,3,8,Escalator,1,"Aéroport d'Orly",71557
71370,14,"Rue Saint-Lazare",50148706,Milieu,4,8,Ascenseur,1,"Aéroport d'Orly",71324
71311,9,"Av de la République",50148717,Arrière,5,5,,0,"Pont de Sèvres",73633
71311,9,"12 place de la République",50148718,Milieu,3,5,,1,"Mairie de Montreuil",71803
72326,13,"Place du Cacquet",50148723,Avant,2,5,,1,"Saint-Denis - Université",72358
72240,13,"Angle rue Dupont et rue Pierre de Coubertin",50148726,Avant,1,5,Escalator,1,"Asnières - Gennevilliers - Les Courtilles",72286
73651,6,"La Pitié-Salpêtrière",50148767,Arrière,5,5,,0,Nation,71597
71359,5,"Gare de l'Est",50148781,Arrière,5,5,Escalator,0,"Bobigny - Pablo Picasso",71410
71940,2,"Boulevard de la Villette",50148784,Avant,2,5,Ascenseur,1,"Porte Dauphine",71961
73618,10,"Boulevard Saint Germain",50148807,Arrière,5,5,,0,"Boulogne Pont de Saint-Cloud",73639
71202,4,"Rue de Rennes",50148827,Avant,1,6,Escalator,1,"Bagneux - Lucie Aubrac",71184
71557,14,"Rue de Tolbiac",50148854,Avant,1,8,Ascenseur,1,"Aéroport d'Orly",70645
69884,8,"Route de Pompadour",50148856,Arrière,4,5,,1,"Pointe du Lac",
478883,4,"Boulevard Ornano",50148858,Arrière,6,6,,1,"Bagneux - Lucie Aubrac",71556
72064,12,"Rond Point de la Chapelle",50148859,Arrière,5,5,,1,"Mairie d'Aubervilliers",74041
72064,12,"Rue Raymond Queneau",50148860,Avant,1,5,,0,"Mairie d'Issy",71510
71475,14,"Rue Mstilav Rostropovitch",50148886,Milieu,4,8,,0,"Saint-Denis - Pleyel",71545
71557,14,"Rue du Chateau des Rentiers",50148997,Arrière,8,8,,1,"Aéroport d'Orly",70645
483315,4,"Place Lucie Aubrac Bagneux",50149179,Arrière,6,6,,1,"Bagneux - Lucie Aubrac",
72491,12,"rue de la Commune",50149327,Milieu,3,5,Ascenseur,0,"Mairie d'Issy",74041
72168,14,"Rue Albert Dhalenne",50149542,Arrière,7,8,Escalator,0,"Saint-Denis - Pleyel",490784
490779,11,"r. de la Liberté",50149886,Arrière,5,5,Ascenseur,1,Châtelet,71909
70645,14,"av. d'Italie",50149928,Avant,1,8,Ascenseur,0,"Saint-Denis - Pleyel",71557
70445,14,"r. Séverine",50149934,Avant,2,8,Ascenseur,0,"Saint-Denis - Pleyel",70645
70645,14,"av. d'Italie",50210354,Milieu,5,8,Escalator,0,"Saint-Denis - Pleyel",71557
71897,11,"r. des Saules Clouet",50210355,Avant,1,5,Escalier,1,Châtelet,71947
71298,12,Concorde,,Milieu,3,5,,1,"Mairie d'Aubervilliers",71324
71264,11,Châtelet,,Arrière,4,5,,0,Rosny-Bois-Perrier,415852
70645,14,"Maison Blanche",,Avant,2,8,Escalier,1,"Aéroport d'Orly",70445
71885,7B,"Place des Fêtes",,Avant,1,3,,0,Pré-Saint-Gervais,71911
71787,3,Père-Lachaise,,Avant,1,5,,0,Gallieni,71808
71410,5,"Paris Gare du Nord",,Avant,1,5,,0,"Bobigny - Pablo Picasso",71961
71347,1,"Charles de Gaulle - Etoile",,Avant,1,6,,1,"La Défense",71348
71056,6,Denfert-Rochereau,,Arrière,5,5,,1,"Charles de Gaulle - Étoile",71088
72486,5,"Gare routière Bus 151N-620",50147745,Arrière,5,5,,1,"Place d'Italie",72039
72004,5,"3 rue Hoche",50147754,Arrière,5,5,,1,"Place d'Italie",71989
71264,11,"8 place Sainte-Opportune",50147793,Arrière,5,5,,0,Rosny-Bois-Perrier,415852
71264,11,"Rue des Lavandières",50147796,Arrière,5,5,,0,Rosny-Bois-Perrier,415852
71117,4,"106 boulevard du Montparnasse",50147829,Arrière,5,6,Escalator,1,"Bagneux - Lucie Aubrac",71088
71139,12,"Centre Commercial",50147840,Arrière,4,5,,1,"Mairie d'Aubervilliers",71138
71453,3,"Square Albert Besnard",50147858,Avant,1,5,Escalator,1,"Pont de Levallois - Bécon",71450
71403,3,"2 boulevard de Courcelles",50147863,Arrière,5,5,,1,"Pont de Levallois - Bécon",71416
71370,3,"Rue de l' Arcade",50147868,Avant,1,5,,1,"Pont de Levallois - Bécon",73617
71370,14,"Gare SNCF",50147870,Avant,3,8,,0,"Saint-Denis - Pleyel",71475
71315,2,"4 place Victor Hugo",50147911,Arrière,5,5,,0,Nation,71347
71801,3,"48 avenue de la République",50147922,Arrière,5,5,,1,"Pont de Levallois - Bécon",71311
71961,5,"86 rue de l' Aqueduc",50147927,Arrière,5,5,,0,"Bobigny - Pablo Picasso",71940
71961,2,"86 rue de l' Aqueduc",50147927,Avant,1,5,,0,Nation,71940
71485,1,"Quartier Iris",50147942,Arrière,6,6,Escalator,0,"Château de Vincennes",71442
71485,1,"Quartier Bellini",50147944,Milieu,4,6,,1,"La Défense",71517
71728,2,"111 boulevard de Charonne",50147948,Avant,1,5,,1,"Porte Dauphine",71751
71751,2,"212 boulevard de Charonne",50147949,Arrière,5,5,,0,Nation,71728
71379,1,"23-27 avenue Charles de Gaulle",50147960,Avant,1,6,,1,"La Défense",425779
71347,6,"Place Charles de Gaulle",50147977,Avant,2,5,,1,"Charles de Gaulle - Étoile",
71297,1,"Place Colette",50147992,Avant,1,6,,0,"Château de Vincennes",73630
71634,1,"Château de Vincennes",50147998,Avant,1,6,,0,"Château de Vincennes",
71647,1,"180 avenue Galliéni",50148008,Avant,1,6,,1,"La Défense",71663
71033,5,"Manufacture des Gobelins",50148017,Arrière,5,5,,1,"Place d'Italie",
71301,6,"57 avenue Kléber",50148022,Avant,1,5,,0,Nation,71285
73651,6,"Terre-plein face au 79 boulevard Vincent Auriol",50148039,Arrière,5,5,,0,Nation,71597
71673,2,"Place de la Nation",50148053,Avant,1,5,,1,"Porte Dauphine",71697
73696,7,"61 place du 8 Mai 1945",50148061,Avant,2,5,,0,"La Courneuve - 8 Mai 1945",
73696,7,"50 avenue Jean Jaurès",50148064,Avant,2,5,,0,"La Courneuve - 8 Mai 1945",
72430,7,"Boulevard Macdonald",50148076,Avant,1,5,,0,"La Courneuve - 8 Mai 1945",72460
72430,7,"Avenue de la Porte de la Villette",50148079,Avant,1,5,,0,"La Courneuve - 8 Mai 1945",72460
73689,7,"36 boulevard Haussmann",50148095,Arrière,5,5,,0,"La Courneuve - 8 Mai 1945",478885
70596,7,"Avenue d' Italie",50148131,Avant,1,5,,0,"La Courneuve - 8 Mai 1945",70645
71137,8,"2 avenue Félix Faure",50148163,Arrière,5,5,,0,Balard,412992
71298,12,"258 rue de Rivoli",50148174,Avant,2,5,,1,"Mairie d'Aubervilliers",71324
71298,12,"Jardin des Tuileries",50148175,Arrière,4,5,,0,"Mairie d'Issy",73642
71324,14,"2 rue Tronchet",50148178,Arrière,7,8,,1,"Aéroport d'Orly",73788
71693,8,"87 rue Ledru Rollin",50148196,Avant,1,5,,1,"Pointe du Lac",74001
70426,8,"26-28 avenue du Général Leclerc",50148222,Avant,1,5,,1,"Pointe du Lac",70358
70021,8,"Le Mont-Mesly",50148233,Avant,2,5,,1,"Pointe du Lac",69884
70021,8,"Le Mont-Mesly",50148233,Avant,2,5,,0,Balard,70172
71034,9,"45 avenue du Général Leclerc",50148238,Avant,1,5,,0,"Pont de Sèvres",70698
71054,9,"101 avenue Edouard Vaillant",50148241,Arrière,5,5,,1,"Mairie de Montreuil",71084
71346,13,"29 rue de la Boétie",50148287,Arrière,5,5,Escalator,1,"Asnières - Gennevilliers - Les Courtilles",71370
71330,9,"6 Boulevard Haussmann",50148293,Arrière,5,5,,0,"Pont de Sèvres",73689
71326,8,"Musée Grévin",50148298,Avant,1,5,,0,Balard,71330
71781,9,"55 boulevard Voltaire",50148311,Arrière,5,5,,1,"Mairie de Montreuil",71750
71750,9,"111 boulevard Voltaire",50148313,Arrière,5,5,,0,"Pont de Sèvres",71781
479928,9,"51 rue de Buzenval",50148329,Avant,1,5,,0,"Pont de Sèvres",71673
479928,9,"51 rue de Buzenval",50148329,Arrière,5,5,,1,"Mairie de Montreuil",71703
71710,9,"4 avenue de la Porte de Montreuil",50148336,Avant,1,5,,0,"Pont de Sèvres",71703
71125,12,"183 rue de Vaugirard",50148438,Arrière,5,5,,0,"Mairie d'Issy",71113
71203,12,"41 boulevard Raspail",50148444,Arrière,5,5,,1,"Mairie d'Aubervilliers",71227
71409,12,"16 boulevard de Clichy",50148460,Arrière,5,5,Escalator,1,"Mairie d'Aubervilliers",71432
71370,12,"Galeries marchandes - Gare Saint-Lazare",50148490,Arrière,5,5,,1,"Mairie d'Aubervilliers",71355
71528,13,"68 avenue de Saint-Ouen",50148500,Arrière,5,5,,1,"Saint-Denis - Université",72078
72168,13,"10 place de la République",50148507,Avant,1,5,,0,"Châtillon - Montrouge",72128
72285,13,"1 Rue Danielle Casanova",50148510,Arrière,4,5,,0,"Châtillon - Montrouge",72217
72285,13,"1 Rue Danielle Casanova",50148510,Arrière,4,5,,1,"Saint-Denis - Université",72326
72285,13,"Musée d'Art et d'Histoire",50148511,Avant,1,5,Ascenseur,0,"Châtillon - Montrouge",72217
71545,13,"2 avenue de la Porte de Clichy",50148514,Arrière,5,5,,0,"Châtillon - Montrouge",73661
71347,6,"Avenue Foch",50148551,Arrière,4,5,,1,"Charles de Gaulle - Étoile",
71264,14,"Place Marguerite de Navarre",50148652,Arrière,6,8,Ascenseur,1,"Aéroport d'Orly",73626
71324,14,"Face au 20 place de la Madeleine",50148699,Arrière,7,8,,1,"Aéroport d'Orly",73788
71311,11,"2 place de la République",50148716,Avant,2,5,,0,Rosny-Bois-Perrier,71840
71311,9,"13 place de  la République",50148721,Arrière,5,5,,0,"Pont de Sèvres",73633
412992,8,"Rue Félix Faure",50148759,Arrière,5,5,,0,Balard,71086
71940,5,"Boulevard de la Villette",50148785,Avant,1,5,,1,"Place d'Italie",71961
71324,14,"Rue De Sèze",50148800,Milieu,5,8,Ascenseur,1,"Aéroport d'Orly",73788
412687,13,"Rue Niepce",50148812,Arrière,5,5,Escalator,0,"Châtillon - Montrouge",71039
73788,7,"Rue de l'Echelle",50148820,Arrière,5,5,,0,"La Courneuve - 8 Mai 1945",71337
73788,14,"Rue de l'Echelle",50148820,Arrière,6,8,Escalator,0,"Saint-Denis - Pleyel",71324
70269,8,"Voie Félix Eboué",50148853,Avant,2,5,,1,"Pointe du Lac",70172
71885,7B,"Rue de Crimée",50148855,Arrière,3,3,,0,Pré-Saint-Gervais,71911
69884,8,"Route de Pompadour",50148857,Arrière,4,5,,1,"Pointe du Lac",
73794,4,"Porte du Jour",50148872,Arrière,6,6,Escalator,1,"Bagneux - Lucie Aubrac",71264
73794,4,"Porte du Jour",50148872,Arrière,6,6,Escalator,0,"Porte de Clignancourt",479068
71576,14,"Passage Saint-EMilion",50148878,Arrière,7,8,,1,"Aéroport d'Orly",71572
72126,14,"Rue Pierre Dreyfus",50148890,Arrière,6,8,Escalator,0,"Saint-Denis - Pleyel",72168
71545,14,"av de Clichy",50148897,Avant,3,8,,0,"Saint-Denis - Pleyel",72126
72524,12,"avenue Victor Hugo",50149333,Avant,2,5,,0,"Mairie d'Issy",72491
72168,14,"Rue Albert Dhalenne",50149542,Avant,3,8,Escalator,0,"Saint-Denis - Pleyel",490784
69974,14,"r. de Bicêtre",50149935,Milieu,4,8,Escalier,1,"Aéroport d'Orly",73753
71410,4,"Gare du Nord",,Milieu,3,6,,1,"Bagneux - Lucie Aubrac",71359
71274,13,Invalides,,Milieu,3,5,,0,"Châtillon - Montrouge",71232
71033,6,"Place d'Italie",,Milieu,3,5,,1,"Charles de Gaulle - Étoile",71013
71033,5,"Place d'Italie",,Arrière,5,5,,0,"Bobigny - Pablo Picasso",71063
71264,1,Châtelet,,Avant,1,6,,0,"Château de Vincennes",415852
71148,10,Jussieu,,Milieu,3,5,,1,"Gare d'Austerlitz",71135
71056,6,Denfert-Rochereau,,Milieu,3,5,,1,"Charles de Gaulle - Étoile",71088
71853,11,Belleville,,Avant,1,5,,0,Rosny-Bois-Perrier,71864
71320,8,"Bonne Nouvelle",,Avant,1,5,,0,Balard,71326
71199,6,"La Motte-Picquet-Grenelle",,Arrière,5,5,,0,Nation,71167
71199,8,"La Motte-Picquet-Grenelle",,Milieu,3,5,,0,Balard,71132
71370,12,Saint-Augustin,,Avant,1,5,,0,"Mairie d'Issy",71324
73620,4,"Saint-Michel Notre-Dame",,Arrière,6,6,,1,"Bagneux - Lucie Aubrac",73618
71347,2,"Charles de Gaulle - Etoile",,Arrière,5,5,,1,"Porte Dauphine",71315
71517,1,"La Défense",,Arrière,6,6,,0,"Château de Vincennes",71485
71264,1,"Châtelet - Les Halles",,Avant,1,6,,0,"Château de Vincennes",415852
72039,5,"7 rue de Paris",50147750,Arrière,4,5,,0,"Bobigny - Pablo Picasso",72486
72024,5,"Avenue Jean Lolive",50147752,Arrière,5,5,,0,"Bobigny - Pablo Picasso",72039
478883,4,"80 bis boulevard Ornano",50147768,Arrière,5,6,Escalator,0,"Porte de Clignancourt",
478883,4,"Rue Belliard",50147770,Arrière,6,6,,1,"Bagneux - Lucie Aubrac",71556
71264,14,"5 rue Saint-Denis",50147792,Avant,2,8,,1,"Aéroport d'Orly",73626
71139,6,"Maine Montparnasse",50147832,Arrière,5,5,,1,"Charles de Gaulle - Étoile",71125
71030,4,"230 avenue du Maine",50147849,Avant,1,6,,1,"Bagneux - Lucie Aubrac",70657
482368,3,"Boulevard Haussmann",50147906,Milieu,3,5,,1,"Pont de Levallois - Bécon",71370
71347,2,"Place Charles de Gaulle",50147976,Arrière,5,5,,1,"Porte Dauphine",71315
71650,1,"98 avenue de Paris",50148001,Avant,1,6,,1,"La Défense",71647
71033,7,"182 boulevard Vincent Auriol",50148016,Avant,1,5,,1,"Villejuif - Louis Aragon",71001
73656,6,"14 avenue Kléber",50148021,Arrière,5,5,,0,Nation,71301
71167,6,"2 Bd Garibaldi Côté des N° impairs",50148031,Avant,1,5,,1,"Charles de Gaulle - Étoile",71199
71614,6,"6 Place Félix Eboué",50148045,Arrière,4,5,,0,Nation,73650
71885,11,"Rue de Crimée",50148055,Avant,1,5,,1,Châtelet,71868
72460,7,"76 avenue Jean Jaurès",50148073,Milieu,3,5,,1,"Villejuif - Louis Aragon",72430
71961,7,"17-19 rue de Flandre",50148087,Arrière,5,5,,1,"Villejuif - Louis Aragon",71407
73689,9,"Haussmann (boulevard, face aux Galeries La Fayette)",50148097,Avant,1,5,,0,"Pont de Sèvres",482368
71201,7,"Préfecture de Paris",50148111,Arrière,5,5,,0,"La Courneuve - 8 Mai 1945",71217
71100,7,"96 rue Monge",50148117,Avant,2,5,,1,"Villejuif - Louis Aragon",71076
71001,7,"55-57 avenue d' Italie",50148125,Arrière,5,5,,0,"La Courneuve - 8 Mai 1945",71033
70452,7,"81 avenue de Fontainebleau",50148144,Milieu,3,5,,0,"La Courneuve - 8 Mai 1945",70645
71324,14,"2 rue Tronchet",50148178,Avant,2,8,,0,"Saint-Denis - Pleyel",71370
73622,8,"52 boulevard Beaumarchais",50148188,Avant,1,5,,0,Balard,71777
70648,8,"Place de l'Eglise Saint-Pierre",50148221,Arrière,5,5,Escalator,1,"Pointe du Lac",70522
70172,8,"Rue Ferdinand de Lesseps",50148230,Avant,1,5,,0,Balard,70269
71124,9,"71 boulevard Exelmans",50148254,Arrière,5,5,,0,"Pont de Sèvres",71084
71285,9,"Place du Trocadéro",50148272,Avant,1,5,,1,"Mairie de Montreuil",71294
71803,9,"19 boulevard Voltaire",50148307,Avant,1,5,,0,"Pont de Sèvres",71311
71703,9,"60 rue des Pyrénées",50148330,Avant,1,5,,0,"Pont de Sèvres",479928
412687,13,"72 rue Raymond Losserand",50148481,Avant,1,5,,0,"Châtillon - Montrouge",71039
72285,13,"1 Rue Danielle Casanova",50148510,Avant,1,5,,1,"Saint-Denis - Université",72326
72285,13,"Musée d'Art et d'Histoire",50148511,Arrière,4,5,,1,"Saint-Denis - Université",72326
71347,1,"Avenue Foch",50148551,Arrière,5,6,,0,"Château de Vincennes",71328
463564,8,"Place des Vosges",50148661,Arrière,5,5,,1,"Pointe du Lac",71693
71264,4,"Théâtre du Châtelet",50148697,Arrière,6,6,,0,"Porte de Clignancourt",73794
71324,12,"Face au 20 place de la Madeleine",50148699,Arrière,4,5,,0,"Mairie d'Issy",71298
71311,5,"Av de la République",50148717,Arrière,5,5,,0,"Bobigny - Pablo Picasso",71322
72240,13,"Angle rue des Bas et Rue Louis Calmel",50148727,Avant,2,5,Ascenseur,1,"Asnières - Gennevilliers - Les Courtilles",72286
72217,13,"Boulevard Anatole France Près du 174",50148731,Avant,1,5,Escalator,1,"Saint-Denis - Université",72285
74041,12,"Angle de la rue Léon Blum et de l'Avenue George Sand",50148737,Milieu,3,5,Ascenseur,0,"Mairie d'Issy",72064
70586,4,"Place Emile Cresp (côté rue Gabriel Peri)",50148741,Avant,1,6,,0,"Porte de Clignancourt",70657
70990,12,"Boulevard Gambetta",50148771,Avant,1,5,,0,"Mairie d'Issy",70671
73788,14,"Rue de l'Echelle",50148820,Arrière,7,8,,0,"Saint-Denis - Pleyel",71324
70375,7,"Rue du Dauphin",50148836,Avant,2,5,,1,"Villejuif - Louis Aragon",70248
69884,8,"Route de Pompadour",50148857,Avant,2,5,,0,Balard,70021
73794,4,"Porte Saint-Eustache",50148871,Milieu,4,6,Escalator,1,"Bagneux - Lucie Aubrac",71264
73794,4,"Porte du Jour",50148872,Milieu,4,6,Escalator,1,"Bagneux - Lucie Aubrac",71264
71576,14,"Passage Saint-EMilion",50148878,Avant,2,8,,0,"Saint-Denis - Pleyel",71607
71607,14,"Rue de Bercy",50148884,Arrière,8,8,Ascenseur,0,"Saint-Denis - Pleyel",73626
71545,14,"av du Cimetière des Batignolles",50148894,Arrière,6,8,Escalator,0,"Saint-Denis - Pleyel",72126
71840,11,"Rue d'Aix",50149003,Arrière,5,5,,0,Rosny-Bois-Perrier,71853
71305,1,"Avenue du Général Eisenhower",50149009,Arrière,6,6,,1,"La Défense",71318
72491,12,"rue de la Commune",50149327,Milieu,3,5,Ascenseur,1,"Mairie d'Aubervilliers",72524
490783,11,"Entrée / Sortie",50149897,Milieu,3,5,Ascenseur,1,Châtelet,490782
70645,14,"r. de la Vistule",50149931,Arrière,6,8,Escalator,0,"Saint-Denis - Pleyel",71557
69974,14,"r. de Bicêtre",50149935,Avant,3,8,Escalier,0,"Saint-Denis - Pleyel",478860
69677,14,"Entrée / Sortie",50149941,Milieu,4,8,Escalator,1,"Aéroport d'Orly",63284
63284,14,"Orly 1-2-3",50149981,Avant,2,8,Ascenseur,1,"Aéroport d'Orly",
490784,14,"27 rue Pleyel",50149985,Arrière,6,8,Escalator,0,"Saint-Denis - Pleyel",
490784,14,"Place de Etoiles",50149986,Arrière,7,8,Ascenseur,0,"Saint-Denis - Pleyel",
490784,14,"Place de Etoiles",50149986,Arrière,7,8,Escalator,0,"Saint-Denis - Pleyel",
71311,8,République,,Milieu,3,5,,0,Balard,73633
71311,5,République,,Milieu,3,5,,1,"Place d'Italie",71803
71370,12,Saint-Lazare,,Arrière,5,5,,1,"Mairie d'Aubervilliers",71355
71426,4,Barbès-Rochechouart,,Milieu,3,6,,0,"Porte de Clignancourt",71469
73618,10,Odéon,,Avant,1,5,,0,"Boulogne Pont de Saint-Cloud",73639
71199,6,"La Motte-Picquet-Grenelle",,Avant,1,5,,1,"Charles de Gaulle - Étoile",71197
71370,14,Saint-Lazare,,Avant,3,8,,0,"Saint-Denis - Pleyel",71475
71370,12,Saint-Lazare,,Avant,1,5,,0,"Mairie d'Issy",71324
71961,5,Stalingrad,,Arrière,5,5,,1,"Place d'Italie",71410
71410,4,Magenta,,Milieu,3,6,,0,"Porte de Clignancourt",71426
71673,9,Nation,,Milieu,3,5,,0,"Pont de Sèvres",71694
71311,8,République,,Milieu,3,5,,1,"Pointe du Lac",71277
71410,4,"La Chapelle",,Milieu,3,6,,0,"Porte de Clignancourt",71426
71139,6,Montparnasse-Bienvenue,,Milieu,3,5,,0,Nation,71108
71305,1,Champs-Elysées-Clémenceau,,Arrière,6,6,,0,"Château de Vincennes",71298
71359,4,"Gare de l'Est (Verdun)",,Arrière,6,6,,0,"Porte de Clignancourt",71410
71347,1,"Charles de Gaulle-Etoile",,Milieu,3,6,,0,"Château de Vincennes",71328
71803,9,Oberkampf,,Arrière,5,5,,0,"Pont de Sèvres",71311
71324,8,Madeleine,,Milieu,3,5,,0,Balard,71298
71324,14,Madeleine,,Arrière,6,8,Ascenseur,1,"Aéroport d'Orly",73788
71264,7,Châtelet,,Arrière,5,5,,1,"Villejuif - Louis Aragon",71217
72168,14,"Mairie de Saint-Ouen",,Avant,1,8,,0,"Saint-Denis - Pleyel",490784
71285,9,Trocadéro,,Avant,1,5,,1,"Mairie de Montreuil",71294
71370,3,Saint-Augustin,,Arrière,5,5,,0,Gallieni,482368
71673,6,Nation,,Milieu,3,5,,0,Nation,
73626,14,"Gare de Lyon",,Arrière,6,8,Escalator,1,"Aéroport d'Orly",71607
71972,5,"159 avenue Jean Jaurès",50147733,Arrière,5,5,,1,"Place d'Italie",71957
72039,5,"280 avenue Jean Lolive",50147749,Arrière,4,5,,0,"Bobigny - Pablo Picasso",72486
71410,5,"18 rue de Dunkerque",50147778,Arrière,5,5,,0,"Bobigny - Pablo Picasso",71961
71264,7,"7 avenue Victoria",50147798,Arrière,5,5,,0,"La Courneuve - 8 Mai 1945",71253
71264,4,"15 avenue Victoria",50147799,Arrière,6,6,,0,"Porte de Clignancourt",73794
73794,4,"Place des Verrières Forum des Halles)",50147805,Avant,1,6,,1,"Bagneux - Lucie Aubrac",71264
73633,4,"Porte Saint-Martin",50147821,Arrière,6,6,,0,"Porte de Clignancourt",71333
71056,6,"2 avenue du Général Leclerc",50147854,Avant,1,5,,0,Nation,71041
71403,3,"Parc de Monceau",50147865,Avant,1,5,,1,"Pont de Levallois - Bécon",71416
71370,13,"Place Gabriel Péri",50147867,Avant,1,5,,0,"Châtillon - Montrouge",71346
71370,14,"Rue de l' Arcade",50147868,Milieu,4,8,Ascenseur,1,"Aéroport d'Orly",71324
71370,14,"Cour de Rome",50147869,Arrière,6,8,,1,"Aéroport d'Orly",71324
482368,9,"Boulevard Haussmann",50147876,Avant,1,5,,1,"Mairie de Montreuil",73689
71450,3,"Place Stuart-Merrill",50147885,Avant,1,5,,1,"Pont de Levallois - Bécon",73667
482368,9,"Rue Auber",50147905,Avant,1,5,,1,"Mairie de Montreuil",73689
71435,13,"Terre-plein face au 130 boulevard de Clichy",50147935,Arrière,5,5,,1,"Asnières - Gennevilliers - Les Courtilles",71474
71673,1,"Terre-plein face au 28 place de la Nation",50147946,Avant,1,6,,0,"Château de Vincennes",71663
73626,14,"25 boulevard Diderot",50147981,Milieu,5,8,Ascenseur,0,"Saint-Denis - Pleyel",71264
73626,1,"Rue de Bercy",50147982,Milieu,3,6,,0,"Château de Vincennes",71654
71135,10,"Parking SNCF côté arrivée",50148012,Avant,1,5,,1,"Gare d'Austerlitz",
71033,6,"Manufacture des Gobelins",50148017,Milieu,3,5,,1,"Charles de Gaulle - Étoile",71013
71033,6,"Place d' Italie",50148018,Milieu,3,5,,0,Nation,71043
71108,6,"Place Edgar Quinet)",50148033,Arrière,5,5,,0,Nation,71088
71639,6,"46 avenue de Saint-Mandé",50148052,Avant,1,5,,1,"Charles de Gaulle - Étoile",73650
73696,7,"57 avenue Jean Jaurès",50148062,Milieu,3,5,,0,"La Courneuve - 8 Mai 1945",
73696,7,"50 avenue Jean Jaurès",50148064,Milieu,3,5,,0,"La Courneuve - 8 Mai 1945",
71407,7,"234 rue du Faubourg Saint-Martin",50148089,Arrière,5,5,,1,"Villejuif - Louis Aragon",474149
70375,7,"53 avenue de Paris",50148146,Avant,2,5,,0,"La Courneuve - 8 Mai 1945",70452
71086,8,"100 avenue Félix Faure",50148157,Arrière,5,5,,0,Balard,71073
412992,8,"108 Rue de la Convention",50148159,Arrière,5,5,,0,Balard,71086
71137,8,"Place Félix Faure",50148164,Arrière,5,5,,0,Balard,412992
71274,8,"Rue de l' Université",50148172,Arrière,5,5,,0,Balard,71242
71324,14,"2 rue Tronchet",50148178,Milieu,5,8,Ascenseur,1,"Aéroport d'Orly",73788
463564,8,"Opéra Bastille",50148191,Avant,1,5,,0,Balard,73622
74001,8,"1 rue de Montreuil",50148200,Arrière,5,5,Escalator,0,Balard,71693
71034,9,"88 bis avenue du Général Leclerc",50148239,Avant,1,5,,0,"Pont de Sèvres",70698
71054,9,"123 avenue Victor Hugo",50148240,Arrière,5,5,,1,"Mairie de Montreuil",71084
71285,6,"Avenue du Président Wilson",50148270,Arrière,5,5,,1,"Charles de Gaulle - Étoile",71301
71318,9,"Palais de la Découverte",50148281,Arrière,5,5,,0,"Pont de Sèvres",71290
71326,9,"Musée Grévin",50148298,Arrière,5,5,,1,"Mairie de Montreuil",71320
71326,8,"32 boulevard Poissonnière",50148299,Arrière,5,5,,1,"Pointe du Lac",71320
71785,9,"Place Jean Jaurès",50148344,Avant,2,5,,1,"Mairie de Montreuil",
71153,10,"28 rue Monge",50148354,Arrière,5,5,,0,"Boulogne Pont de Saint-Cloud",71190
71147,10,"23 Boulevard Jean Jaurès",50148382,Arrière,5,5,,1,"Gare d'Austerlitz",73658
71840,11,"152 avenue Parmentier",50148411,Avant,1,5,,0,Rosny-Bois-Perrier,71853
71521,12,"2 place Jules Joffrin",50148463,Milieu,3,5,,1,"Mairie d'Aubervilliers",71511
71039,13,"170 rue d' Alésia",50148480,Arrière,5,5,,0,"Châtillon - Montrouge",71006
71370,12,"11-13 place du Havre",50148492,Avant,1,5,,0,"Mairie d'Issy",71324
72285,13,"1 Rue Danielle Casanova",50148510,Milieu,3,5,,0,"Châtillon - Montrouge",72217
71545,14,"125 boulevard Bessières",50148515,Avant,3,8,,0,"Saint-Denis - Pleyel",72126
72203,13,"Gare routière",50148524,Arrière,4,5,,1,"Asnières - Gennevilliers - Les Courtilles",72240
71347,1,"Arc de Triomphe",50148552,Arrière,6,6,,1,"La Défense",71348
71264,11,"Théâtre du Châtelet",50148697,Arrière,5,5,,0,Rosny-Bois-Perrier,415852
71311,11,"1 Rue Rene Boulanger",50148719,Arrière,4,5,,0,Rosny-Bois-Perrier,71840
71311,11,"13 place de  la République",50148721,Avant,2,5,,1,Châtelet,71293
72326,13,"Place du Cacquet",50148723,Arrière,4,5,,1,"Saint-Denis - Université",72358
72024,5,"Gare Routière",50148775,Avant,1,5,Escalator,0,"Bobigny - Pablo Picasso",72039
71474,13,"Avenue de Clichy",50148788,Arrière,5,5,,0,"Châtillon - Montrouge",71435
71324,14,"Rue De Sèze",50148800,Avant,2,8,,0,"Saint-Denis - Pleyel",71370
71311,8,République,,Milieu,3,5,,1,"Pointe du Lac",71277
71206,9,Michel-Ange-Auteuil,,Arrière,5,5,,0,"Pont de Sèvres",73658
71311,8,République,,Milieu,3,5,,1,"Pointe du Lac",71277
71808,3,Gambetta,,Arrière,5,5,,1,"Pont de Levallois - Bécon",71787
71940,7B,Jaurès,,Arrière,2,3,,0,Pré-Saint-Gervais,71920
71264,4,Châtelet,,Milieu,3,6,,1,"Bagneux - Lucie Aubrac",71223
71370,12,Saint-Lazare,,Avant,1,5,,0,"Mairie d'Issy",71324
71370,3,Saint-Lazare,,Arrière,5,5,,0,Gallieni,482368
71370,13,Saint-Lazare,,Avant,1,5,Escalator,0,"Châtillon - Montrouge",71346
71264,4,Châtelet,,Avant,1,6,,1,"Bagneux - Lucie Aubrac",71223
71135,10,"Gare d'Austerlitz",,Arrière,4,5,Escalator,1,"Gare d'Austerlitz",
71853,2,Belleville,,Milieu,3,5,,1,"Porte Dauphine",71893
71033,6,"Place d'Italie",,Avant,1,5,,1,"Charles de Gaulle - Étoile",71013
73636,4,Réaumur-Sébastopol,,Arrière,6,6,,1,"Bagneux - Lucie Aubrac",479068
71337,7,Opéra,,Arrière,5,5,,1,"Villejuif - Louis Aragon",73788
71298,8,Concorde,,Avant,1,5,,1,"Pointe du Lac",71324
71264,11,Châtelet,,Arrière,4,5,,0,Rosny-Bois-Perrier,415852
463564,5,Bastille,,Milieu,3,5,,1,"Place d'Italie",71637
71088,4,Raspail,,Milieu,3,6,,1,"Bagneux - Lucie Aubrac",71056
71274,13,Invalides,,Avant,1,5,,1,"Asnières - Gennevilliers - Les Courtilles",71305
71370,14,Saint-Lazare,,Avant,3,8,,1,"Aéroport d'Orly",71324
71403,2,Villiers,,Arrière,5,5,,0,Nation,71408
71359,7,"Gare de l'Est (Verdun)",,Milieu,3,5,,0,"La Courneuve - 8 Mai 1945",474149
73626,1,"Gare de Lyon",,Milieu,3,6,,1,"La Défense",463564
71940,5,Jaurès,,Avant,1,5,,1,"Place d'Italie",71961
71940,2,Jaurès,,Avant,1,5,,1,"Porte Dauphine",71961
71264,14,Châtelet,,Avant,3,8,,0,"Saint-Denis - Pleyel",73788
71607,6,Bercy,,Arrière,5,5,,0,Nation,71606
71088,6,Raspail,,Avant,1,5,,1,"Charles de Gaulle - Étoile",71108
71410,4,"Paris Gare du Nord",,Milieu,3,6,,0,"Porte de Clignancourt",71426
71989,5,"Avenue Jean Jaurès",50147731,Arrière,5,5,,0,"Bobigny - Pablo Picasso",72004
72486,5,"Gare routière Bus 151N-301",50147746,Avant,1,5,,0,"Bobigny - Pablo Picasso",
72024,5,"Avenue Jean Lolive",50147753,Avant,1,5,Escalator,0,"Bobigny - Pablo Picasso",72039
71359,4,"SNCF Gare de l'Est",50147776,Milieu,4,6,,1,"Bagneux - Lucie Aubrac",71333
71426,4,"1 Bd de Rochechouart",50147785,Arrière,5,6,,0,"Porte de Clignancourt",71469
71264,14,"Rue des Lavandières",50147796,Arrière,7,8,,0,"Saint-Denis - Pleyel",73788
71359,4,"93 boulevard de Strasbourg",50147803,Arrière,6,6,,0,"Porte de Clignancourt",71410
73633,8,"Porte Saint-Martin",50147821,Avant,1,5,,1,"Pointe du Lac",71311
71139,13,"Raoul Dautry (place, SNCF Montparnasse)",50147833,Arrière,5,5,,1,"Asnières - Gennevilliers - Les Courtilles",71159
70657,4,"Avenue Ernest Reyer",50147845,Arrière,6,6,Ascenseur,1,"Bagneux - Lucie Aubrac",70586
73653,4,"42 avenue du Général Leclerc",50147850,Arrière,6,6,,0,"Porte de Clignancourt",71056
71056,6,"2 Place Denfert Rochereau",50147853,Arrière,4,5,,1,"Charles de Gaulle - Étoile",71088
71056,6,"1 Avenue du Général Leclerc",50147855,Avant,1,5,,0,Nation,71041
71403,3,"2 boulevard de Courcelles",50147863,Avant,1,5,,0,Gallieni,73617
73617,3,"1 rue de Madrid",50147866,Milieu,3,5,,0,Gallieni,71370
482368,3,"bd Haussmann",50147875,Avant,2,5,,0,Gallieni,71337
72057,3,"Rue Anatole France",50147881,Avant,1,5,,1,"Pont de Levallois - Bécon",
71808,3,Père-Lachaise,50147892,Arrière,5,5,,1,"Pont de Levallois - Bécon",71787
71799,3,"Rue Belgrand",50147898,Arrière,5,5,,0,Gallieni,71817
482368,3,"Rue Auber",50147905,Avant,2,5,,0,Gallieni,71337
73634,3,"21 rue des Petits Carreaux",50147920,Arrière,5,5,,1,"Pont de Levallois - Bécon",73635
71940,7B,"Face au 2 place de Stalingrad",50147925,Arrière,3,3,,0,Pré-Saint-Gervais,71920
71376,2,"Boulevard de Courcelles",50147939,Arrière,5,5,,0,Nation,73671
71485,1,"Quartier Iris",50147942,Avant,1,6,Escalator,1,"La Défense",71517
71697,2,"Terre-plein face au 35 boulevard de Charonne",50147947,Avant,1,5,,0,Nation,71673
71940,7B,"Face au 196 boulevard de la Villette",50147954,Arrière,3,3,,0,Pré-Saint-Gervais,71920
71348,1,"Rue des Acacias",50147955,Avant,1,6,,1,"La Défense",71379
71347,1,"Place Charles de Gaulle",50147977,Avant,1,6,,1,"La Défense",71348
73626,1,"Gare SNCF",50147983,Arrière,5,6,,0,"Château de Vincennes",71654
73626,14,"Gare SNCF",50147983,Milieu,4,8,Ascenseur,1,"Aéroport d'Orly",71607
71222,1,"Rivoli (terre plein face au 10 rue de)",50147986,Milieu,4,6,Escalator,0,"Château de Vincennes",463564
71297,1,"Place du Palais-Royal",50147990,Arrière,6,6,,1,"La Défense",71284
71033,5,"Place d' Italie",50148018,Arrière,5,5,,0,"Bobigny - Pablo Picasso",71063
73656,6,"15 avenue Kléber",50148020,Avant,1,5,,1,"Charles de Gaulle - Étoile",71347
71237,6,"av. du Pdt Kennedy",50148023,Milieu,3,5,,0,Nation,473829
71199,8,"Face au 130-113 boulevard de Grenelle",50148030,Avant,1,5,,0,Balard,71132
71607,14,"Place du Bataillon du Pacifique",50148042,Arrière,6,8,Escalator,1,"Aéroport d'Orly",71576
71606,6,"3 boulevard de Reuilly",50148044,Arrière,5,5,,0,Nation,71614
73696,7,"57 avenue Jean Jaurès",50148062,Avant,2,5,,0,"La Courneuve - 8 Mai 1945",
73695,7,"Gare routière",50148067,Milieu,3,5,Escalator,0,"La Courneuve - 8 Mai 1945",73696
73695,7,"213 avenue Jean Jaurès",50148069,Milieu,3,5,Escalator,0,"La Courneuve - 8 Mai 1945",73696
73689,9,"Galeries La Fayette",50148098,Avant,1,5,,0,"Pont de Sèvres",482368
71201,7,"2 quai des Célestins",50148113,Arrière,5,5,,0,"La Courneuve - 8 Mai 1945",71217
71298,1,"258 rue de Rivoli",50148174,Avant,1,6,,1,"La Défense",71305
71298,8,"258 rue de Rivoli",50148174,Avant,1,5,,1,"Pointe du Lac",71324
70358,8,"2 rue Louis Pergaud",50148226,Arrière,5,5,,1,"Pointe du Lac",70269
71124,9,"73 boulevard Exelmans",50148255,Avant,1,5,,1,"Mairie de Montreuil",73658
73690,9,"Église Saint-Augustin",50148290,Avant,1,5,,0,"Pont de Sèvres",71346
71150,10,"2 avenue Emile Zola",50148374,Arrière,5,5,,1,"Gare d'Austerlitz",71156
71370,12,"Galeries marchandes - Gare Saint-Lazare",50148490,Avant,1,5,,0,"Mairie d'Issy",71324
71370,14,"2 rue d'Amsterdam",50148491,Avant,3,8,,0,"Saint-Denis - Pleyel",71475
71474,13,"66 avenue de Clichy",50148496,Arrière,5,5,,0,"Châtillon - Montrouge",71435
71545,14,"1 boulevard Berthier",50148516,Avant,3,8,,0,"Saint-Denis - Pleyel",72126
72118,13,"Hôpital Beaujon",50148519,Avant,1,5,,1,"Asnières - Gennevilliers - Les Courtilles",72203
72203,13,"Gare routière",50148524,Avant,2,5,Escalator,1,"Asnières - Gennevilliers - Les Courtilles",72240
71347,6,"1 avenue de la Grande Armée",50148550,Avant,2,5,,1,"Charles de Gaulle - Étoile",
71347,2,"1 avenue de la Grande Armée",50148550,Milieu,3,5,,0,Nation,71367
73626,1,"203 rue Bercy",50148559,Arrière,5,6,,0,"Château de Vincennes",71654
73620,4,"Boulevard Saint-Germain",50148606,Arrière,6,6,,1,"Bagneux - Lucie Aubrac",73618
72126,14,"Victor Hugo (boulevard)",50148650,Arrière,8,8,,1,"Aéroport d'Orly",71545
71264,7,"Place Marguerite de Navarre",50148652,Avant,1,5,,0,"La Courneuve - 8 Mai 1945",71253
71576,14,"Cour Chamonard",50148702,Avant,3,8,Ascenseur,0,"Saint-Denis - Pleyel",71607
71370,14,"Rue Saint-Lazare",50148706,Milieu,5,8,Ascenseur,0,"Saint-Denis - Pleyel",71475
71311,3,"13 place de  la République",50148721,Avant,2,5,,0,Gallieni,71801
74041,12,"Place du Front Populaire",50148735,Milieu,3,5,Ascenseur,0,"Mairie d'Issy",72064
70586,4,"Place du Général Leclerc",50148742,Avant,1,6,,1,"Bagneux - Lucie Aubrac",70441
70375,7,"Rue du Dauphin",50148836,Avant,2,5,,0,"La Courneuve - 8 Mai 1945",70452
69884,8,"Route de Pompadour",50148856,Avant,2,5,,0,Balard,70021
71940,7B,"Avenue Secrétan",50148876,Avant,1,3,,0,Pré-Saint-Gervais,71920
70441,4,"43 av. de Verdun Montrouge",50149173,Arrière,6,6,Ascenseur,1,"Bagneux - Lucie Aubrac",483315
72168,14,"Rue Albert Dhalenne",50149542,Milieu,5,8,,0,"Saint-Denis - Pleyel",490784
71947,11,"bd Henri Barbusse",50149889,Avant,1,5,Ascenseur,1,Châtelet,490779
71897,11,"bd de la Boissière",50149892,Arrière,4,5,Escalator,1,Châtelet,71947
490783,11,"Entrée / Sortie",50149897,Avant,1,5,,1,Châtelet,490782
70645,14,"av. d'Italie",50149928,Arrière,6,8,Escalier,1,"Aéroport d'Orly",70445
71293,11,Arts-et-Métiers,,Avant,1,5,,1,Châtelet,71273
73636,4,Réaumur-Sébastopol,,Milieu,3,6,,0,"Porte de Clignancourt",73633
71298,12,Concorde,,Milieu,3,5,,1,"Mairie d'Aubervilliers",71324
71305,1,Champs-Elysées-Clémenceau,,Milieu,3,6,,1,"La Défense",71318
71088,6,Raspail,,Arrière,5,5,,0,Nation,71056
71607,14,Bercy,,Avant,3,8,Escalator,0,"Saint-Denis - Pleyel",73626
71033,5,"Place d'Italie",,Arrière,5,5,,0,"Bobigny - Pablo Picasso",71063
71370,14,"Haussmann Saint-Lazare",,Avant,3,8,,1,"Aéroport d'Orly",71324
71135,10,"Gare d'Austerlitz",,Arrière,4,5,Escalator,1,"Gare d'Austerlitz",
71346,13,Miromesnil,,Arrière,5,5,Escalator,0,"Châtillon - Montrouge",71305
71311,5,République,,Milieu,3,5,,1,"Place d'Italie",71803
71311,5,République,,Milieu,3,5,,0,"Bobigny - Pablo Picasso",71322
71370,12,Saint-Lazare,,Arrière,5,5,,1,"Mairie d'Aubervilliers",71355
71370,3,Saint-Lazare,,Arrière,5,5,,0,Gallieni,482368
71940,7B,Jaurès,,Arrière,2,3,,0,Pré-Saint-Gervais,71920
73633,4,Strasbourg-Saint-Denis,,Milieu,3,6,,1,"Bagneux - Lucie Aubrac",73636
71654,1,Reuilly-Diderot,,Arrière,6,6,,1,"La Défense",73626
71285,6,Trocadéro,,Milieu,3,5,,0,Nation,71237
71410,5,"Paris Gare du Nord",,Milieu,3,5,Escalator,0,"Bobigny - Pablo Picasso",71961
73619,10,"Saint-Michel Notre-Dame",,Avant,1,5,,0,"Boulogne Pont de Saint-Cloud",73618
71264,11,"Châtelet - Les Halles",,Arrière,4,5,,0,Rosny-Bois-Perrier,415852
71957,5,"34 avenue de Laumière",50147736,Arrière,5,5,,1,"Place d'Italie",71940
71511,4,"88 boulevard Barbès",50147762,Avant,1,6,,0,"Porte de Clignancourt",71556
71426,4,"Boulevard de la Chapelle",50147782,Milieu,3,6,Escalator,0,"Porte de Clignancourt",71469
71426,4,"2 Bd de Rochechouart",50147784,Milieu,4,6,Escalator,0,"Porte de Clignancourt",71469
71264,1,"Rue de la Lingerie",50147790,Avant,2,6,,0,"Château de Vincennes",415852
71264,11,"5 rue Saint-Denis",50147792,Avant,1,5,,1,Châtelet,
72358,13,"Gare Routière",50148862,Avant,2,5,Escalator,1,"Saint-Denis - Université",
490779,11,"r. de la Liberté",50149886,Avant,2,5,Ascenseur,1,Châtelet,71909
71947,11,"r. Veuve Aublet",50149891,Avant,1,5,Ascenseur,1,Châtelet,490779
70645,14,"av. d'Italie",50149928,Arrière,6,8,Escalator,0,"Saint-Denis - Pleyel",71557
70645,14,"r. Tagore",50149930,Arrière,7,8,Escalator,1,"Aéroport d'Orly",70445
69677,14,"Entrée / Sortie",50149940,Avant,3,8,Escalier,0,"Saint-Denis - Pleyel",73753
490784,14,"23 rue Pleyel",50149984,Arrière,7,8,Ascenseur,0,"Saint-Denis - Pleyel",
490784,14,"Place de Etoiles",50149986,Avant,1,8,Escalator,0,"Saint-Denis - Pleyel",
70645,14,"av. d'Italie",50210354,Arrière,6,8,Escalator,0,"Saint-Denis - Pleyel",71557
490779,11,"bd du Gén. Leclerc",50210356,Arrière,5,5,Ascenseur,1,Châtelet,71909
71311,3,République,,Milieu,3,5,,1,"Pont de Levallois - Bécon",71296
71311,5,République,,Milieu,3,5,,0,"Bobigny - Pablo Picasso",71322
71889,3B,"Porte des Lilas",,Arrière,3,3,,1,Gambetta,71860
71940,2,Jaurès,,Avant,1,5,,1,"Porte Dauphine",71961
71264,4,Châtelet,,Milieu,3,6,,0,"Porte de Clignancourt",73794
71511,4,Marcadet-Poissonniers,,Avant,1,6,,0,"Porte de Clignancourt",71556
71347,2,"Charles de Gaulle-Etoile",,Milieu,3,5,,0,Nation,71367
71264,7,Châtelet,,Avant,1,5,,0,"La Courneuve - 8 Mai 1945",71253
71056,6,Denfert-Rochereau,,Milieu,3,5,,0,Nation,71041
71607,14,Bercy,,Avant,3,8,,1,"Aéroport d'Orly",71576
71326,9,"Grands Boulevards",,Avant,1,5,,1,"Mairie de Montreuil",71320
71410,5,"Gare du Nord",,Avant,1,5,,1,"Place d'Italie",71359
73618,4,Odéon,,Arrière,6,6,Escalator,1,"Bagneux - Lucie Aubrac",71216
71305,1,Champs-Elysées-Clémenceau,,Milieu,3,6,,0,"Château de Vincennes",71298
71426,2,Barbès-Rochechouart,,Arrière,4,5,,0,Nation,71434
71298,1,Concorde,,Avant,1,6,,1,"La Défense",71305
73626,14,"Gare de Lyon",,Arrière,6,8,Escalator,1,"Aéroport d'Orly",71607
72486,5,"Préfecture Trésorerie",50147748,Avant,1,5,,1,"Place d'Italie",72039
72039,5,"7 rue de Paris",50147750,Arrière,4,5,,1,"Place d'Italie",72024
71556,4,"27 boulevard Ornano",50147766,Arrière,6,6,,1,"Bagneux - Lucie Aubrac",71511
71359,4,"5 rue du 8 Mai 1945",50147775,Milieu,4,6,,0,"Porte de Clignancourt",71410
71359,4,"Rue du Faubourg Saint-Martin",50147777,Milieu,4,6,,0,"Porte de Clignancourt",71410
71264,7,"Rue de la Lingerie",50147790,Arrière,5,5,,1,"Villejuif - Louis Aragon",71217
71264,1,"Rue de la Lingerie",50147790,Arrière,6,6,,1,"La Défense",73630
71264,4,"63 - 65 rue de Rivoli",50147791,Milieu,4,6,,1,"Bagneux - Lucie Aubrac",71223
71359,7,"93 boulevard de Strasbourg",50147803,Milieu,3,5,,1,"Villejuif - Louis Aragon",71363
73636,4,"Square Emile Chantemps",50147817,Arrière,6,6,,1,"Bagneux - Lucie Aubrac",479068
73633,4,"Porte Saint-Martin",50147821,Avant,1,6,,1,"Bagneux - Lucie Aubrac",73636
71416,3,"48 avenue de Villiers",50147862,Avant,1,5,,1,"Pont de Levallois - Bécon",71423
71370,14,"Place Gabriel Péri",50147867,Avant,2,8,,1,"Aéroport d'Orly",71324
71370,14,"Place Gabriel Péri",50147867,Milieu,5,8,Ascenseur,0,"Saint-Denis - Pleyel",71475
71519,3,"Rue Voltaire",50147878,Avant,1,5,Escalator,1,"Pont de Levallois - Bécon",72057
71787,3,"Avenue de la République",50147891,Arrière,5,5,,0,Gallieni,71808
71860,3B,"112 avenue Gambetta",50147904,Arrière,3,3,,0,"Porte des Lilas",71889
71961,2,"86 rue de l' Aqueduc",50147927,Arrière,4,5,,1,"Porte Dauphine",71434
71435,13,"Terre-plein face au 130 boulevard de Clichy",50147935,Avant,1,5,,0,"Châtillon - Montrouge",71382
71442,1,"185 avenue Charles de Gaulle",50147941,Avant,1,6,,0,"Château de Vincennes",425779
71347,6,"Place Charles de Gaulle",50147977,Arrière,4,5,,1,"Charles de Gaulle - Étoile",
71297,1,"Le Louvre des Antiquaires",50147991,Avant,1,6,,0,"Château de Vincennes",73630
71297,1,"Passage du Louvre",50147994,Avant,1,6,,0,"Château de Vincennes",73630
71634,1,"14 avenue de Paris",50147999,Avant,1,6,,1,"La Défense",71650
71650,1,"63 avenue de Paris",50148000,Avant,1,6,,1,"La Défense",71647
71063,5,"106-112 boulevard de l' Hôpital",50148015,Avant,1,5,,0,"Bobigny - Pablo Picasso",71092
71033,5,"Manufacture des Gobelins",50148017,Arrière,5,5,,0,"Bobigny - Pablo Picasso",71063
71673,6,"Place de la Nation",50148054,Arrière,5,5,,1,"Charles de Gaulle - Étoile",71639
71920,7B,"125 avenue Simon Bolivar",50148060,Avant,1,3,,1,"Louis Blanc",71940
72013,7,"Rue de Crimée",50148084,Avant,1,5,,1,"Villejuif - Louis Aragon",71977
71363,7,"Terre-plein face au 96/98 rue La Fayette",50148092,Avant,1,5,,0,"La Courneuve - 8 Mai 1945",71359
71217,7,"quai de l'Hôtel de Ville",50148110,Arrière,5,5,,0,"La Courneuve - 8 Mai 1945",71264
70452,7,"Hôpital Kremlin Bicêtre",50148145,Avant,2,5,,0,"La Courneuve - 8 Mai 1945",70645
70248,7,"39-45 Boulevard Maxime Gorky",50148148,Avant,2,5,,0,"La Courneuve - 8 Mai 1945",70375
71132,8,"16 place du Commerce",50148165,Arrière,5,5,,1,"Pointe du Lac",71199
71320,8,"5 Boulevard du Faubourg Poissonnière",50148182,Arrière,5,5,,1,"Pointe du Lac",73633
71320,8,"5 Boulevard du Faubourg Poissonnière",50148182,Avant,1,5,,0,Balard,71326
71654,8,"118 boulevard Diderot",50148201,Avant,1,5,,0,Balard,74001
71654,8,"118 boulevard Diderot",50148201,Arrière,5,5,,1,"Pointe du Lac",71631
71654,1,"116 boulevard Diderot",50148203,Arrière,6,6,,1,"La Défense",73626
70648,8,"68 bis rue de Paris",50148218,Arrière,5,5,,0,Balard,71558
70269,8,"92 avenue Charles de Gaulle",50148228,Arrière,5,5,,1,"Pointe du Lac",70172
71294,9,"Palais d'Iéna",50148274,Avant,1,5,,1,"Mairie de Montreuil",71290
71290,9,"Pont de l'Alma",50148278,Avant,1,5,,1,"Mairie de Montreuil",71318
71330,8,"16 boulevard des Italiens",50148296,Avant,1,5,,0,Balard,71337
71326,8,"20 boulevard Poissonnière",50148303,Arrière,5,5,,0,Balard,71330
71785,9,"1 Boulevard Rouget de Lisle",50148343,Arrière,5,5,,1,"Mairie de Montreuil",
71158,10,"Rue Fondary",50148370,Arrière,5,5,,0,"Boulogne Pont de Saint-Cloud",71156
71156,10,"11 place Charles Michels",50148373,Arrière,5,5,,1,"Gare d'Austerlitz",71158
73658,10,"34 rue Molitor",50148387,Avant,1,5,,1,"Gare d'Austerlitz",71141
71293,11,"48 rue Turbigo",50148400,Avant,1,5,,1,Châtelet,71273
71293,11,"42 rue Réaumur",50148402,Arrière,5,5,,0,Rosny-Bois-Perrier,71311
71293,11,"Rue des Vertus",50148404,Avant,1,5,,0,Rosny-Bois-Perrier,71311
71853,2,"2 boulevard de la Villette",50148415,Avant,1,5,,0,Nation,71834
71853,11,"130 boulevard de Belleville",50148416,Arrière,5,5,,1,Châtelet,71840
71125,12,"162 rue de Vaugirard",50148437,Avant,1,5,,1,"Mairie d'Aubervilliers",73641
71270,12,"223 Boulevard Saint-Germain",50148448,Arrière,5,5,,1,"Mairie d'Aubervilliers",73642
71409,12,"16 boulevard de Clichy",50148460,Avant,1,5,,0,"Mairie d'Issy",71366
71432,12,"Place des Abbesses",50148461,Arrière,5,5,Ascenseur,1,"Mairie d'Aubervilliers",71492
461505,13,"av. Marx Dormoy",50148468,Avant,1,5,,0,"Châtillon - Montrouge",
71039,13,"211 rue d' Alésia",50148479,Arrière,5,5,,0,"Châtillon - Montrouge",71006
73675,13,"Hôpital Léopold Bellan",50148484,Avant,1,5,,1,"Asnières - Gennevilliers - Les Courtilles",71139
71204,13,"Avenue de Villars",50148487,Avant,1,5,,0,"Châtillon - Montrouge",71159
71545,14,"2 avenue de la Porte de Clichy",50148514,Milieu,5,8,,1,"Aéroport d'Orly",71475
71545,14,"1 boulevard Berthier",50148516,Avant,3,8,Escalator,1,"Aéroport d'Orly",71475
72203,13,"Gare routière",50148522,Milieu,3,5,,0,"Châtillon - Montrouge",72118
71347,2,"Arc de Triomphe",50148552,Avant,2,5,Escalator,1,"Porte Dauphine",71315
71347,1,"Arc de Triomphe",50148552,Avant,1,6,,0,"Château de Vincennes",71328
71347,1,"6 avenue Carnot",50148553,Arrière,5,6,,0,"Château de Vincennes",71328
71264,7,"Théâtre du Châtelet",50148697,Avant,1,5,,0,"La Courneuve - 8 Mai 1945",71253
71864,11,"401 rue des Pyrénées",50148715,Avant,1,5,,0,Rosny-Bois-Perrier,71868
71311,8,"Av de la République",50148717,Avant,1,5,,1,"Pointe du Lac",71277
71311,11,"13 place de  la République",50148721,Avant,2,5,,0,Rosny-Bois-Perrier,71840
72240,13,"Angle rue Dupont et rue Pierre de Coubertin",50148726,Arrière,4,5,,1,"Asnières - Gennevilliers - Les Courtilles",72286
70586,4,"Avenue de la République",50148739,Arrière,6,6,,1,"Bagneux - Lucie Aubrac",70441
71359,4,"Place du 11 Novembre",50148780,Avant,2,6,,1,"Bagneux - Lucie Aubrac",71333
71086,8,"Avenue Felix Faure",50148799,Avant,2,5,Escalator,0,Balard,71073
71350,12,"Rue de Chateaudun",50148806,Avant,1,5,,0,"Mairie d'Issy",71355
71750,9,"Boulevard Voltaire",50148840,Avant,1,5,,1,"Mairie de Montreuil",73647
71607,14,"Rue de Bercy",50148884,Avant,1,8,Ascenseur,1,"Aéroport d'Orly",71576
71545,14,"Bd Berthier",50148896,Avant,3,8,,0,"Saint-Denis - Pleyel",72126
72168,14,"Rue Albert Dhalenne",50149542,Arrière,7,8,Ascenseur,1,"Aéroport d'Orly",72126
490779,11,"r. de la Liberté",50149886,Avant,2,5,Escalier,0,Rosny-Bois-Perrier,71947
426280,11,"Entrée / Sortie",50149898,Avant,1,5,Ascenseur,0,Rosny-Bois-Perrier,
70445,14,"r. Séverine",50149934,Avant,1,8,Escalier,0,"Saint-Denis - Pleyel",70645
70445,14,"r. Séverine",50149934,Milieu,4,8,Escalator,1,"Aéroport d'Orly",478860
70445,14,"r. Séverine",50149934,Avant,2,8,Escalier,1,"Aéroport d'Orly",478860
69974,14,"r. de Bicêtre",50149935,Arrière,6,8,Escalier,1,"Aéroport d'Orly",73753
69974,14,"ZAC Lallier",50149936,Arrière,6,8,Escalator,0,"Saint-Denis - Pleyel",478860
73753,14,"r. des Routiers",50149938,Milieu,5,8,Ascenseur,1,"Aéroport d'Orly",69677
490779,11,"r. de la Liberté",50210357,Arrière,5,5,Escalator,0,Rosny-Bois-Perrier,71947
63284,14,"Orly 4 - T7 - Cur d'Orly",50210361,Avant,1,8,Escalier,1,"Aéroport d'Orly",
71311,8,République,,Milieu,3,5,,0,Balard,73633
71311,11,République,,Avant,1,5,,1,Châtelet,71293
73633,4,Strasbourg-Saint-Denis,,Milieu,3,6,,1,"Bagneux - Lucie Aubrac",73636
71264,11,Châtelet,,Arrière,4,5,,0,Rosny-Bois-Perrier,415852
73788,7,Pyramides,,Arrière,5,5,,0,"La Courneuve - 8 Mai 1945",71337
71324,8,Madeleine,,Milieu,3,5,,0,Balard,71298
71324,12,Madeleine,,Avant,1,5,Ascenseur,1,"Mairie d'Aubervilliers",71370
71370,13,Saint-Lazare,,Avant,1,5,,0,"Châtillon - Montrouge",71346
73690,9,Saint-Lazare,,Milieu,3,5,,0,"Pont de Sèvres",71346
71324,8,Madeleine,,Arrière,5,5,,1,"Pointe du Lac",71337
71673,9,Nation,,Milieu,3,5,,0,"Pont de Sèvres",71694
73626,14,"Gare de Lyon",,Avant,1,8,Escalator,0,"Saint-Denis - Pleyel",71264
71654,1,Reuilly-Diderot,,Arrière,6,6,,1,"La Défense",73626
71961,7,Stalingrad,,Milieu,3,5,,1,"Villejuif - Louis Aragon",71407
71410,5,"Gare du Nord",,Avant,1,5,,1,"Place d'Italie",71359
71199,10,"La Motte-Picquet-Grenelle",,Avant,1,5,,0,"Boulogne Pont de Saint-Cloud",71158
71326,9,"Grands Boulevards",,Avant,1,5,Escalator,0,"Pont de Sèvres",71330
71370,14,Saint-Lazare,,Avant,3,8,,1,"Aéroport d'Orly",71324
71033,5,"Place d'Italie",,Avant,1,5,,1,"Place d'Italie",
71033,6,"Place d'Italie",,Milieu,3,5,,1,"Charles de Gaulle - Étoile",71013
71607,14,Bercy,,Avant,1,8,Ascenseur,0,"Saint-Denis - Pleyel",73626
71264,14,Châtelet,,Avant,3,8,,0,"Saint-Denis - Pleyel",73788
71264,11,Châtelet,,Avant,1,5,,1,Châtelet,
71337,3,Opéra,,Milieu,3,5,,1,"Pont de Levallois - Bécon",482368
73788,14,Pyramides,,Avant,1,8,,1,"Aéroport d'Orly",71264
71088,6,Raspail,,Arrière,5,5,,0,Nation,71056
71370,12,Saint-Augustin,,Arrière,5,5,,1,"Mairie d'Aubervilliers",71355
73619,10,"Saint-Michel Notre-Dame",,Arrière,5,5,,1,"Gare d'Austerlitz",71190
71264,7,"Châtelet - Les Halles",,Avant,1,5,,0,"La Courneuve - 8 Mai 1945",71253
71337,3,Auber,,Milieu,3,5,,1,"Pont de Levallois - Bécon",482368
71264,1,"Châtelet - Les Halles",,Arrière,6,6,,1,"La Défense",73630
71264,7,"Châtelet - Les Halles",,Arrière,5,5,,1,"Villejuif - Louis Aragon",71217
71264,1,"Châtelet - Les Halles",,Avant,1,6,,0,"Château de Vincennes",415852
73648,5,"65 boulevard Richard Lenoir",50147740,Arrière,5,5,,1,"Place d'Italie",73621
71989,5,"212 avenue Jean Jaurès",50147757,Arrière,5,5,,1,"Place d'Italie",71972
71410,4,"9 boulevard Denain",50147780,Avant,1,6,,0,"Porte de Clignancourt",71426
71426,4,"2 Bd de Rochechouart",50147784,Milieu,4,6,,1,"Bagneux - Lucie Aubrac",71410
71264,14,"Rue de la Lingerie",50147790,Milieu,4,8,,0,"Saint-Denis - Pleyel",73788
71264,4,"5 rue Saint-Denis",50147792,Arrière,6,6,,0,"Porte de Clignancourt",73794
73633,9,"19 boulevard Saint-Denis",50147826,Avant,1,5,,0,"Pont de Sèvres",71320
71808,3B,"Place Martin Nadaud",50147895,Arrière,3,3,,0,"Porte des Lilas",71828
71795,3,"1 rue des Bleuets",50147923,Avant,1,5,,0,Gallieni,71787
71435,2,"Terre-plein face au 4 place de Clichy",50147933,Avant,1,5,,1,"Porte Dauphine",71408
71379,1,"80 avenue de la Grande Armée",50147957,Avant,1,6,,1,"La Défense",425779
425779,1,"52 avenue Charles de Gaulle",50147964,Arrière,6,6,,1,"La Défense",71442
73626,1,"27 boulevard Diderot",50147984,Avant,1,6,,0,"Château de Vincennes",71654
71033,6,"182 boulevard Vincent Auriol",50148016,Avant,1,5,,0,Nation,71043
71033,5,"182 boulevard Vincent Auriol",50148016,Avant,1,5,,0,"Bobigny - Pablo Picasso",71063
71033,7,"Manufacture des Gobelins",50148017,Arrière,5,5,,0,"La Courneuve - 8 Mai 1945",71076
73650,6,"32 boulevard de Picpus",50148049,Arrière,5,5,,1,"Charles de Gaulle - Étoile",71614
71906,7B,"80 rue Botzaris",50148058,Arrière,3,3,Escalator,1,"Louis Blanc",71900
73695,7,"Av Jean Jaurès",50148068,Milieu,3,5,,1,"Villejuif - Louis Aragon",72460
71977,7,"19 rue Riquet",50148085,Arrière,5,5,,1,"Villejuif - Louis Aragon",71961
71201,7,"10 quai des Célestins",50148114,Arrière,5,5,,1,"Villejuif - Louis Aragon",71148
71133,7,"2 place Monge",50148115,Avant,1,5,,1,"Villejuif - Louis Aragon",71100
71370,14,"2 rue d'Amsterdam",50148491,Milieu,5,8,Ascenseur,0,"Saint-Denis - Pleyel",71475
71545,14,"125 boulevard Bessières",50148515,Arrière,8,8,Escalator,1,"Aéroport d'Orly",71475
72118,13,"79 rue Martre",50148520,Avant,1,5,Escalator,1,"Asnières - Gennevilliers - Les Courtilles",72203
71347,2,"2 avenue de la Grande Armée",50148549,Milieu,3,5,,0,Nation,71367
463564,8,"Place des Vosges",50148661,Avant,1,5,,0,Balard,73622
73619,10,"Musée du Moyen-Âge",50148708,Arrière,5,5,,1,"Gare d'Austerlitz",71190
71864,11,"401 rue des Pyrénées",50148715,Avant,2,5,,0,Rosny-Bois-Perrier,71868
71311,5,"9 boulevard Saint-Martin",50148720,Avant,1,5,,1,"Place d'Italie",71803
71311,5,"10 place de la République",50148722,Milieu,3,5,,0,"Bobigny - Pablo Picasso",71322
72217,13,"Boulevard Anatole France Coté N° Pairs",50148730,Arrière,5,5,,0,"Châtillon - Montrouge",72168
72217,13,"Boulevard Anatole France",50148762,Arrière,5,5,,0,"Châtillon - Montrouge",72168
71756,9,"Rue de Paris",50148773,Arrière,5,5,,1,"Mairie de Montreuil",71785
71150,10,"Rue de la Convention",50148786,Arrière,5,5,,1,"Gare d'Austerlitz",71156
71324,14,"Rue De Sèze",50148800,Arrière,7,8,,1,"Aéroport d'Orly",73788
71591,8,"Boulevard Poniatowski",50148818,Arrière,5,5,,1,"Pointe du Lac",71579
71654,1,"Boulevard Diderot",50148822,Arrière,6,6,,0,"Château de Vincennes",71673
71001,7,"Avenue d'Italie",50148831,Arrière,4,5,,1,"Villejuif - Louis Aragon",70645
71517,1,"Parvis de la Défense",50148845,Arrière,6,6,,1,"La Défense",
71576,14,"Passage Saint-EMilion",50148878,Milieu,4,8,Escalator,1,"Aéroport d'Orly",71572
71545,14,"rue Fragonard",50148898,Arrière,8,8,Escalator,1,"Aéroport d'Orly",71475
71545,14,"rue Fragonard",50148898,Arrière,8,8,Ascenseur,0,"Saint-Denis - Pleyel",72126
71311,11,République,,Arrière,4,5,,0,Rosny-Bois-Perrier,71840
71330,8,Richelieu-Drouot,,Avant,1,5,,0,Balard,71337
71370,3,Saint-Lazare,,Avant,1,5,Ascenseur,1,"Pont de Levallois - Bécon",73617
71370,14,Saint-Lazare,,Avant,3,8,,0,"Saint-Denis - Pleyel",71475
71787,3,"63 bis boulevard de Ménilmontant",50147890,Avant,1,5,,0,Gallieni,71808
71787,3,"63 bis boulevard de Ménilmontant",50147890,Arrière,5,5,,1,"Pont de Levallois - Bécon",71795
71787,2,"63 bis boulevard de Ménilmontant",50147890,Avant,1,5,,1,"Porte Dauphine",71815
71787,3,"Avenue de la République",50147891,Avant,1,5,,1,"Pont de Levallois - Bécon",71795
71799,3,"Boulevard Mortier",50147900,Avant,1,5,,0,Gallieni,71817
71485,1,"Quartier Michelet",50147943,Arrière,6,6,Escalator,0,"Château de Vincennes",71442
71347,2,"Avenue de Friedland",50147978,Avant,1,5,,1,"Porte Dauphine",71315
73626,1,"Gare SNCF",50147983,Milieu,3,6,,0,"Château de Vincennes",71654
73626,1,"Gare SNCF",50147983,Avant,2,6,,1,"La Défense",463564
71607,14,"Boulevard de Bercy",50148041,Avant,2,8,,0,"Saint-Denis - Pleyel",73626
71614,6,"Place Félix Eboué",50148046,Arrière,4,5,Escalator,0,Nation,73650
73695,7,"Gare routière",50148067,Avant,1,5,Escalator,0,"La Courneuve - 8 Mai 1945",73696
71363,7,"Terre-plein face au 96/98 rue La Fayette",50148092,Arrière,5,5,,1,"Villejuif - Louis Aragon",71351
412992,8,"41 avenue Félix Faure",50148158,Avant,1,5,,1,"Pointe du Lac",71137
412992,8,"41 avenue Félix Faure",50148158,Arrière,5,5,,0,Balard,71086
412992,8,"107 rue de la Convention",50148160,Avant,1,5,,1,"Pointe du Lac",71137
71224,8,"Avenue Bosquet",50148169,Avant,1,5,,0,Balard,71199
71298,8,"Jardin des Tuileries",50148175,Arrière,5,5,,0,Balard,71274
71298,1,"Jardin des Tuileries",50148175,Arrière,6,6,,0,"Château de Vincennes",71284
71324,12,"2 rue Tronchet",50148178,Avant,1,5,Ascenseur,1,"Mairie d'Aubervilliers",71370
463564,1,"1 Boulevard Beaumarchais",50148193,Avant,1,6,,1,"La Défense",71222
74001,8,"Hôpital St-Antoine",50148198,Arrière,5,5,,1,"Pointe du Lac",71654
71595,8,"253 avenue  Daumesnil",50148205,Arrière,5,5,,0,Balard,71614
70021,8,"Centre Commercial Créteil-Soleil",50148232,Arrière,4,5,,0,Balard,70172
71285,6,"Place du Trocadéro",50148268,Avant,1,5,,0,Nation,71237
71334,9,"69 avenue Franklin D. Roosevelt",50148284,Avant,1,5,,1,"Mairie de Montreuil",71346
71326,8,"32 boulevard Poissonnière",50148299,Avant,1,5,,0,Balard,71330
71803,9,"19 boulevard Voltaire",50148307,Arrière,5,5,,1,"Mairie de Montreuil",71781
71756,9,"Centre Commercial",50148339,Arrière,5,5,,0,"Pont de Sèvres",71725
71157,10,"UNESCO - Miollis",50148366,Arrière,5,5,,0,"Boulogne Pont de Saint-Cloud",71199
73658,9,"34 rue Molitor",50148387,Arrière,5,5,,0,"Pont de Sèvres",71124
71311,8,"13 place de la République",50148407,Arrière,5,5,,0,Balard,73633
71853,11,"2 boulevard de la Villette",50148415,Avant,1,5,,0,Rosny-Bois-Perrier,71864
71045,12,"Avenue Ernest Renan",50148426,Avant,1,5,,0,"Mairie d'Issy",70990
71091,12,"Place Adolphe Chérioux",50148432,Avant,1,5,,0,"Mairie d'Issy",71075
71370,12,"14 rue du Havre",50148663,Avant,1,5,,0,"Mairie d'Issy",71324
72358,13,"Avenue de Stalingrad",50148703,Avant,1,5,,1,"Saint-Denis - Université",
71370,12,"Rue Saint-Lazare",50148706,Arrière,5,5,,0,"Mairie d'Issy",71324
71311,9,"9 boulevard Saint-Martin",50148720,Avant,1,5,,0,"Pont de Sèvres",73633
72286,13,"20, rue la redoute",50148728,Avant,2,5,Ascenseur,1,"Asnières - Gennevilliers - Les Courtilles",
73621,5,"Boulevard Richard Lenoir",50148761,Avant,1,5,,1,"Place d'Italie",463564
71150,10,"Rue de la Convention",50148786,Avant,1,5,,0,"Boulogne Pont de Saint-Cloud",71166
71350,12,"Rue de Chateaudun",50148806,Arrière,5,5,,1,"Mairie d'Aubervilliers",71366
71591,8,"Boulevard Poniatowski",50148818,Avant,1,5,,0,Balard,71595
71795,3,"Avenue de la République",50148825,Arrière,5,5,,1,"Pont de Levallois - Bécon",71801
73794,4,"Porte du Jour",50148872,Avant,1,6,,1,"Bagneux - Lucie Aubrac",71264
72126,14,"Rue Touzet",50148891,Avant,1,8,,1,"Aéroport d'Orly",71545
71572,14,"Rue Goscinny",50148911,Avant,1,8,Ascenseur,0,"Saint-Denis - Pleyel",71576
70645,14,"av. d'Italie",50149928,Arrière,6,8,Ascenseur,1,"Aéroport d'Orly",70445
70645,14,"av. d'Italie",50149928,Arrière,6,8,Escalator,1,"Aéroport d'Orly",70445
70445,14,"r. Séverine",50149934,Arrière,6,8,Escalier,1,"Aéroport d'Orly",478860
73753,14,"r. du Languedoc",50149939,Avant,3,8,Escalier,1,"Aéroport d'Orly",69677
490779,11,"r. de la Liberté",50210353,Avant,2,5,Escalier,0,Rosny-Bois-Perrier,71947
490779,11,"bd du Gén. Leclerc",50210356,Avant,2,5,Escalier,0,Rosny-Bois-Perrier,71947
71403,2,Villiers,,Arrière,5,5,,0,Nation,71408
71673,9,Nation,,Milieu,3,5,,1,"Mairie de Montreuil",479928
71264,11,Châtelet,,Avant,1,5,,1,Châtelet,
71403,3,Villiers,,Avant,1,5,,0,Gallieni,73617
71139,13,Montparnasse-Bienvenue,,Avant,1,5,,0,"Châtillon - Montrouge",73675
71139,4,Montparnasse-Bienvenue,,Avant,1,6,,0,"Porte de Clignancourt",71184
71311,11,République,,Avant,1,5,,1,Châtelet,71293
71346,9,Miromesnil,,Avant,1,5,,0,"Pont de Sèvres",71334
73788,14,Pyramides,,Arrière,6,8,Ascenseur,0,"Saint-Denis - Pleyel",71324
71545,13,"Porte de Clichy",,Avant,1,5,,0,"Châtillon - Montrouge",73661
71940,7B,Jaurès,,Arrière,2,3,,1,"Louis Blanc",71407
71139,13,Montparnasse-Bienvenue,,Avant,1,5,,0,"Châtillon - Montrouge",73675
71961,2,Stalingrad,,Avant,1,5,,0,Nation,71940
71330,9,Richelieu-Drouot,,Avant,1,5,,1,"Mairie de Montreuil",71326
71324,12,Madeleine,,Avant,1,5,Ascenseur,1,"Mairie d'Aubervilliers",71370
73636,4,Réaumur-Sébastopol,,Arrière,6,6,,1,"Bagneux - Lucie Aubrac",479068
71853,2,Belleville,,Milieu,3,5,,1,"Porte Dauphine",71893
73689,9,"Chaussée d'Antin (La Fayette)",,Arrière,5,5,,1,"Mairie de Montreuil",71330
71298,12,Concorde,,Arrière,5,5,,0,"Mairie d'Issy",73642
71434,2,"Gare du Nord",,Avant,1,5,,1,"Porte Dauphine",71426
71410,5,"Gare du Nord",,Milieu,3,5,Escalator,0,"Bobigny - Pablo Picasso",71961
71410,5,"Gare du Nord",,Avant,1,5,,0,"Bobigny - Pablo Picasso",71961
71787,2,Père-Lachaise,,Arrière,5,5,,0,Nation,71751
71434,2,"Paris Gare du Nord",,Arrière,5,5,,0,Nation,71961
71673,1,Nation,,Arrière,6,6,,1,"La Défense",71654
71347,1,"Charles de Gaulle - Etoile",,Arrière,6,6,,0,"Château de Vincennes",71328
73626,14,"Gare de Lyon",,Avant,1,8,Escalator,1,"Aéroport d'Orly",71607
71511,4,"80 boulevard Barbès",50147760,Arrière,5,6,,0,"Porte de Clignancourt",71556
71511,12,"26 rue Ordener",50147763,Avant,1,5,,1,"Mairie d'Aubervilliers",71510
71511,12,"26 rue Ordener",50147763,Arrière,5,5,,0,"Mairie d'Issy",71521
71359,5,"78 boulevard de Strasbourg",50147774,Arrière,5,5,,1,"Place d'Italie",71322
71410,4,"8 boulevard de Denain",50147781,Arrière,6,6,,1,"Bagneux - Lucie Aubrac",71359
71264,11,"112 rue deRivoli",50147795,Arrière,5,5,,0,Rosny-Bois-Perrier,415852
71264,7,"Rue des Lavandières",50147796,Arrière,5,5,,1,"Villejuif - Louis Aragon",71217
71264,14,"7 avenue Victoria",50147798,Arrière,6,8,Escalator,0,"Saint-Denis - Pleyel",73788
71264,14,"15 avenue Victoria",50147799,Arrière,7,8,,0,"Saint-Denis - Pleyel",73788
71139,12,"2 place Bienvenue",50147834,Milieu,3,5,,0,"Mairie d'Issy",73641
71139,4,"73 boulevard du Montparnasse",50147836,Avant,2,6,,0,"Porte de Clignancourt",71184
71139,4,"59 bis boulevard du Montparnasse",50147839,Milieu,3,6,,1,"Bagneux - Lucie Aubrac",71117
70657,4,"Ernest Reyer (avenue)",50147843,Avant,1,6,,1,"Bagneux - Lucie Aubrac",70586
70657,4,"Avenue Ernest Reyer",50147845,Arrière,6,6,,0,"Porte de Clignancourt",71030
482368,9,"Boulevard Haussmann",50147876,Arrière,5,5,,0,"Pont de Sèvres",73690
71519,3,"Rue Anatole France",50147879,Avant,1,5,,1,"Pont de Levallois - Bécon",72057
72057,3,"Rue Anatole France",50147880,Arrière,5,5,,0,Gallieni,71519
73667,3,"30 Rue Louise Michel",50147883,Avant,1,5,,1,"Pont de Levallois - Bécon",71519
474152,2,"Avenue Bugeaud",50147915,Arrière,5,5,,0,Nation,71315
73634,3,"97 rue Réaumur",50147919,Arrière,5,5,,0,Gallieni,73636
71296,3,"Rue du Temple",50147921,Avant,1,5,,0,Gallieni,71311
71419,2,"68 boulevard Rochechouart",50147929,Avant,1,5,,1,"Porte Dauphine",71409
71435,2,"Terre-plein face au 4 place de Clichy",50147933,Arrière,5,5,,0,Nation,71420
71485,1,"Quartier Bellini",50147944,Arrière,5,6,,1,"La Défense",71517
71379,1,"87 avenue de la Grande Armée",50147958,Avant,1,6,,0,"Château de Vincennes",71348
71379,1,"23-27 avenue Charles de Gaulle",50147960,Arrière,6,6,,0,"Château de Vincennes",71348
73626,1,"Rue de Bercy",50147982,Avant,2,6,,1,"La Défense",463564
73626,1,"Rue de Bercy",50147982,Arrière,5,6,,0,"Château de Vincennes",71654
73626,14,"28 boulevard Diderot",50147985,Milieu,4,8,Ascenseur,1,"Aéroport d'Orly",71607
71297,1,"Place Colette",50147992,Avant,2,6,,0,"Château de Vincennes",73630
71135,5,"Parking SNCF côté arrivée",50148012,Avant,1,5,,0,"Bobigny - Pablo Picasso",71637
71607,14,"Place du Bataillon du Pacifique",50148042,Avant,2,8,,0,"Saint-Denis - Pleyel",73626
71639,6,"46 avenue de Saint-Mandé",50148052,Arrière,5,5,,0,Nation,71673
73695,7,"213 avenue Jean Jaurès",50148069,Avant,1,5,Escalator,0,"La Courneuve - 8 Mai 1945",73696
73695,7,"213 avenue Jean Jaurès",50148069,Arrière,5,5,,1,"Villejuif - Louis Aragon",72460
72031,7,"avenue Corentin Cariou",50148081,Arrière,5,5,,1,"Villejuif - Louis Aragon",72013
72013,7,"Centre Commercial",50148083,Avant,1,5,,0,"La Courneuve - 8 Mai 1945",72031
71961,2,"Bassin de la Villette",50148088,Arrière,4,5,,1,"Porte Dauphine",71434
73689,9,"Haussmann (boulevard, face aux Galeries La Fayette)",50148097,Arrière,5,5,,1,"Mairie de Montreuil",71330
71337,3,"Théâtre National de l'Opéra",50148102,Arrière,5,5,,1,"Pont de Levallois - Bécon",482368
70375,7,"34 avenue de Paris",50148147,Avant,2,5,,1,"Villejuif - Louis Aragon",70248
70248,7,"39-45 Boulevard Maxime Gorky",50148148,Arrière,4,5,,0,"La Courneuve - 8 Mai 1945",70375
70143,7,"Boulevard Maxime Gorky",50148151,Milieu,3,5,,1,"Villejuif - Louis Aragon",
71132,8,"21 place du Commerce",50148166,Avant,2,5,Escalator,0,Balard,71137
71132,8,"21 place du Commerce",50148166,Arrière,5,5,,0,Balard,71137
73622,8,"Place des Vosges",50148189,Avant,1,5,,0,Balard,71777
463564,5,"Opéra Bastille",50148191,Arrière,5,5,,0,"Bobigny - Pablo Picasso",73621
463564,8,"Hôpital des Quinze-Vingts",50148192,Avant,1,5,,0,Balard,73622
71631,8,"68 rue de Reuilly",50148204,Avant,1,5,,0,Balard,71654
70426,8,"147 avenue du Général Leclerc",50148223,Avant,1,5,,1,"Pointe du Lac",70358
70698,9,"quai Alphonse Le Gallo",50148234,Arrière,5,5,,1,"Mairie de Montreuil",71034
71054,9,"Rue des Quatre Cheminées",50148243,Arrière,5,5,,1,"Mairie de Montreuil",71084
71054,9,"2 rue Rieux",50148245,Arrière,5,5,,0,"Pont de Sèvres",71034
71084,9,"Gare routière",50148247,Avant,1,5,,0,"Pont de Sèvres",71054
73657,9,"78 avenue Mozart",50148259,Avant,1,5,,1,"Mairie de Montreuil",71243
71285,9,"Place du Trocadéro",50148268,Avant,1,5,,1,"Mairie de Montreuil",71294
71285,6,"Place du Trocédero",50148269,Arrière,5,5,,1,"Charles de Gaulle - Étoile",71301
71285,6,"Place du Trocadéro",50148273,Arrière,5,5,,1,"Charles de Gaulle - Étoile",71301
71290,9,"Avenue Montaigne",50148277,Arrière,5,5,,0,"Pont de Sèvres",71294
71781,9,"86 boulevard Voltaire",50148308,Avant,1,5,Ascenseur,1,"Mairie de Montreuil",71750
71781,9,"71 boulevard Voltaire",50148310,Arrière,5,5,Ascenseur,0,"Pont de Sèvres",71803
73647,9,"143 boulevard Voltaire",50148322,Arrière,5,5,,1,"Mairie de Montreuil",71694
71785,9,"Place Jean Jaurès",50148345,Arrière,5,5,Ascenseur,1,"Mairie de Montreuil",
71153,10,"55 rue du Cardinal Lemoine",50148355,Avant,1,5,,1,"Gare d'Austerlitz",71148
73639,10,"Place d' Arcadie",50148360,Avant,1,5,,1,"Gare d'Austerlitz",73618
71159,10,"Place Léon-Paul Fargue",50148362,Arrière,5,5,,0,"Boulogne Pont de Saint-Cloud",71157
70721,10,"143 avenue Jean Baptiste Clément",50148386,Arrière,5,5,,0,"Boulogne Pont de Saint-Cloud",
415852,1,"Bazar de l'Hôtel de Ville",50148395,Arrière,6,6,,1,"La Défense",71264
71293,3,"Rue Réaumur",50148401,Arrière,4,5,,0,Gallieni,71296
71045,12,"73 boulevard Victor",50148428,Avant,1,5,,0,"Mairie d'Issy",70990
71075,12,"337 rue de Vaugirard",50148430,Arrière,4,5,,1,"Mairie d'Aubervilliers",71091
71298,1,"Jardin des Tuileries",50148452,Arrière,6,6,,0,"Château de Vincennes",71284
71432,12,"Place des Abbesses",50148461,Avant,1,5,,0,"Mairie d'Issy",71409
72064,12,"100 rue de la Chapelle",50148466,Arrière,5,5,,0,"Mairie d'Issy",71510
71006,13,"8-10 boulevard Brune",50148473,Avant,1,5,,0,"Châtillon - Montrouge",73766
71528,13,"204 rue Legendre",50148499,Avant,1,5,,1,"Saint-Denis - Université",72078
72078,13,"153 avenue de Saint-Ouen",50148501,Avant,1,5,,1,"Saint-Denis - Université",72128
71545,14,"2 avenue de la Porte de Clichy",50148514,Arrière,6,8,Escalator,0,"Saint-Denis - Pleyel",72126
71545,14,"2 avenue de la Porte de Clichy",50148514,Arrière,8,8,Ascenseur,0,"Saint-Denis - Pleyel",72126
72203,13,"Gare routière",50148522,Arrière,4,5,,1,"Asnières - Gennevilliers - Les Courtilles",72240
72203,13,"19 rue des Bas",50148525,Arrière,4,5,,1,"Asnières - Gennevilliers - Les Courtilles",72240
71347,6,"Avenue Foch",50148551,Milieu,3,5,,1,"Charles de Gaulle - Étoile",
71370,13,"14 rue du Havre",50148663,Avant,1,5,,1,"Asnières - Gennevilliers - Les Courtilles",71382
71370,12,"14 rue du Havre",50148663,Arrière,5,5,,1,"Mairie d'Aubervilliers",71355
70522,8,"Musée Fragonard",50148695,Avant,2,5,,0,Balard,70648
71324,14,"Face au 20 place de la Madeleine",50148699,Avant,1,8,Ascenseur,0,"Saint-Denis - Pleyel",71370
72358,13,"Avenue de Stalingrad",50148703,Milieu,3,5,Ascenseur,1,"Saint-Denis - Université",
71311,9,"2 place de la République",50148716,Avant,1,5,,1,"Mairie de Montreuil",71803
71311,11,"2 place de la République",50148716,Avant,2,5,,1,Châtelet,71293
71311,11,"1 Rue Rene Boulanger",50148719,Avant,1,5,,1,Châtelet,71293
71311,8,"1 Rue Rene Boulanger",50148719,Avant,1,5,,0,Balard,73633
71311,9,"1 Rue Rene Boulanger",50148719,Arrière,5,5,,1,"Mairie de Montreuil",71803
72326,13,"Place du Cacquet",50148723,Milieu,3,5,,0,"Châtillon - Montrouge",72285
72240,13,"Angle rue Dupont et rue Pierre de Coubertin",50148726,Arrière,4,5,Escalator,0,"Châtillon - Montrouge",72203
73619,10,"Rue Saint-Jacques",50148769,Arrière,4,5,,0,"Boulogne Pont de Saint-Cloud",73618
70990,12,"Rue Ernest Renan",50148770,Arrière,5,5,,1,"Mairie d'Aubervilliers",71045
71940,5,"Boulevard de la Villette",50148784,Avant,1,5,,1,"Place d'Italie",71961
71940,5,"Boulevard de la Villette",50148785,Arrière,5,5,,0,"Bobigny - Pablo Picasso",71957
71595,8,"Avenue Daumesnil",50148802,Milieu,3,5,Escalator,1,"Pointe du Lac",71591
71330,8,"1 Boulevard Haussmann",50148861,Arrière,4,5,,0,Balard,71337
73794,4,"Porte du Louvre",50148873,Avant,1,6,,0,"Porte de Clignancourt",479068
71545,13,"av du Cimetière des Batignolles",50148894,Avant,2,5,,1,"Asnières - Gennevilliers - Les Courtilles",72118
71947,11,"r. Carnot",50149890,Arrière,4,5,Escalator,1,Châtelet,490779
70645,14,"r. Bourgon",50149932,Arrière,6,8,Escalator,0,"Saint-Denis - Pleyel",71557
490784,14,"19 rue Pleyel",50149983,Milieu,5,8,Ascenseur,0,"Saint-Denis - Pleyel",
490784,14,"27 rue Pleyel",50149985,Milieu,5,8,Escalator,0,"Saint-Denis - Pleyel",
490784,14,"27 rue Pleyel",50149985,Milieu,5,8,Ascenseur,0,"Saint-Denis - Pleyel",
490784,14,"Place de Etoiles",50149986,Arrière,6,8,Ascenseur,0,"Saint-Denis - Pleyel",
73633,4,Strasbourg-Saint-Denis,,Milieu,3,6,,0,"Porte de Clignancourt",71333
71885,7B,"Place des Fêtes",,Arrière,3,3,,0,Pré-Saint-Gervais,71911
71264,11,Châtelet,,Avant,1,5,,1,Châtelet,
71370,14,Saint-Lazare,,Milieu,5,8,Escalator,0,"Saint-Denis - Pleyel",71475
71203,10,Sèvres-Babylone,,Arrière,5,5,,0,"Boulogne Pont de Saint-Cloud",71170
71511,4,Marcadet-Poissonniers,,Arrière,6,6,,1,"Bagneux - Lucie Aubrac",71469
71673,1,Nation,,Milieu,3,6,,0,"Château de Vincennes",71663
71264,11,Châtelet,,Arrière,4,5,,0,Rosny-Bois-Perrier,415852
71426,4,Barbès-Rochechouart,,Milieu,3,6,Escalator,0,"Porte de Clignancourt",71469
71426,2,Barbès-Rochechouart,,Arrière,4,5,,0,Nation,71434
71337,3,Opéra,,Avant,1,5,,0,Gallieni,71313
71410,5,Magenta,,Milieu,3,5,,1,"Place d'Italie",71359
71125,12,Pasteur,,Arrière,5,5,,0,"Mairie d'Issy",71113
71370,13,Saint-Lazare,,Avant,1,5,Escalator,0,"Châtillon - Montrouge",71346
71139,13,Montparnasse-Bienvenue,,Avant,1,5,,0,"Châtillon - Montrouge",73675
73618,10,Odéon,,Arrière,5,5,,1,"Gare d'Austerlitz",73619
71961,7,Stalingrad,,Arrière,5,5,,0,"La Courneuve - 8 Mai 1945",71977
71033,6,"Place d'Italie",,Milieu,3,5,,0,Nation,71043
71324,14,Madeleine,,Avant,3,8,,1,"Aéroport d'Orly",73788
71324,8,Madeleine,,Milieu,3,5,,1,"Pointe du Lac",71337
71264,4,Châtelet,,Avant,1,6,,1,"Bagneux - Lucie Aubrac",71223
71409,2,Pigalle,,Avant,1,5,,1,"Porte Dauphine",71420
71199,10,"La Motte-Picquet-Grenelle",,Arrière,5,5,,1,"Gare d'Austerlitz",71157
71337,3,Opéra,,Milieu,3,5,,1,"Pont de Levallois - Bécon",482368
71410,5,"Paris Gare du Nord",,Milieu,3,5,Escalator,1,"Place d'Italie",71359
71322,5,"19 boulevard de Magenta",50147739,Arrière,5,5,,0,"Bobigny - Pablo Picasso",71359
71989,5,"Avenue Jean Jaurès",50147758,Arrière,5,5,,1,"Place d'Italie",71972
71359,5,"Rue du Faubourg Saint-Martin",50147777,Avant,2,5,,1,"Place d'Italie",71322
71426,4,"2 Bd de Rochechouart",50147784,Avant,2,6,,1,"Bagneux - Lucie Aubrac",71410
71469,4,"48 Place du Château Rouge",50147788,Arrière,6,6,,1,"Bagneux - Lucie Aubrac",71426
71469,4,"48 Place du Château Rouge",50147788,Avant,1,6,,0,"Porte de Clignancourt",71511
71264,4,"55 rue de Rivoli",50147794,Avant,1,6,,1,"Bagneux - Lucie Aubrac",71223
71264,1,"Rue des Lavandières",50147796,Arrière,6,6,,1,"La Défense",73630
71264,14,"7 avenue Victoria",50147798,Avant,3,8,Escalator,1,"Aéroport d'Orly",73626
73794,4,"Place Carrée, Forum des Halles)",50147804,Avant,1,6,,0,"Porte de Clignancourt",479068
73618,4,"93 boulevard Saint-Germain",50147807,Arrière,6,6,Escalator,1,"Bagneux - Lucie Aubrac",71216
73633,4,"13 boulevard Saint-Denis",50147824,Avant,1,6,,1,"Bagneux - Lucie Aubrac",73636
73633,9,"10 boulevard Bonne Nouvelle",50147827,Arrière,5,5,,1,"Mairie de Montreuil",71311
71139,12,"2 place Bienvenue",50147834,Arrière,5,5,,1,"Mairie d'Aubervilliers",71138
71139,6,"2 place Bienvenue",50147834,Avant,1,5,,0,Nation,71108
71403,3,"1 boulevard de Courcelles",50147864,Arrière,5,5,,1,"Pont de Levallois - Bécon",71416
71370,14,"Place Gabriel Péri",50147867,Arrière,7,8,,0,"Saint-Denis - Pleyel",71475
71370,14,"Place Gabriel Péri",50147867,Arrière,6,8,,1,"Aéroport d'Orly",71324
71370,13,"Rue de l' Arcade",50147868,Milieu,3,5,,1,"Asnières - Gennevilliers - Les Courtilles",71382
482368,3,"Boulevard Haussmann",50147876,Avant,2,5,,0,Gallieni,71337
71808,3,"Avenue Gambetta",50147894,Avant,1,5,,1,"Pont de Levallois - Bécon",71787
73634,3,"97 rue Réaumur",50147919,Avant,1,5,,1,"Pont de Levallois - Bécon",73635
71347,1,"Place Charles de Gaulle",50147977,Arrière,5,6,,0,"Château de Vincennes",71328
73626,1,"25 boulevard Diderot",50147981,Milieu,3,6,,0,"Château de Vincennes",71654
73626,1,"28 boulevard Diderot",50147985,Arrière,6,6,,1,"La Défense",463564
71199,6,"Face au 130-113 boulevard de Grenelle",50148030,Arrière,5,5,,0,Nation,71167
71100,7,"96 rue Monge",50148117,Avant,1,5,,0,"La Courneuve - 8 Mai 1945",71133
70452,7,"81 avenue de Fontainebleau",50148144,Milieu,3,5,,1,"Villejuif - Louis Aragon",70375
71137,8,"24 Place Félix Faure",50148162,Avant,1,5,,1,"Pointe du Lac",71132
73622,8,"Place des Vosges",50148189,Arrière,5,5,,1,"Pointe du Lac",463564
463564,8,"Opéra Bastille",50148191,Arrière,5,5,,1,"Pointe du Lac",71693
463564,5,"Opéra Bastille",50148191,Avant,1,5,,1,"Place d'Italie",71637
71595,8,"253 avenue  Daumesnil",50148205,Avant,1,5,,1,"Pointe du Lac",71591
71034,9,"88 bis avenue du Général Leclerc",50148239,Arrière,5,5,,1,"Mairie de Montreuil",71054
71084,9,"Avenue Georges Lafont",50148248,Arrière,5,5,,1,"Mairie de Montreuil",71124
73657,9,"85 avenue Mozart",50148260,Arrière,5,5,,0,"Pont de Sèvres",71206
71326,9,"27 boulevard Poissonnière",50148301,Avant,1,5,Escalator,0,"Pont de Sèvres",71330
73647,9,"169 boulevard Voltaire",50148318,Avant,1,5,,1,"Mairie de Montreuil",71694
71199,10,"25 rue de Pondichéry",50148369,Arrière,5,5,,1,"Gare d'Austerlitz",71157
415852,1,"9 place de l'Hôtel de Ville",50148394,Avant,1,6,,1,"La Défense",71264
71293,3,"48 rue Turbigo",50148400,Arrière,5,5,,1,"Pont de Levallois - Bécon",73636
71293,11,"Rue Réaumur",50148401,Arrière,5,5,,0,Rosny-Bois-Perrier,71311
70671,12,"Rue du Général Leclerc",50148422,Avant,1,5,,1,"Mairie d'Aubervilliers",70990
71091,12,"Square de Vergenne",50148434,Arrière,5,5,,1,"Mairie d'Aubervilliers",71113
71113,12,"25 rue des Volontaires",50148436,Avant,1,5,,1,"Mairie d'Aubervilliers",71125
71203,10,"Rue Velpeau",50148443,Avant,1,5,,0,"Boulogne Pont de Saint-Cloud",71170
71270,12,"Rue de Bellechasse",50148447,Arrière,5,5,,0,"Mairie d'Issy",71227
71355,12,"2 place d'Estienne d'Orves",50148454,Arrière,5,5,,0,"Mairie d'Issy",71370
73766,13,"r. Jean Bleuzen",50148471,Milieu,3,5,,0,"Châtillon - Montrouge",70562
71370,3,"Galeries marchandes - Gare Saint-Lazare",50148489,Milieu,3,5,,0,Gallieni,482368
71370,14,"Galeries marchandes - Gare Saint-Lazare",50148490,Arrière,6,8,,1,"Aéroport d'Orly",71324
72285,13,"Stade de France",50148509,Avant,1,5,Ascenseur,0,"Châtillon - Montrouge",72217
71545,14,"2 avenue de la Porte de Clichy",50148514,Arrière,8,8,Escalator,1,"Aéroport d'Orly",71475
72203,13,"Gare routière",50148523,Avant,2,5,Escalator,1,"Asnières - Gennevilliers - Les Courtilles",72240
71347,1,"2 avenue de la Grande Armée",50148549,Arrière,5,6,,0,"Château de Vincennes",71328
71347,6,"Avenue Foch",50148551,Avant,1,5,,1,"Charles de Gaulle - Étoile",
71347,6,"6 avenue Carnot",50148553,Avant,1,5,,1,"Charles de Gaulle - Étoile",
73788,7,"Face au 13 avenue de l'Opera",50148700,Arrière,5,5,,0,"La Courneuve - 8 Mai 1945",71337
71311,3,"13 place de  la République",50148721,Milieu,3,5,,0,Gallieni,71801
72240,13,"Angle rue des Bas et Rue Louis Calmel",50148727,Avant,1,5,Escalator,1,"Asnières - Gennevilliers - Les Courtilles",72286
74041,12,"Angle de la rue Léon Blum et de l'Avenue George Sand",50148737,Avant,2,5,,0,"Mairie d'Issy",72064
70657,4,"121 avenue du Général Leclerc",50148745,Avant,1,6,,1,"Bagneux - Lucie Aubrac",70586
71199,8,"Boulevard de Grenelle",50148790,Avant,1,5,,0,Balard,71132
71199,6,"Boulevard de Grenelle",50148790,Arrière,5,5,,0,Nation,71167
71453,3,"Square Albert Besnard",50148811,Arrière,5,5,,0,Gallieni,71423
71039,13,"Rue Raymond Losserand",50148813,Avant,1,5,,1,"Asnières - Gennevilliers - Les Courtilles",412687
71270,12,"Rue de Solférino",50148829,Avant,1,5,,1,"Mairie d'Aubervilliers",73642
71517,1,"Parvis de la Défense",50148844,Avant,1,6,Ascenseur,1,"La Défense",
70269,8,"Voie Félix Eboué",50148853,Arrière,5,5,,1,"Pointe du Lac",70172
70248,7,"Boulevard Maxime Gorky",50148864,Arrière,4,5,Escalator,1,"Villejuif - Louis Aragon",70143
73794,4,"Porte Saint-Eustache",50148871,Milieu,3,6,Escalator,0,"Porte de Clignancourt",479068
478883,4,"Rue Belliard",50148877,Arrière,6,6,,1,"Bagneux - Lucie Aubrac",71556
72126,14,"Rue Dora Maar",50148887,Avant,1,8,Ascenseur,0,"Saint-Denis - Pleyel",72168
72126,14,"Rue Pierre Dreyfus",50148890,Avant,1,8,,1,"Aéroport d'Orly",71545
71545,14,"av de Clichy",50148897,Avant,1,8,Ascenseur,1,"Aéroport d'Orly",71475
71572,14,"Bibliothèque François Mitterrand",50148909,Milieu,5,8,Escalator,0,"Saint-Denis - Pleyel",71576
72491,12,"rue de la Commune",50149329,Avant,1,5,,1,"Mairie d'Aubervilliers",72524
490779,11,"r. de la Liberté",50149886,Arrière,5,5,Ascenseur,0,Rosny-Bois-Perrier,71947
71947,11,"place Carnot",50149888,Avant,1,5,Ascenseur,1,Châtelet,490779
71947,11,"r. Carnot",50149890,Arrière,5,5,Ascenseur,0,Rosny-Bois-Perrier,71897
490782,11,"bd de la Boissière",50149895,Arrière,4,5,Escalator,0,Rosny-Bois-Perrier,490783
490782,11,"r. de la Dhuys",50149896,Arrière,4,5,Escalier,1,Châtelet,71897
426280,11,"Entrée / Sortie",50149898,Avant,2,5,Escalator,1,Châtelet,490783
70645,14,"av. d'Italie",50149928,Arrière,7,8,Escalator,0,"Saint-Denis - Pleyel",71557
70645,14,"r. Bourgon",50149932,Avant,2,8,Escalier,1,"Aéroport d'Orly",70445
70445,14,"r. Séverine",50149934,Arrière,7,8,Escalier,1,"Aéroport d'Orly",478860
69974,14,"ZAC Lallier",50149936,Arrière,7,8,Escalier,1,"Aéroport d'Orly",73753
69974,14,"ZAC Lallier",50149936,Arrière,6,8,Escalier,1,"Aéroport d'Orly",73753
73753,14,"r. des Routiers",50149938,Arrière,6,8,Escalier,1,"Aéroport d'Orly",69677
490784,14,"23 rue Pleyel",50149984,Milieu,4,8,Ascenseur,1,"Aéroport d'Orly",72168
490779,11,"r. de la Liberté",50210357,Arrière,5,5,Escalier,1,Châtelet,71909
63284,14,"Orly 1-2-3",50210360,Avant,1,8,Escalier,1,"Aéroport d'Orly",
71803,5,"20 rue de Crussol",50148304,Avant,1,5,,0,"Bobigny - Pablo Picasso",71311
71803,9,"18 boulevard Voltaire",50148306,Arrière,5,5,,1,"Mairie de Montreuil",71781
71710,9,"65 boulevard Davout",50148334,Avant,1,5,,0,"Pont de Sèvres",71703
72168,13,"10 place de la République",50148507,Arrière,5,5,,1,"Saint-Denis - Université",72217
72118,13,"61 rue Martre",50148518,Avant,1,5,,0,"Châtillon - Montrouge",71545
415852,1,"Rue de Rivoli",50148847,Arrière,6,6,,0,"Château de Vincennes",71222
71572,14,"Rue Goscinny",50148911,Arrière,8,8,Ascenseur,1,"Aéroport d'Orly",71557
72491,12,"rue de la Commune",50149328,Avant,2,5,Escalator,0,"Mairie d'Issy",74041
71947,11,"r. Carnot",50149890,Avant,1,5,Escalier,1,Châtelet,490779
71897,11,"r. des Saules Clouet",50149893,Arrière,5,5,Ascenseur,0,Rosny-Bois-Perrier,490782
70445,14,"r. Séverine",50149934,Milieu,5,8,Escalator,0,"Saint-Denis - Pleyel",70645
71370,3,Saint-Augustin,,Avant,1,5,,1,"Pont de Levallois - Bécon",73617
71673,2,Nation,,Milieu,3,5,,0,Nation,
71320,8,"Bonne Nouvelle",,Avant,1,5,,0,Balard,71326
71808,3B,Gambetta,,Avant,1,3,,1,Gambetta,
71370,13,Saint-Lazare,,Avant,1,5,,0,"Châtillon - Montrouge",71346
71293,11,Arts-et-Métiers,,Arrière,4,5,,0,Rosny-Bois-Perrier,71311
71318,9,Franklin-Roosevelt,,Avant,1,5,,0,"Pont de Sèvres",71290
71318,9,Franklin-Roosevelt,,Milieu,3,5,,0,"Pont de Sèvres",71290
71264,1,Châtelet,,Avant,1,6,,0,"Château de Vincennes",415852
71654,1,Reuilly-Diderot,,Avant,1,6,,0,"Château de Vincennes",71673
71409,12,Pigalle,,Avant,1,5,,0,"Mairie d'Issy",71366
73633,4,Strasbourg-Saint-Denis,,Milieu,3,6,,0,"Porte de Clignancourt",71333
71159,10,Duroc,,Arrière,5,5,,0,"Boulogne Pont de Saint-Cloud",71157
71264,1,Châtelet,,Arrière,6,6,,1,"La Défense",73630
71033,5,"Place d'Italie",,Avant,1,5,,1,"Place d'Italie",
71359,5,"Gare de l'Est (Verdun)",,Arrière,5,5,,1,"Place d'Italie",71322
71135,5,"Gare d'Austerlitz",,Arrière,5,5,,1,"Place d'Italie",71092
71346,13,Miromesnil,,Milieu,3,5,,1,"Asnières - Gennevilliers - Les Courtilles",71370
71311,3,République,,Arrière,5,5,,0,Gallieni,71801
71311,5,République,,Milieu,3,5,,0,"Bobigny - Pablo Picasso",71322
71311,11,République,,Avant,1,5,,1,Châtelet,71293
73690,9,Saint-Lazare,,Avant,1,5,,1,"Mairie de Montreuil",482368
71370,14,Saint-Lazare,,Milieu,5,8,Escalator,0,"Saint-Denis - Pleyel",71475
73690,9,Saint-Lazare,,Avant,1,5,,1,"Mairie de Montreuil",482368
71511,4,Marcadet-Poissonniers,,Avant,1,6,,0,"Porte de Clignancourt",71556
71305,1,Champs-Elysées-Clémenceau,,Milieu,3,6,,1,"La Défense",71318
71347,2,"Charles de Gaulle-Etoile",,Milieu,3,5,,0,Nation,71367
71326,8,"Grands Boulevards",,Arrière,5,5,,1,"Pointe du Lac",71320
71264,4,Châtelet,,Arrière,6,6,,0,"Porte de Clignancourt",73794
71324,12,Madeleine,,Avant,1,5,,1,"Mairie d'Aubervilliers",71370
71148,7,Jussieu,,Milieu,3,5,,0,"La Courneuve - 8 Mai 1945",71201
71324,14,Madeleine,,Avant,1,8,Ascenseur,0,"Saint-Denis - Pleyel",71370
71159,10,Duroc,,Avant,1,5,,1,"Gare d'Austerlitz",71170
71159,13,Duroc,,Arrière,5,5,,1,"Asnières - Gennevilliers - Les Courtilles",71204
71426,4,Barbès-Rochechouart,,Milieu,3,6,,0,"Porte de Clignancourt",71469
71607,14,Bercy,,Avant,3,8,,1,"Aéroport d'Orly",71576
71607,6,Bercy,,Avant,1,5,,1,"Charles de Gaulle - Étoile",71597
73689,9,"Chaussée d'Antin (La Fayette)",,Avant,1,5,,0,"Pont de Sèvres",482368
71264,7,Châtelet,,Arrière,5,5,,1,"Villejuif - Louis Aragon",71217
71435,13,"Place de Clichy",,Avant,1,5,,0,"Châtillon - Montrouge",71382
73633,8,Strasbourg-Saint-Denis,,Avant,1,5,,1,"Pointe du Lac",71311
71370,13,Saint-Augustin,,Arrière,5,5,,1,"Asnières - Gennevilliers - Les Courtilles",71382
71370,13,Saint-Augustin,,Avant,1,5,,0,"Châtillon - Montrouge",71346
73633,4,Strasbourg-Saint-Denis,,Milieu,3,6,,1,"Bagneux - Lucie Aubrac",73636
71434,2,"Paris Gare du Nord",,Avant,1,5,,1,"Porte Dauphine",71426
71434,2,"Paris Gare du Nord",,Arrière,5,5,,0,Nation,71961
71434,2,"Paris Gare du Nord",,Avant,1,5,,1,"Porte Dauphine",71426
71673,9,Nation,,Milieu,3,5,,1,"Mairie de Montreuil",479928
71673,9,Nation,,Milieu,3,5,,0,"Pont de Sèvres",71694
71347,6,"Charles de Gaulle - Etoile",,Avant,1,5,,0,Nation,73656
71347,2,"Charles de Gaulle - Etoile",,Milieu,3,5,,0,Nation,71367
482368,9,Auber,,Arrière,5,5,,1,"Mairie de Montreuil",73689
71972,5,"148 avenue Jean Jaurès",50147732,Arrière,5,5,,1,"Place d'Italie",71957
71957,5,"av. Jean Jaurès",50147735,Arrière,5,5,,1,"Place d'Italie",71940
71637,5,"Quai de la Rapée",50147744,Avant,1,5,,1,"Place d'Italie",71135
72039,5,"280 avenue Jean Lolive",50147749,Avant,2,5,,0,"Bobigny - Pablo Picasso",72486
71989,5,"194 avenue Jean Jaurès",50147759,Arrière,5,5,,0,"Bobigny - Pablo Picasso",72004
71511,4,"69 boulevard Barbès",50147761,Avant,1,6,,0,"Porte de Clignancourt",71556
72486,5,"Gare routière Bus 173-354-615B",50147771,Arrière,5,5,,1,"Place d'Italie",72039
71359,4,"78 boulevard de Strasbourg",50147774,Arrière,6,6,,0,"Porte de Clignancourt",71410
71359,7,"SNCF Gare de l'Est",50147776,Milieu,3,5,,1,"Villejuif - Louis Aragon",71363
71216,4,"147 boulevard Saint-Germain",50147789,Arrière,6,6,,0,"Porte de Clignancourt",73618
71264,4,"Rue de la Lingerie",50147790,Milieu,4,6,,1,"Bagneux - Lucie Aubrac",71223
71264,7,"63 - 65 rue de Rivoli",50147791,Avant,1,5,,0,"La Courneuve - 8 Mai 1945",71253
71264,14,"63 - 65 rue de Rivoli",50147791,Avant,2,8,,1,"Aéroport d'Orly",73626
71264,11,"8 place Sainte-Opportune",50147793,Avant,1,5,,1,Châtelet,
71264,1,"8 place Sainte-Opportune",50147793,Arrière,6,6,,1,"La Défense",73630
71264,7,"112 rue deRivoli",50147795,Avant,1,5,,0,"La Courneuve - 8 Mai 1945",71253
71264,4,"Place du Châtelet",50147797,Arrière,6,6,,0,"Porte de Clignancourt",73794
71264,11,"7 avenue Victoria",50147798,Arrière,5,5,,0,Rosny-Bois-Perrier,415852
71264,14,"15 avenue Victoria",50147799,Avant,3,8,Escalator,1,"Aéroport d'Orly",73626
71264,7,"15 avenue Victoria",50147799,Avant,1,5,,0,"La Courneuve - 8 Mai 1945",71253
73620,4,"9 Place Saint-Michel",50147810,Arrière,6,6,,1,"Bagneux - Lucie Aubrac",73618
73636,3,"68 rue Réaumur",50147818,Avant,1,5,,0,Gallieni,71293
71117,4,"106 boulevard du Montparnasse",50147829,Avant,2,6,,1,"Bagneux - Lucie Aubrac",71088
71139,13,"Maine Montparnasse",50147832,Arrière,5,5,,1,"Asnières - Gennevilliers - Les Courtilles",71159
71139,13,"59 bis boulevard du Montparnasse",50147839,Avant,2,5,,0,"Châtillon - Montrouge",73675
71088,6,"Boulevard Edgard Quinet",50147856,Arrière,5,5,,0,Nation,71056
71370,14,"Rue de l' Arcade",50147868,Arrière,6,8,,1,"Aéroport d'Orly",71324
71370,14,"Cour de Rome",50147869,Avant,3,8,,0,"Saint-Denis - Pleyel",71475
71370,14,"Gare SNCF",50147870,Avant,2,8,,1,"Aéroport d'Orly",71324
71370,14,"Gare SNCF",50147870,Milieu,5,8,Ascenseur,0,"Saint-Denis - Pleyel",71475
71799,3,"Rue de la Py",50147897,Arrière,5,5,,0,Gallieni,71817
474152,2,"Avenue Bugeaud",50147914,Arrière,5,5,,0,Nation,71315
73635,3,"Palais Brongniart",50147917,Avant,1,5,,1,"Pont de Levallois - Bécon",71313
425779,1,"85 avenue Charles de Gaulle",50147963,Avant,1,6,,0,"Château de Vincennes",71379
71284,1,"206 rue de Rivoli",50147967,Avant,1,6,,0,"Château de Vincennes",71297
71298,12,"6 place de la Concorde",50147969,Avant,2,5,,1,"Mairie d'Aubervilliers",71324
71298,12,"Place de la Concorde",50147970,Arrière,4,5,,0,"Mairie d'Issy",73642
71347,2,"Avenue de Friedland",50147978,Milieu,3,5,,0,Nation,71367
73626,1,"25 boulevard Diderot",50147981,Milieu,4,6,,1,"La Défense",463564
71092,5,"La Pitié-Salpêtrière",50148014,Avant,1,5,,0,"Bobigny - Pablo Picasso",71135
71607,14,"Place du Bataillon du Pacifique",50148042,Avant,3,8,Escalator,0,"Saint-Denis - Pleyel",73626
73696,7,"Place du 8 Mai 1945",50148065,Avant,2,5,,0,"La Courneuve - 8 Mai 1945",
72013,7,"Impasse de Joinville",50148082,Avant,1,5,,0,"La Courneuve - 8 Mai 1945",72031
70645,7,"129 avenue d' Italie",50148126,Arrière,4,5,,0,"La Courneuve - 8 Mai 1945",71001
71224,8,"36 avenue de la Motte Picquet",50148167,Arrière,4,5,Escalator,0,Balard,71199
71242,8,"131 rue de Grenelle",50148170,Arrière,5,5,,0,Balard,71224
463564,5,"Hôpital des Quinze-Vingts",50148192,Avant,1,5,,0,"Bobigny - Pablo Picasso",73621
74001,8,"31 rue de Chaligny",50148199,Arrière,5,5,,0,Balard,71693
71579,8,"25 Boulevard Poniatowsky",50148213,Arrière,5,5,,0,Balard,71591
71292,9,"56 avenue Georges Mandel",50148265,Arrière,5,5,,1,"Mairie de Montreuil",71285
71285,6,"Place du Trocadéro",50148272,Avant,1,5,,0,Nation,71237
71326,8,"Musée Grévin",50148298,Arrière,5,5,,1,"Pointe du Lac",71320
71326,9,"32 boulevard Poissonnière",50148299,Avant,1,5,Escalator,0,"Pont de Sèvres",71330
71710,9,"1 avenue de la Porte de Montreuil",50148335,Avant,1,5,,0,"Pont de Sèvres",71703
71756,9,"Place Jacques Duclos",50148342,Avant,1,5,,1,"Mairie de Montreuil",71785
71199,8,"67 avenue de la Motte-Picquet",50148368,Arrière,5,5,,1,"Pointe du Lac",71224
71311,9,"1 rue René Boulanger",50148406,Avant,1,5,,1,"Mairie de Montreuil",71803
71840,11,"150 avenue Parmentier",50148410,Arrière,5,5,,1,Châtelet,71311
71075,12,"316 rue de Vaugirard",50148431,Milieu,3,5,Escalator,0,"Mairie d'Issy",71045
73642,12,"233 boulevard Saint-Germain",50148451,Avant,1,5,,1,"Mairie d'Aubervilliers",71298
71350,12,"1 rue Bourdaloue",50148456,Avant,1,5,,1,"Mairie d'Aubervilliers",71366
71039,13,"207 rue d' Alésia",50148478,Avant,1,5,,1,"Asnières - Gennevilliers - Les Courtilles",412687
71370,14,"Galeries marchandes - Gare Saint-Lazare",50148489,Arrière,6,8,,1,"Aéroport d'Orly",71324
71370,13,"2 rue d'Amsterdam",50148491,Avant,1,5,,0,"Châtillon - Montrouge",71346
71370,14,"95 rue Saint-Lazare",50148494,Arrière,6,8,,1,"Aéroport d'Orly",71324
71474,13,"66 avenue de Clichy",50148496,Avant,1,5,,1,"Asnières - Gennevilliers - Les Courtilles",73661
72203,13,"19 rue des Bas",50148525,Avant,2,5,,0,"Châtillon - Montrouge",72118
71347,6,"1 avenue de la Grande Armée",50148550,Avant,1,5,,0,Nation,73656
73626,1,"203 rue Bercy",50148559,Milieu,3,6,,0,"Château de Vincennes",71654
73788,7,"19 av de l'Opéra",50148649,Avant,1,5,,0,"La Courneuve - 8 Mai 1945",71337
73626,14,"Place Louis Armand",50148653,Milieu,4,8,Ascenseur,1,"Aéroport d'Orly",71607
71889,11,"Boulevard Sérurier",50148656,Arrière,4,5,,0,Rosny-Bois-Perrier,71909
71889,3B,"Rue de Belleville",50148657,Avant,1,3,,0,"Porte des Lilas",
71370,14,"14 rue du Havre",50148663,Milieu,5,8,Ascenseur,0,"Saint-Denis - Pleyel",71475
71370,3,"14 rue du Havre",50148663,Milieu,3,5,,0,Gallieni,482368
70522,8,"17 avenue du General Leclerc",50148693,Avant,2,5,,1,"Pointe du Lac",70426
71370,14,"Rue Saint-Lazare",50148706,Avant,2,8,,1,"Aéroport d'Orly",71324
71311,3,"2 place de la République",50148716,Milieu,3,5,,0,Gallieni,71801
74041,12,"Place du Front Populaire",50148736,Arrière,4,5,,0,"Mairie d'Issy",72064
74041,12,"Place du Front Populaire",50148736,Arrière,4,5,,1,"Mairie d'Aubervilliers",72491
71485,1,"Quartier Saisons",50148776,Milieu,4,6,,1,"La Défense",71517
73667,3,"Rue Anatole France",50148798,Avant,1,5,,1,"Pont de Levallois - Bécon",71519
71453,3,"Square Albert Besnard",50148811,Avant,1,5,Escalator,1,"Pont de Levallois - Bécon",71450
73788,7,"Rue de l'Echelle",50148820,Avant,1,5,,1,"Villejuif - Louis Aragon",71297
73648,5,"Boulevard Richar Lenoir",50148823,Arrière,5,5,,0,"Bobigny - Pablo Picasso",71803
70269,8,"Voie Félix Eboué",50148853,Avant,1,5,,0,Balard,70358
73794,4,"Porte du Louvre",50148873,Milieu,4,6,Escalator,1,"Bagneux - Lucie Aubrac",71264
71545,13,"Rue André Suarez",50148895,Arrière,5,5,,0,"Châtillon - Montrouge",73661
71545,14,"Rue André Suarez",50148895,Avant,3,8,Escalator,1,"Aéroport d'Orly",71475
71545,14,"av de Clichy",50148897,Milieu,5,8,,1,"Aéroport d'Orly",71475
71947,11,"bd Henri Barbusse",50149889,Arrière,4,5,Escalator,1,Châtelet,490779
70645,14,"av. d'Italie",50149928,Avant,2,8,Escalier,0,"Saint-Denis - Pleyel",71557
70645,14,"r. du Tage",50149929,Avant,2,8,Escalier,0,"Saint-Denis - Pleyel",71557
69974,14,"r. de Bicêtre",50149935,Arrière,6,8,Escalier,0,"Saint-Denis - Pleyel",478860
490784,14,"27 rue Pleyel",50149985,Avant,1,8,Escalator,0,"Saint-Denis - Pleyel",
71088,6,Raspail,,Avant,1,5,,1,"Charles de Gaulle - Étoile",71108
71311,3,République,,Avant,1,5,,1,"Pont de Levallois - Bécon",71296
71370,3,Saint-Lazare,,Arrière,5,5,,0,Gallieni,482368
71370,14,Saint-Lazare,,Avant,3,8,,0,"Saint-Denis - Pleyel",71475
71359,7,"Gare de l'Est (Verdun)",,Avant,1,5,,1,"Villejuif - Louis Aragon",71363
71135,10,"Gare d'Austerlitz",,Arrière,4,5,Escalator,1,"Gare d'Austerlitz",
71330,8,Richelieu-Drouot,,Arrière,5,5,,1,"Pointe du Lac",71326
71347,1,"Charles de Gaulle-Etoile",,Milieu,3,6,,1,"La Défense",71348
415852,1,"Hôtel de Ville",,Avant,1,6,,0,"Château de Vincennes",71222
71264,11,Châtelet,,Arrière,4,5,,0,Rosny-Bois-Perrier,415852
482368,3,Havre-Caumartin,,Avant,1,5,,1,"Pont de Levallois - Bécon",71370
71435,13,"Place de Clichy",,Arrière,5,5,,1,"Asnières - Gennevilliers - Les Courtilles",71474
71410,5,"Paris Gare du Nord",,Milieu,3,5,,1,"Place d'Italie",71359
71410,5,"Paris Gare du Nord",,Milieu,3,5,,1,"Place d'Italie",71359
71410,5,"Paris Gare du Nord",,Milieu,3,5,,1,"Place d'Italie",71359
71673,1,Nation,,Arrière,6,6,,1,"La Défense",71654
71264,1,"Châtelet - Les Halles",,Arrière,6,6,,1,"La Défense",73630
71347,2,"Charles de Gaulle - Etoile",,Milieu,3,5,,0,Nation,71367
72039,5,"280 avenue Jean Lolive",50147749,Arrière,4,5,,1,"Place d'Italie",72024
71359,7,"5 rue du 8 Mai 1945",50147775,Milieu,3,5,,1,"Villejuif - Louis Aragon",71363
71426,4,"2 Bd de Rochechouart",50147784,Milieu,3,6,Escalator,0,"Porte de Clignancourt",71469
71264,14,"112 rue deRivoli",50147795,Avant,3,8,Escalator,1,"Aéroport d'Orly",73626
71264,14,"Place du Châtelet",50147797,Avant,3,8,Escalator,1,"Aéroport d'Orly",73626
73620,4,"15 place Saint-André des Arts",50147813,Avant,1,6,Ascenseur,1,"Bagneux - Lucie Aubrac",73618
70657,4,"Ernest Reyer (avenue)",50147843,Arrière,6,6,,0,"Porte de Clignancourt",71030
71337,8,"Place de l' Opéra",50148103,Arrière,4,5,,1,"Pointe du Lac",71330
71001,7,"59 avenue d' Italie",50148124,Arrière,5,5,,0,"La Courneuve - 8 Mai 1945",71033
71298,8,"258 rue de Rivoli",50148174,Arrière,5,5,,0,Balard,71274
463564,8,"37 boulevard Bourdon",50148190,Avant,1,5,,0,Balard,73622
71084,9,"Place de la Porte de Saint-Cloud",50148251,Arrière,4,5,,0,"Pont de Sèvres",71054
71124,9,"Hôpital Henry Dunant",50148256,Arrière,5,5,,1,"Mairie de Montreuil",73658
71206,9,"55 rue d' Auteuil",50148258,Arrière,5,5,,0,"Pont de Sèvres",73658
474150,9,"2 avenue Mozart",50148264,Arrière,5,5,,0,"Pont de Sèvres",71243
71330,9,"3 Boulevard Haussmann",50148297,Avant,1,5,,0,"Pont de Sèvres",73689
71326,9,"15 boulevard Poissonnière",50148302,Avant,1,5,,1,"Mairie de Montreuil",71320
71170,10,"97 rue de Sèvres",50148361,Arrière,5,5,,1,"Gare d'Austerlitz",71203
71293,3,"Rue Réaumur",50148401,Arrière,5,5,,1,"Pont de Levallois - Bécon",73636
71311,9,"1 rue René Boulanger",50148406,Avant,1,5,,0,"Pont de Sèvres",73633
70990,12,"Place Paul Vaillant Couturier",50148424,Avant,2,5,Escalator,0,"Mairie d'Issy",70671
71227,12,"Terre-plein face au 2 boulevard Raspail",50148446,Arrière,5,5,Escalator,1,"Mairie d'Aubervilliers",71270
71350,12,"1 rue Bourdaloue",50148456,Arrière,5,5,,0,"Mairie d'Issy",71355
71039,13,"211 rue d' Alésia",50148479,Avant,1,5,,1,"Asnières - Gennevilliers - Les Courtilles",412687
71370,13,"Galeries marchandes - Gare Saint-Lazare",50148489,Arrière,4,5,Escalator,0,"Châtillon - Montrouge",71346
71370,14,"2 rue d'Amsterdam",50148491,Arrière,6,8,,1,"Aéroport d'Orly",71324
72118,13,"Hôpital Beaujon",50148519,Arrière,5,5,,0,"Châtillon - Montrouge",71545
71347,1,"6 avenue Carnot",50148553,Avant,1,6,,1,"La Défense",71348
70522,8,"17 avenue du General Leclerc",50148693,Arrière,4,5,,0,Balard,70648
70522,8,"Avenue du General Leclerc",50148694,Avant,1,5,,1,"Pointe du Lac",70426
71864,11,"360 rue des Pyrénées",50148714,Avant,2,5,,0,Rosny-Bois-Perrier,71868
71311,9,"9 boulevard Saint-Martin",50148720,Arrière,5,5,,1,"Mairie de Montreuil",71803
71311,11,"9 boulevard Saint-Martin",50148720,Avant,1,5,,1,Châtelet,71293
71311,5,"13 place de  la République",50148721,Arrière,5,5,,0,"Bobigny - Pablo Picasso",71322
74041,12,"Angle de la rue Léon Blum et de l'Avenue George Sand",50148737,Arrière,4,5,,0,"Mairie d'Issy",72064
71199,10,"Boulevard de Grenelle",50148790,Avant,1,5,,0,"Boulogne Pont de Saint-Cloud",71158
71889,11,"Avenue Gambetta",50148816,Arrière,4,5,,0,Rosny-Bois-Perrier,71909
415852,11,"Rue de Rivoli",50148847,Avant,1,5,,1,Châtelet,71264
71576,14,"Rue François Truffaut",50148879,Avant,2,8,,1,"Aéroport d'Orly",71572
483315,4,"av. Henri Barbusse Bagneux",50149177,Avant,1,6,Ascenseur,1,"Bagneux - Lucie Aubrac",
71947,11,"place Carnot",50149888,Arrière,5,5,Escalier,0,Rosny-Bois-Perrier,71897
71947,11,"r. Veuve Aublet",50149891,Avant,1,5,Escalier,1,Châtelet,490779
71897,11,"r. des Saules Clouet",50149893,Avant,2,5,Ascenseur,0,Rosny-Bois-Perrier,490782
70645,14,"r. Tagore",50149930,Avant,1,8,Ascenseur,1,"Aéroport d'Orly",70445
70645,14,"r. Tagore",50149930,Arrière,6,8,Escalier,1,"Aéroport d'Orly",70445
70445,14,"r. Gabriel Péri",50149933,Arrière,7,8,Escalier,1,"Aéroport d'Orly",478860
69974,14,"r. de Bicêtre",50149935,Avant,1,8,Ascenseur,0,"Saint-Denis - Pleyel",478860
69974,14,"r. de Bicêtre",50149935,Arrière,6,8,Ascenseur,1,"Aéroport d'Orly",73753
69677,14,"Entrée / Sortie",50149942,Avant,2,8,Escalier,1,"Aéroport d'Orly",63284
490779,11,"r. de la Liberté",50210353,Avant,2,5,Ascenseur,0,Rosny-Bois-Perrier,71947
71897,11,"r. des Saules Clouet",50210355,Arrière,5,5,Ascenseur,0,Rosny-Bois-Perrier,490782
490779,11,"r. de la Liberté",50210357,Avant,2,5,Ascenseur,1,Châtelet,71909
71517,1,"La Défense",,Arrière,6,6,,0,"Château de Vincennes",71485
463564,8,"Bd Bourdon",50147743,Avant,1,5,,0,Balard,73622
72004,5,"50 avenue Jean Lolive",50147756,Milieu,3,5,,0,"Bobigny - Pablo Picasso",72024
71511,4,"69 boulevard Barbès",50147761,Arrière,6,6,,1,"Bagneux - Lucie Aubrac",71469
478883,4,"Rue Belliard",50147770,Avant,1,6,,0,"Porte de Clignancourt",
71426,4,"1 Bd de Rochechouart",50147785,Milieu,3,6,Escalator,0,"Porte de Clignancourt",71469
71264,7,"Place du Châtelet",50147797,Avant,1,5,,0,"La Courneuve - 8 Mai 1945",71253
73794,4,"Rue Turbigo",50147806,Avant,1,6,Escalator,0,"Porte de Clignancourt",479068
73633,8,"10 boulevard Bonne Nouvelle",50147827,Arrière,5,5,Escalator,1,"Pointe du Lac",71311
71139,13,"Raoul Dautry (place, SNCF Montparnasse)",50147833,Avant,1,5,,0,"Châtillon - Montrouge",73675
71056,4,"2 avenue du Général Leclerc",50147854,Arrière,6,6,,0,"Porte de Clignancourt",71088
71370,13,"Cour de Rome",50147869,Arrière,5,5,,1,"Asnières - Gennevilliers - Les Courtilles",71382
71370,14,"Gare SNCF",50147870,Arrière,6,8,,1,"Aéroport d'Orly",71324
71808,3,"Place Martin Nadaud",50147896,Avant,1,5,,1,"Pont de Levallois - Bécon",71787
482368,3,"Boulevard Haussmann",50147906,Avant,2,5,,0,Gallieni,71337
71419,2,"68 boulevard Rochechouart",50147929,Arrière,5,5,,0,Nation,71426
71298,8,"6 place de la Concorde",50147969,Avant,1,5,,1,"Pointe du Lac",71324
71347,2,"Place Charles de Gaulle",50147977,Avant,1,5,,1,"Porte Dauphine",71315
71222,1,"Rivoli (terre plein face au 10 rue de)",50147986,Arrière,6,6,,0,"Château de Vincennes",463564
71607,14,"Boulevard de Bercy",50148041,Avant,1,8,Ascenseur,0,"Saint-Denis - Pleyel",73626
73695,7,"Av Jean Jaurès",50148066,Arrière,5,5,,1,"Villejuif - Louis Aragon",72460
71351,7,"Terre-plein face au 65 rue La Fayette",50148093,Arrière,5,5,,0,"La Courneuve - 8 Mai 1945",71363
70248,7,"Boulevard Maxime Gorky",50148149,Avant,2,5,,0,"La Courneuve - 8 Mai 1945",70375
71132,8,"16 place du Commerce",50148165,Arrière,5,5,,0,Balard,71137
463564,5,"Rue de la Roquette",50148194,Arrière,5,5,,1,"Place d'Italie",71637
71054,9,"2 avenue du Général Leclerc",50148244,Arrière,5,5,,1,"Mairie de Montreuil",71084
71290,9,"Avenue du Président Wilson",50148279,Avant,2,5,,0,"Pont de Sèvres",71294
71330,8,"6 Boulevard Haussmann",50148293,Arrière,4,5,,0,Balard,71337
71710,9,"Rue d'Avron",50148333,Arrière,5,5,,1,"Mairie de Montreuil",71725
71785,9,"4 avenue Pasteur",50148347,Milieu,3,5,,0,"Pont de Sèvres",71756
73675,13,"Avenue du Maine",50148486,Arrière,5,5,,0,"Châtillon - Montrouge",412687
71370,14,"Galeries marchandes - Gare Saint-Lazare",50148489,Milieu,5,8,Ascenseur,0,"Saint-Denis - Pleyel",71475
71474,13,"66 avenue de Clichy",50148496,Arrière,5,5,,0,"Châtillon - Montrouge",71435
72285,13,"Stade de France",50148509,Milieu,3,5,,0,"Châtillon - Montrouge",72217
71545,13,"125 boulevard Bessières",50148515,Arrière,5,5,,1,"Asnières - Gennevilliers - Les Courtilles",72118
73626,14,"203 rue Bercy",50148559,Arrière,8,8,Escalator,1,"Aéroport d'Orly",71607
73626,14,"175 rue Bercy",50148561,Milieu,5,8,Ascenseur,0,"Saint-Denis - Pleyel",71264
70522,8,"17 avenue du General Leclerc",50148693,Avant,2,5,,0,Balard,70648
73788,14,"Face au 13 avenue de l'Opera",50148700,Arrière,7,8,,0,"Saint-Denis - Pleyel",71324
71311,11,"12 place de la République",50148718,Avant,2,5,,1,Châtelet,71293
74041,12,"Place du Front Populaire",50148735,Arrière,4,5,,0,"Mairie d'Issy",72064
71199,10,"Avenue de Suffren",50148791,Avant,1,5,,1,"Gare d'Austerlitz",71157
71750,9,"Boulevard Voltaire",50148840,Arrière,5,5,,0,"Pont de Sèvres",71781
72064,12,"Rue Raymond Queneau",50148860,Arrière,5,5,,1,"Mairie d'Aubervilliers",74041
72126,14,"Rue Dora Maar",50148887,Arrière,8,8,Ascenseur,1,"Aéroport d'Orly",71545
71557,14,"Rue Baudricourt",50148998,Arrière,6,8,,0,"Saint-Denis - Pleyel",71572
71305,13,"Avenue du Général Eisenhower",50149009,Arrière,4,5,,1,"Asnières - Gennevilliers - Les Courtilles",71346
70441,4,"4 av. Stalingrad Bagneux",50149174,Avant,2,6,Escalator,1,"Bagneux - Lucie Aubrac",483315
483315,4,"49 av. Henri Barbusse Bagneux",50149175,Avant,1,6,Ascenseur,1,"Bagneux - Lucie Aubrac",
72491,12,"rue de la Commune",50149329,Arrière,4,5,Escalator,1,"Mairie d'Aubervilliers",72524
72491,12,"rue de la Commune",50149329,Avant,2,5,Escalator,0,"Mairie d'Issy",74041
71947,11,"bd Henri Barbusse",50149889,Avant,1,5,Escalier,1,Châtelet,490779
71947,11,"r. Carnot",50149890,Avant,2,5,Escalator,0,Rosny-Bois-Perrier,71897
71897,11,"bd de la Boissière",50149892,Avant,2,5,Escalator,0,Rosny-Bois-Perrier,490782
70645,14,"av. d'Italie",50149928,Arrière,7,8,Ascenseur,1,"Aéroport d'Orly",70445
70645,14,"av. d'Italie",50149928,Milieu,5,8,Escalator,0,"Saint-Denis - Pleyel",71557
70645,14,"r. Tagore",50149930,Arrière,6,8,Escalier,0,"Saint-Denis - Pleyel",71557
73753,14,"r. Latérale",50149937,Arrière,6,8,Escalier,0,"Saint-Denis - Pleyel",69974
69677,14,"Entrée / Sortie",50149941,Arrière,6,8,Ascenseur,1,"Aéroport d'Orly",63284
63284,14,"Orly 4 - T7 - Cur d'Orly",50149982,Avant,2,8,Ascenseur,1,"Aéroport d'Orly",
490784,14,"Place de Etoiles",50149986,Milieu,5,8,Ascenseur,1,"Aéroport d'Orly",72168
490784,14,"Place de Etoiles",50149986,Milieu,5,8,Escalator,0,"Saint-Denis - Pleyel",
490779,11,"r. de la Liberté",50210353,Arrière,5,5,Ascenseur,1,Châtelet,71909
70645,14,"av. d'Italie",50210354,Avant,2,8,Escalier,1,"Aéroport d'Orly",70445
71311,5,République,,Milieu,3,5,,0,"Bobigny - Pablo Picasso",71322
71311,8,République,,Milieu,3,5,,1,"Pointe du Lac",71277
71311,8,République,,Milieu,3,5,,0,Balard,73633
71808,3,Gambetta,,Avant,1,5,,0,Gallieni,71799
73626,1,"Gare de Lyon",,Milieu,3,6,,1,"La Défense",463564
71370,13,Saint-Lazare,,Milieu,3,5,Escalator,0,"Châtillon - Montrouge",71346
73618,4,Odéon,,Avant,1,6,Escalator,0,"Porte de Clignancourt",73620
463564,8,Bastille,,Avant,1,5,,0,Balard,73622
463564,1,Bastille,,Milieu,3,6,,1,"La Défense",71222
71139,13,Montparnasse-Bienvenue,,Avant,1,5,,0,"Châtillon - Montrouge",73675
71264,14,Châtelet,,Avant,3,8,,1,"Aéroport d'Orly",73626
71347,1,"Charles de Gaulle-Etoile",,Milieu,3,6,,1,"La Défense",71348
71298,1,Concorde,,Arrière,6,6,,0,"Château de Vincennes",71284
71298,12,Concorde,,Avant,1,5,,1,"Mairie d'Aubervilliers",71324
71403,3,Villiers,,Arrière,5,5,,1,"Pont de Levallois - Bécon",71416
71435,13,"Place de Clichy",,Arrière,5,5,,1,"Asnières - Gennevilliers - Les Courtilles",71474
71853,11,Belleville,,Arrière,4,5,,1,Châtelet,71840
73633,8,Strasbourg-Saint-Denis,,Arrière,5,5,,0,Balard,71320
71088,4,Raspail,,Avant,1,6,,0,"Porte de Clignancourt",71117
71614,8,"Daumesnil (Félix Eboué)",,Avant,1,5,,1,"Pointe du Lac",71595
71274,8,Invalides,,Arrière,4,5,,1,"Pointe du Lac",71298
71274,8,Invalides,,Arrière,5,5,,0,Balard,71242
71311,9,République,,Milieu,3,5,,0,"Pont de Sèvres",73633
71545,13,"Porte de Clichy",,Arrière,5,5,,1,"Asnières - Gennevilliers - Les Courtilles",72118
71370,12,"Haussmann Saint-Lazare",,Milieu,3,5,,0,"Mairie d'Issy",71324
71370,3,"Haussmann Saint-Lazare",,Milieu,3,5,,1,"Pont de Levallois - Bécon",73617
71274,13,Invalides,,Arrière,4,5,,0,"Châtillon - Montrouge",71232
71135,5,"Gare d'Austerlitz",,Avant,1,5,,0,"Bobigny - Pablo Picasso",71637
73626,1,"Gare de Lyon",,Milieu,3,6,,1,"La Défense",463564
73626,14,"Gare de Lyon",,Arrière,6,8,Ascenseur,0,"Saint-Denis - Pleyel",71264
71125,6,Pasteur,,Avant,1,5,,1,"Charles de Gaulle - Étoile",71144
71311,8,République,,Milieu,3,5,,1,"Pointe du Lac",71277
71311,3,République,,Arrière,5,5,,0,Gallieni,71801
71370,12,Saint-Lazare,,Avant,1,5,,0,"Mairie d'Issy",71324
73618,4,Odéon,,Arrière,6,6,,1,"Bagneux - Lucie Aubrac",71216
71326,8,"Grands Boulevards",,Avant,1,5,,0,Balard,71330
73636,3,Réaumur-Sébastopol,,Arrière,5,5,,1,"Pont de Levallois - Bécon",73634
71264,1,Châtelet,,Arrière,6,6,,1,"La Défense",73630
71324,14,Madeleine,,Avant,3,8,,0,"Saint-Denis - Pleyel",71370
71607,14,Bercy,,Avant,3,8,Escalator,0,"Saint-Denis - Pleyel",73626
71320,8,"Bonne Nouvelle",,Arrière,5,5,,1,"Pointe du Lac",73633
71274,13,Invalides,,Milieu,3,5,,1,"Asnières - Gennevilliers - Les Courtilles",71305
71545,14,"Porte de Clichy",,Avant,3,8,,1,"Aéroport d'Orly",71475
73788,7,Pyramides,,Arrière,5,5,,0,"La Courneuve - 8 Mai 1945",71337
73633,9,Strasbourg-Saint-Denis,,Avant,1,5,,1,"Mairie de Montreuil",71311
71410,5,"Paris Gare du Nord",,Milieu,3,5,Escalator,1,"Place d'Italie",71359
71410,4,"Paris Gare du Nord",,Milieu,3,6,,1,"Bagneux - Lucie Aubrac",71359
71673,6,Nation,,Milieu,3,5,,0,Nation,
71264,1,"Châtelet - Les Halles",,Avant,1,6,,0,"Château de Vincennes",415852
71972,5,"161 avenue Jean Jaurès",50147734,Avant,1,5,Escalator,0,"Bobigny - Pablo Picasso",71989
72486,5,"Préfecture Trésorerie",50147748,Arrière,5,5,,0,"Bobigny - Pablo Picasso",
72004,5,"3 rue Hoche",50147754,Avant,1,5,,0,"Bobigny - Pablo Picasso",72024
71989,5,"194 avenue Jean Jaurès",50147759,Avant,1,5,,1,"Place d'Italie",71972
71426,4,"Boulevard de la Chapelle",50147782,Avant,2,6,,1,"Bagneux - Lucie Aubrac",71410
71426,2,"45 Boulevard de la Chapelle",50147786,Arrière,4,5,,1,"Porte Dauphine",71419
71264,14,"55 rue de Rivoli",50147794,Arrière,6,8,Escalator,0,"Saint-Denis - Pleyel",73788
71223,4,"2 Place Louis Lepine",50147815,Arrière,6,6,Ascenseur,0,"Porte de Clignancourt",71264
73633,9,"13 boulevard Saint-Denis",50147824,Arrière,5,5,,0,"Pont de Sèvres",71320
73633,4,"10 boulevard Bonne Nouvelle",50147827,Avant,1,6,,1,"Bagneux - Lucie Aubrac",73636
71139,6,"Raoul Dautry (place, SNCF Montparnasse)",50147833,Avant,2,5,,0,Nation,71108
71139,4,"73 boulevard du Montparnasse",50147836,Arrière,6,6,,1,"Bagneux - Lucie Aubrac",71117
71139,6,"Centre Commercial",50147840,Avant,1,5,,0,Nation,71108
71139,4,"Centre Commercial",50147840,Arrière,6,6,,1,"Bagneux - Lucie Aubrac",71117
71403,2,"1 boulevard de Courcelles",50147864,Avant,1,5,,0,Nation,71408
71808,3,"Avenue Gambetta",50147894,Arrière,5,5,,0,Gallieni,71799
71367,2,"Salle Pleyel",50147907,Avant,1,5,Escalator,1,"Porte Dauphine",71347
71751,2,"212 boulevard de Charonne",50147949,Avant,1,5,,1,"Porte Dauphine",71787
71298,8,"6 place de la Concorde",50147969,Arrière,5,5,,0,Balard,71274
71347,1,"Avenue de Friedland",50147978,Arrière,6,6,,1,"La Défense",71348
71297,1,"Place Colette",50147992,Arrière,6,6,,1,"La Défense",71284
71297,7,"Place Colette",50147992,Arrière,4,5,,1,"Villejuif - Louis Aragon",71253
71301,6,"57 avenue Kléber",50148022,Arrière,5,5,,1,"Charles de Gaulle - Étoile",73656
71199,6,"Face au 130-113 boulevard de Grenelle",50148030,Avant,1,5,,1,"Charles de Gaulle - Étoile",71197
73650,6,"15 boulevard de Picpus",50148051,Avant,1,5,,0,Nation,71639
72430,7,"Cité des Sciences - La Géode - Le Zénith",50148077,Arrière,5,5,,0,"La Courneuve - 8 Mai 1945",72460
71961,7,"18 rue de Flandre",50148086,Arrière,5,5,,1,"Villejuif - Louis Aragon",71407
71407,7B,"234 rue du Faubourg Saint-Martin",50148089,Arrière,3,3,,1,"Louis Blanc",
73689,7,"Haussmann (boulevard, face aux Galeries La Fayette)",50148097,Avant,1,5,,1,"Villejuif - Louis Aragon",71337
71253,7,"Rue de la Monnaie",50148106,Arrière,5,5,,0,"La Courneuve - 8 Mai 1945",71297
71253,7,"Rue de la Monnaie",50148106,Avant,1,5,,1,"Villejuif - Louis Aragon",71264
71217,7,"Pont Marie",50148109,Arrière,5,5,,0,"La Courneuve - 8 Mai 1945",71264
70645,7,"103 avenue d' Italie",50148128,Arrière,5,5,,1,"Villejuif - Louis Aragon",70452
70537,7,"117-119 avenue Maurice Thorez",50148139,Arrière,5,5,,0,"La Courneuve - 8 Mai 1945",70636
70143,7,"Boulevard Maxime Gorky",50148151,Avant,2,5,Ascenseur,1,"Villejuif - Louis Aragon",
71274,8,"Rue Robert Esnault Pelterie",50148173,Arrière,5,5,,0,Balard,71242
463564,5,"Hôpital des Quinze-Vingts",50148192,Arrière,5,5,,1,"Place d'Italie",71637
463564,5,"1 Boulevard Beaumarchais",50148193,Avant,1,5,,0,"Bobigny - Pablo Picasso",73621
70172,8,"Rue Ferdinand de Lesseps",50148230,Arrière,4,5,,0,Balard,70269
71243,9,"39 avenue Mozart",50148262,Arrière,5,5,,0,"Pont de Sèvres",73657
71346,13,"11 avenue Delcassé",50148285,Avant,2,5,,1,"Asnières - Gennevilliers - Les Courtilles",71370
71703,9,"60 rue des Pyrénées",50148330,Arrière,5,5,,1,"Mairie de Montreuil",71710
71190,10,Panthéon,50148358,Avant,1,5,,1,"Gare d'Austerlitz",71153
71157,10,"UNESCO - Fontenoy",50148367,Avant,1,5,,1,"Gare d'Austerlitz",71159
71199,8,"25 rue de Pondichéry",50148369,Arrière,5,5,,1,"Pointe du Lac",71224
71311,3,"14 place de la République",50148405,Arrière,5,5,,0,Gallieni,71801
71853,2,"79 boulevard de Belleville",50148412,Arrière,5,5,,1,"Porte Dauphine",71893
71075,12,"316 rue de Vaugirard",50148431,Arrière,5,5,,1,"Mairie d'Aubervilliers",71091
73640,12,"115 rue de Rennes",50148442,Avant,1,5,,0,"Mairie d'Issy",71138
71203,10,"41 boulevard Raspail",50148444,Arrière,5,5,,0,"Boulogne Pont de Saint-Cloud",71170
71039,13,"168 rue d' Alésia",50148477,Avant,1,5,,1,"Asnières - Gennevilliers - Les Courtilles",412687
71204,13,"Avenue de Villars",50148487,Arrière,5,5,,1,"Asnières - Gennevilliers - Les Courtilles",71232
71370,14,"Galeries marchandes - Gare Saint-Lazare",50148489,Avant,2,8,,1,"Aéroport d'Orly",71324
72128,13,"Avenue Gabriel Péri",50148504,Arrière,5,5,,0,"Châtillon - Montrouge",72078
71347,6,"2 avenue de la Grande Armée",50148549,Avant,1,5,,1,"Charles de Gaulle - Étoile",
71370,14,"14 rue du Havre",50148663,Arrière,7,8,,0,"Saint-Denis - Pleyel",71475
71264,14,"Théâtre du Châtelet",50148697,Arrière,7,8,,0,"Saint-Denis - Pleyel",73788
71864,11,"360 rue des Pyrénées",50148714,Arrière,5,5,,1,Châtelet,71853
74041,12,"Place du Front Populaire",50148735,Milieu,3,5,Ascenseur,1,"Mairie d'Aubervilliers",72491
71199,6,"Boulevard de Grenelle",50148790,Arrière,4,5,Ascenseur,0,Nation,71167
71324,12,"Rue De Sèze",50148800,Avant,1,5,Ascenseur,1,"Mairie d'Aubervilliers",71370
71270,12,"Rue de Solférino",50148829,Arrière,5,5,,0,"Mairie d'Issy",71227
71517,1,"Parvis de la Défense",50148845,Avant,1,6,,0,"Château de Vincennes",71485
70645,14,"av. d'Italie",50149928,Milieu,5,8,Ascenseur,1,"Aéroport d'Orly",70445
70645,14,"r. du Tage",50149929,Milieu,5,8,Escalier,0,"Saint-Denis - Pleyel",71557
70645,14,"r. Tagore",50149930,Avant,2,8,Escalier,1,"Aéroport d'Orly",70445
70645,14,"r. Tagore",50149930,Milieu,5,8,Escalator,0,"Saint-Denis - Pleyel",71557
69677,14,"Entrée / Sortie",50149940,Arrière,6,8,Ascenseur,1,"Aéroport d'Orly",63284
490784,14,"19 rue Pleyel",50149983,Milieu,5,8,Escalator,0,"Saint-Denis - Pleyel",
490779,11,"r. de la Liberté",50210357,Avant,2,5,Ascenseur,0,Rosny-Bois-Perrier,71947
71897,11,"bd de la Boissière",50210358,Arrière,4,5,Ascenseur,1,Châtelet,71947
71673,6,Nation,,Milieu,3,5,,0,Nation,
71889,3B,"Porte des Lilas",,Avant,1,3,,0,"Porte des Lilas",
71203,12,Sèvres-Babylone,,Avant,1,5,,0,"Mairie d'Issy",73640
71284,1,Tuileries,,Avant,1,6,,0,"Château de Vincennes",71297
71264,1,Châtelet,,Arrière,6,6,,1,"La Défense",73630
463564,5,Bastille,,Arrière,5,5,,1,"Place d'Italie",71637
73636,3,Réaumur-Sébastopol,,Avant,1,5,,0,Gallieni,71293
71359,5,"Gare de l'Est (Verdun)",,Milieu,3,5,,0,"Bobigny - Pablo Picasso",71410
71056,6,Denfert-Rochereau,,Arrière,5,5,,1,"Charles de Gaulle - Étoile",71088
71199,10,"La Motte-Picquet-Grenelle",,Milieu,3,5,,1,"Gare d'Austerlitz",71157
71370,14,Saint-Lazare,,Avant,3,8,,1,"Aéroport d'Orly",71324
71297,1,"Palais-Royal (Musée du Louvre)",,Arrière,6,6,,1,"La Défense",71284
71337,3,Opéra,,Milieu,3,5,,1,"Pont de Levallois - Bécon",482368
71311,3,République,,Arrière,5,5,,0,Gallieni,71801
71311,11,République,,Arrière,4,5,,0,Rosny-Bois-Perrier,71840
71139,6,Montparnasse-Bienvenue,,Milieu,3,5,,0,Nation,71108
71803,5,Oberkampf,,Avant,1,5,,0,"Bobigny - Pablo Picasso",71311
71264,4,Châtelet,,Avant,1,6,,1,"Bagneux - Lucie Aubrac",71223
71199,10,"La Motte-Picquet-Grenelle",,Arrière,5,5,,0,"Boulogne Pont de Saint-Cloud",71158
73630,1,Louvre-Rivoli,,Avant,1,6,,0,"Château de Vincennes",71264
73626,14,"Gare de Lyon",,Arrière,6,8,,1,"Aéroport d'Orly",71607
72004,5,"Centre Commercial",50147755,Arrière,5,5,,1,"Place d'Italie",71989
71410,4,"18 rue de Dunkerque",50147778,Arrière,6,6,,0,"Porte de Clignancourt",71426
71410,4,"8 boulevard de Denain",50147781,Avant,1,6,,0,"Porte de Clignancourt",71426
479068,4,"14 rue Turbigo",50147814,Avant,1,6,,1,"Bagneux - Lucie Aubrac",73794
73633,4,"19 boulevard Saint-Denis",50147826,Arrière,6,6,,0,"Porte de Clignancourt",71333
71139,12,"59 bis boulevard du Montparnasse",50147839,Arrière,5,5,,1,"Mairie d'Aubervilliers",71138
71139,4,"59 bis boulevard du Montparnasse",50147839,Avant,1,6,,0,"Porte de Clignancourt",71184
71056,4,"1 Avenue du Général Leclerc",50147855,Avant,1,6,,1,"Bagneux - Lucie Aubrac",73653
71088,6,"233 boulevard Raspail",50147857,Avant,1,5,,1,"Charles de Gaulle - Étoile",71108
71370,14,"Place Gabriel Péri",50147867,Milieu,4,8,Ascenseur,1,"Aéroport d'Orly",71324
71370,12,"Cour de Rome",50147869,Avant,1,5,,0,"Mairie d'Issy",71324
71787,2,"63 bis boulevard de Ménilmontant",50147890,Arrière,5,5,,0,Nation,71751
71787,2,"Avenue de la République",50147891,Arrière,5,5,,0,Nation,71751
71799,3,"Boulevard Mortier",50147900,Arrière,5,5,,1,"Pont de Levallois - Bécon",71808
71817,3,"Centre Commercial",50147902,Arrière,5,5,,1,"Pont de Levallois - Bécon",71799
474152,2,"Boulevard Amiral Bruix",50147912,Arrière,5,5,,0,Nation,71315
71435,13,"Terre-plein face au 7 place de Clichy",50147934,Avant,1,5,,0,"Châtillon - Montrouge",71382
71376,2,"Boulevard de Courcelles",50147939,Avant,1,5,,1,"Porte Dauphine",71367
71442,1,"185 avenue Charles de Gaulle",50147941,Arrière,6,6,,1,"La Défense",71485
425779,1,"52 avenue Charles de Gaulle",50147964,Avant,1,6,,0,"Château de Vincennes",71379
71298,1,"Place de la Concorde",50147970,Arrière,6,6,,0,"Château de Vincennes",71284
71318,9,"44 avenue des Champs-Elysées",50147972,Avant,1,5,,1,"Mairie de Montreuil",71334
71318,9,"27 avenue des Champs-Elysées",50147973,Arrière,5,5,,0,"Pont de Sèvres",71290
71237,6,"av. du Pdt Kennedy",50148023,Milieu,3,5,,1,"Charles de Gaulle - Étoile",71285
473829,6,"Terre-plein face au 2 boulevard de Grenelle",50148027,Avant,1,5,,0,Nation,71197
71197,6,"Boulevard de Grenelle",50148029,Arrière,5,5,,0,Nation,71199
71199,6,"Face au 130-113 boulevard de Grenelle",50148030,Avant,2,5,Ascenseur,1,"Charles de Gaulle - Étoile",71197
71144,6,"Terre-plein face au 94 boulevard Garibaldi",50148032,Arrière,5,5,,1,"Charles de Gaulle - Étoile",71167
71607,14,"Place du Bataillon du Pacifique",50148042,Arrière,7,8,,1,"Aéroport d'Orly",71576
71607,6,"48 Boulevard de Bercy",50148043,Avant,1,5,,0,Nation,71606
71614,6,"Place Félix Eboué",50148046,Avant,2,5,Escalator,1,"Charles de Gaulle - Étoile",71606
71911,7B,"52 boulevard Serrurier",50148056,Arrière,3,3,,0,Pré-Saint-Gervais,
73696,7,"57 avenue Jean Jaurès",50148062,Arrière,4,5,,0,"La Courneuve - 8 Mai 1945",
72031,7,"Rue Benjamin Constant",50148080,Arrière,5,5,,1,"Villejuif - Louis Aragon",72013
72013,7,"Rue de Crimée",50148084,Arrière,5,5,,0,"La Courneuve - 8 Mai 1945",72031
73689,9,"Rue La Fayette",50148096,Avant,1,5,,0,"Pont de Sèvres",482368
73689,7,"27 boulevard Haussmann",50148099,Arrière,5,5,,0,"La Courneuve - 8 Mai 1945",478885
71001,7,"55-57 avenue d' Italie",50148125,Avant,1,5,,1,"Villejuif - Louis Aragon",70645
71320,9,"26 Boulevard de Bonne Nouvelle",50148179,Arrière,5,5,,0,"Pont de Sèvres",71326
71693,8,"70 rue du Faubourg Saint-Antoine",50148195,Avant,1,5,,0,Balard,463564
71346,13,"1 avenue Percier",50148286,Arrière,5,5,Escalator,1,"Asnières - Gennevilliers - Les Courtilles",71370
73647,9,"188 boulevard Voltaire",50148320,Arrière,5,5,,0,"Pont de Sèvres",71750
71756,9,"1 avenue Paul Langevin",50148341,Arrière,5,5,,0,"Pont de Sèvres",71725
71190,10,"Palais de la Mutualité",50148356,Arrière,5,5,,0,"Boulogne Pont de Saint-Cloud",73619
71159,10,"Place Léon-Paul Fargue",50148362,Avant,1,5,,1,"Gare d'Austerlitz",71170
71147,10,"23 Boulevard Jean Jaurès",50148382,Avant,1,5,,0,"Boulogne Pont de Saint-Cloud",70721
71293,3,"42 rue Réaumur",50148402,Arrière,5,5,,1,"Pont de Levallois - Bécon",73636
71909,11,"2 boulevard de la Liberté",50148420,Avant,1,5,,1,Châtelet,71889
71091,12,"283 rue de Vaugirard",50148433,Avant,1,5,,0,"Mairie d'Issy",71075
71227,12,"Terre-plein face au 2 boulevard Raspail",50148446,Avant,1,5,,0,"Mairie d'Issy",71203
72064,12,"93 rue de la Chapelle",50148467,Avant,1,5,,1,"Mairie d'Aubervilliers",74041
71039,13,"207 rue d' Alésia",50148478,Arrière,5,5,,0,"Châtillon - Montrouge",71006
71370,14,"11-13 place du Havre",50148492,Avant,2,8,,1,"Aéroport d'Orly",71324
71370,3,"95 rue Saint-Lazare",50148494,Avant,1,5,,1,"Pont de Levallois - Bécon",73617
71545,13,"2 avenue de la Porte de Clichy",50148514,Avant,1,5,,0,"Châtillon - Montrouge",73661
71545,14,"2 avenue de la Porte de Clichy",50148514,Avant,1,8,Ascenseur,1,"Aéroport d'Orly",71475
71347,6,"2 avenue de la Grande Armée",50148549,Arrière,5,5,,1,"Charles de Gaulle - Étoile",
71347,6,"Avenue Foch",50148551,Arrière,5,5,,1,"Charles de Gaulle - Étoile",
72126,14,"Victor Hugo (boulevard)",50148650,Avant,1,8,Ascenseur,0,"Saint-Denis - Pleyel",72168
71264,7,"Théâtre du Châtelet",50148697,Arrière,5,5,,1,"Villejuif - Louis Aragon",71217
71264,4,"Théâtre du Châtelet",50148697,Avant,1,6,,1,"Bagneux - Lucie Aubrac",71223
71864,11,"360 rue des Pyrénées",50148714,Avant,1,5,,0,Rosny-Bois-Perrier,71868
71311,3,"1 Rue Rene Boulanger",50148719,Arrière,5,5,,0,Gallieni,71801
70586,4,"Avenue de la République",50148739,Avant,1,6,,0,"Porte de Clignancourt",70657
73619,10,"Rue Saint-Jacques",50148769,Avant,2,5,,1,"Gare d'Austerlitz",71190
71324,14,"Rue De Sèze",50148800,Avant,1,8,Ascenseur,0,"Saint-Denis - Pleyel",71370
71889,3B,"Avenue Gambetta",50148816,Arrière,3,3,,1,Gambetta,71860
72126,14,"Rue Madame de Sanzillon",50148885,Avant,1,8,,1,"Aéroport d'Orly",71545
72126,14,"Rue Dora Maar",50148887,Avant,3,8,Escalator,0,"Saint-Denis - Pleyel",72168
415852,11,"Rue du Temple",50148893,Arrière,4,5,,1,Châtelet,71264
71545,14,"av du Cimetière des Batignolles",50148894,Avant,1,8,Ascenseur,1,"Aéroport d'Orly",71475
71572,14,"Bibliothèque François Mitterrand",50148909,Milieu,4,8,Escalator,1,"Aéroport d'Orly",71557
70604,7,"Bd Masséna",50148960,Arrière,5,5,,1,"Mairie d'Ivry",70636
72524,12,"avenue Victor Hugo",50149332,Avant,2,5,,1,"Mairie d'Aubervilliers",
72524,12,"avenue Victor Hugo",50149332,Arrière,4,5,,0,"Mairie d'Issy",72491
72524,12,"avenue Victor Hugo",50149336,Arrière,4,5,Ascenseur,0,"Mairie d'Issy",72491
490779,11,"r. de la Liberté",50149886,Avant,2,5,Escalator,1,Châtelet,71909
70445,14,"r. Gabriel Péri",50149933,Arrière,6,8,Ascenseur,1,"Aéroport d'Orly",478860
69974,14,"ZAC Lallier",50149936,Milieu,5,8,Escalier,1,"Aéroport d'Orly",73753
69677,14,"Entrée / Sortie",50149942,Avant,3,8,Escalier,0,"Saint-Denis - Pleyel",73753
71370,3,Saint-Augustin,,Arrière,5,5,,0,Gallieni,482368
71285,6,Trocadéro,,Arrière,5,5,,0,Nation,71237
71320,8,"Bonne Nouvelle",,Arrière,5,5,,1,"Pointe du Lac",73633
71370,13,Saint-Lazare,,Avant,1,5,Escalator,0,"Châtillon - Montrouge",71346
71264,1,Châtelet,,Arrière,6,6,,1,"La Défense",73630
71337,8,Opéra,,Arrière,5,5,,0,Balard,71324
71347,6,"Charles de Gaulle-Etoile",,Avant,1,5,,0,Nation,73656
71264,14,Châtelet,,Avant,3,8,,0,"Saint-Denis - Pleyel",73788
71940,5,Jaurès,,Milieu,3,5,,1,"Place d'Italie",71961
71199,8,"La Motte-Picquet-Grenelle",,Avant,1,5,,0,Balard,71132
71607,14,Bercy,,Avant,3,8,,0,"Saint-Denis - Pleyel",73626
71033,5,"Place d'Italie",,Avant,1,5,,0,"Bobigny - Pablo Picasso",71063
71311,9,République,,Milieu,3,5,,0,"Pont de Sèvres",73633
71808,3B,Gambetta,,Avant,1,3,,1,Gambetta,
71940,5,Jaurès,,Arrière,5,5,,0,"Bobigny - Pablo Picasso",71957
71337,7,Opéra,,Arrière,5,5,,1,"Villejuif - Louis Aragon",73788
71297,1,"Palais-Royal (Musée du Louvre)",,Milieu,3,6,,0,"Château de Vincennes",73630
71435,2,"Place de Clichy",,Milieu,3,5,,0,Nation,71420
71885,7B,"Place des Fêtes",,Arrière,3,3,,0,Pré-Saint-Gervais,71911
71410,4,"Paris Gare du Nord",,Milieu,3,6,,0,"Porte de Clignancourt",71426
71359,4,"Rue du Faubourg Saint-Martin",50147777,Avant,2,6,,1,"Bagneux - Lucie Aubrac",71333
71311,11,République,,Arrière,4,5,,1,Châtelet,71293
71370,14,Saint-Lazare,,Avant,3,8,Ascenseur,0,"Saint-Denis - Pleyel",71475
71787,2,Père-Lachaise,,Avant,1,5,,1,"Porte Dauphine",71815
71320,9,"Bonne Nouvelle",,Avant,1,5,,0,"Pont de Sèvres",71326
71940,2,Jaurès,,Avant,2,5,Ascenseur,1,"Porte Dauphine",71961
71311,3,République,,Avant,1,5,,1,"Pont de Levallois - Bécon",71296
71370,13,Saint-Lazare,,Avant,1,5,Escalator,0,"Châtillon - Montrouge",71346
71347,2,"Charles de Gaulle-Etoile",,Avant,2,5,Escalator,1,"Porte Dauphine",71315
71264,1,Châtelet,,Arrière,6,6,,1,"La Défense",73630
71318,1,Franklin-Roosevelt,,Arrière,6,6,,1,"La Défense",71328
71410,5,"Paris Gare du Nord",,Milieu,3,5,Escalator,0,"Bobigny - Pablo Picasso",71961
71264,14,"Châtelet - Les Halles",,Avant,3,8,,0,"Saint-Denis - Pleyel",73788
71264,1,"Châtelet - Les Halles",,Avant,1,6,,0,"Château de Vincennes",415852
71056,4,Denfert-Rochereau,,Avant,1,6,,0,"Porte de Clignancourt",71088
72168,13,"Mairie de Saint-Ouen",,Milieu,3,5,,1,"Saint-Denis - Université",72217
71322,5,"bd de Magenta",50147738,Arrière,5,5,,0,"Bobigny - Pablo Picasso",71359
463564,1,"Bd Bourdon",50147743,Arrière,6,6,,0,"Château de Vincennes",73626
72024,5,"Avenue Jean Lolive",50147753,Arrière,5,5,,1,"Place d'Italie",72004
478883,4,"82 boulevard Ornano",50147769,Arrière,6,6,,1,"Bagneux - Lucie Aubrac",71556
71426,2,"Boulevard de la Chapelle",50147783,Arrière,5,5,,0,Nation,71434
71264,14,"63 - 65 rue de Rivoli",50147791,Arrière,7,8,,0,"Saint-Denis - Pleyel",73788
71264,1,"15 avenue Victoria",50147799,Arrière,6,6,,1,"La Défense",73630
73618,4,"93 boulevard Saint-Germain",50147807,Avant,1,6,Escalator,0,"Porte de Clignancourt",73620
479068,4,"14 rue Turbigo",50147814,Arrière,6,6,,0,"Porte de Clignancourt",73636
71139,4,"Raoul Dautry (place, SNCF Montparnasse)",50147833,Milieu,3,6,,1,"Bagneux - Lucie Aubrac",71117
71139,6,"59 bis boulevard du Montparnasse",50147839,Arrière,5,5,,1,"Charles de Gaulle - Étoile",71125
73689,9,"27 boulevard Haussmann",50148099,Avant,1,5,,0,"Pont de Sèvres",482368
71201,7,"10 quai des Célestins",50148114,Avant,1,5,,0,"La Courneuve - 8 Mai 1945",71217
71100,7,"100 rue Monge",50148118,Arrière,5,5,,1,"Villejuif - Louis Aragon",71076
71137,8,"24 Place Félix Faure",50148162,Arrière,5,5,,0,Balard,412992
71298,12,"258 rue de Rivoli",50148174,Arrière,4,5,,0,"Mairie d'Issy",73642
71777,8,"6 Boulevard des Filles du Calvaire",50148187,Avant,1,5,,1,"Pointe du Lac",73622
71654,1,"118 boulevard Diderot",50148201,Avant,1,6,,0,"Château de Vincennes",71673
71595,8,"238 avenue Daumesnil",50148207,Arrière,5,5,,0,Balard,71614
71591,8,"95 Boulevard Poniatowski",50148208,Avant,1,5,,1,"Pointe du Lac",71579
71558,8,"118 rue de Paris",50148214,Arrière,5,5,,0,Balard,71579
70698,9,"quai Alphonse Le Gallo",50148234,Avant,1,5,,0,"Pont de Sèvres",
71243,9,"48 avenue Mozart",50148261,Avant,1,5,,1,"Mairie de Montreuil",474150
71285,9,"Place du Trocédéro",50148271,Avant,1,5,,1,"Mairie de Montreuil",71294
71294,9,"Palais d'Iéna",50148274,Arrière,5,5,,0,"Pont de Sèvres",71285
71330,8,"2 boulevard des Italiens",50148295,Arrière,5,5,,1,"Pointe du Lac",71326
71148,7,"2 place Jussieu",50148353,Arrière,5,5,,0,"La Courneuve - 8 Mai 1945",71201
73639,10,"Place d' Arcadie",50148360,Arrière,5,5,,0,"Boulogne Pont de Saint-Cloud",71203
71166,10,"20 rue Wilhem",50148376,Arrière,5,5,,0,"Boulogne Pont de Saint-Cloud",71206
71293,11,"48 rue Turbigo",50148400,Arrière,5,5,,0,Rosny-Bois-Perrier,71311
71311,11,"14 place de la République",50148405,Avant,1,5,,1,Châtelet,71293
71045,12,"Palais des Sports",50148425,Avant,1,5,,0,"Mairie d'Issy",70990
71045,12,"Avenue Ernest Renan",50148426,Avant,2,5,,1,"Mairie d'Aubervilliers",71075
71203,12,"Square Boucicaut",50148445,Arrière,5,5,,1,"Mairie d'Aubervilliers",71227
71355,12,"50 rue de Chateaudun",50148455,Avant,1,5,,0,"Mairie d'Issy",71370
73766,13,"r. Jean Bleuzen",50148471,Milieu,3,5,,1,"Asnières - Gennevilliers - Les Courtilles",71006
73675,13,"73 avenue du Maine",50148482,Arrière,5,5,,0,"Châtillon - Montrouge",412687
71370,13,"11-13 place du Havre",50148492,Avant,1,5,,1,"Asnières - Gennevilliers - Les Courtilles",71382
71545,14,"2 avenue de la Porte de Clichy",50148514,Avant,1,8,Escalator,0,"Saint-Denis - Pleyel",72126
71545,13,"2 avenue de la Porte de Clichy",50148514,Arrière,5,5,,1,"Asnières - Gennevilliers - Les Courtilles",72118
71545,14,"125 boulevard Bessières",50148515,Arrière,8,8,Ascenseur,0,"Saint-Denis - Pleyel",72126
71347,6,"1 avenue de la Grande Armée",50148550,Arrière,4,5,,1,"Charles de Gaulle - Étoile",
73620,4,Notre-Dame,50148605,Avant,1,6,,0,"Porte de Clignancourt",71223
71370,14,"Rue Saint-Lazare",50148706,Arrière,7,8,,0,"Saint-Denis - Pleyel",71475
71864,11,"4 avenue Simon Bolivar",50148713,Arrière,5,5,,1,Châtelet,71853
71311,9,"1 Rue Rene Boulanger",50148719,Avant,1,5,,0,"Pont de Sèvres",73633
71320,9,"Boulevard de Bonne Nouvelle",50148758,Arrière,5,5,,0,"Pont de Sèvres",71326
71940,2,"Boulevard de la Villette",50148785,Arrière,5,5,,0,Nation,71893
71324,12,"Rue De Sèze",50148800,Arrière,4,5,,0,"Mairie d'Issy",71298
70248,7,"Boulevard Maxime Gorky",50148864,Avant,2,5,Escalator,1,"Villejuif - Louis Aragon",70143
72168,14,"Rue Albert Dhalenne",50148888,Avant,3,8,Escalator,0,"Saint-Denis - Pleyel",490784
71545,14,"av du Cimetière des Batignolles",50148894,Avant,3,8,,0,"Saint-Denis - Pleyel",72126
71545,14,"av de Clichy",50148897,Arrière,8,8,Escalator,1,"Aéroport d'Orly",71475
71545,14,"rue Fragonard",50148898,Avant,3,8,Escalator,1,"Aéroport d'Orly",71475
71572,14,"Rue du Chevaleret",50148910,Arrière,6,8,Escalator,0,"Saint-Denis - Pleyel",71576
71840,11,"Rue Bichat",50149004,Avant,1,5,,1,Châtelet,71311
72491,12,"rue de la Commune",50149326,Arrière,4,5,Escalator,1,"Mairie d'Aubervilliers",72524
72524,12,"avenue Victor Hugo",50149334,Avant,2,5,,0,"Mairie d'Issy",72491
71947,11,"place Carnot",50149888,Avant,1,5,Escalier,1,Châtelet,490779
70645,14,"r. Bourgon",50149932,Milieu,5,8,Escalier,0,"Saint-Denis - Pleyel",71557
69677,14,"Entrée / Sortie",50149940,Avant,2,8,Escalier,1,"Aéroport d'Orly",63284
490784,14,"19 rue Pleyel",50149983,Milieu,5,8,Ascenseur,1,"Aéroport d'Orly",72168
490784,14,"Place de Etoiles",50149986,Milieu,4,8,Ascenseur,1,"Aéroport d'Orly",72168
490779,11,"bd du Gén. Leclerc",50210356,Arrière,5,5,Escalier,1,Châtelet,71909
71897,11,"bd de la Boissière",50210358,Avant,1,5,Ascenseur,1,Châtelet,71947
73788,7,Pyramides,,Avant,1,5,,1,"Villejuif - Louis Aragon",71297
71324,12,Madeleine,,Milieu,3,5,,0,"Mairie d'Issy",71298
71033,7,"Place d'Italie",,Milieu,3,5,,0,"La Courneuve - 8 Mai 1945",71076
71139,13,Montparnasse-Bienvenue,,Arrière,5,5,,1,"Asnières - Gennevilliers - Les Courtilles",71159
71347,1,"Charles de Gaulle-Etoile",,Milieu,3,6,,1,"La Défense",71348
71199,8,"La Motte-Picquet-Grenelle",,Arrière,5,5,,1,"Pointe du Lac",71224
71285,9,Trocadéro,,Avant,1,5,,1,"Mairie de Montreuil",71294
71033,5,"Place d'Italie",,Avant,1,5,,1,"Place d'Italie",
71274,13,Invalides,,Milieu,3,5,,1,"Asnières - Gennevilliers - Les Courtilles",71305
73788,14,Pyramides,,Avant,3,8,,0,"Saint-Denis - Pleyel",71324
71311,9,République,,Milieu,3,5,,1,"Mairie de Montreuil",71803
71940,7B,Jaurès,,Arrière,2,3,,0,Pré-Saint-Gervais,71920
463564,8,Bastille,,Avant,1,5,,0,Balard,73622
73626,14,"Gare de Lyon",,Avant,1,8,Ascenseur,1,"Aéroport d'Orly",71607
73626,1,"Gare de Lyon",,Milieu,3,6,,1,"La Défense",463564
71410,4,"Rue du Faubourg St Denis",50147779,Avant,1,6,,1,"Bagneux - Lucie Aubrac",71359
71410,5,"Rue du Faubourg St Denis",50147779,Avant,1,5,,1,"Place d'Italie",71359
71264,4,"7 avenue Victoria",50147798,Arrière,6,6,,0,"Porte de Clignancourt",73794
71139,6,"73 boulevard du Montparnasse",50147836,Avant,1,5,,0,Nation,71108
71139,6,"73 boulevard du Montparnasse",50147836,Arrière,5,5,,1,"Charles de Gaulle - Étoile",71125
71139,13,"Centre Commercial",50147840,Arrière,5,5,,1,"Asnières - Gennevilliers - Les Courtilles",71159
71370,14,"Cour de Rome",50147869,Arrière,7,8,,0,"Saint-Denis - Pleyel",71475
71408,2,"60 boulevard des Batignolles",50147936,Arrière,5,5,,0,Nation,71435
71298,12,"Place de la Concorde",50147970,Avant,2,5,,1,"Mairie d'Aubervilliers",71324
71328,1,"118 avenue des Champs-Elysées",50147975,Milieu,4,6,,1,"La Défense",71347
71663,1,"81 Cours de Vincennes",50148009,Arrière,6,6,,0,"Château de Vincennes",71647
71237,6,"pl. du Costa Rica",50148024,Milieu,3,5,,1,"Charles de Gaulle - Étoile",71285
71026,6,"Face au 124 boulevard Auguste Blanqui",50148035,Avant,1,5,,1,"Charles de Gaulle - Étoile",71041
71201,7,"Préfecture de Paris",50148111,Avant,1,5,,1,"Villejuif - Louis Aragon",71148
71001,7,"76 avenue d' Italie",50148123,Avant,1,5,,1,"Villejuif - Louis Aragon",70645
70596,7,"166-168 boulevard Masséna",50148129,Arrière,5,5,,1,"Mairie d'Ivry",70604
71274,8,"Rue Robert Esnault Pelterie",50148173,Avant,1,5,,1,"Pointe du Lac",71298
71320,9,"5 Boulevard du Faubourg Poissonnière",50148182,Arrière,5,5,,1,"Mairie de Montreuil",73633
71654,1,"73 boulevard Diderot",50148202,Avant,1,6,,0,"Château de Vincennes",71673
71579,8,"68 Boulevard Poniatowsky",50148212,Arrière,5,5,,0,Balard,71591
70358,8,"279 avenue du Général Leclerc",50148224,Avant,1,5,,1,"Pointe du Lac",70269
71084,9,"Place de la Porte de Saint-Cloud",50148252,Arrière,4,5,,0,"Pont de Sèvres",71054
71285,6,"Avenue du Président Wilson",50148270,Avant,1,5,,0,Nation,71237
71330,8,"3 Boulevard Haussmann",50148297,Avant,1,5,,0,Balard,71337
71190,10,"Palais de la Mutualité",50148356,Avant,1,5,,1,"Gare d'Austerlitz",71153
71190,10,Panthéon,50148358,Arrière,5,5,,0,"Boulogne Pont de Saint-Cloud",73619
71199,8,"25 rue de Pondichéry",50148369,Avant,1,5,,0,Balard,71132
70721,10,"135 route de la Reine",50148385,Arrière,5,5,,0,"Boulogne Pont de Saint-Cloud",
415852,1,"Rue du Renard",50148392,Arrière,6,6,Escalator,0,"Château de Vincennes",71222
71293,11,"42 rue Réaumur",50148402,Avant,1,5,,1,Châtelet,71273
71311,5,"14 place de la République",50148405,Arrière,5,5,,1,"Place d'Italie",71803
71853,11,"Terre-plein face au 1 boulevard de la Villette",50148414,Avant,1,5,,1,Châtelet,71840
71203,10,"Rue Velpeau",50148443,Arrière,5,5,,1,"Gare d'Austerlitz",73639
72064,12,"100 rue de la Chapelle",50148466,Avant,1,5,,1,"Mairie d'Aubervilliers",74041
71370,13,"95 rue Saint-Lazare",50148494,Arrière,5,5,,0,"Châtillon - Montrouge",71346
71545,14,"1 boulevard Berthier",50148516,Avant,1,8,Escalator,0,"Saint-Denis - Pleyel",72126
72203,13,"Gare routière",50148522,Avant,2,5,,0,"Châtillon - Montrouge",72118
72203,13,"Gare routière",50148523,Milieu,3,5,,0,"Châtillon - Montrouge",72118
71347,6,"1 avenue de la Grande Armée",50148550,Avant,1,5,,1,"Charles de Gaulle - Étoile",
71673,9,"Terre-plein face au 3 place de la Nation",50148569,Avant,1,5,,0,"Pont de Sèvres",71694
71264,14,"Place Marguerite de Navarre",50148652,Arrière,7,8,,1,"Aéroport d'Orly",73626
463564,5,"Port de l'Arsenal",50148660,Avant,1,5,,1,"Place d'Italie",71637
71370,14,"14 rue du Havre",50148663,Avant,2,8,,1,"Aéroport d'Orly",71324
71864,11,"4 avenue Simon Bolivar",50148713,Avant,2,5,,0,Rosny-Bois-Perrier,71868
71311,5,"12 place de la République",50148718,Milieu,3,5,,0,"Bobigny - Pablo Picasso",71322
71311,11,"10 place de la République",50148722,Arrière,4,5,,0,Rosny-Bois-Perrier,71840
72240,13,"Angle rue des Bas et Rue Louis Calmel",50148727,Milieu,3,5,Ascenseur,0,"Châtillon - Montrouge",72203
71073,8,"Rue Louis Armand",50148757,Avant,1,5,,0,Balard,
70990,12,"Boulevard Gambetta",50148771,Arrière,5,5,,1,"Mairie d'Aubervilliers",71045
71485,1,"Quartier Saisons",50148776,Arrière,5,6,,1,"La Défense",71517
71199,8,"Avenue de Suffren",50148791,Arrière,5,5,,0,Balard,71132
73618,10,"Boulevard Saint Germain",50148807,Avant,1,5,,1,"Gare d'Austerlitz",73619
73788,14,"Rue de l'Echelle",50148820,Avant,2,8,,1,"Aéroport d'Orly",71264
73788,14,"Rue de l'Echelle",50148820,Arrière,8,8,Ascenseur,0,"Saint-Denis - Pleyel",71324
70375,7,"Rue du Dauphin",50148836,Arrière,4,5,,0,"La Courneuve - 8 Mai 1945",70452
70375,7,"Rue du Dauphin",50148836,Arrière,4,5,,1,"Villejuif - Louis Aragon",70248
415852,11,"Rue de Rivoli",50148848,Avant,1,5,,1,Châtelet,71264
71576,14,"Rue François Truffaut",50148879,Arrière,7,8,,0,"Saint-Denis - Pleyel",71607
72126,14,"Rue Touzet",50148891,Avant,3,8,Escalator,1,"Aéroport d'Orly",71545
71545,14,"Bd Berthier",50148896,Arrière,6,8,Escalator,0,"Saint-Denis - Pleyel",72126
71545,14,"rue Fragonard",50148898,Avant,1,8,Ascenseur,1,"Aéroport d'Orly",71475
72491,12,"rue de la Commune",50149327,Avant,1,5,,1,"Mairie d'Aubervilliers",72524
72524,12,"avenue Victor Hugo",50149331,Avant,2,5,,1,"Mairie d'Aubervilliers",
490782,11,"r. de la Dhuys",50149896,Arrière,4,5,Ascenseur,1,Châtelet,71897
70645,14,"r. du Tage",50149929,Arrière,7,8,Escalator,0,"Saint-Denis - Pleyel",71557
70645,14,"r. de la Vistule",50149931,Arrière,7,8,Escalier,1,"Aéroport d'Orly",70445
490784,14,"19 rue Pleyel",50149983,Milieu,4,8,Ascenseur,1,"Aéroport d'Orly",72168
490784,14,"Place de Etoiles",50149986,Arrière,6,8,Escalator,0,"Saint-Denis - Pleyel",
490779,11,"r. de la Liberté",50210353,Arrière,5,5,Escalator,0,Rosny-Bois-Perrier,71947
490779,11,"r. de la Liberté",50210357,Arrière,5,5,Ascenseur,1,Châtelet,71909
71135,5,"Gare d'Austerlitz",,Avant,1,5,,1,"Place d'Italie",71092
463564,1,Bastille,,Milieu,3,6,,0,"Château de Vincennes",73626
71298,8,Concorde,,Avant,1,5,,1,"Pointe du Lac",71324
71673,6,Nation,,Milieu,3,5,,0,Nation,
71435,13,"Place de Clichy",,Avant,1,5,,0,"Châtillon - Montrouge",71382
71410,5,"Gare du Nord",,Milieu,3,5,Escalator,0,"Bobigny - Pablo Picasso",71961
71056,4,Denfert-Rochereau,,Avant,1,6,,0,"Porte de Clignancourt",71088
71410,4,"Gare du Nord",,Milieu,4,6,,0,"Porte de Clignancourt",71426
71274,13,Invalides,,Milieu,3,5,,0,"Châtillon - Montrouge",71232
73626,14,"Gare de Lyon",,Avant,1,8,Escalator,1,"Aéroport d'Orly",71607
71673,9,Nation,,Milieu,3,5,,1,"Mairie de Montreuil",479928
71125,12,Pasteur,,Avant,1,5,,1,"Mairie d'Aubervilliers",73641
71410,4,"La Chapelle",,Milieu,3,6,,1,"Bagneux - Lucie Aubrac",71359
71139,12,Montparnasse-Bienvenue,,Milieu,3,5,,0,"Mairie d'Issy",73641
463564,5,Bastille,,Avant,1,5,,0,"Bobigny - Pablo Picasso",73621
71347,2,"Charles de Gaulle-Etoile",,Avant,2,5,Escalator,1,"Porte Dauphine",71315
71324,12,Madeleine,,Avant,1,5,,0,"Mairie d'Issy",71298
71264,14,Châtelet,,Avant,3,8,,1,"Aéroport d'Orly",73626
71293,3,Arts-et-Métiers,,Arrière,5,5,,1,"Pont de Levallois - Bécon",73636
71376,2,Courcelles,,Avant,1,5,,0,Nation,73671
71264,4,Châtelet,,Milieu,3,6,,1,"Bagneux - Lucie Aubrac",71223
73788,14,Pyramides,,Avant,3,8,,0,"Saint-Denis - Pleyel",71324
73788,7,Pyramides,,Avant,1,5,,1,"Villejuif - Louis Aragon",71297
73619,10,"Saint-Michel Notre-Dame",,Avant,1,5,,0,"Boulogne Pont de Saint-Cloud",73618
71673,1,Nation,,Milieu,3,6,,1,"La Défense",71654
71347,1,"Charles de Gaulle - Etoile",,Avant,1,6,,1,"La Défense",71348
71264,11,"Châtelet - Les Halles",,Arrière,4,5,,0,Rosny-Bois-Perrier,415852
71264,14,"Châtelet - Les Halles",,Avant,3,8,,1,"Aéroport d'Orly",73626
73626,14,"Gare de Lyon",,Avant,1,8,Ascenseur,1,"Aéroport d'Orly",71607
71346,9,Miromesnil,,Arrière,5,5,,1,"Mairie de Montreuil",73690
71972,5,"148 avenue Jean Jaurès",50147732,Avant,1,5,Escalator,0,"Bobigny - Pablo Picasso",71989
71957,5,"43 avenue de Laumière",50147737,Avant,1,5,Escalator,0,"Bobigny - Pablo Picasso",71972
463564,5,"Boulevard Richard Lenoir",50147742,Avant,1,5,,0,"Bobigny - Pablo Picasso",73621
71989,5,"212 avenue Jean Jaurès",50147757,Avant,1,5,,0,"Bobigny - Pablo Picasso",72004
71426,2,"2 Bd de Rochechouart",50147784,Avant,1,5,,1,"Porte Dauphine",71419
71264,14,"Rue de la Lingerie",50147790,Arrière,7,8,,1,"Aéroport d'Orly",73626
71264,4,"63 - 65 rue de Rivoli",50147791,Avant,2,6,,0,"Porte de Clignancourt",73794
71264,7,"8 place Sainte-Opportune",50147793,Avant,1,5,,0,"La Courneuve - 8 Mai 1945",71253
71264,11,"112 rue deRivoli",50147795,Avant,1,5,,1,Châtelet,
71264,7,"Place du Châtelet",50147797,Arrière,5,5,,1,"Villejuif - Louis Aragon",71217
71264,14,"7 avenue Victoria",50147798,Avant,2,8,,1,"Aéroport d'Orly",73626
71264,11,"7 avenue Victoria",50147798,Avant,1,5,,1,Châtelet,
71202,4,"69 rue de Rennes",50147800,Arrière,6,6,,1,"Bagneux - Lucie Aubrac",71184
73794,4,"Place Carrée, Forum des Halles)",50147804,Arrière,6,6,Escalator,1,"Bagneux - Lucie Aubrac",71264
73620,4,"15 place Saint-André des Arts",50147813,Arrière,6,6,Ascenseur,0,"Porte de Clignancourt",71223
73633,9,"Porte Saint-Martin",50147821,Arrière,5,5,,0,"Pont de Sèvres",71320
73633,8,"9 rue Saint-Denis",50147822,Avant,1,5,,1,"Pointe du Lac",71311
71403,2,"1 boulevard de Courcelles",50147864,Arrière,5,5,,1,"Porte Dauphine",73671
71370,3,"Rue de l' Arcade",50147868,Avant,1,5,,0,Gallieni,482368
71370,14,"Cour de Rome",50147869,Milieu,4,8,Ascenseur,1,"Aéroport d'Orly",71324
71370,14,"Gare SNCF",50147870,Arrière,7,8,,0,"Saint-Denis - Pleyel",71475
71519,3,"Rue Voltaire",50147878,Arrière,4,5,Escalator,1,"Pont de Levallois - Bécon",72057
71787,2,"Avenue de la République",50147891,Avant,1,5,,1,"Porte Dauphine",71815
71808,3B,"Hôpital Tenon",50147893,Avant,1,3,,1,Gambetta,
71817,3,"Gare routière",50147903,Arrière,5,5,,1,"Pont de Levallois - Bécon",71799
71893,2,"Tterre-plein face au 83 boulevard de la Villette",50147953,Avant,1,5,,1,"Porte Dauphine",71940
71298,1,"Place de la Concorde",50147970,Avant,1,6,,1,"La Défense",71305
71305,13,"Clémenceau (place)",50147971,Arrière,4,5,,1,"Asnières - Gennevilliers - Les Courtilles",71346
71328,1,"118 avenue des Champs-Elysées",50147975,Milieu,3,6,Escalator,1,"La Défense",71347
71663,1,"99 Cours de Vincennes",50147980,Arrière,6,6,,1,"La Défense",71673
73626,1,"Rue de Bercy",50147982,Milieu,4,6,,1,"La Défense",463564
73626,1,"28 boulevard Diderot",50147985,Avant,1,6,,0,"Château de Vincennes",71654
71297,1,"Place du Palais-Royal",50147993,Avant,1,6,,1,"La Défense",71284
71297,7,"Passage du Louvre",50147994,Avant,1,5,,0,"La Courneuve - 8 Mai 1945",73788
71663,1,"90 Cours de Vincennes",50148010,Avant,2,6,,1,"La Défense",71673
71663,1,"106 Cours de Vincennes",50148011,Arrière,6,6,,1,"La Défense",71673
71033,6,"182 boulevard Vincent Auriol",50148016,Arrière,5,5,,1,"Charles de Gaulle - Étoile",71013
71033,6,"Place d' Italie",50148018,Milieu,3,5,,1,"Charles de Gaulle - Étoile",71013
71033,7,"Manufacture des Gobelins",50148019,Arrière,5,5,,1,"Villejuif - Louis Aragon",71001
473829,6,"Terre-plein face au 2 boulevard de Grenelle",50148027,Arrière,5,5,,1,"Charles de Gaulle - Étoile",71237
71607,14,"Boulevard de Bercy",50148041,Arrière,6,8,Escalator,1,"Aéroport d'Orly",71576
71607,14,"Boulevard de Bercy",50148041,Arrière,7,8,,1,"Aéroport d'Orly",71576
71607,6,"Place du Bataillon du Pacifique",50148042,Arrière,5,5,,0,Nation,71606
73696,7,"54 avenue Jean Jaurès",50148063,Milieu,3,5,,0,"La Courneuve - 8 Mai 1945",
73695,7,"Gare routière",50148067,Milieu,3,5,,1,"Villejuif - Louis Aragon",72460
72460,7,"115 avenue de la République",50148070,Arrière,4,5,,0,"La Courneuve - 8 Mai 1945",73695
72031,7,"Rue Benjamin Constant",50148080,Avant,1,5,,0,"La Courneuve - 8 Mai 1945",72430
71961,2,"Bassin de la Villette",50148088,Avant,1,5,,0,Nation,71940
73689,9,"28 boulevard Haussmann",50148101,Avant,1,5,,1,"Mairie de Montreuil",71330
71337,3,"Théâtre National de l'Opéra",50148102,Avant,1,5,,0,Gallieni,71313
71337,7,"43 avenue de l' Opéra",50148105,Avant,1,5,,1,"Villejuif - Louis Aragon",73788
71253,7,"Pont Neuf",50148107,Avant,1,5,,1,"Villejuif - Louis Aragon",71264
71253,7,"Pont Neuf",50148107,Arrière,5,5,,0,"La Courneuve - 8 Mai 1945",71297
71217,7,"quai de l'Hôtel de Ville",50148110,Avant,1,5,,1,"Villejuif - Louis Aragon",71201
71201,7,"2 quai des Célestins",50148113,Avant,1,5,,1,"Villejuif - Louis Aragon",71148
71076,7,"25 avenue des Gobelins",50148119,Arrière,5,5,,1,"Villejuif - Louis Aragon",71033
71076,7,"28 avenue des Gobelins",50148120,Arrière,4,5,,1,"Villejuif - Louis Aragon",71033
70645,7,"144 avenue d' Italie",50148127,Avant,1,5,,0,"La Courneuve - 8 Mai 1945",71001
70248,7,"Boulevard Maxime Gorky",50148149,Arrière,4,5,,0,"La Courneuve - 8 Mai 1945",70375
70143,7,"175 boulevard Maxime Gorky",50148150,Milieu,3,5,,0,"La Courneuve - 8 Mai 1945",70248
412992,8,"107 rue de la Convention",50148160,Arrière,5,5,,0,Balard,71086
412992,8,"111 rue de la Convention",50148161,Avant,1,5,,1,"Pointe du Lac",71137
71320,9,"15 Boulevard de Bonne Nouvelle",50148181,Avant,1,5,,1,"Mairie de Montreuil",73633
71320,9,"8 boulevard du Faubourg Poissonnière",50148183,Avant,1,5,,0,"Pont de Sèvres",71326
71277,8,"Cirque d'Hiver",50148184,Avant,1,5,,1,"Pointe du Lac",71777
463564,1,"Rue de la Roquette",50148194,Milieu,4,6,,1,"La Défense",71222
71693,8,"87 rue Ledru Rollin",50148196,Arrière,5,5,,0,Balard,463564
71579,8,"68 Boulevard Poniatowsky",50148212,Avant,1,5,,1,"Pointe du Lac",71558
70648,8,"91 rue de Paris",50148217,Avant,1,5,,0,Balard,71558
70648,8,"68 bis rue de Paris",50148218,Avant,1,5,,1,"Pointe du Lac",70522
70269,8,"13 Rue Gustave Eiffel",50148229,Avant,2,5,,1,"Pointe du Lac",70172
70172,8,"Route de Choisy",50148231,Avant,2,5,,1,"Pointe du Lac",70021
71054,9,"2 rue Rieux",50148245,Avant,1,5,,1,"Mairie de Montreuil",71084
71084,9,"Avenue Georges Lafont",50148248,Avant,1,5,,0,"Pont de Sèvres",71054
71084,9,"Place de la Porte de Saint-Cloud",50148253,Arrière,5,5,,0,"Pont de Sèvres",71054
71206,10,"53 rue d' Auteuil",50148257,Arrière,5,5,,0,"Boulogne Pont de Saint-Cloud",71169
73657,9,"85 avenue Mozart",50148260,Avant,1,5,,1,"Mairie de Montreuil",71243
71294,9,"av. du Président Wilson",50148275,Arrière,5,5,,0,"Pont de Sèvres",71285
71334,9,"69 avenue Franklin D. Roosevelt",50148284,Arrière,5,5,,0,"Pont de Sèvres",71318
71346,9,"1 avenue Percier",50148286,Arrière,5,5,,1,"Mairie de Montreuil",73690
71346,13,"1 avenue Percier",50148286,Arrière,4,5,,0,"Châtillon - Montrouge",71305
71346,9,"1 avenue Percier",50148286,Avant,1,5,,0,"Pont de Sèvres",71334
71330,9,"6 Boulevard Haussmann",50148293,Avant,1,5,,1,"Mairie de Montreuil",71326
71326,9,"15 boulevard Poissonnière",50148302,Arrière,5,5,,0,"Pont de Sèvres",71330
71803,5,"43 boulevard Voltaire",50148305,Avant,1,5,,1,"Place d'Italie",73648
71694,9,"209 boulevard Voltaire",50148324,Arrière,5,5,,1,"Mairie de Montreuil",71673
71694,9,"230 boulevard Voltaire",50148325,Arrière,5,5,,1,"Mairie de Montreuil",71673
71311,8,"1 rue René Boulanger",50148406,Avant,1,5,,1,"Pointe du Lac",71277
71045,12,"73 boulevard Victor",50148428,Arrière,5,5,,0,"Mairie d'Issy",70990
73641,12,"138 rue du Cherche-Midi",50148439,Avant,1,5,,0,"Mairie d'Issy",71125
71006,13,"1 boulevard Brune",50148476,Arrière,5,5,,1,"Asnières - Gennevilliers - Les Courtilles",71039
71528,13,"86 avenue de Saint-Ouen",50148497,Arrière,5,5,,0,"Châtillon - Montrouge",71474
72203,13,"Gare routière",50148523,Avant,2,5,,0,"Châtillon - Montrouge",72118
71347,6,"1 avenue de la Grande Armée",50148550,Milieu,3,5,,1,"Charles de Gaulle - Étoile",
71475,14,"Rue Cardinet",50148654,Arrière,7,8,Escalator,1,"Aéroport d'Orly",71370
72326,13,Basilique,50148704,Avant,2,5,,0,"Châtillon - Montrouge",72285
71311,5,"2 place de la République",50148716,Avant,1,5,,1,"Place d'Italie",71803
71311,5,"12 place de la République",50148718,Milieu,3,5,,1,"Place d'Italie",71803
72240,13,"Angle rue des Bas et Rue Louis Calmel",50148727,Avant,2,5,,0,"Châtillon - Montrouge",72203
74041,12,"Place du Front Populaire",50148736,Avant,2,5,Escalator,1,"Mairie d'Aubervilliers",72491
71199,10,"Boulevard de Grenelle",50148790,Arrière,5,5,,1,"Gare d'Austerlitz",71157
70375,7,"Centre Commercial",50148837,Arrière,4,5,Escalator,1,"Villejuif - Louis Aragon",70248
415852,1,"Rue de Rivoli",50148848,Arrière,6,6,,0,"Château de Vincennes",71222
71885,11,"Rue de Crimée",50148855,Arrière,5,5,,0,Rosny-Bois-Perrier,71870
478883,4,"Rue Belliard",50148877,Avant,1,6,,0,"Porte de Clignancourt",
71545,14,"av de Clichy",50148897,Arrière,8,8,Ascenseur,0,"Saint-Denis - Pleyel",72126
71305,1,"Avenue du Général Eisenhower",50149009,Avant,1,6,,0,"Château de Vincennes",71298
72491,12,"rue de la Commune",50149326,Avant,1,5,,0,"Mairie d'Issy",74041
71947,11,"r. Veuve Aublet",50149891,Arrière,4,5,Escalator,1,Châtelet,490779
71897,11,"r. des Saules Clouet",50149893,Arrière,4,5,Escalator,1,Châtelet,71947
70645,14,"r. de la Vistule",50149931,Avant,1,8,Ascenseur,1,"Aéroport d'Orly",70445
69974,14,"ZAC Lallier",50149936,Milieu,4,8,Escalator,0,"Saint-Denis - Pleyel",478860
69974,14,"ZAC Lallier",50149936,Milieu,5,8,Ascenseur,1,"Aéroport d'Orly",73753
69677,14,"Entrée / Sortie",50149941,Avant,2,8,Escalier,1,"Aéroport d'Orly",63284
69677,14,"Entrée / Sortie",50149942,Arrière,6,8,Ascenseur,1,"Aéroport d'Orly",63284
71330,8,Richelieu-Drouot,,Avant,1,5,,1,"Pointe du Lac",71326
71311,9,République,,Avant,1,5,,0,"Pont de Sèvres",73633
71889,11,"Porte des Lilas",,Arrière,4,5,,0,Rosny-Bois-Perrier,71909
71324,14,Madeleine,,Arrière,6,8,,1,"Aéroport d'Orly",73788
71139,12,Montparnasse-Bienvenue,,Arrière,5,5,,1,"Mairie d'Aubervilliers",71138
71199,6,"La Motte-Picquet-Grenelle",,Arrière,5,5,,0,Nation,71167
71330,9,Richelieu-Drouot,,Avant,1,5,,0,"Pont de Sèvres",73689
71320,9,"Bonne Nouvelle",,Avant,1,5,Escalator,0,"Pont de Sèvres",71326
71407,7B,"Louis Blanc",,Arrière,2,3,,1,"Louis Blanc",
71409,12,Pigalle,,Milieu,3,5,,1,"Mairie d'Aubervilliers",71432
71298,8,Concorde,,Avant,1,5,,1,"Pointe du Lac",71324
71614,8,"Daumesnil (Félix Eboué)",,Avant,1,5,,1,"Pointe du Lac",71595
71410,4,"Paris Gare du Nord",,Milieu,3,6,,0,"Porte de Clignancourt",71426
71056,4,Denfert-Rochereau,,Avant,1,6,,0,"Porte de Clignancourt",71088
71426,2,"45 Boulevard de la Chapelle",50147786,Avant,2,5,Ascenseur,0,Nation,71434
71264,14,"63 - 65 rue de Rivoli",50147791,Arrière,6,8,Escalator,0,"Saint-Denis - Pleyel",73788
71264,14,"55 rue de Rivoli",50147794,Avant,2,8,,1,"Aéroport d'Orly",73626
71264,4,"112 rue deRivoli",50147795,Arrière,6,6,,0,"Porte de Clignancourt",73794
71264,7,"15 avenue Victoria",50147799,Arrière,5,5,,1,"Villejuif - Louis Aragon",71217
73633,9,"19 boulevard Saint-Denis",50147826,Arrière,5,5,,1,"Mairie de Montreuil",71311
71056,6,"2 Place Denfert Rochereau",50147853,Avant,2,5,,0,Nation,71041
71673,2,"Terre-plein face au 28 place de la Nation",50147946,Avant,1,5,,0,Nation,
71893,2,"Tterre-plein face au 83 boulevard de la Villette",50147953,Arrière,5,5,,0,Nation,71853
71634,1,"11 avenue de Nogent",50147996,Avant,1,6,,0,"Château de Vincennes",
71041,6,"Terre-plein face au 46 boulevard Saint-Jacques",50148034,Arrière,5,5,,0,Nation,71026
73695,7,"Av Jean Jaurès",50148066,Milieu,3,5,Escalator,0,"La Courneuve - 8 Mai 1945",73696
70375,7,"53 avenue de Paris",50148146,Arrière,4,5,,1,"Villejuif - Louis Aragon",70248
71320,9,"11 Boulevard de Bonne Nouvelle",50148180,Avant,1,5,,1,"Mairie de Montreuil",73633
71777,8,"6 Boulevard des Filles du Calvaire",50148187,Arrière,5,5,,0,Balard,71277
463564,5,"37 boulevard Bourdon",50148190,Avant,1,5,,1,"Place d'Italie",71637
474150,9,"5 avenue Mozart",50148263,Avant,1,5,,1,"Mairie de Montreuil",71292
71326,9,"32 boulevard Poissonnière",50148299,Arrière,5,5,,1,"Mairie de Montreuil",71320
71803,5,"20 rue de Crussol",50148304,Arrière,5,5,,1,"Place d'Italie",73648
71311,3,"1 rue René Boulanger",50148406,Avant,1,5,,1,"Pont de Levallois - Bécon",71296
71961,2,Stalingrad,,Arrière,5,5,,1,"Porte Dauphine",71434
73626,14,"Gare de Lyon",,Arrière,6,8,Escalator,1,"Aéroport d'Orly",71607
71264,14,Châtelet,,Arrière,6,8,Escalator,0,"Saint-Denis - Pleyel",73788
71359,7,"Gare de l'Est (Verdun)",,Milieu,3,5,,0,"La Courneuve - 8 Mai 1945",474149
73690,9,Saint-Lazare,,Avant,1,5,,1,"Mairie de Montreuil",482368
71370,14,"Haussmann Saint-Lazare",,Avant,3,8,,0,"Saint-Denis - Pleyel",71475
71311,8,République,,Milieu,3,5,,0,Balard,73633
71370,13,Saint-Lazare,,Arrière,4,5,Escalator,0,"Châtillon - Montrouge",71346
71370,14,Saint-Lazare,,Avant,3,8,,1,"Aéroport d'Orly",71324
71293,3,Arts-et-Métiers,,Avant,1,5,,0,Gallieni,71296
71264,1,Châtelet,,Arrière,6,6,,1,"La Défense",73630
71298,8,Concorde,,Avant,1,5,,1,"Pointe du Lac",71324
71410,5,"Gare du Nord",,Avant,1,5,,1,"Place d'Italie",71359
71199,6,"La Motte-Picquet-Grenelle",,Arrière,5,5,,0,Nation,71167
71088,4,Raspail,,Arrière,6,6,,1,"Bagneux - Lucie Aubrac",71056
71434,2,"Paris Gare du Nord",,Avant,1,5,,1,"Porte Dauphine",71426
71673,1,Nation,,Milieu,3,6,,1,"La Défense",71654
71337,7,Auber,,Avant,1,5,,0,"La Courneuve - 8 Mai 1945",73689
72168,13,"Mairie de Saint-Ouen",,Milieu,3,5,,1,"Saint-Denis - Université",72217
71376,2,"1 rue de Chazelle",50147938,Avant,1,5,,1,"Porte Dauphine",71367
71297,1,"Terre-plein face au 93 rue de Rivoli",50147989,Milieu,4,6,,0,"Château de Vincennes",73630
71634,1,"7 avenue de Nogent",50147995,Arrière,6,6,,1,"La Défense",71650
71033,5,"Place d' Italie",50148018,Arrière,5,5,,1,"Place d'Italie",
71293,11,"Rue Réaumur",50148401,Avant,1,5,,1,Châtelet,71273
70586,4,"Place Emile Cresp",50148740,Arrière,6,6,,1,"Bagneux - Lucie Aubrac",70441
72024,5,"Rue Charles Auffrey",50148774,Arrière,5,5,,1,"Place d'Italie",72004
73794,4,"Porte Saint-Eustache",50148871,Arrière,6,6,Escalator,0,"Porte de Clignancourt",479068
71576,14,"Passage Saint-EMilion",50148878,Milieu,5,8,Escalator,0,"Saint-Denis - Pleyel",71607
71545,14,"Bd Berthier",50148896,Milieu,5,8,,1,"Aéroport d'Orly",71475
71572,14,"Bibliothèque François Mitterrand",50148909,Avant,2,8,Escalator,0,"Saint-Denis - Pleyel",71576
483315,4,"av. Henri Barbusse Bagneux",50149177,Avant,1,6,Escalator,1,"Bagneux - Lucie Aubrac",
490779,11,"bd du Gén. Leclerc",50149887,Arrière,5,5,Ascenseur,1,Châtelet,71909
71673,2,Nation,,Milieu,3,5,,0,Nation,
73633,9,Strasbourg-Saint-Denis,,Avant,1,5,,1,"Mairie de Montreuil",71311
71370,3,Saint-Lazare,,Arrière,5,5,,0,Gallieni,482368
71379,1,"Neuilly Porte Maillot",,Avant,1,6,,0,"Château de Vincennes",71348
71135,5,"Gare d'Austerlitz",,Arrière,5,5,,0,"Bobigny - Pablo Picasso",71637
71311,5,République,,Milieu,3,5,,1,"Place d'Italie",71803
71139,4,Montparnasse-Bienvenue,,Avant,1,6,,0,"Porte de Clignancourt",71184
71370,3,Saint-Lazare,,Arrière,5,5,,0,Gallieni,482368
71403,3,Villiers,,Milieu,3,5,,1,"Pont de Levallois - Bécon",71416
71710,9,"Rue d'Avron",50148333,Avant,1,5,,0,"Pont de Sèvres",71703
71148,7,"2 place Jussieu",50148353,Avant,1,5,,1,"Villejuif - Louis Aragon",71133
71190,10,"Palais de la Mutualité",50148356,Avant,2,5,Escalator,1,"Gare d'Austerlitz",71153
71156,10,"36 rue des Entrepreneurs",50148372,Arrière,5,5,,1,"Gare d'Austerlitz",71158
71156,10,"36 rue des Entrepreneurs",50148372,Avant,1,5,,0,"Boulogne Pont de Saint-Cloud",71150
70721,10,"5 avenue du Maréchal de Lattre de Tassigny",50148383,Avant,1,5,,0,"Boulogne Pont de Saint-Cloud",
71273,11,"22 rue Beaubourg",50148399,Avant,1,5,,1,Châtelet,415852
71909,11,"Place du Colonel Fabien",50148421,Arrière,5,5,,0,Rosny-Bois-Perrier,490779
71045,12,"407 rue de Vaugirard",50148427,Avant,1,5,,0,"Mairie d'Issy",70990
71125,12,"183 rue de Vaugirard",50148438,Avant,1,5,,1,"Mairie d'Aubervilliers",73641
71138,12,"Terre-plein face au 112 boulevard Raspail",50148440,Arrière,5,5,,1,"Mairie d'Aubervilliers",73640
71203,10,"Square Boucicaut",50148445,Avant,1,5,,1,"Gare d'Austerlitz",73639
71382,13,"Terre-plein face au 21 rue de Liège",50148495,Avant,1,5,,1,"Asnières - Gennevilliers - Les Courtilles",71435
71545,14,"125 boulevard Bessières",50148515,Avant,1,8,Ascenseur,1,"Aéroport d'Orly",71475
71545,14,"1 boulevard Berthier",50148516,Avant,1,8,Ascenseur,1,"Aéroport d'Orly",71475
72203,13,"19 rue des Bas",50148525,Avant,2,5,Escalator,1,"Asnières - Gennevilliers - Les Courtilles",72240
73626,14,"175 rue Bercy",50148561,Milieu,4,8,Ascenseur,1,"Aéroport d'Orly",71607
71475,14,"Rue Cardinet",50148654,Arrière,7,8,Escalator,0,"Saint-Denis - Pleyel",71545
73788,14,"Face au 13 avenue de l'Opera",50148700,Arrière,8,8,Ascenseur,0,"Saint-Denis - Pleyel",71324
72358,13,"Avenue de Stalingrad",50148703,Avant,2,5,Escalator,1,"Saint-Denis - Université",
71870,11,"240 rue de Belleville",50148712,Arrière,5,5,,1,Châtelet,71885
71311,3,"Av de la République",50148717,Milieu,3,5,,0,Gallieni,71801
71311,3,"12 place de la République",50148718,Arrière,5,5,Escalator,1,"Pont de Levallois - Bécon",71296
72240,13,"Angle rue Dupont et rue Pierre de Coubertin",50148726,Avant,2,5,Ascenseur,1,"Asnières - Gennevilliers - Les Courtilles",72286
72217,13,"Boulevard Anatole France Près du 174",50148731,Arrière,5,5,,0,"Châtillon - Montrouge",72168
74041,12,"Angle de la rue Léon Blum et de l'Avenue George Sand",50148737,Milieu,3,5,Ascenseur,1,"Mairie d'Aubervilliers",72491
72024,5,"Rue Charles Auffrey",50148774,Avant,1,5,Escalator,0,"Bobigny - Pablo Picasso",72039
71693,8,"Rue Traversière",50148795,Arrière,5,5,,0,Balard,463564
72126,14,"Rue Madame de Sanzillon",50148885,Arrière,8,8,,0,"Saint-Denis - Pleyel",72168
71475,14,"Rue Mstilav Rostropovitch",50148886,Arrière,7,8,Escalator,1,"Aéroport d'Orly",71370
71545,14,"av du Cimetière des Batignolles",50148894,Arrière,8,8,Ascenseur,0,"Saint-Denis - Pleyel",72126
70441,4,"43 av. de Verdun Montrouge",50149173,Avant,2,6,Escalator,0,"Porte de Clignancourt",70586
72491,12,"rue de la Commune",50149329,Milieu,3,5,Ascenseur,1,"Mairie d'Aubervilliers",72524
490779,11,"bd du Gén. Leclerc",50149887,Arrière,5,5,Escalator,0,Rosny-Bois-Perrier,71947
70445,14,"r. Gabriel Péri",50149933,Avant,1,8,Escalier,0,"Saint-Denis - Pleyel",70645
71897,11,"bd de la Boissière",50210359,Arrière,4,5,Escalator,1,Châtelet,71947
71370,12,Saint-Lazare,,Avant,1,5,,0,"Mairie d'Issy",71324
71370,13,Saint-Lazare,,Arrière,5,5,,1,"Asnières - Gennevilliers - Les Courtilles",71382
73618,4,Odéon,,Arrière,6,6,,1,"Bagneux - Lucie Aubrac",71216
71337,3,Opéra,,Milieu,3,5,,1,"Pont de Levallois - Bécon",482368
71033,6,"Manufacture des Gobelins",50148017,Milieu,3,5,,0,Nation,71043
71013,6,"Boulevard Auguste Blanqui",50148036,Avant,1,5,,1,"Charles de Gaulle - Étoile",71026
71614,8,"118 Rue de Reuilly",50148047,Avant,1,5,,0,Balard,71631
72460,7,"115 avenue de la République",50148070,Avant,2,5,,0,"La Courneuve - 8 Mai 1945",73695
71961,7,"17-19 rue de Flandre",50148087,Avant,1,5,,0,"La Courneuve - 8 Mai 1945",71977
71407,7,"234 rue du Faubourg Saint-Martin",50148089,Avant,1,5,,0,"La Courneuve - 8 Mai 1945",71961
71351,7,"Terre-plein face au 65 rue La Fayette",50148093,Avant,1,5,,1,"Villejuif - Louis Aragon",478885
73689,7,"36 boulevard Haussmann",50148095,Avant,1,5,,1,"Villejuif - Louis Aragon",71337
70645,7,"103 avenue d' Italie",50148128,Avant,1,5,,0,"La Courneuve - 8 Mai 1945",71001
70604,7,"120 boulevard Masséna",50148135,Avant,1,5,,0,"La Courneuve - 8 Mai 1945",70596
71073,8,"8 boulevard Victor",50148153,Avant,1,5,,1,"Maisons-Alfort - Les Juilliottes",71086
71274,13,"Rue de l' Université",50148172,Milieu,3,5,,0,"Châtillon - Montrouge",71232
71320,8,"8 boulevard du Faubourg Poissonnière",50148183,Arrière,5,5,,1,"Pointe du Lac",73633
71654,8,"116 boulevard Diderot",50148203,Avant,1,5,,0,Balard,74001
71591,8,"92 Boulevard Poniatowsky",50148209,Avant,1,5,,1,"Pointe du Lac",71579
70648,8,"77 rue de Paris",50148219,Avant,1,5,,1,"Pointe du Lac",70522
474150,9,"5 avenue Mozart",50148263,Arrière,5,5,,0,"Pont de Sèvres",71243
71292,9,"54 avenue Georges Mandel",50148266,Arrière,5,5,,1,"Mairie de Montreuil",71285
71285,9,"Avenue du Président Wilson",50148270,Arrière,5,5,,0,"Pont de Sèvres",71292
71290,9,"Avenue du Président Wilson",50148279,Arrière,4,5,,1,"Mairie de Montreuil",71318
71330,8,"Rue Marivaux",50148292,Arrière,5,5,,1,"Pointe du Lac",71326
71803,9,"18 boulevard Voltaire",50148306,Avant,1,5,,0,"Pont de Sèvres",71311
71159,10,"bd du Montparnasse",50148364,Arrière,5,5,,0,"Boulogne Pont de Saint-Cloud",71157
71169,10,"Route des Lacs",50148378,Avant,1,5,,0,"Boulogne Pont de Saint-Cloud",71147
71273,11,"Centre Georges Pompidou",50148397,Arrière,5,5,,0,Rosny-Bois-Perrier,71293
71293,3,"48 rue Turbigo",50148400,Arrière,4,5,,0,Gallieni,71296
71125,12,"162 rue de Vaugirard",50148437,Arrière,5,5,,0,"Mairie d'Issy",71113
71138,12,"Terre-plein face au 112 boulevard Raspail",50148440,Avant,1,5,,0,"Mairie d'Issy",71139
71203,12,"41 boulevard Raspail",50148444,Avant,1,5,,0,"Mairie d'Issy",73640
71370,14,"Galeries marchandes - Gare Saint-Lazare",50148490,Milieu,4,8,Ascenseur,1,"Aéroport d'Orly",71324
71370,14,"2 rue d'Amsterdam",50148491,Milieu,4,8,Ascenseur,1,"Aéroport d'Orly",71324
71370,14,"2 rue d'Amsterdam",50148491,Avant,2,8,,1,"Aéroport d'Orly",71324
71370,3,"11-13 place du Havre",50148492,Avant,2,5,,1,"Pont de Levallois - Bécon",73617
71370,13,"11-13 place du Havre",50148492,Arrière,4,5,Escalator,0,"Châtillon - Montrouge",71346
71382,13,"Terre-plein face au 21 rue de Liège",50148495,Avant,1,5,,0,"Châtillon - Montrouge",71370
72128,13,"Avenue Gabriel Péri",50148503,Avant,1,5,,1,"Saint-Denis - Université",72168
72203,13,"56 avenue Gabriel Péri",50148521,Milieu,3,5,,0,"Châtillon - Montrouge",72118
71347,2,"2 avenue de la Grande Armée",50148549,Avant,1,5,,1,"Porte Dauphine",71315
71347,2,"6 avenue Carnot",50148553,Avant,2,5,Escalator,1,"Porte Dauphine",71315
71264,14,"Place Marguerite de Navarre",50148652,Milieu,5,8,,1,"Aéroport d'Orly",73626
71370,3,"14 rue du Havre",50148663,Avant,1,5,,1,"Pont de Levallois - Bécon",73617
71264,1,"Théâtre du Châtelet",50148697,Avant,2,6,,0,"Château de Vincennes",415852
72240,13,"Angle rue Dupont et rue Pierre de Coubertin",50148726,Milieu,3,5,Ascenseur,0,"Châtillon - Montrouge",72203
74041,12,"Place du Front Populaire",50148735,Avant,2,5,Escalator,1,"Mairie d'Aubervilliers",72491
490779,11,"bd du Gén. Leclerc",50149887,Arrière,5,5,Escalier,1,Châtelet,71909
70645,14,"r. Bourgon",50149932,Arrière,7,8,Escalator,0,"Saint-Denis - Pleyel",71557
70645,14,"r. Bourgon",50149932,Arrière,6,8,Escalier,1,"Aéroport d'Orly",70445
70645,14,"r. Bourgon",50149932,Avant,2,8,Escalier,0,"Saint-Denis - Pleyel",71557
63284,14,"Orly 4 - T7 - Cur d'Orly",50149982,Arrière,6,8,Escalator,1,"Aéroport d'Orly",
490784,14,"19 rue Pleyel",50149983,Avant,2,8,Escalator,0,"Saint-Denis - Pleyel",
71897,11,"bd de la Boissière",50210358,Avant,1,5,Escalier,1,Châtelet,71947
71346,13,Miromesnil,,Milieu,3,5,,1,"Asnières - Gennevilliers - Les Courtilles",71370
71346,13,Miromesnil,,Milieu,3,5,,0,"Châtillon - Montrouge",71305
71803,5,Oberkampf,,Arrière,5,5,,1,"Place d'Italie",73648
71264,7,Châtelet,,Avant,1,5,,0,"La Courneuve - 8 Mai 1945",71253
71370,3,Saint-Lazare,,Arrière,5,5,,0,Gallieni,482368
71264,7,Châtelet,,Avant,1,5,,0,"La Courneuve - 8 Mai 1945",71253
73633,8,Strasbourg-Saint-Denis,,Avant,1,5,,1,"Pointe du Lac",71311
71803,5,Oberkampf,,Avant,1,5,,0,"Bobigny - Pablo Picasso",71311
71135,5,"Gare d'Austerlitz",,Arrière,5,5,,0,"Bobigny - Pablo Picasso",71637
71673,2,Nation,,Milieu,3,5,,0,Nation,
71434,2,"Gare du Nord",,Milieu,3,5,,1,"Porte Dauphine",71426
71199,10,"La Motte-Picquet-Grenelle",,Arrière,5,5,,1,"Gare d'Austerlitz",71157
71961,5,Stalingrad,,Avant,1,5,,0,"Bobigny - Pablo Picasso",71940
71370,13,"Haussmann Saint-Lazare",,Milieu,3,5,,1,"Asnières - Gennevilliers - Les Courtilles",71382
73626,14,"Gare de Lyon",,Avant,1,8,Ascenseur,1,"Aéroport d'Orly",71607
71673,1,Nation,,Milieu,3,6,,1,"La Défense",71654
71359,4,"Gare de l'Est (Verdun)",,Avant,1,6,,1,"Bagneux - Lucie Aubrac",71333
71410,5,"Gare du Nord",,Milieu,3,5,Escalator,1,"Place d'Italie",71359
73633,4,Strasbourg-Saint-Denis,,Milieu,3,6,,0,"Porte de Clignancourt",71333
71056,6,Denfert-Rochereau,,Milieu,3,5,,0,Nation,71041
71426,4,"1 Bd de Rochechouart",50147785,Milieu,4,6,Escalator,0,"Porte de Clignancourt",71469
71139,6,"Raoul Dautry (place, SNCF Montparnasse)",50147833,Arrière,5,5,,1,"Charles de Gaulle - Étoile",71125
71139,12,"73 boulevard du Montparnasse",50147836,Arrière,4,5,,0,"Mairie d'Issy",73641
71056,6,"1 Avenue du Général Leclerc",50147855,Milieu,3,5,,1,"Charles de Gaulle - Étoile",71088
71313,3,"20 rue du Quatre Septembre",50147916,Arrière,5,5,,0,Gallieni,73635
73635,3,"Rue Notre-Dame des Victoires",50147918,Avant,1,5,,0,Gallieni,73634
425779,1,"Jardin d'Acclimatation",50147961,Arrière,6,6,,0,"Château de Vincennes",71379
71347,2,"Place Charles de Gaulle",50147977,Milieu,3,5,,0,Nation,71367
71663,1,"99 Cours de Vincennes",50147980,Avant,1,6,,0,"Château de Vincennes",71647
73626,1,"27 boulevard Diderot",50147984,Arrière,6,6,,1,"La Défense",463564
71092,5,"50 boulevard de l' Hôpital",50148013,Avant,1,5,,0,"Bobigny - Pablo Picasso",71135
71607,6,"Place du Bataillon du Pacifique",50148042,Avant,1,5,,1,"Charles de Gaulle - Étoile",71597
71614,8,"Place Félix Eboué",50148046,Arrière,5,5,,0,Balard,71631
73650,6,"34 boulevard de Picpus",50148050,Arrière,5,5,,1,"Charles de Gaulle - Étoile",71614
73695,7,"Av Jean Jaurès",50148068,Milieu,3,5,Escalator,0,"La Courneuve - 8 Mai 1945",73696
72430,7,"83 Boulevard Mac Donald",50148075,Avant,1,5,,0,"La Courneuve - 8 Mai 1945",72460
72430,7,"83 Boulevard Mac Donald",50148075,Arrière,5,5,,1,"Villejuif - Louis Aragon",72031
72430,7,"Avenue de la Porte de la Villette",50148079,Arrière,5,5,,1,"Villejuif - Louis Aragon",72031
71253,7,"quai du Louvre",50148108,Arrière,5,5,,0,"La Courneuve - 8 Mai 1945",71297
71076,7,"28 avenue des Gobelins",50148120,Avant,2,5,,0,"La Courneuve - 8 Mai 1945",71100
70636,7,"50 avenue de la Porte d'Ivry",50148138,Arrière,5,5,,1,"Mairie d'Ivry",70537
463564,1,"Opéra Bastille",50148191,Milieu,4,6,,0,"Château de Vincennes",73626
71558,8,"118 rue de Paris",50148214,Avant,1,5,,1,"Pointe du Lac",70648
70269,8,"92 avenue Charles de Gaulle",50148228,Avant,2,5,,1,"Pointe du Lac",70172
70172,8,"Rue Ferdinand de Lesseps",50148230,Avant,2,5,,1,"Pointe du Lac",70021
70021,8,"Le Mont-Mesly",50148233,Arrière,4,5,,1,"Pointe du Lac",69884
71206,9,"53 rue d' Auteuil",50148257,Arrière,5,5,,0,"Pont de Sèvres",73658
71840,11,"150 avenue Parmentier",50148410,Avant,1,5,,0,Rosny-Bois-Perrier,71853
71868,11,"7 rue du Jourdain",50148418,Arrière,5,5,,1,Châtelet,71864
71492,12,"Lamarck (53/53 bis rue)",50148462,Avant,1,5,,1,"Mairie d'Aubervilliers",71521
71370,14,"11-13 place du Havre",50148492,Milieu,5,8,Ascenseur,0,"Saint-Denis - Pleyel",71475
71545,14,"2 avenue de la Porte de Clichy",50148514,Avant,3,8,,0,"Saint-Denis - Pleyel",72126
71545,13,"1 boulevard Berthier",50148516,Avant,1,5,,0,"Châtillon - Montrouge",73661
70645,14,"av. d'Italie",50149928,Avant,1,8,Escalier,1,"Aéroport d'Orly",70445
69974,14,"r. de Bicêtre",50149935,Avant,3,8,Escalator,1,"Aéroport d'Orly",73753
70645,14,"av. d'Italie",50210354,Arrière,7,8,Escalator,1,"Aéroport d'Orly",70445
71311,11,République,,Avant,1,5,,1,Châtelet,71293
482368,3,Havre-Caumartin,,Arrière,5,5,,0,Gallieni,71337
71370,14,Saint-Lazare,,Avant,3,8,Ascenseur,0,"Saint-Denis - Pleyel",71475
71139,6,Montparnasse-Bienvenue,,Milieu,3,5,,0,Nation,71108
71370,3,Saint-Lazare,,Arrière,5,5,,1,"Pont de Levallois - Bécon",73617
73788,14,Pyramides,,Avant,1,8,Ascenseur,1,"Aéroport d'Orly",71264
71139,12,Montparnasse-Bienvenue,,Arrière,5,5,,1,"Mairie d'Aubervilliers",71138
71311,3,République,,Avant,1,5,,1,"Pont de Levallois - Bécon",71296
71370,12,Saint-Lazare,,Arrière,5,5,,1,"Mairie d'Aubervilliers",71355
71940,5,Jaurès,,Milieu,3,5,,0,"Bobigny - Pablo Picasso",71957
71410,5,"La Chapelle",,Avant,1,5,,0,"Bobigny - Pablo Picasso",71961
73618,4,Odéon,,Avant,1,6,Escalator,0,"Porte de Clignancourt",73620
71264,11,Châtelet,,Arrière,4,5,,0,Rosny-Bois-Perrier,415852
71264,1,Châtelet,,Avant,1,6,,0,"Château de Vincennes",415852
71264,4,Châtelet,,Arrière,6,6,,0,"Porte de Clignancourt",73794
71940,2,Jaurès,,Avant,1,5,,1,"Porte Dauphine",71961
71320,9,"Bonne Nouvelle",,Avant,1,5,,1,"Mairie de Montreuil",73633
73626,14,"Gare de Lyon",,Arrière,6,8,Escalator,1,"Aéroport d'Orly",71607
71787,3,Père-Lachaise,,Arrière,5,5,,1,"Pont de Levallois - Bécon",71795
71410,4,"Paris Gare du Nord",,Milieu,3,6,,0,"Porte de Clignancourt",71426
73619,10,"Saint-Michel Notre-Dame",,Arrière,5,5,,1,"Gare d'Austerlitz",71190
71347,2,"Charles de Gaulle - Etoile",,Arrière,5,5,,1,"Porte Dauphine",71315
71517,1,"La Défense",,Arrière,6,6,,1,"La Défense",
71545,13,"Porte de Clichy",,Arrière,5,5,,0,"Châtillon - Montrouge",73661
70645,7,"Maison Blanche",,Arrière,4,5,Escalier,0,"La Courneuve - 8 Mai 1945",71001
72024,5,"121 rue Jean Lolive",50147751,Avant,1,5,,1,"Place d'Italie",72004
71989,5,"Avenue Jean Jaurès",50147758,Avant,1,5,Ascenseur,0,"Bobigny - Pablo Picasso",72004
71410,4,"18 rue de Dunkerque",50147778,Avant,1,6,,1,"Bagneux - Lucie Aubrac",71359
71426,4,"Boulevard de la Chapelle",50147782,Milieu,4,6,,1,"Bagneux - Lucie Aubrac",71410
71426,4,"1 Bd de Rochechouart",50147785,Milieu,4,6,,1,"Bagneux - Lucie Aubrac",71410
71264,7,"Rue de la Lingerie",50147790,Avant,1,5,,0,"La Courneuve - 8 Mai 1945",71253
71264,4,"8 place Sainte-Opportune",50147793,Arrière,6,6,,0,"Porte de Clignancourt",73794
71264,11,"55 rue de Rivoli",50147794,Avant,1,5,,1,Châtelet,
71264,14,"55 rue de Rivoli",50147794,Arrière,7,8,,0,"Saint-Denis - Pleyel",73788
71264,1,"112 rue deRivoli",50147795,Avant,1,6,,0,"Château de Vincennes",415852
71264,14,"Rue des Lavandières",50147796,Avant,2,8,,1,"Aéroport d'Orly",73626
71264,7,"7 avenue Victoria",50147798,Avant,1,5,,1,"Villejuif - Louis Aragon",71217
71264,11,"15 avenue Victoria",50147799,Arrière,5,5,,1,Châtelet,
71264,1,"15 avenue Victoria",50147799,Avant,2,6,,0,"Château de Vincennes",415852
73794,4,"Place Carrée, Forum des Halles)",50147804,Milieu,4,6,Escalator,1,"Bagneux - Lucie Aubrac",71264
73794,4,"Place des Verrières Forum des Halles)",50147805,Milieu,3,6,Escalator,0,"Porte de Clignancourt",479068
71117,4,"108 boulevard du Montparnasse",50147828,Arrière,6,6,,0,"Porte de Clignancourt",71139
71117,4,"103 boulevard du Montparnasse",50147831,Arrière,6,6,,0,"Porte de Clignancourt",71139
71139,12,"Raoul Dautry (place, SNCF Montparnasse)",50147833,Milieu,3,5,,0,"Mairie d'Issy",73641
71139,13,"73 boulevard du Montparnasse",50147836,Avant,1,5,,0,"Châtillon - Montrouge",73675
71139,12,"Centre Commercial",50147840,Arrière,4,5,,0,"Mairie d'Issy",73641
71370,14,"Rue de l' Arcade",50147868,Avant,3,8,,0,"Saint-Denis - Pleyel",71475
71370,13,"Gare SNCF",50147870,Milieu,3,5,,1,"Asnières - Gennevilliers - Les Courtilles",71382
71370,12,"Gare SNCF",50147870,Arrière,5,5,,1,"Mairie d'Aubervilliers",71355
71828,3B,"Paul Signac (place, en face du 125 avenue Gambetta)",50147877,Avant,1,3,,1,Gambetta,71808
71450,3,"143 rue de Villiers",50147884,Arrière,5,5,,0,Gallieni,71453
71297,7,"Place du Palais-Royal",50147988,Avant,1,5,,0,"La Courneuve - 8 Mai 1945",73788
71297,1,"Place du Palais-Royal",50147993,Arrière,6,6,,0,"Château de Vincennes",73630
71033,7,"Place d' Italie",50148018,Avant,1,5,,1,"Villejuif - Louis Aragon",71001
71607,14,"Boulevard de Bercy",50148041,Arrière,8,8,Ascenseur,1,"Aéroport d'Orly",71576
71346,13,"1 avenue Percier",50148286,Avant,1,5,Escalator,0,"Châtillon - Montrouge",71305
71803,5,"43 boulevard Voltaire",50148305,Arrière,5,5,,0,"Bobigny - Pablo Picasso",71311
73639,10,"13 rue du Four",50148359,Avant,1,5,,1,"Gare d'Austerlitz",73618
71159,13,"Boulevard des Invalides",50148365,Avant,1,5,,0,"Châtillon - Montrouge",71139
71273,11,"20 rue Beaubourg",50148396,Arrière,5,5,,0,Rosny-Bois-Perrier,71293
71273,11,"22 rue Beaubourg",50148399,Arrière,5,5,,0,Rosny-Bois-Perrier,71293
71203,10,"41 boulevard Raspail",50148444,Avant,1,5,,1,"Gare d'Austerlitz",73639
71006,13,"2 boulevard Brune",50148475,Arrière,5,5,,1,"Asnières - Gennevilliers - Les Courtilles",71039
71370,12,"2 rue d'Amsterdam",50148491,Avant,1,5,,0,"Mairie d'Issy",71324
71370,14,"11-13 place du Havre",50148492,Milieu,4,8,Ascenseur,1,"Aéroport d'Orly",71324
71528,13,"2 rue de la Jonquière",50148498,Avant,1,5,,1,"Saint-Denis - Université",72078
71545,14,"2 avenue de la Porte de Clichy",50148514,Avant,3,8,Escalator,1,"Aéroport d'Orly",71475
71347,6,"Avenue Foch",50148551,Avant,1,5,,0,Nation,73656
71264,7,"Place Marguerite de Navarre",50148652,Arrière,5,5,,1,"Villejuif - Louis Aragon",71217
70698,9,"Avenue du Général Leclerc",50148659,Arrière,5,5,,1,"Mairie de Montreuil",71034
70522,8,"17 avenue du General Leclerc",50148693,Arrière,4,5,,1,"Pointe du Lac",70426
71311,5,"9 boulevard Saint-Martin",50148720,Milieu,3,5,,0,"Bobigny - Pablo Picasso",71322
72286,13,"20, rue la redoute",50148728,Arrière,5,5,,0,"Châtillon - Montrouge",72240
70586,4,"Parvis de l'église Saint-jacques",50148738,Avant,1,6,Ascenseur,0,"Porte de Clignancourt",70657
70586,4,"Parvis de l'église Saint-jacques",50148738,Arrière,6,6,Ascenseur,1,"Bagneux - Lucie Aubrac",70441
71333,4,"Boulevard de Strasbourg",50148765,Milieu,4,6,,0,"Porte de Clignancourt",71359
71940,7B,"Boulevard de la Villette",50148785,Arrière,3,3,,0,Pré-Saint-Gervais,71920
71517,1,"Avenue Albert Gleizes",50148846,Arrière,6,6,,1,"La Défense",
72358,13,"Gare Routière",50148862,Avant,1,5,,1,"Saint-Denis - Université",
73794,4,"Porte du Louvre",50148873,Arrière,6,6,Escalator,0,"Porte de Clignancourt",479068
71545,14,"av du Cimetière des Batignolles",50148894,Avant,1,8,Escalator,0,"Saint-Denis - Pleyel",72126
71947,11,"place Carnot",50149888,Avant,2,5,Escalator,0,Rosny-Bois-Perrier,71897
71897,11,"bd de la Boissière",50149892,Arrière,5,5,Escalier,0,Rosny-Bois-Perrier,490782
490782,11,"r. Lucien Piron",50149894,Arrière,4,5,Escalier,1,Châtelet,71897
490782,11,"bd de la Boissière",50149895,Avant,2,5,Escalator,1,Châtelet,71897
70645,14,"r. de la Vistule",50149931,Arrière,6,8,Escalator,1,"Aéroport d'Orly",70445
70645,14,"r. Bourgon",50149932,Arrière,7,8,Escalier,1,"Aéroport d'Orly",70445
490784,14,"23 rue Pleyel",50149984,Arrière,6,8,Ascenseur,0,"Saint-Denis - Pleyel",
63284,14,"Orly 1-2-3",50210360,Avant,2,8,Ascenseur,1,"Aéroport d'Orly",
71889,11,"Porte des Lilas",,Avant,1,5,,1,Châtelet,71870
71961,7,Stalingrad,,Arrière,5,5,,1,"Villejuif - Louis Aragon",71407
71264,4,Châtelet,,Arrière,6,6,,0,"Porte de Clignancourt",73794
415852,11,"Hôtel de Ville",,Arrière,4,5,,1,Châtelet,71264
71961,5,Stalingrad,,Arrière,5,5,,0,"Bobigny - Pablo Picasso",71940
71511,12,Marcadet-Poissonniers,,Avant,1,5,,0,"Mairie d'Issy",71521
73618,10,Odéon,,Avant,1,5,Escalator,0,"Boulogne Pont de Saint-Cloud",73639
73618,10,Odéon,,Arrière,5,5,Escalator,1,"Gare d'Austerlitz",73619
73633,9,Strasbourg-Saint-Denis,,Avant,1,5,,1,"Mairie de Montreuil",71311
71285,9,Trocadéro,,Arrière,5,5,,0,"Pont de Sèvres",71292
71125,12,Pasteur,,Avant,1,5,,1,"Mairie d'Aubervilliers",73641
71324,14,Madeleine,,Avant,3,8,,1,"Aéroport d'Orly",73788
71346,9,Miromesnil,,Arrière,5,5,,1,"Mairie de Montreuil",73690
71410,4,Magenta,,Milieu,3,6,,1,"Bagneux - Lucie Aubrac",71359
482368,9,"Haussmann Saint-Lazare",,Avant,1,5,,0,"Pont de Sèvres",73690
73626,14,"Gare de Lyon",,Arrière,6,8,Escalator,0,"Saint-Denis - Pleyel",71264
71311,5,République,,Milieu,3,5,,1,"Place d'Italie",71803
463564,1,Bastille,,Milieu,3,6,,1,"La Défense",71222
71298,12,Concorde,,Avant,1,5,,1,"Mairie d'Aubervilliers",71324
71199,10,"La Motte-Picquet-Grenelle",,Avant,1,5,,1,"Gare d'Austerlitz",71157
71088,4,Raspail,,Avant,1,6,,0,"Porte de Clignancourt",71117
71264,11,"Châtelet - Les Halles",,Arrière,4,5,,0,Rosny-Bois-Perrier,415852
482368,9,Auber,,Arrière,5,5,,1,"Mairie de Montreuil",73689
71264,14,"Châtelet - Les Halles",,Avant,3,8,,0,"Saint-Denis - Pleyel",73788
71264,7,"Châtelet - Les Halles",,Arrière,5,5,,1,"Villejuif - Louis Aragon",71217
73626,14,"Gare de Lyon",,Arrière,6,8,Escalator,0,"Saint-Denis - Pleyel",71264
463564,5,"Bd Bourdon",50147743,Avant,1,5,,1,"Place d'Italie",71637
71410,5,"Rue du Faubourg St Denis",50147779,Arrière,5,5,,0,"Bobigny - Pablo Picasso",71961
71264,14,"55 rue de Rivoli",50147794,Avant,3,8,Escalator,1,"Aéroport d'Orly",73626
71264,11,"Place du Châtelet",50147797,Avant,1,5,,1,Châtelet,
71264,1,"Place du Châtelet",50147797,Avant,2,6,,0,"Château de Vincennes",415852
71117,4,"108 boulevard du Montparnasse",50147828,Arrière,5,6,Escalator,1,"Bagneux - Lucie Aubrac",71088
71139,6,"2 place Bienvenue",50147834,Arrière,5,5,,1,"Charles de Gaulle - Étoile",71125
71030,4,"73 avenue du Général Leclerc",50147846,Avant,1,6,,1,"Bagneux - Lucie Aubrac",70657
71370,12,"Place Gabriel Péri",50147867,Milieu,3,5,,0,"Mairie d'Issy",71324
71370,12,"Rue de l' Arcade",50147868,Milieu,3,5,,0,"Mairie d'Issy",71324
70657,4,"117 boulevard Jourdan",50147873,Avant,1,6,,1,"Bagneux - Lucie Aubrac",70586
71453,3,"184 rue de Courcelles",50147887,Avant,1,5,Escalator,1,"Pont de Levallois - Bécon",71450
71817,3,"Gare routière",50147903,Avant,1,5,,0,Gallieni,
482368,3,"Rue Auber",50147905,Milieu,3,5,,1,"Pont de Levallois - Bécon",71370
71751,2,"19 rue de Mont-Louis",50147950,Arrière,5,5,,0,Nation,71728
71318,1,"44 avenue des Champs-Elysées",50147972,Arrière,5,6,,1,"La Défense",71328
73626,14,"27 boulevard Diderot",50147984,Milieu,5,8,Ascenseur,0,"Saint-Denis - Pleyel",71264
71297,7,"Terre-plein face au 93 rue de Rivoli",50147989,Milieu,3,5,,1,"Villejuif - Louis Aragon",71253
71647,1,"127 avenue Galliéni",50148007,Avant,1,6,,1,"La Défense",71663
71614,8,"118 Rue de Reuilly",50148047,Arrière,5,5,,1,"Pointe du Lac",71595
73650,6,"15 boulevard de Picpus",50148051,Arrière,5,5,,1,"Charles de Gaulle - Étoile",71614
71673,1,"Place de la Nation",50148053,Arrière,6,6,,0,"Château de Vincennes",71663
71673,1,"Place de la Nation",50148054,Arrière,6,6,,0,"Château de Vincennes",71663
73696,7,"Place du 8 Mai 1945",50148065,Milieu,3,5,,0,"La Courneuve - 8 Mai 1945",
72460,7,"115 avenue de la République",50148070,Milieu,3,5,,1,"Villejuif - Louis Aragon",72430
71337,8,"Théâtre National de l'Opéra",50148102,Milieu,3,5,,0,Balard,71324
71076,7,"25 avenue des Gobelins",50148119,Arrière,4,5,,1,"Villejuif - Louis Aragon",71033
70596,7,"Avenue d' Italie",50148131,Arrière,5,5,,1,"Mairie d'Ivry",70604
70488,7,"213 avenue Maurice Thorez",50148143,Avant,1,5,,0,"La Courneuve - 8 Mai 1945",70537
71073,8,"151 avenue Félix Faure",50148156,Arrière,5,5,,0,Balard,
71320,8,"26 Boulevard de Bonne Nouvelle",50148179,Avant,1,5,,1,"Pointe du Lac",73633
71777,8,"Rue Froissart",50148186,Arrière,5,5,,0,Balard,71277
71654,1,"118 boulevard Diderot",50148201,Arrière,6,6,,1,"La Défense",73626
71591,8,"275 avenue Daumesnil",50148211,Arrière,5,5,,1,"Pointe du Lac",71579
70358,8,"249 avenue du Général Leclerc",50148227,Arrière,5,5,,1,"Pointe du Lac",70269
71285,6,"Place du Trocédero",50148269,Avant,1,5,,0,Nation,71237
71346,13,"24 bis rue de la Boétie",50148288,Avant,1,5,Escalator,0,"Châtillon - Montrouge",71305
71148,10,"39 rue Liné",50148352,Arrière,5,5,,1,"Gare d'Austerlitz",71135
71158,10,"Rue du Commerce",50148371,Arrière,5,5,,0,"Boulogne Pont de Saint-Cloud",71156
71150,10,"13 avenue Emile Zola",50148375,Milieu,3,5,Escalator,0,"Boulogne Pont de Saint-Cloud",71166
415852,11,"9 place de l'Hôtel de Ville",50148394,Arrière,5,5,,0,Rosny-Bois-Perrier,71273
71311,9,"14 place de la République",50148405,Arrière,5,5,,1,"Mairie de Montreuil",71803
71868,11,"7 rue du Jourdain",50148418,Avant,1,5,,0,Rosny-Bois-Perrier,71885
71868,11,"1 rue Lassus",50148419,Avant,1,5,,1,Châtelet,71864
71203,12,"Rue Velpeau",50148443,Avant,1,5,,0,"Mairie d'Issy",73640
71409,2,"26 boulevard de Clichy",50148459,Avant,1,5,,1,"Porte Dauphine",71420
71006,13,"9 boulevard Brune",50148474,Arrière,5,5,,1,"Asnières - Gennevilliers - Les Courtilles",71039
71039,13,"170 rue d' Alésia",50148480,Avant,1,5,,1,"Asnières - Gennevilliers - Les Courtilles",412687
71370,13,"Galeries marchandes - Gare Saint-Lazare",50148489,Avant,1,5,,1,"Asnières - Gennevilliers - Les Courtilles",71382
71370,14,"Galeries marchandes - Gare Saint-Lazare",50148489,Milieu,4,8,Ascenseur,1,"Aéroport d'Orly",71324
71545,14,"1 boulevard Berthier",50148516,Milieu,5,8,,1,"Aéroport d'Orly",71475
71347,1,"Avenue Foch",50148551,Avant,1,6,,1,"La Défense",71348
71347,6,"6 avenue Carnot",50148553,Avant,2,5,,1,"Charles de Gaulle - Étoile",
71370,13,"14 rue du Havre",50148663,Arrière,4,5,Escalator,0,"Châtillon - Montrouge",71346
71324,12,"Face au 20 place de la Madeleine",50148699,Avant,1,5,Ascenseur,1,"Mairie d'Aubervilliers",71370
71370,12,"Rue Saint-Lazare",50148706,Avant,1,5,,1,"Mairie d'Aubervilliers",71355
71199,6,"Boulevard de Grenelle",50148790,Avant,1,5,,1,"Charles de Gaulle - Étoile",71197
73794,4,"Porte du Louvre",50148873,Avant,1,6,,1,"Bagneux - Lucie Aubrac",71264
71469,4,"Rue Custine",50148880,Avant,1,6,,0,"Porte de Clignancourt",71511
415852,1,"Rue du Temple",50148893,Avant,2,6,Escalator,1,"La Défense",71264
71557,14,"Rue Baudricourt",50148998,Avant,1,8,,1,"Aéroport d'Orly",70645
72491,12,"rue de la Commune",50149328,Avant,1,5,,0,"Mairie d'Issy",74041
490779,11,"bd du Gén. Leclerc",50149887,Avant,2,5,Escalier,0,Rosny-Bois-Perrier,71947
71947,11,"place Carnot",50149888,Arrière,5,5,Ascenseur,0,Rosny-Bois-Perrier,71897
490783,11,"Entrée / Sortie",50149897,Avant,2,5,,0,Rosny-Bois-Perrier,426280
70645,14,"r. Tagore",50149930,Arrière,7,8,Escalator,0,"Saint-Denis - Pleyel",71557
69974,14,"r. de Bicêtre",50149935,Arrière,6,8,Escalator,0,"Saint-Denis - Pleyel",478860
490784,14,"19 rue Pleyel",50149983,Arrière,6,8,Ascenseur,0,"Saint-Denis - Pleyel",
70645,14,"av. d'Italie",50210354,Avant,1,8,Ascenseur,0,"Saint-Denis - Pleyel",71557
71897,11,"bd de la Boissière",50210358,Arrière,4,5,Escalator,1,Châtelet,71947
71311,3,République,,Arrière,5,5,,0,Gallieni,71801
71135,10,"Gare d'Austerlitz",,Arrière,5,5,,0,"Boulogne Pont de Saint-Cloud",71148
71337,8,Opéra,,Avant,1,5,,1,"Pointe du Lac",71330
71673,1,Nation,,Milieu,3,6,,0,"Château de Vincennes",71663
73689,7,"Galeries La Fayette",50148098,Arrière,5,5,,0,"La Courneuve - 8 Mai 1945",478885
70645,7,"129 avenue d' Italie",50148126,Avant,2,5,,1,"Villejuif - Louis Aragon",70452
71073,8,"10 boulevard Victor",50148154,Avant,1,5,,1,"Maisons-Alfort - Les Juilliottes",71086
71320,9,"26 Boulevard de Bonne Nouvelle",50148179,Avant,1,5,,1,"Mairie de Montreuil",73633
463564,1,"37 boulevard Bourdon",50148190,Avant,1,6,,1,"La Défense",71222
71897,11,"r. des Saules Clouet",50149893,Arrière,4,5,Ascenseur,1,Châtelet,71947
70445,14,"r. Gabriel Péri",50149933,Arrière,6,8,Escalier,1,"Aéroport d'Orly",478860
70445,14,"r. Gabriel Péri",50149933,Milieu,5,8,Escalator,0,"Saint-Denis - Pleyel",70645
69974,14,"r. de Bicêtre",50149935,Milieu,5,8,Ascenseur,1,"Aéroport d'Orly",73753
69974,14,"ZAC Lallier",50149936,Avant,1,8,Escalier,0,"Saint-Denis - Pleyel",478860
63284,14,"Orly 1-2-3",50149981,Arrière,6,8,Escalator,1,"Aéroport d'Orly",
490784,14,"23 rue Pleyel",50149984,Milieu,5,8,Ascenseur,0,"Saint-Denis - Pleyel",
70645,14,"av. d'Italie",50210354,Arrière,6,8,Escalator,1,"Aéroport d'Orly",70445
71961,7,Stalingrad,,Arrière,5,5,,0,"La Courneuve - 8 Mai 1945",71977
71673,9,Nation,,Milieu,3,5,,0,"Pont de Sèvres",71694
71298,1,Concorde,,Avant,1,6,,1,"La Défense",71305
463564,1,Bastille,,Milieu,3,6,,1,"La Défense",71222
71426,2,Barbès-Rochechouart,,Arrière,5,5,,1,"Porte Dauphine",71419
71139,12,Montparnasse-Bienvenue,,Milieu,3,5,,0,"Mairie d'Issy",73641
71359,4,"Gare de l'Est (Verdun)",,Milieu,3,6,,1,"Bagneux - Lucie Aubrac",71333
71434,2,Magenta,,Avant,1,5,,1,"Porte Dauphine",71426
71311,11,République,,Avant,1,5,,1,Châtelet,71293
71203,10,Sèvres-Babylone,,Arrière,5,5,,0,"Boulogne Pont de Saint-Cloud",71170
71370,14,Saint-Lazare,,Milieu,5,8,Escalator,0,"Saint-Denis - Pleyel",71475
463564,1,Bastille,,Milieu,3,6,,1,"La Défense",71222
71359,5,"Gare de l'Est (Verdun)",,Milieu,3,5,,0,"Bobigny - Pablo Picasso",71410
71326,9,"Grands Boulevards",,Arrière,5,5,Escalator,1,"Mairie de Montreuil",71320
71409,12,Pigalle,,Arrière,5,5,,1,"Mairie d'Aubervilliers",71432
71056,4,Denfert-Rochereau,,Milieu,3,6,,1,"Bagneux - Lucie Aubrac",73653
71298,1,Concorde,,Arrière,6,6,,0,"Château de Vincennes",71284
71318,9,Franklin-Roosevelt,,Milieu,3,5,,1,"Mairie de Montreuil",71334
71434,2,"Gare du Nord",,Avant,1,5,,1,"Porte Dauphine",71426
71337,8,Opéra,,Arrière,5,5,,0,Balard,71324
73633,8,Strasbourg-Saint-Denis,,Avant,1,5,,1,"Pointe du Lac",71311
71434,2,"Paris Gare du Nord",,Arrière,5,5,,0,Nation,71961
73620,4,"Saint-Michel Notre-Dame",,Avant,1,6,,0,"Porte de Clignancourt",71223
71517,1,"La Défense",,Arrière,6,6,,0,"Château de Vincennes",71485
73626,14,"Gare de Lyon",,Avant,1,8,Escalator,0,"Saint-Denis - Pleyel",71264
72039,5,"7 rue de Paris",50147750,Avant,2,5,,0,"Bobigny - Pablo Picasso",72486
71264,14,"5 rue Saint-Denis",50147792,Arrière,7,8,,0,"Saint-Denis - Pleyel",73788
71264,14,"8 place Sainte-Opportune",50147793,Arrière,7,8,,0,"Saint-Denis - Pleyel",73788
71264,1,"Place du Châtelet",50147797,Arrière,6,6,,1,"La Défense",73630
73794,4,"Place des Verrières Forum des Halles)",50147805,Arrière,6,6,Escalator,0,"Porte de Clignancourt",479068
73633,9,"9 rue Saint-Denis",50147822,Avant,1,5,,1,"Mairie de Montreuil",71311
71117,4,"108 boulevard du Montparnasse",50147828,Avant,2,6,,1,"Bagneux - Lucie Aubrac",71088
71139,13,"2 place Bienvenue",50147834,Arrière,5,5,,1,"Asnières - Gennevilliers - Les Courtilles",71159
71139,4,"2 place Bienvenue",50147834,Arrière,6,6,,1,"Bagneux - Lucie Aubrac",71117
71423,3,"Place Monseigneur Loutil",50147859,Avant,1,5,,0,Gallieni,71416
71403,3,"1 boulevard de Courcelles",50147864,Avant,1,5,,0,Gallieni,73617
71370,12,"Cour de Rome",50147869,Arrière,5,5,,1,"Mairie d'Aubervilliers",71355
71370,3,"Gare SNCF",50147870,Avant,1,5,,1,"Pont de Levallois - Bécon",73617
73667,3,"30 Rue Louise Michel",50147883,Arrière,5,5,,0,Gallieni,71450
71808,3,"Place Martin Nadaud",50147895,Arrière,5,5,,1,"Pont de Levallois - Bécon",71787
71817,3,"Centre Commercial",50147902,Avant,1,5,,0,Gallieni,
71420,2,"Terre-plein face au 59 boulevard de Clichy",50147932,Avant,1,5,,1,"Porte Dauphine",71435
71376,2,"1 rue de Chazelle",50147938,Arrière,5,5,,0,Nation,73671
71485,1,"Quartier Bellini",50147944,Milieu,4,6,,0,"Château de Vincennes",71442
71517,1,"Carpeaux (rue, gare du RER La Défense)",50147945,Arrière,6,6,,0,"Château de Vincennes",71485
71348,1,"Avenue de la Grande Armée",50147956,Arrière,6,6,,0,"Château de Vincennes",71347
71298,12,"6 place de la Concorde",50147969,Arrière,4,5,,0,"Mairie d'Issy",73642
71297,7,"Place du Palais-Royal",50147990,Avant,1,5,,0,"La Courneuve - 8 Mai 1945",73788
71297,7,"Place du Palais-Royal",50147993,Avant,2,5,,0,"La Courneuve - 8 Mai 1945",73788
71650,1,"64 avenue de Paris",50148002,Arrière,6,6,,1,"La Défense",71647
71092,5,"La Pitié-Salpêtrière",50148014,Arrière,5,5,,1,"Place d'Italie",71063
71013,6,"Boulevard Auguste Blanqui",50148037,Arrière,5,5,,0,Nation,71033
73651,6,"Terre-plein face au 79 boulevard Vincent Auriol",50148039,Avant,1,5,,1,"Charles de Gaulle - Étoile",71043
73695,7,"Av Jean Jaurès",50148066,Milieu,3,5,,1,"Villejuif - Louis Aragon",72460
72430,7,"Avenue de la Porte de la Villette",50148078,Avant,1,5,,0,"La Courneuve - 8 Mai 1945",72460
73689,9,"27 boulevard Haussmann",50148099,Arrière,5,5,,1,"Mairie de Montreuil",71330
71337,7,"Théâtre National de l'Opéra",50148102,Arrière,5,5,,1,"Villejuif - Louis Aragon",73788
71100,7,"100 rue Monge",50148118,Avant,2,5,,1,"Villejuif - Louis Aragon",71076
71076,7,"28 avenue des Gobelins",50148120,Avant,1,5,,0,"La Courneuve - 8 Mai 1945",71100
70537,7,"1 bis rue Pierre Curie",50148140,Avant,1,5,,1,"Mairie d'Ivry",70488
70452,7,"Hôpital Kremlin Bicêtre",50148145,Milieu,3,5,,0,"La Courneuve - 8 Mai 1945",70645
70248,7,"39-45 Boulevard Maxime Gorky",50148148,Arrière,4,5,,1,"Villejuif - Louis Aragon",70143
70248,7,"Boulevard Maxime Gorky",50148149,Avant,2,5,,1,"Villejuif - Louis Aragon",70143
71224,8,"Avenue Duquesne",50148168,Avant,1,5,,0,Balard,71199
71274,8,"Rue de l' Université",50148172,Avant,1,5,,1,"Pointe du Lac",71298
71324,12,"Boulevard de la Madeleine",50148176,Avant,2,5,,0,"Mairie d'Issy",71298
71324,8,"23 boulevard de la Madeleine",50148177,Avant,2,5,,0,Balard,71298
71777,8,"Rue Froissart",50148186,Avant,1,5,,1,"Pointe du Lac",73622
463564,8,"Hôpital des Quinze-Vingts",50148192,Arrière,5,5,,1,"Pointe du Lac",71693
71654,8,"116 boulevard Diderot",50148203,Arrière,5,5,,1,"Pointe du Lac",71631
71591,8,"92 Boulevard Poniatowsky",50148209,Arrière,5,5,,0,Balard,71595
71591,8,"Place Edouard Renard",50148210,Avant,1,5,,0,Balard,71595
71558,8,"150 rue de Paris",50148216,Arrière,5,5,,1,"Pointe du Lac",70648
71054,9,"123 avenue Victor Hugo",50148240,Avant,1,5,,0,"Pont de Sèvres",71034
71054,9,"Rue des Quatre Cheminées",50148243,Avant,1,5,,0,"Pont de Sèvres",71034
71054,9,"83 bis avenue Edouard Vaillant",50148246,Arrière,5,5,,0,"Pont de Sèvres",71034
71292,9,"48 avenue Georges Mandel",50148267,Arrière,5,5,,1,"Mairie de Montreuil",71285
71326,8,"3 boulevard Montmartre",50148300,Avant,1,5,,0,Balard,71330
71326,8,"27 boulevard Poissonnière",50148301,Arrière,5,5,,1,"Pointe du Lac",71320
71750,9,"111 boulevard Voltaire",50148313,Avant,1,5,,1,"Mairie de Montreuil",73647
71756,9,"Place Jacques Duclos",50148342,Arrière,5,5,,0,"Pont de Sèvres",71725
71162,10,"3 rue Mirabeau",50148390,Avant,1,5,,1,"Gare d'Austerlitz",71150
415852,1,"31 rue de Rivoli",50148393,Avant,1,6,,1,"La Défense",71264
71311,3,"13 place de la République",50148407,Avant,2,5,,0,Gallieni,71801
71045,12,"73 boulevard Victor",50148428,Avant,2,5,,1,"Mairie d'Aubervilliers",71075
71298,12,"Place de la Concorde",50148453,Arrière,5,5,,1,"Mairie d'Aubervilliers",71324
71409,12,"26 boulevard de Clichy",50148459,Avant,1,5,,0,"Mairie d'Issy",71366
73766,13,"bd Charles de Gaulle",50148472,Avant,2,5,Escalator,0,"Châtillon - Montrouge",70562
71039,13,"168 rue d' Alésia",50148477,Arrière,5,5,,0,"Châtillon - Montrouge",71006
71370,14,"11-13 place du Havre",50148492,Arrière,6,8,,1,"Aéroport d'Orly",71324
73788,7,"Face au 13 avenue de l'Opera",50148700,Avant,1,5,,1,"Villejuif - Louis Aragon",71297
72358,13,"Avenue de Stalingrad",50148703,Arrière,4,5,Ascenseur,0,"Châtillon - Montrouge",72326
71870,11,"259 rue de Belleville",50148710,Arrière,5,5,,1,Châtelet,71885
71311,8,"13 place de  la République",50148721,Avant,1,5,,1,"Pointe du Lac",71277
70586,4,"Place du Général Leclerc",50148742,Arrière,6,6,,0,"Porte de Clignancourt",70657
71889,11,"Avenue Gambetta",50148816,Avant,1,5,,1,Châtelet,71870
71475,14,"Rue Mstilav Rostropovitch",50148886,Milieu,4,8,,1,"Aéroport d'Orly",71370
71545,14,"Rue André Suarez",50148895,Arrière,8,8,Ascenseur,0,"Saint-Denis - Pleyel",72126
71545,14,"av de Clichy",50148897,Avant,1,8,Escalator,0,"Saint-Denis - Pleyel",72126
71545,14,"rue Fragonard",50148898,Milieu,5,8,,1,"Aéroport d'Orly",71475
71870,11,"rue du Docteur Potain",50149586,Avant,1,5,,1,Châtelet,71885
70645,14,"r. de la Vistule",50149931,Arrière,7,8,Escalator,1,"Aéroport d'Orly",70445
70645,14,"r. de la Vistule",50149931,Arrière,7,8,Escalier,0,"Saint-Denis - Pleyel",71557
70445,14,"r. Gabriel Péri",50149933,Milieu,5,8,Escalier,0,"Saint-Denis - Pleyel",70645
73753,14,"r. des Routiers",50149938,Avant,3,8,Escalier,1,"Aéroport d'Orly",69677
490779,11,"r. de la Liberté",50210353,Arrière,5,5,Escalier,1,Châtelet,71909
490779,11,"bd du Gén. Leclerc",50210356,Avant,2,5,Ascenseur,1,Châtelet,71909
63284,14,"Orly 1-2-3",50210360,Arrière,6,8,Escalator,1,"Aéroport d'Orly",
71311,9,République,,Milieu,3,5,,0,"Pont de Sèvres",73633
71370,3,Saint-Lazare,,Avant,1,5,,1,"Pont de Levallois - Bécon",73617
71293,3,Arts-et-Métiers,,Arrière,5,5,,1,"Pont de Levallois - Bécon",73636
71293,3,Arts-et-Métiers,,Avant,1,5,,0,Gallieni,71296
71298,1,Concorde,,Avant,1,6,,1,"La Défense",71305
71673,6,Nation,,Milieu,3,5,,0,Nation,
71961,5,Stalingrad,,Avant,1,5,,1,"Place d'Italie",71410
71410,5,"La Chapelle",,Milieu,3,5,,1,"Place d'Italie",71359
73633,4,Strasbourg-Saint-Denis,,Milieu,3,6,,1,"Bagneux - Lucie Aubrac",73636
71337,8,Opéra,,Arrière,5,5,,0,Balard,71324
71203,10,Sèvres-Babylone,,Avant,1,5,,1,"Gare d'Austerlitz",73639
71139,13,Montparnasse-Bienvenue,,Arrière,5,5,,1,"Asnières - Gennevilliers - Les Courtilles",71159
71359,5,"Gare de l'Est (Verdun)",,Milieu,3,5,,0,"Bobigny - Pablo Picasso",71410
463564,8,Bastille,,Avant,1,5,,0,Balard,73622
463564,5,Bastille,,Arrière,5,5,,0,"Bobigny - Pablo Picasso",73621
71347,6,"Charles de Gaulle-Etoile",,Milieu,3,5,,0,Nation,73656
71159,13,Duroc,,Avant,1,5,,0,"Châtillon - Montrouge",71139
71320,9,"Bonne Nouvelle",,Avant,1,5,,0,"Pont de Sèvres",71326
71293,11,Arts-et-Métiers,,Avant,1,5,,1,Châtelet,71273
71607,14,Bercy,,Avant,3,8,,0,"Saint-Denis - Pleyel",73626
71264,14,Châtelet,,Avant,3,8,,1,"Aéroport d'Orly",73626
71318,1,Franklin-Roosevelt,,Avant,2,6,,0,"Château de Vincennes",71305
73626,14,"Gare de Lyon",,Arrière,6,8,,1,"Aéroport d'Orly",71607
71297,1,"Palais-Royal (Musée du Louvre)",,Arrière,6,6,,1,"La Défense",71284
71370,14,Saint-Augustin,,Avant,3,8,,1,"Aéroport d'Orly",71324
71264,14,"Châtelet - Les Halles",,Avant,3,8,,1,"Aéroport d'Orly",73626
71347,1,"Charles de Gaulle - Etoile",,Arrière,6,6,,0,"Château de Vincennes",71328
71517,1,"La Défense",,Arrière,6,6,,1,"La Défense",
73626,1,"Gare de Lyon",,Milieu,3,6,,1,"La Défense",463564
73626,14,"Gare de Lyon",,Arrière,6,8,Escalator,0,"Saint-Denis - Pleyel",71264
71545,13,"Porte de Clichy",,Avant,1,5,,1,"Asnières - Gennevilliers - Les Courtilles",72118
70645,7,"Maison Blanche",,Arrière,4,5,Escalier,0,"La Courneuve - 8 Mai 1945",71001
71957,5,"34 avenue de Laumière",50147736,Avant,1,5,,0,"Bobigny - Pablo Picasso",71972
71637,5,"Quai de la Rapée",50147744,Arrière,5,5,,0,"Bobigny - Pablo Picasso",463564
71511,4,"88 boulevard Barbès",50147762,Arrière,6,6,,1,"Bagneux - Lucie Aubrac",71469
72486,5,"Gare routière Bus 146-303-347",50147772,Avant,1,5,,0,"Bobigny - Pablo Picasso",
71359,4,"78 boulevard de Strasbourg",50147774,Avant,1,6,,1,"Bagneux - Lucie Aubrac",71333
71264,4,"8 place Sainte-Opportune",50147793,Avant,1,6,,1,"Bagneux - Lucie Aubrac",71223
71264,14,"Place du Châtelet",50147797,Arrière,6,8,Escalator,0,"Saint-Denis - Pleyel",73788
73620,4,"9 Place Saint-Michel",50147810,Avant,1,6,,0,"Porte de Clignancourt",71223
73633,9,"13 boulevard Saint-Denis",50147824,Avant,1,5,,1,"Mairie de Montreuil",71311
71139,13,"Raoul Dautry (place, SNCF Montparnasse)",50147833,Avant,2,5,,0,"Châtillon - Montrouge",73675
71139,13,"73 boulevard du Montparnasse",50147836,Arrière,5,5,,1,"Asnières - Gennevilliers - Les Courtilles",71159
70657,4,"Rue de la Légion Etrangère",50147842,Avant,1,6,,1,"Bagneux - Lucie Aubrac",70586
71088,4,"Boulevard Edgard Quinet",50147856,Avant,1,6,,0,"Porte de Clignancourt",71117
71450,3,"Place Stuart-Merrill",50147885,Arrière,5,5,,0,Gallieni,71453
71860,3B,"112 avenue Gambetta",50147904,Avant,1,3,,1,Gambetta,71828
71315,2,"4 place Victor Hugo",50147911,Avant,1,5,,1,"Porte Dauphine",474152
71420,2,"Terre-plein face au 59 boulevard de Clichy",50147932,Arrière,5,5,,0,Nation,71409
71435,13,"Terre-plein face au 7 place de Clichy",50147934,Arrière,4,5,,1,"Asnières - Gennevilliers - Les Courtilles",71474
71485,1,"Quartier Michelet",50147943,Avant,1,6,Escalator,1,"La Défense",71517
71673,2,"Terre-plein face au 28 place de la Nation",50147946,Avant,2,5,,0,Nation,
71697,2,"Terre-plein face au 35 boulevard de Charonne",50147947,Arrière,5,5,,1,"Porte Dauphine",71728
425779,1,"70 avenue Charles de Gaulle",50147962,Arrière,6,6,,0,"Château de Vincennes",71379
71305,13,"Clémenceau (place)",50147971,Avant,2,5,,0,"Châtillon - Montrouge",71274
71318,1,"44 avenue des Champs-Elysées",50147972,Avant,2,6,,0,"Château de Vincennes",71305
71297,7,"Place du Palais-Royal",50147993,Milieu,3,5,,1,"Villejuif - Louis Aragon",71253
71673,1,"Place de la Nation",50148053,Avant,1,6,,1,"La Défense",71654
71673,6,"Place de la Nation",50148053,Arrière,5,5,,1,"Charles de Gaulle - Étoile",71639
71920,7B,"125 avenue Simon Bolivar",50148060,Arrière,3,3,,0,Pré-Saint-Gervais,71900
72430,7,"Boulevard Macdonald",50148076,Arrière,5,5,,1,"Villejuif - Louis Aragon",72031
72013,7,"Impasse de Joinville",50148082,Arrière,5,5,,1,"Villejuif - Louis Aragon",71977
71961,7,"18 rue de Flandre",50148086,Avant,1,5,,0,"La Courneuve - 8 Mai 1945",71977
71961,7,"Bassin de la Villette",50148088,Avant,1,5,,1,"Villejuif - Louis Aragon",71407
71337,7,"Place de l' Opéra",50148103,Arrière,5,5,,1,"Villejuif - Louis Aragon",73788
71337,3,"6 rue Scribe",50148104,Arrière,5,5,,0,Gallieni,71313
412992,8,"108 Rue de la Convention",50148159,Avant,1,5,,1,"Pointe du Lac",71137
71324,12,"2 rue Tronchet",50148178,Arrière,4,5,,0,"Mairie d'Issy",71298
463564,1,"Hôpital des Quinze-Vingts",50148192,Milieu,4,6,,0,"Château de Vincennes",73626
71595,8,"238 avenue Daumesnil",50148207,Avant,1,5,,1,"Pointe du Lac",71591
70648,8,"66 rue de Paris",50148220,Arrière,5,5,,0,Balard,71558
71054,9,"2 avenue du Général Leclerc",50148244,Avant,1,5,,0,"Pont de Sèvres",71034
71285,6,"Place du Trocédéro",50148271,Avant,1,5,,0,Nation,71237
71318,9,"7 rond-point des Champs-Elysées",50148280,Avant,1,5,,1,"Mairie de Montreuil",71334
71326,9,"Musée Grévin",50148298,Avant,1,5,Escalator,0,"Pont de Sèvres",71330
71326,9,"20 boulevard Poissonnière",50148303,Avant,1,5,,1,"Mairie de Montreuil",71320
71135,5,"SNCF/RER C grandes lignes et banlieue",50148348,Arrière,5,5,,1,"Place d'Italie",71092
71199,10,"25 rue de Pondichéry",50148369,Avant,1,5,,0,"Boulogne Pont de Saint-Cloud",71158
71273,11,"Centre Georges Pompidou",50148397,Avant,1,5,,1,Châtelet,415852
71311,5,"14 place de la République",50148405,Milieu,3,5,,0,"Bobigny - Pablo Picasso",71322
71311,11,"1 rue René Boulanger",50148406,Arrière,4,5,,0,Rosny-Bois-Perrier,71840
71853,11,"1 boulevard de la Villette",50148413,Arrière,5,5,,1,Châtelet,71840
71853,11,"Terre-plein face au 1 boulevard de la Villette",50148414,Avant,1,5,,0,Rosny-Bois-Perrier,71864
71091,12,"Square de Vergenne",50148434,Avant,1,5,,0,"Mairie d'Issy",71075
71298,12,"Place de la Concorde",50148453,Avant,1,5,,0,"Mairie d'Issy",73642
71409,12,"26 boulevard de Clichy",50148459,Arrière,5,5,Escalator,1,"Mairie d'Aubervilliers",71432
71006,13,"8-10 boulevard Brune",50148473,Arrière,5,5,,1,"Asnières - Gennevilliers - Les Courtilles",71039
71370,14,"Galeries marchandes - Gare Saint-Lazare",50148490,Milieu,5,8,Ascenseur,0,"Saint-Denis - Pleyel",71475
71370,14,"95 rue Saint-Lazare",50148494,Arrière,7,8,,0,"Saint-Denis - Pleyel",71475
71370,14,"95 rue Saint-Lazare",50148494,Avant,3,8,,0,"Saint-Denis - Pleyel",71475
71545,13,"125 boulevard Bessières",50148515,Arrière,5,5,,0,"Châtillon - Montrouge",73661
71545,14,"125 boulevard Bessières",50148515,Milieu,5,8,,1,"Aéroport d'Orly",71475
71545,14,"1 boulevard Berthier",50148516,Arrière,6,8,Escalator,0,"Saint-Denis - Pleyel",72126
71347,6,"6 avenue Carnot",50148553,Milieu,3,5,,1,"Charles de Gaulle - Étoile",
71264,11,"Place Marguerite de Navarre",50148652,Avant,1,5,,1,Châtelet,
71576,14,"Cour Chamonard",50148702,Avant,2,8,,0,"Saint-Denis - Pleyel",71607
71311,3,"2 place de la République",50148716,Milieu,3,5,,1,"Pont de Levallois - Bécon",71296
71311,8,"9 boulevard Saint-Martin",50148720,Avant,1,5,,0,Balard,73633
71311,3,"9 boulevard Saint-Martin",50148720,Avant,1,5,,1,"Pont de Levallois - Bécon",71296
71311,9,"10 place de la République",50148722,Milieu,3,5,,1,"Mairie de Montreuil",71803
72286,13,"20, rue la redoute",50148728,Arrière,4,5,Escalator,1,"Asnières - Gennevilliers - Les Courtilles",
72217,13,"Boulevard Anatole France Coté N° Pairs",50148730,Avant,1,5,Escalator,1,"Saint-Denis - Université",72285
69884,8,"avenue François Mitterrand",50148734,Arrière,4,5,,1,"Pointe du Lac",
74041,12,"Place du Front Populaire",50148735,Avant,2,5,,0,"Mairie d'Issy",72064
74041,12,"Place du Front Populaire",50148736,Avant,2,5,,0,"Mairie d'Issy",72064
71485,1,"Quartier Saisons",50148776,Milieu,4,6,,0,"Château de Vincennes",71442
71940,7B,"Boulevard de la Villette",50148784,Arrière,3,3,,0,Pré-Saint-Gervais,71920
71199,6,"Boulevard de Grenelle",50148790,Avant,2,5,Ascenseur,1,"Charles de Gaulle - Étoile",71197
73667,3,"Rue Anatole France",50148798,Arrière,5,5,,0,Gallieni,71450
71184,4,"Rue de Rennes",50148826,Avant,2,6,Escalator,1,"Bagneux - Lucie Aubrac",71139
71330,8,"1 Boulevard Haussmann",50148861,Avant,1,5,,1,"Pointe du Lac",71326
72358,13,"Gare Routière",50148862,Milieu,3,5,Ascenseur,1,"Saint-Denis - Université",
71545,14,"Rue André Suarez",50148895,Avant,1,8,Ascenseur,1,"Aéroport d'Orly",71475
70441,4,"43 av. de Verdun Montrouge",50149173,Arrière,5,6,Escalator,1,"Bagneux - Lucie Aubrac",483315
72491,12,"rue de la Commune",50149326,Avant,1,5,,1,"Mairie d'Aubervilliers",72524
72491,12,"rue de la Commune",50149329,Milieu,3,5,Ascenseur,0,"Mairie d'Issy",74041
71897,11,"bd de la Boissière",50149892,Avant,2,5,Ascenseur,0,Rosny-Bois-Perrier,490782
70645,14,"r. du Tage",50149929,Arrière,6,8,Escalier,1,"Aéroport d'Orly",70445
70645,14,"r. du Tage",50149929,Arrière,7,8,Escalier,0,"Saint-Denis - Pleyel",71557
70645,14,"r. du Tage",50149929,Milieu,5,8,Escalier,1,"Aéroport d'Orly",70445
70645,14,"r. de la Vistule",50149931,Avant,1,8,Ascenseur,0,"Saint-Denis - Pleyel",71557
73753,14,"r. Latérale",50149937,Milieu,5,8,Ascenseur,1,"Aéroport d'Orly",69677
490784,14,"27 rue Pleyel",50149985,Arrière,6,8,Ascenseur,0,"Saint-Denis - Pleyel",
63284,14,"Orly 4 - T7 - Cur d'Orly",50210361,Avant,2,8,Ascenseur,1,"Aéroport d'Orly",
71326,8,"Grands Boulevards",,Arrière,5,5,,1,"Pointe du Lac",71320
71264,1,Châtelet,,Arrière,6,6,,1,"La Défense",73630
71324,14,Madeleine,,Arrière,6,8,Ascenseur,1,"Aéroport d'Orly",73788
71264,14,Châtelet,,Avant,3,8,,0,"Saint-Denis - Pleyel",73788
71159,13,Duroc,,Arrière,5,5,,1,"Asnières - Gennevilliers - Les Courtilles",71204
73618,4,Odéon,,Avant,1,6,,0,"Porte de Clignancourt",73620
71787,2,Père-Lachaise,,Arrière,5,5,,0,Nation,71751
71297,7,"Palais-Royal (Musée du Louvre)",,Milieu,3,5,,1,"Villejuif - Louis Aragon",71253
71264,4,Châtelet,,Avant,1,6,,1,"Bagneux - Lucie Aubrac",71223
71264,11,Châtelet,,Avant,1,5,,1,Châtelet,
71305,13,Champs-Elysées-Clémenceau,,Milieu,3,5,,0,"Châtillon - Montrouge",71274
71264,7,Châtelet,,Arrière,5,5,,1,"Villejuif - Louis Aragon",71217
71347,6,"Charles de Gaulle-Etoile",,Avant,1,5,,0,Nation,73656
71139,12,Montparnasse-Bienvenue,,Arrière,5,5,,0,"Mairie d'Issy",73641
71033,7,"Place d'Italie",,Milieu,3,5,,1,"Villejuif - Louis Aragon",71001
71614,8,"Daumesnil (Félix Eboué)",,Arrière,5,5,,0,Balard,71631
71326,9,"Grands Boulevards",,Arrière,5,5,,0,"Pont de Sèvres",71330
73690,9,Saint-Lazare,,Arrière,5,5,,0,"Pont de Sèvres",71346
71264,4,Châtelet,,Arrière,6,6,,0,"Porte de Clignancourt",73794
71264,11,Châtelet,,Avant,1,5,,1,Châtelet,
71148,10,Jussieu,,Milieu,3,5,,1,"Gare d'Austerlitz",71135
71434,2,Magenta,,Arrière,5,5,,0,Nation,71961
73690,9,Saint-Lazare,,Avant,1,5,,1,"Mairie de Montreuil",482368
463564,8,Bastille,,Milieu,3,5,,1,"Pointe du Lac",71693
71324,14,Madeleine,,Avant,3,8,Escalator,0,"Saint-Denis - Pleyel",71370
71264,1,Châtelet,,Avant,1,6,,0,"Château de Vincennes",415852
73626,14,"Gare de Lyon",,Avant,1,8,,0,"Saint-Denis - Pleyel",71264
71199,8,"La Motte-Picquet-Grenelle",,Arrière,5,5,,1,"Pointe du Lac",71224
71206,10,Michel-Ange-Auteuil,,Milieu,3,5,,0,"Boulogne Pont de Saint-Cloud",71169
71337,8,Opéra,,Milieu,3,5,,1,"Pointe du Lac",71330
71410,4,"Paris Gare du Nord",,Milieu,3,6,,1,"Bagneux - Lucie Aubrac",71359
71673,1,Nation,,Milieu,3,6,,0,"Château de Vincennes",71663
71337,8,Auber,,Arrière,5,5,,0,Balard,71324
71517,1,"La Défense",,Avant,1,6,,1,"La Défense",
71556,4,"36 boulevard Ornano",50147765,Arrière,6,6,,1,"Bagneux - Lucie Aubrac",71511
71556,4,"36 boulevard Ornano",50147765,Avant,1,6,,0,"Porte de Clignancourt",478883
71264,11,"Rue de la Lingerie",50147790,Avant,1,5,,1,Châtelet,
71264,4,"55 rue de Rivoli",50147794,Arrière,6,6,,0,"Porte de Clignancourt",73794
71264,1,"7 avenue Victoria",50147798,Arrière,6,6,,1,"La Défense",73630
71216,4,"Ecole des Beaux Arts",50147816,Arrière,6,6,,0,"Porte de Clignancourt",73618
73633,4,"9 rue Saint-Denis",50147822,Arrière,6,6,,0,"Porte de Clignancourt",71333
71139,12,"Maine Montparnasse",50147832,Arrière,4,5,,1,"Mairie d'Aubervilliers",71138
71139,13,"59 bis boulevard du Montparnasse",50147839,Arrière,5,5,,1,"Asnières - Gennevilliers - Les Courtilles",71159
71370,3,"Cour de Rome",50147869,Arrière,5,5,,0,Gallieni,482368
71795,3,"91 rue Saint Maur",50147889,Avant,1,5,,1,"Pont de Levallois - Bécon",71801
71808,3B,Père-Lachaise,50147892,Avant,1,3,,1,Gambetta,
71315,2,"2 place Victor Hugo",50147910,Avant,1,5,,1,"Porte Dauphine",474152
474152,2,"Avenue Foch",50147913,Arrière,5,5,,0,Nation,71315
71795,3,"1 rue des Bleuets",50147923,Arrière,5,5,,1,"Pont de Levallois - Bécon",71801
71379,1,"16 place de Verdun",50147959,Arrière,6,6,,0,"Château de Vincennes",71348
425779,1,"Jardin d'Acclimatation",50147961,Avant,1,6,,1,"La Défense",71442
71442,1,"209 avenue Charles de Gaulle",50147965,Arrière,6,6,,0,"Château de Vincennes",425779
71318,9,"44 avenue des Champs-Elysées",50147972,Arrière,5,5,,0,"Pont de Sèvres",71290
71347,2,"Avenue de Friedland",50147978,Avant,2,5,Escalator,1,"Porte Dauphine",71315
73626,14,"Gare SNCF",50147983,Milieu,5,8,Ascenseur,0,"Saint-Denis - Pleyel",71264
71297,7,"Passage du Louvre",50147994,Arrière,4,5,,1,"Villejuif - Louis Aragon",71253
71650,1,"63 avenue de Paris",50148000,Arrière,6,6,,0,"Château de Vincennes",71634
71033,7,"Manufacture des Gobelins",50148019,Avant,1,5,,0,"La Courneuve - 8 Mai 1945",71076
73656,6,"14 avenue Kléber",50148021,Avant,1,5,,1,"Charles de Gaulle - Étoile",71347
473829,6,"Place des Martyrs du vélodrome",50148025,Arrière,5,5,,0,Nation,71197
71144,6,"Terre-plein face au 94 boulevard Garibaldi",50148032,Avant,1,5,,0,Nation,71125
71013,6,"Boulevard Auguste Blanqui",50148036,Arrière,5,5,,0,Nation,71033
71043,6,"Terre-plein face au 124-143 boulevard Vincent Auriol",50148038,Arrière,5,5,,0,Nation,73651
71043,6,"Terre-plein face au 124-143 boulevard Vincent Auriol",50148038,Avant,1,5,,1,"Charles de Gaulle - Étoile",71033
71900,7B,"28 rue Botzaris",50148059,Arrière,3,3,Ascenseur,0,Pré-Saint-Gervais,71906
72031,7,"avenue Corentin Cariou",50148081,Avant,1,5,,0,"La Courneuve - 8 Mai 1945",72430
72013,7,"Centre Commercial",50148083,Arrière,5,5,,1,"Villejuif - Louis Aragon",71977
71363,7,"Terre-plein face au 107 rue du Faubourg Poissonnière",50148091,Avant,1,5,,0,"La Courneuve - 8 Mai 1945",71359
73689,9,"36 boulevard Haussmann",50148095,Avant,1,5,,0,"Pont de Sèvres",482368
73689,7,"27 boulevard Haussmann",50148099,Avant,1,5,,1,"Villejuif - Louis Aragon",71337
71337,7,"Théâtre National de l'Opéra",50148102,Avant,1,5,,0,"La Courneuve - 8 Mai 1945",73689
71001,7,"76 avenue d' Italie",50148123,Arrière,5,5,,0,"La Courneuve - 8 Mai 1945",71033
70604,7,"120 boulevard Masséna",50148135,Arrière,5,5,,1,"Mairie d'Ivry",70636
70537,7,"117-119 avenue Maurice Thorez",50148139,Avant,1,5,,1,"Mairie d'Ivry",70488
70452,7,"81 avenue de Fontainebleau",50148144,Avant,2,5,Escalator,1,"Villejuif - Louis Aragon",70375
71086,8,"100 avenue Félix Faure",50148157,Avant,1,5,,1,"Pointe du Lac",412992
71242,8,"Les Invalides Tombeau de l'Empereur - Musée de l'Armée",50148171,Avant,1,5,,0,Balard,71224
71324,8,"Boulevard de la Madeleine",50148176,Arrière,4,5,,1,"Pointe du Lac",71337
71320,8,"8 boulevard du Faubourg Poissonnière",50148183,Avant,1,5,,0,Balard,71326
463564,1,"Opéra Bastille",50148191,Milieu,4,6,,1,"La Défense",71222
74001,8,"1 rue de Montreuil",50148200,Avant,1,5,Escalator,1,"Pointe du Lac",71654
70269,8,"92 avenue Charles de Gaulle",50148228,Avant,1,5,,0,Balard,70358
70172,8,"Route de Choisy",50148231,Avant,1,5,,0,Balard,70269
71034,9,"45 avenue du Général Leclerc",50148238,Arrière,5,5,,1,"Mairie de Montreuil",71054
71294,9,"av. du Président Wilson",50148275,Avant,1,5,,1,"Mairie de Montreuil",71290
71334,9,"30 avenue Franklin D. Roosevelt",50148283,Arrière,5,5,,0,"Pont de Sèvres",71318
71781,9,"60 boulevard Voltaire",50148312,Arrière,5,5,,1,"Mairie de Montreuil",71750
71750,9,"107 boulevard Voltaire",50148315,Avant,1,5,,1,"Mairie de Montreuil",73647
73647,9,"169 boulevard Voltaire",50148318,Arrière,5,5,,0,"Pont de Sèvres",71750
71159,13,"67 boulevard des Invalides",50148363,Avant,1,5,,0,"Châtillon - Montrouge",71139
71159,13,"bd du Montparnasse",50148364,Arrière,5,5,,1,"Asnières - Gennevilliers - Les Courtilles",71204
71159,10,"Boulevard des Invalides",50148365,Avant,1,5,,1,"Gare d'Austerlitz",71170
71159,13,"Boulevard des Invalides",50148365,Arrière,5,5,,1,"Asnières - Gennevilliers - Les Courtilles",71204
71159,10,"Boulevard des Invalides",50148365,Arrière,5,5,,0,"Boulogne Pont de Saint-Cloud",71157
71158,10,"Rue du Commerce",50148371,Avant,1,5,,1,"Gare d'Austerlitz",71199
71311,8,"14 place de la République",50148405,Arrière,5,5,,1,"Pointe du Lac",71277
71311,3,"13 place de la République",50148407,Milieu,3,5,,0,Gallieni,71801
71311,8,"13 place de la République",50148407,Avant,1,5,,1,"Pointe du Lac",71277
71840,11,"152 avenue Parmentier",50148411,Arrière,5,5,,1,Châtelet,71311
71853,2,"79 boulevard de Belleville",50148412,Avant,1,5,,0,Nation,71834
71045,12,"Boulevard Lefebvre",50148429,Avant,1,5,,0,"Mairie d'Issy",70990
71045,12,"Boulevard Lefebvre",50148429,Avant,2,5,,1,"Mairie d'Aubervilliers",71075
73642,12,"86 rue de Lille",50148449,Avant,1,5,,1,"Mairie d'Aubervilliers",71298
71521,12,"2 place Jules Joffrin",50148463,Milieu,3,5,,0,"Mairie d'Issy",71492
71510,12,"4 rue de la Chapelle",50148465,Arrière,5,5,,1,"Mairie d'Aubervilliers",72064
71510,12,"4 rue de la Chapelle",50148465,Avant,1,5,,0,"Mairie d'Issy",71511
71370,3,"11-13 place du Havre",50148492,Milieu,3,5,,0,Gallieni,482368
71370,14,"95 rue Saint-Lazare",50148494,Milieu,5,8,Ascenseur,0,"Saint-Denis - Pleyel",71475
71528,13,"204 rue Legendre",50148499,Arrière,5,5,,0,"Châtillon - Montrouge",71474
72285,13,"Stade de France",50148509,Arrière,5,5,Ascenseur,1,"Saint-Denis - Université",72326
72285,13,"Stade de France",50148509,Arrière,4,5,,0,"Châtillon - Montrouge",72217
71347,2,"1 avenue de la Grande Armée",50148550,Avant,2,5,Escalator,1,"Porte Dauphine",71315
71347,6,"6 avenue Carnot",50148553,Avant,1,5,,0,Nation,73656
73626,14,"203 rue Bercy",50148559,Avant,1,8,Escalator,0,"Saint-Denis - Pleyel",71264
73626,14,"Rue de Bercy",50148562,Arrière,8,8,Escalator,0,"Saint-Denis - Pleyel",71264
73620,4,"Musée du moyen Age",50148607,Arrière,6,6,,1,"Bagneux - Lucie Aubrac",73618
71264,1,"Place Marguerite de Navarre",50148652,Arrière,6,6,,1,"La Défense",73630
70522,8,"Musée Fragonard",50148695,Arrière,4,5,,1,"Pointe du Lac",70426
70522,8,"Musée Fragonard",50148695,Arrière,4,5,,0,Balard,70648
71264,14,"Théâtre du Châtelet",50148697,Avant,3,8,Escalator,1,"Aéroport d'Orly",73626
71311,11,"Av de la République",50148717,Avant,2,5,,1,Châtelet,71293
71311,11,"12 place de la République",50148718,Arrière,4,5,,0,Rosny-Bois-Perrier,71840
72286,13,"Angle Boulevard Pierre de Coubertin / Avenue Lucien Lanternier",50148729,Arrière,4,5,Escalator,1,"Asnières - Gennevilliers - Les Courtilles",
74041,12,"Place du Front Populaire",50148736,Milieu,3,5,Ascenseur,0,"Mairie d'Issy",72064
74041,12,"Place du Front Populaire",50148736,Milieu,3,5,Ascenseur,1,"Mairie d'Aubervilliers",72491
70586,4,"Rue Louis Rolland",50148743,Arrière,6,6,,0,"Porte de Clignancourt",70657
71940,2,"Boulevard de la Villette",50148784,Arrière,4,5,Ascenseur,0,Nation,71893
71693,8,"Rue Traversière",50148795,Avant,1,5,,1,"Pointe du Lac",74001
70269,8,"Voie Félix Eboué",50148853,Arrière,4,5,,0,Balard,70358
71885,11,"Rue de Crimée",50148855,Avant,1,5,,1,Châtelet,71868
71576,14,"Passage Saint-EMilion",50148878,Avant,3,8,Ascenseur,0,"Saint-Denis - Pleyel",71607
72126,14,"Rue Madame de Sanzillon",50148885,Arrière,6,8,Escalator,0,"Saint-Denis - Pleyel",72168
415852,11,"Rue du Temple",50148893,Avant,2,5,,0,Rosny-Bois-Perrier,71273
71545,13,"Bd Berthier",50148896,Arrière,5,5,,0,"Châtillon - Montrouge",73661
72524,12,"avenue Victor Hugo",50149333,Arrière,4,5,,1,"Mairie d'Aubervilliers",
72524,12,"avenue de la République",50149337,Arrière,4,5,Ascenseur,0,"Mairie d'Issy",72491
71318,1,Franklin-Roosevelt,,Avant,1,6,,0,"Château de Vincennes",71305
71298,1,"Face au 246 rue de Rivoli",50147968,Avant,2,6,,0,"Château de Vincennes",71284
71328,1,"101 avenue des Champs-Elysées",50147974,Milieu,4,6,,0,"Château de Vincennes",71318
73656,6,"15 avenue Kléber",50148020,Arrière,5,5,,0,Nation,71301
71614,6,"6 Place Félix Eboué",50148045,Avant,2,5,,1,"Charles de Gaulle - Étoile",71606
71673,1,"Place de la Nation",50148054,Avant,1,6,,1,"La Défense",71654
73696,7,"54 avenue Jean Jaurès",50148063,Milieu,3,5,,1,"Villejuif - Louis Aragon",73695
73689,7,"Haussmann (boulevard, face aux Galeries La Fayette)",50148097,Arrière,5,5,,0,"La Courneuve - 8 Mai 1945",478885
71100,7,"96 rue Monge",50148117,Milieu,3,5,,0,"La Courneuve - 8 Mai 1945",71133
71001,7,"59 avenue d' Italie",50148124,Avant,1,5,,1,"Villejuif - Louis Aragon",70645
71277,8,"Musée Picasso",50148185,Avant,1,5,,1,"Pointe du Lac",71777
70172,8,"Rue Ferdinand de Lesseps",50148230,Arrière,5,5,,1,"Pointe du Lac",70021
71285,9,"Avenue du Président Wilson",50148270,Avant,1,5,,1,"Mairie de Montreuil",71294
71285,6,"Place du Trocédéro",50148271,Arrière,5,5,,1,"Charles de Gaulle - Étoile",71301
71781,9,"80 boulevard Voltaire",50148309,Avant,1,5,Ascenseur,1,"Mairie de Montreuil",71750
71725,9,"152 rue de Paris",50148338,Arrière,5,5,,0,"Pont de Sèvres",71710
71135,10,"Jardin des Plantes",50148351,Avant,1,5,,1,"Gare d'Austerlitz",
71159,13,"bd du Montparnasse",50148364,Avant,1,5,,0,"Châtillon - Montrouge",71139
71293,11,"Rue des Vertus",50148404,Arrière,5,5,,1,Châtelet,71273
71853,2,"1 boulevard de la Villette",50148413,Avant,1,5,,0,Nation,71834
71853,11,"4 boulevard de la Villette",50148417,Arrière,5,5,,1,Châtelet,71840
71868,11,"1 rue Lassus",50148419,Arrière,5,5,,0,Rosny-Bois-Perrier,71885
71045,12,"Palais des Sports",50148425,Avant,2,5,,1,"Mairie d'Aubervilliers",71075
71075,12,"337 rue de Vaugirard",50148430,Avant,2,5,,0,"Mairie d'Issy",71045
71298,1,"Jardin des Tuileries",50148452,Avant,1,6,,1,"La Défense",71305
72285,13,"1 Rue Danielle Casanova",50148510,Arrière,5,5,Ascenseur,1,"Saint-Denis - Université",72326
73661,13,"47 rue Brochant",50148513,Arrière,5,5,,1,"Asnières - Gennevilliers - Les Courtilles",71545
72203,13,"Gare routière",50148524,Avant,2,5,,0,"Châtillon - Montrouge",72118
73626,1,"203 rue Bercy",50148559,Avant,2,6,,1,"La Défense",463564
71264,4,"Place Marguerite de Navarre",50148652,Milieu,3,6,,0,"Porte de Clignancourt",73794
463564,1,"Place des Vosges",50148661,Arrière,6,6,,0,"Château de Vincennes",73626
463564,5,"Place des Vosges",50148661,Avant,1,5,,0,"Bobigny - Pablo Picasso",73621
71324,14,"Face au 20 place de la Madeleine",50148699,Avant,2,8,,0,"Saint-Denis - Pleyel",71370
72358,13,"Avenue de Stalingrad",50148703,Avant,2,5,,0,"Châtillon - Montrouge",72326
72326,13,Basilique,50148704,Avant,2,5,,1,"Saint-Denis - Université",72358
73619,10,"Musée du Moyen-Âge",50148708,Avant,1,5,,0,"Boulogne Pont de Saint-Cloud",73618
71311,8,"1 Rue Rene Boulanger",50148719,Arrière,5,5,,1,"Pointe du Lac",71277
72326,13,"Place du Cacquet",50148723,Avant,2,5,,0,"Châtillon - Montrouge",72285
479928,9,"28 rue d'Avron",50148725,Arrière,5,5,,1,"Mairie de Montreuil",71703
72240,13,"Angle rue des Bas et Rue Louis Calmel",50148727,Arrière,4,5,,1,"Asnières - Gennevilliers - Les Courtilles",72286
70648,8,"Rue de Paris",50148763,Arrière,5,5,,1,"Pointe du Lac",70522
73619,10,"Boulevard Saint germain",50148768,Arrière,5,5,,1,"Gare d'Austerlitz",71190
71359,5,"Place du 11 Novembre",50148780,Avant,2,5,,1,"Place d'Italie",71322
71591,8,"Boulevard Poniatovski",50148817,Arrière,5,5,,1,"Pointe du Lac",71579
71597,6,"Avenue de France",50148821,Arrière,5,5,,1,"Charles de Gaulle - Étoile",73651
71607,14,"Rue de Bercy",50148884,Avant,2,8,Escalator,1,"Aéroport d'Orly",71576
71545,14,"av du Cimetière des Batignolles",50148894,Arrière,8,8,Escalator,1,"Aéroport d'Orly",71475
71545,14,"rue Fragonard",50148898,Avant,3,8,,0,"Saint-Denis - Pleyel",72126
490779,11,"r. de la Liberté",50149886,Avant,2,5,Ascenseur,0,Rosny-Bois-Perrier,71947
490779,11,"bd du Gén. Leclerc",50149887,Avant,2,5,Escalator,1,Châtelet,71909
70645,14,"r. du Tage",50149929,Avant,1,8,Ascenseur,0,"Saint-Denis - Pleyel",71557
70645,14,"r. de la Vistule",50149931,Avant,2,8,Escalier,0,"Saint-Denis - Pleyel",71557
70445,14,"r. Gabriel Péri",50149933,Avant,2,8,Ascenseur,0,"Saint-Denis - Pleyel",70645
69974,14,"ZAC Lallier",50149936,Milieu,4,8,Escalier,1,"Aéroport d'Orly",73753
73753,14,"r. des Routiers",50149938,Arrière,6,8,Escalier,0,"Saint-Denis - Pleyel",69974
490784,14,"23 rue Pleyel",50149984,Avant,1,8,Escalator,0,"Saint-Denis - Pleyel",
70645,14,"av. d'Italie",50210354,Arrière,7,8,Escalator,0,"Saint-Denis - Pleyel",71557
490779,11,"r. de la Liberté",50210357,Avant,2,5,Escalier,0,Rosny-Bois-Perrier,71947
71370,13,Saint-Lazare,,Avant,1,5,Escalator,0,"Châtillon - Montrouge",71346
71370,13,Saint-Lazare,,Arrière,4,5,Escalator,0,"Châtillon - Montrouge",71346
71203,12,Sèvres-Babylone,,Arrière,5,5,,1,"Mairie d'Aubervilliers",71227
71298,1,Concorde,,Arrière,6,6,,0,"Château de Vincennes",71284
71435,2,"Place de Clichy",,Avant,1,5,,1,"Porte Dauphine",71408
71139,13,Montparnasse-Bienvenue,,Arrière,5,5,,1,"Asnières - Gennevilliers - Les Courtilles",71159
71614,6,"Daumesnil (Félix Eboué)",,Arrière,5,5,,0,Nation,73650
71264,4,Châtelet,,Avant,1,6,,1,"Bagneux - Lucie Aubrac",71223
73788,14,Pyramides,,Milieu,4,8,Escalator,0,"Saint-Denis - Pleyel",71324
73689,9,"Chaussée d'Antin (La Fayette)",,Arrière,5,5,,1,"Mairie de Montreuil",71330
71139,12,Montparnasse-Bienvenue,,Milieu,3,5,,0,"Mairie d'Issy",73641
71370,14,Saint-Lazare,,Avant,3,8,Ascenseur,0,"Saint-Denis - Pleyel",71475
71139,4,Montparnasse-Bienvenue,,Avant,1,6,,0,"Porte de Clignancourt",71184
73618,10,Odéon,,Arrière,5,5,Escalator,1,"Gare d'Austerlitz",73619
71961,7,Stalingrad,,Arrière,5,5,,0,"La Courneuve - 8 Mai 1945",71977
71407,7B,"Louis Blanc",,Avant,1,3,,0,Pré-Saint-Gervais,71940
71940,2,Jaurès,,Arrière,4,5,Ascenseur,0,Nation,71893
71056,4,Denfert-Rochereau,,Avant,1,6,,0,"Porte de Clignancourt",71088
71264,1,Châtelet,,Avant,1,6,,0,"Château de Vincennes",415852
71614,6,"Daumesnil (Félix Eboué)",,Avant,1,5,,1,"Charles de Gaulle - Étoile",71606
71434,2,"Gare du Nord",,Arrière,5,5,,0,Nation,71961
71199,6,"La Motte-Picquet-Grenelle",,Avant,1,5,,1,"Charles de Gaulle - Étoile",71197
71889,11,"Porte des Lilas",,Avant,1,5,,1,Châtelet,71870
71285,6,Trocadéro,,Arrière,5,5,,1,"Charles de Gaulle - Étoile",71301
71410,5,"Paris Gare du Nord",,Milieu,3,5,Escalator,1,"Place d'Italie",71359
71337,8,Auber,,Avant,1,5,,1,"Pointe du Lac",71330
71264,14,"Châtelet - Les Halles",,Avant,3,8,,1,"Aéroport d'Orly",73626
71545,13,"Porte de Clichy",,Arrière,5,5,,0,"Châtillon - Montrouge",73661
478883,4,"82 boulevard Ornano",50147769,Avant,1,6,,0,"Porte de Clignancourt",
71359,7,"78 boulevard de Strasbourg",50147774,Arrière,5,5,,0,"La Courneuve - 8 Mai 1945",474149
71359,5,"5 rue du 8 Mai 1945",50147775,Avant,2,5,,0,"Bobigny - Pablo Picasso",71410
71410,4,"9 boulevard Denain",50147780,Arrière,6,6,,1,"Bagneux - Lucie Aubrac",71359
71426,4,"Boulevard de la Chapelle",50147782,Milieu,4,6,Escalator,0,"Porte de Clignancourt",71469
71426,2,"2 Bd de Rochechouart",50147784,Arrière,5,5,,0,Nation,71434
71264,14,"8 place Sainte-Opportune",50147793,Avant,3,8,Escalator,1,"Aéroport d'Orly",73626
71054,9,"96 boulevard de la République",50148242,Arrière,5,5,,1,"Mairie de Montreuil",71084
71084,9,"Avenue Edouard Vaillant",50148249,Avant,1,5,,0,"Pont de Sèvres",71054
73690,9,"Église Saint-Augustin",50148290,Arrière,5,5,,1,"Mairie de Montreuil",482368
71326,8,"15 boulevard Poissonnière",50148302,Avant,1,5,,1,"Pointe du Lac",71320
71756,9,"Centre Commercial",50148339,Avant,1,5,,1,"Mairie de Montreuil",71785
71785,9,"Place Jean Jaurès",50148346,Milieu,3,5,,0,"Pont de Sèvres",71756
415852,11,"Rue du Renard",50148392,Arrière,5,5,,0,Rosny-Bois-Perrier,71273
71311,3,"1 rue René Boulanger",50148406,Arrière,5,5,,0,Gallieni,71801
71311,9,"13 place de la République",50148407,Avant,1,5,,1,"Mairie de Montreuil",71803
73640,12,"115 rue de Rennes",50148442,Arrière,5,5,,1,"Mairie d'Aubervilliers",71203
71409,2,"26 boulevard de Clichy",50148459,Arrière,5,5,,0,Nation,71419
70562,13,"87 rue Guy Môquet",50148470,Milieu,3,5,,0,"Châtillon - Montrouge",461505
71370,14,"2 rue d'Amsterdam",50148491,Arrière,7,8,,0,"Saint-Denis - Pleyel",71475
71370,12,"95 rue Saint-Lazare",50148494,Arrière,5,5,,0,"Mairie d'Issy",71324
72078,13,"Avenue de Saint-Ouen",50148502,Avant,1,5,,1,"Saint-Denis - Université",72128
72168,13,"2 avenue Gabriel Péri",50148506,Avant,1,5,,0,"Châtillon - Montrouge",72128
72285,13,"Musée d'Art et d'Histoire",50148511,Milieu,3,5,,0,"Châtillon - Montrouge",72217
71264,14,"Place Marguerite de Navarre",50148652,Avant,3,8,Ascenseur,0,"Saint-Denis - Pleyel",73788
71475,14,"Rue Cardinet",50148654,Milieu,4,8,,0,"Saint-Denis - Pleyel",71545
71889,11,"171 Boulevard Mortier",50148658,Arrière,4,5,,0,Rosny-Bois-Perrier,71909
463564,8,"Port de l'Arsenal",50148660,Arrière,5,5,,1,"Pointe du Lac",71693
71576,14,"Cour Chamonard",50148702,Milieu,5,8,Escalator,0,"Saint-Denis - Pleyel",71607
72326,13,Basilique,50148704,Milieu,3,5,,0,"Châtillon - Montrouge",72285
71311,3,"Av de la République",50148717,Milieu,3,5,,1,"Pont de Levallois - Bécon",71296
72286,13,"Angle Boulevard Pierre de Coubertin / Avenue Lucien Lanternier",50148729,Arrière,5,5,,0,"Châtillon - Montrouge",72240
70586,4,"Place Emile Cresp",50148740,Avant,1,6,,0,"Porte de Clignancourt",70657
71347,1,"Avenue Hoche",50148764,Arrière,6,6,,1,"La Défense",71348
73619,10,"Boulevard Saint germain",50148768,Avant,1,5,,0,"Boulogne Pont de Saint-Cloud",73618
71485,1,"Quartier Saisons",50148776,Avant,2,6,,0,"Château de Vincennes",71442
71199,10,"Avenue de Suffren",50148791,Arrière,5,5,,0,"Boulogne Pont de Saint-Cloud",71158
71607,14,"Rue Paul Belmondo",50148882,Avant,2,8,Escalator,1,"Aéroport d'Orly",71576
72126,14,"Rue Touzet",50148891,Arrière,6,8,Escalator,0,"Saint-Denis - Pleyel",72168
483315,4,"av. Henri Barbusse Bagneux",50149177,Avant,2,6,,1,"Bagneux - Lucie Aubrac",
72491,12,"rue de la Commune",50149326,Milieu,3,5,Ascenseur,1,"Mairie d'Aubervilliers",72524
72491,12,"rue de la Commune",50149329,Avant,1,5,,0,"Mairie d'Issy",74041
490779,11,"bd du Gén. Leclerc",50149887,Avant,2,5,Ascenseur,0,Rosny-Bois-Perrier,71947
70445,14,"r. Séverine",50149934,Milieu,5,8,Escalier,0,"Saint-Denis - Pleyel",70645
69974,14,"r. de Bicêtre",50149935,Milieu,4,8,Escalier,0,"Saint-Denis - Pleyel",478860
73753,14,"r. du Languedoc",50149939,Avant,3,8,Escalier,0,"Saint-Denis - Pleyel",69974
70645,14,"av. d'Italie",50210354,Arrière,6,8,Escalier,0,"Saint-Denis - Pleyel",71557
71897,11,"bd de la Boissière",50210358,Avant,2,5,Escalator,0,Rosny-Bois-Perrier,490782
71673,1,Nation,,Milieu,3,6,,0,"Château de Vincennes",71663
71961,2,Stalingrad,,Arrière,5,5,,1,"Porte Dauphine",71434
71326,9,"Grands Boulevards",,Arrière,5,5,,0,"Pont de Sèvres",71330
71318,1,Franklin-Roosevelt,,Avant,1,6,,0,"Château de Vincennes",71305
71889,11,"Porte des Lilas",,Arrière,4,5,,0,Rosny-Bois-Perrier,71909
71410,5,"Paris Gare du Nord",,Avant,1,5,,0,"Bobigny - Pablo Picasso",71961
71337,8,Auber,,Avant,1,5,,1,"Pointe du Lac",71330
71337,8,Auber,,Arrière,5,5,,0,Balard,71324
71264,11,"Châtelet - Les Halles",,Arrière,4,5,,0,Rosny-Bois-Perrier,415852
71056,6,Denfert-Rochereau,,Milieu,3,5,,0,Nation,71041
463564,8,"Bd Bourdon",50147743,Arrière,5,5,,1,"Pointe du Lac",71693
71264,1,"5 rue Saint-Denis",50147792,Arrière,6,6,,1,"La Défense",73630
71264,14,"Rue des Lavandières",50147796,Arrière,6,8,Escalator,0,"Saint-Denis - Pleyel",73788
71264,4,"15 avenue Victoria",50147799,Avant,1,6,,1,"Bagneux - Lucie Aubrac",71223
73794,4,"Place Carrée, Forum des Halles)",50147804,Milieu,3,6,Escalator,0,"Porte de Clignancourt",479068
71117,4,"103 boulevard du Montparnasse",50147831,Avant,2,6,,1,"Bagneux - Lucie Aubrac",71088
71139,12,"59 bis boulevard du Montparnasse",50147839,Avant,1,5,,0,"Mairie d'Issy",73641
71030,4,"230 avenue du Maine",50147849,Arrière,6,6,,0,"Porte de Clignancourt",73653
71370,12,"Place Gabriel Péri",50147867,Milieu,3,5,,1,"Mairie d'Aubervilliers",71355
71370,14,"Rue de l' Arcade",50147868,Milieu,5,8,Ascenseur,0,"Saint-Denis - Pleyel",71475
71370,14,"Rue de l' Arcade",50147868,Arrière,7,8,,0,"Saint-Denis - Pleyel",71475
482368,9,"bd Haussmann",50147875,Avant,1,5,,1,"Mairie de Montreuil",73689
72057,3,"Rue Anatole France",50147880,Avant,1,5,,1,"Pont de Levallois - Bécon",
71808,3,"Hôpital Tenon",50147893,Avant,1,5,,0,Gallieni,71799
73634,3,"21 rue des Petits Carreaux",50147920,Avant,1,5,,0,Gallieni,73636
73695,7,"Av Jean Jaurès",50148066,Avant,1,5,Escalator,0,"La Courneuve - 8 Mai 1945",73696
72460,7,"76 avenue Jean Jaurès",50148073,Arrière,4,5,,0,"La Courneuve - 8 Mai 1945",73695
73689,7,"Rue La Fayette",50148096,Arrière,5,5,,0,"La Courneuve - 8 Mai 1945",478885
71217,7,"Pont Marie",50148109,Avant,1,5,,1,"Villejuif - Louis Aragon",71201
70488,7,"Centre Commercial",50148142,Avant,1,5,,0,"La Courneuve - 8 Mai 1945",70537
71274,13,"Rue Robert Esnault Pelterie",50148173,Arrière,4,5,,0,"Châtillon - Montrouge",71232
71277,8,"Musée Picasso",50148185,Arrière,5,5,,0,Balard,71311
463564,8,"37 boulevard Bourdon",50148190,Arrière,5,5,,1,"Pointe du Lac",71693
71595,8,"252 avenue Daumesnil",50148206,Arrière,5,5,,0,Balard,71614
71084,9,"Avenue Edouard Vaillant",50148249,Arrière,5,5,,1,"Mairie de Montreuil",71124
71124,9,"Hôpital Henry Dunant",50148256,Avant,1,5,,0,"Pont de Sèvres",71084
71290,9,"Pont de l'Alma",50148278,Arrière,5,5,,0,"Pont de Sèvres",71294
71318,9,"60 avenue Montaigne",50148282,Avant,1,5,,1,"Mairie de Montreuil",71334
71330,8,"6 Boulevard Haussmann",50148293,Avant,1,5,,1,"Pointe du Lac",71326
71803,9,"20 rue de Crussol",50148304,Avant,1,5,,1,"Mairie de Montreuil",71781
71148,7,"39 rue Liné",50148352,Avant,1,5,,1,"Villejuif - Louis Aragon",71133
71150,10,"2 avenue Emile Zola",50148374,Avant,1,5,,0,"Boulogne Pont de Saint-Cloud",71166
415852,1,"31 rue de Rivoli",50148393,Arrière,6,6,,0,"Château de Vincennes",71222
71273,11,"3 rue Grenier Saint-Lazare",50148398,Avant,1,5,,0,Rosny-Bois-Perrier,71293
71311,9,"14 place de la République",50148405,Avant,1,5,,0,"Pont de Sèvres",73633
71868,11,"1 rue Lassus",50148419,Avant,1,5,,0,Rosny-Bois-Perrier,71885
71075,12,"337 rue de Vaugirard",50148430,Milieu,3,5,,0,"Mairie d'Issy",71045
71355,12,"2 place d'Estienne d'Orves",50148454,Avant,1,5,,1,"Mairie d'Aubervilliers",71350
73675,13,"74 avenue du Maine",50148485,Avant,1,5,,1,"Asnières - Gennevilliers - Les Courtilles",71139
72128,13,"Avenue Gabriel Péri",50148504,Avant,1,5,,1,"Saint-Denis - Université",72168
72168,13,"2 avenue Gabriel Péri",50148506,Arrière,4,5,Escalator,1,"Saint-Denis - Université",72217
71347,6,"6 avenue Carnot",50148553,Arrière,4,5,,1,"Charles de Gaulle - Étoile",
71264,1,"Place Marguerite de Navarre",50148652,Avant,2,6,,0,"Château de Vincennes",415852
73626,1,"Face au 201 rue de Bercy",50148698,Avant,2,6,,1,"La Défense",463564
73788,14,"Face au 13 avenue de l'Opera",50148700,Avant,2,8,,1,"Aéroport d'Orly",71264
73788,14,"Face au 13 avenue de l'Opera",50148700,Avant,1,8,Ascenseur,1,"Aéroport d'Orly",71264
71311,3,"10 place de la République",50148722,Avant,2,5,Escalator,0,Gallieni,71801
71474,13,"Avenue de Clichy",50148788,Arrière,5,5,,0,"Châtillon - Montrouge",71435
71558,8,"Rue de Paris",50148850,Arrière,5,5,,1,"Pointe du Lac",70648
71576,14,"Passage Saint-EMilion",50148878,Arrière,6,8,Ascenseur,1,"Aéroport d'Orly",71572
71572,14,"Rue Goscinny",50148911,Milieu,4,8,Escalator,1,"Aéroport d'Orly",71557
72491,12,"rue de la Commune",50149327,Avant,1,5,,0,"Mairie d'Issy",74041
71947,11,"bd Henri Barbusse",50149889,Arrière,5,5,Escalier,0,Rosny-Bois-Perrier,71897
71897,11,"bd de la Boissière",50149892,Avant,1,5,Escalier,1,Châtelet,71947
426280,11,"Entrée / Sortie",50149898,Arrière,5,5,Ascenseur,1,Châtelet,490783
70645,14,"r. de la Vistule",50149931,Milieu,5,8,Escalator,1,"Aéroport d'Orly",70445
73753,14,"r. Latérale",50149937,Arrière,6,8,Escalier,1,"Aéroport d'Orly",69677
490784,14,"19 rue Pleyel",50149983,Arrière,7,8,Ascenseur,0,"Saint-Denis - Pleyel",
71897,11,"bd de la Boissière",50210359,Avant,2,5,Escalator,0,Rosny-Bois-Perrier,490782
71673,1,Nation,,Milieu,3,6,,0,"Château de Vincennes",71663
71324,12,Madeleine,,Avant,1,5,,1,"Mairie d'Aubervilliers",71370
71673,9,Nation,,Milieu,3,5,,1,"Mairie de Montreuil",479928
71264,14,Châtelet,,Avant,3,8,,0,"Saint-Denis - Pleyel",73788
71434,2,"La Chapelle",,Avant,1,5,,1,"Porte Dauphine",71426
71607,14,Bercy,,Milieu,4,8,Escalator,1,"Aéroport d'Orly",71576
71337,8,Opéra,,Avant,1,5,,1,"Pointe du Lac",71330
71940,2,Jaurès,,Arrière,5,5,,0,Nation,71893
71135,10,"Gare d'Austerlitz",,Avant,1,5,,1,"Gare d'Austerlitz",
71311,9,République,,Avant,1,5,,0,"Pont de Sèvres",73633
71139,6,Montparnasse-Bienvenue,,Arrière,5,5,,1,"Charles de Gaulle - Étoile",71125
71370,14,Saint-Lazare,,Avant,3,8,,0,"Saint-Denis - Pleyel",71475
71370,13,Saint-Lazare,,Arrière,5,5,,1,"Asnières - Gennevilliers - Les Courtilles",71382
71370,14,Saint-Lazare,,Avant,3,8,Ascenseur,0,"Saint-Denis - Pleyel",71475
71940,5,Jaurès,,Milieu,3,5,,1,"Place d'Italie",71961
71434,2,"La Chapelle",,Arrière,5,5,,0,Nation,71961
73618,10,Odéon,,Avant,1,5,,0,"Boulogne Pont de Saint-Cloud",73639
71359,5,"Gare de l'Est (Verdun)",,Arrière,5,5,,1,"Place d'Italie",71322
71305,13,Champs-Elysées-Clémenceau,,Milieu,3,5,,1,"Asnières - Gennevilliers - Les Courtilles",71346
71135,10,"Gare d'Austerlitz",,Arrière,5,5,,1,"Gare d'Austerlitz",
71324,14,Madeleine,,Arrière,6,8,,1,"Aéroport d'Orly",73788
71264,7,"Rue des Lavandières",50147796,Avant,1,5,,0,"La Courneuve - 8 Mai 1945",71253
73794,4,"Place des Verrières Forum des Halles)",50147805,Arrière,6,6,Escalator,1,"Bagneux - Lucie Aubrac",71264
73618,4,"Carrefour de l' Odéon",50147808,Avant,1,6,,1,"Bagneux - Lucie Aubrac",71216
73618,10,"108 boulevard Saint-Germain",50147809,Arrière,5,5,,0,"Boulogne Pont de Saint-Cloud",73639
73633,4,"13 boulevard Saint-Denis",50147824,Arrière,6,6,,0,"Porte de Clignancourt",71333
71117,4,"101 boulevard du Montparnasse",50147830,Arrière,5,6,Escalator,1,"Bagneux - Lucie Aubrac",71088
71117,4,"101 boulevard du Montparnasse",50147830,Avant,2,6,,1,"Bagneux - Lucie Aubrac",71088
71139,4,"Centre Commercial",50147840,Avant,2,6,,0,"Porte de Clignancourt",71184
71030,4,"82 avenue du Général Leclerc",50147847,Milieu,4,6,Escalator,1,"Bagneux - Lucie Aubrac",70657
71056,4,"2 Place Denfert Rochereau",50147853,Arrière,6,6,,1,"Bagneux - Lucie Aubrac",73653
70657,4,"108 boulevard Jourdan",50147874,Avant,1,6,,1,"Bagneux - Lucie Aubrac",70586
71808,3,"Place Martin Nadaud",50147896,Arrière,5,5,,0,Gallieni,71799
71367,2,"130 boulevard de Courcelles",50147909,Avant,1,5,,1,"Porte Dauphine",71347
474152,2,"Avenue Foch",50147913,Avant,1,5,,1,"Porte Dauphine",
71435,13,"Terre-plein face au 7 place de Clichy",50147934,Arrière,5,5,,1,"Asnières - Gennevilliers - Les Courtilles",71474
71347,1,"Avenue de Friedland",50147978,Avant,1,6,,0,"Château de Vincennes",71328
73626,14,"27 boulevard Diderot",50147984,Milieu,4,8,Ascenseur,1,"Aéroport d'Orly",71607
71135,5,"Parking SNCF côté arrivée",50148012,Avant,1,5,,1,"Place d'Italie",71092
71108,6,"Place Edgar Quinet)",50148033,Avant,1,5,,1,"Charles de Gaulle - Étoile",71139
71614,6,"Place Félix Eboué",50148048,Avant,2,5,Escalator,1,"Charles de Gaulle - Étoile",71606
70596,7,"Boulevard Masséna",50148133,Milieu,3,5,,1,"Mairie d'Ivry",70604
71298,8,"Jardin des Tuileries",50148175,Avant,1,5,,1,"Pointe du Lac",71324
463564,5,"Rue de la Roquette",50148194,Avant,1,5,,0,"Bobigny - Pablo Picasso",73621
71654,1,"73 boulevard Diderot",50148202,Arrière,6,6,,1,"La Défense",73626
71558,8,"147 rue de Paris",50148215,Avant,1,5,Escalator,1,"Pointe du Lac",70648
70426,8,"26-28 avenue du Général Leclerc",50148222,Arrière,5,5,,0,Balard,70522
70269,8,"13 Rue Gustave Eiffel",50148229,Arrière,4,5,,0,Balard,70358
70021,8,"Centre Commercial Créteil-Soleil",50148232,Avant,2,5,,0,Balard,70172
71034,9,"52 avenue du Général Leclerc",50148236,Avant,1,5,,1,"Mairie de Montreuil",71054
71292,9,"48 avenue Georges Mandel",50148267,Avant,1,5,,0,"Pont de Sèvres",474150
71285,9,"Place du Trocadéro",50148272,Arrière,5,5,,0,"Pont de Sèvres",71292
71330,9,"Rue Marivaux",50148292,Avant,1,5,,0,"Pont de Sèvres",73689
71326,8,"27 boulevard Poissonnière",50148301,Avant,1,5,,0,Balard,71330
71750,9,"124 boulevard Voltaire",50148316,Avant,1,5,,0,"Pont de Sèvres",71781
71159,13,"67 boulevard des Invalides",50148363,Arrière,5,5,,1,"Asnières - Gennevilliers - Les Courtilles",71204
71169,10,"Boulevard Murat",50148379,Avant,1,5,,0,"Boulogne Pont de Saint-Cloud",71147
71293,11,"Rue Conté",50148403,Arrière,5,5,,0,Rosny-Bois-Perrier,71311
71311,3,"14 place de la République",50148405,Avant,1,5,,1,"Pont de Levallois - Bécon",71296
71853,11,"79 boulevard de Belleville",50148412,Avant,1,5,,0,Rosny-Bois-Perrier,71864
71091,12,"Place Adolphe Chérioux",50148432,Arrière,5,5,,1,"Mairie d'Aubervilliers",71113
71347,2,"1 avenue de la Grande Armée",50148550,Avant,1,5,,1,"Porte Dauphine",71315
71347,2,"Arc de Triomphe",50148552,Milieu,3,5,,0,Nation,71367
73788,7,"19 av de l'Opéra",50148649,Arrière,5,5,,1,"Villejuif - Louis Aragon",71297
71572,14,"Face au 62 rue du Chevaleret",50148701,Avant,1,8,Ascenseur,0,"Saint-Denis - Pleyel",71576
71870,11,"Rue de Belleville",50148711,Avant,1,5,,0,Rosny-Bois-Perrier,71889
73658,9,Michel-Ange-Molitor,,Arrière,5,5,,0,"Pont de Sèvres",71124
71346,9,Miromesnil,,Arrière,4,5,,1,"Mairie de Montreuil",73690
70645,14,"r. Tagore",50149930,Arrière,7,8,Escalier,1,"Aéroport d'Orly",70445
70645,14,"r. Tagore",50149930,Avant,1,8,Ascenseur,0,"Saint-Denis - Pleyel",71557
70445,14,"r. Gabriel Péri",50149933,Milieu,4,8,Escalator,1,"Aéroport d'Orly",478860
490784,14,"23 rue Pleyel",50149984,Milieu,5,8,Escalator,0,"Saint-Denis - Pleyel",
490784,14,"27 rue Pleyel",50149985,Milieu,4,8,Ascenseur,1,"Aéroport d'Orly",72168
490784,14,"Place de Etoiles",50149986,Avant,2,8,Escalator,0,"Saint-Denis - Pleyel",
490779,11,"bd du Gén. Leclerc",50210356,Avant,2,5,Ascenseur,0,Rosny-Bois-Perrier,71947
71318,1,Franklin-Roosevelt,,Arrière,6,6,,1,"La Défense",71328
73689,7,"Chaussée d'Antin (La Fayette)",,Milieu,3,5,,0,"La Courneuve - 8 Mai 1945",478885
71311,9,République,,Milieu,3,5,,1,"Mairie de Montreuil",71803
71264,1,Châtelet,,Avant,1,6,,0,"Château de Vincennes",415852
71370,13,Saint-Lazare,,Arrière,5,5,,1,"Asnières - Gennevilliers - Les Courtilles",71382
73690,9,Saint-Lazare,,Arrière,5,5,,0,"Pont de Sèvres",71346
71264,14,Châtelet,,Arrière,6,8,Escalator,0,"Saint-Denis - Pleyel",73788
415852,1,"Hôtel de Ville",,Arrière,6,6,,1,"La Défense",71264
71359,4,"Gare de l'Est (Verdun)",,Avant,1,6,,1,"Bagneux - Lucie Aubrac",71333
71673,6,Nation,,Milieu,3,5,,1,"Charles de Gaulle - Étoile",71639
71673,1,Nation,,Milieu,3,6,,1,"La Défense",71654
73626,14,"Gare de Lyon",,Arrière,6,8,,1,"Aéroport d'Orly",71607
463564,8,Bastille,,Milieu,3,5,,1,"Pointe du Lac",71693
71305,1,Champs-Elysées-Clémenceau,,Milieu,3,6,,0,"Château de Vincennes",71298
71347,1,"Charles de Gaulle-Etoile",,Arrière,6,6,,0,"Château de Vincennes",71328
71347,2,"Charles de Gaulle-Etoile",,Milieu,3,5,,0,Nation,71367
73633,8,Strasbourg-Saint-Denis,,Avant,1,5,,1,"Pointe du Lac",71311
71359,7,"Gare de l'Est (Verdun)",,Avant,1,5,,1,"Villejuif - Louis Aragon",71363
71139,12,Montparnasse-Bienvenue,,Arrière,5,5,,1,"Mairie d'Aubervilliers",71138
71199,10,"La Motte-Picquet-Grenelle",,Avant,1,5,,0,"Boulogne Pont de Saint-Cloud",71158
71607,14,Bercy,,Avant,1,8,Ascenseur,0,"Saint-Denis - Pleyel",73626
71330,9,Richelieu-Drouot,,Arrière,5,5,,1,"Mairie de Montreuil",71326
71311,5,République,,Milieu,3,5,,0,"Bobigny - Pablo Picasso",71322
71311,5,République,,Milieu,3,5,,1,"Place d'Italie",71803
71370,12,Saint-Lazare,,Arrière,5,5,,1,"Mairie d'Aubervilliers",71355
71159,10,Duroc,,Avant,1,5,,1,"Gare d'Austerlitz",71170
71359,4,"Gare de l'Est (Verdun)",,Avant,1,6,,0,"Porte de Clignancourt",71410
71311,9,République,,Milieu,3,5,,1,"Mairie de Montreuil",71803
71311,9,République,,Milieu,3,5,,0,"Pont de Sèvres",73633
71311,8,République,,Milieu,3,5,,1,"Pointe du Lac",71277
71139,4,Montparnasse-Bienvenue,,Arrière,6,6,,1,"Bagneux - Lucie Aubrac",71117
71410,5,"La Chapelle",,Milieu,3,5,,1,"Place d'Italie",71359
73626,1,"Gare de Lyon",,Milieu,3,6,,0,"Château de Vincennes",71654
71853,2,Belleville,,Milieu,3,5,,0,Nation,71834
73689,7,"Chaussée d'Antin (La Fayette)",,Milieu,3,5,,0,"La Courneuve - 8 Mai 1945",478885
71264,14,Châtelet,,Avant,3,8,,1,"Aéroport d'Orly",73626
71298,8,Concorde,,Arrière,5,5,,0,Balard,71274
71434,2,"Gare du Nord",,Arrière,5,5,,0,Nation,71961
71410,4,"Gare du Nord",,Milieu,3,6,,0,"Porte de Clignancourt",71426
482368,3,Havre-Caumartin,,Arrière,5,5,,0,Gallieni,71337
73658,10,Michel-Ange-Molitor,,Avant,1,5,,1,"Gare d'Austerlitz",71141
71410,4,"Paris Gare du Nord",,Milieu,3,6,,1,"Bagneux - Lucie Aubrac",71359
71410,5,"Paris Gare du Nord",,Milieu,3,5,Escalator,0,"Bobigny - Pablo Picasso",71961
71410,5,"Paris Gare du Nord",,Milieu,3,5,Escalator,0,"Bobigny - Pablo Picasso",71961
71517,1,"La Défense",,Avant,1,6,,1,"La Défense",
71517,1,"La Défense",,Arrière,6,6,,1,"La Défense",
71517,1,"La Défense",,Avant,1,6,,1,"La Défense",
73626,1,"Gare de Lyon",,Milieu,3,6,,0,"Château de Vincennes",71654
72168,13,"Mairie de Saint-Ouen",,Milieu,3,5,,0,"Châtillon - Montrouge",72128
72486,5,"Mc 93 Maison de la Culture",50147747,Avant,1,5,,0,"Bobigny - Pablo Picasso",
71989,5,"212 avenue Jean Jaurès",50147757,Milieu,3,5,Escalator,0,"Bobigny - Pablo Picasso",72004
71511,12,"69 rue des Poissonniers",50147764,Avant,1,5,,1,"Mairie d'Aubervilliers",71510
71556,4,"27 boulevard Ornano",50147766,Avant,1,6,Escalator,0,"Porte de Clignancourt",478883
72486,5,"Gare routière Bus 173-354-615B",50147771,Avant,1,5,,0,"Bobigny - Pablo Picasso",
71426,4,"Boulevard de la Chapelle",50147782,Arrière,5,6,,0,"Porte de Clignancourt",71469
71264,1,"112 rue deRivoli",50147795,Arrière,6,6,,1,"La Défense",73630
71264,4,"Rue des Lavandières",50147796,Avant,1,6,,1,"Bagneux - Lucie Aubrac",71223
71264,4,"Place du Châtelet",50147797,Avant,1,6,,1,"Bagneux - Lucie Aubrac",71223
71264,11,"15 avenue Victoria",50147799,Avant,1,5,,0,Rosny-Bois-Perrier,415852
71333,4,"51-53 boulevard de Strasbourg",50147802,Arrière,6,6,,0,"Porte de Clignancourt",71359
73636,3,"68 rue Réaumur",50147818,Arrière,5,5,,1,"Pont de Levallois - Bécon",73634
73633,9,"Porte Saint-Martin",50147821,Avant,1,5,,1,"Mairie de Montreuil",71311
73633,9,"10 boulevard Bonne Nouvelle",50147827,Avant,1,5,,0,"Pont de Sèvres",71320
73633,8,"10 boulevard Bonne Nouvelle",50147827,Avant,1,5,,0,Balard,71320
71139,6,"59 bis boulevard du Montparnasse",50147839,Avant,1,5,,0,Nation,71108
71184,4,"127 rue de Rennes",50147841,Avant,1,6,,1,"Bagneux - Lucie Aubrac",71139
71184,4,"127 rue de Rennes",50147841,Arrière,6,6,,0,"Porte de Clignancourt",71202
71370,12,"Gare SNCF",50147870,Avant,1,5,,0,"Mairie d'Issy",71324
70657,4,"117 boulevard Jourdan",50147873,Arrière,6,6,,0,"Porte de Clignancourt",71030
71367,2,"Salle Pleyel",50147907,Arrière,5,5,,0,Nation,71376
71940,7B,"Face au 1 avenue Jean-Jaurès",50147924,Avant,1,3,,1,"Louis Blanc",71407
71940,7B,"Face au 1 avenue Jean-Jaurès",50147924,Arrière,3,3,,0,Pré-Saint-Gervais,71920
71940,5,"Face au 2 place de Stalingrad",50147925,Avant,1,5,,1,"Place d'Italie",71961
71940,5,"Face au 2 place de Stalingrad",50147925,Arrière,5,5,,0,"Bobigny - Pablo Picasso",71957
71408,2,"60 boulevard des Batignolles",50147936,Avant,1,5,,1,"Porte Dauphine",71403
71815,2,"Ménilmontant (139/148 boulevard de)",50147951,Arrière,5,5,,0,Nation,71787
71348,1,"Avenue de la Grande Armée",50147956,Avant,1,6,,1,"La Défense",71379
71298,1,"6 place de la Concorde",50147969,Avant,1,6,,1,"La Défense",71305
71650,1,"29 avenue de Paris",50148003,Avant,1,6,Escalator,0,"Château de Vincennes",71634
71135,10,"Parking SNCF côté arrivée",50148012,Arrière,5,5,,0,"Boulogne Pont de Saint-Cloud",71148
71092,5,"50 boulevard de l' Hôpital",50148013,Arrière,5,5,,1,"Place d'Italie",71063
71063,5,"106-112 boulevard de l' Hôpital",50148015,Arrière,5,5,,1,"Place d'Italie",71033
71033,7,"182 boulevard Vincent Auriol",50148016,Arrière,5,5,,0,"La Courneuve - 8 Mai 1945",71076
71026,6,"Face au 124 boulevard Auguste Blanqui",50148035,Arrière,5,5,,0,Nation,71013
71607,6,"Boulevard de Bercy",50148041,Arrière,5,5,,0,Nation,71606
72430,7,"Cité des Sciences - La Géode - Le Zénith",50148077,Arrière,5,5,,1,"Villejuif - Louis Aragon",72031
73689,9,"28 boulevard Haussmann",50148101,Arrière,5,5,,0,"Pont de Sèvres",482368
71076,7,"47 avenue des Gobelins",50148122,Arrière,5,5,,0,"La Courneuve - 8 Mai 1945",71100
70375,7,"34 avenue de Paris",50148147,Arrière,4,5,,0,"La Courneuve - 8 Mai 1945",70452
70143,7,"175 boulevard Maxime Gorky",50148150,Avant,2,5,Ascenseur,1,"Villejuif - Louis Aragon",
463564,5,"1 Boulevard Beaumarchais",50148193,Arrière,5,5,,1,"Place d'Italie",71637
463564,1,"1 Boulevard Beaumarchais",50148193,Arrière,6,6,,0,"Château de Vincennes",73626
70648,8,"91 rue de Paris",50148217,Arrière,5,5,,1,"Pointe du Lac",70522
71292,9,"56 avenue Georges Mandel",50148265,Avant,1,5,,0,"Pont de Sèvres",474150
71346,13,"1 avenue Percier",50148286,Avant,2,5,,1,"Asnières - Gennevilliers - Les Courtilles",71370
71346,9,"24 bis rue de la Boétie",50148288,Avant,1,5,,1,"Mairie de Montreuil",73690
71330,9,"Boulevard des Italiens",50148291,Avant,1,5,,1,"Mairie de Montreuil",71326
71330,8,"2 Boulevard Haussmann",50148294,Avant,1,5,,1,"Pointe du Lac",71326
71326,9,"20 boulevard Poissonnière",50148303,Arrière,5,5,,0,"Pont de Sèvres",71330
71750,9,"130 boulevard Voltaire",50148314,Arrière,5,5,Ascenseur,1,"Mairie de Montreuil",73647
71750,9,"124 boulevard Voltaire",50148316,Arrière,5,5,,1,"Mairie de Montreuil",73647
71750,9,"5 place Léon Blum",50148317,Avant,1,5,,0,"Pont de Sèvres",71781
71785,9,"4 avenue Pasteur",50148347,Avant,2,5,,1,"Mairie de Montreuil",
71153,10,"55 rue du Cardinal Lemoine",50148355,Arrière,5,5,,0,"Boulogne Pont de Saint-Cloud",71190
71853,11,"1 boulevard de la Villette",50148413,Avant,1,5,,0,Rosny-Bois-Perrier,71864
71006,13,"9 boulevard Brune",50148474,Avant,1,5,,0,"Châtillon - Montrouge",73766
71545,14,"1 boulevard Berthier",50148516,Arrière,8,8,Escalator,1,"Aéroport d'Orly",71475
71347,2,"Arc de Triomphe",50148552,Avant,1,5,,1,"Porte Dauphine",71315
70586,4,"Rue Louis Rolland",50148743,Avant,1,6,,1,"Bagneux - Lucie Aubrac",70441
70648,8,"Rue de Paris",50148763,Avant,1,5,,0,Balard,71558
71634,1,"Château de Vincennes",50148766,Arrière,6,6,,0,"Château de Vincennes",
71756,9,"Rue de Paris",50148773,Avant,1,5,,0,"Pont de Sèvres",71725
72024,5,"Gare Routière",50148775,Arrière,5,5,,1,"Place d'Italie",72004
71076,7,"Manufacture des Gobelins",50148797,Avant,1,5,,1,"Villejuif - Louis Aragon",71033
71363,7,"Rue de Chabrol",50148814,Avant,1,5,,0,"La Courneuve - 8 Mai 1945",71359
73794,4,"Porte Saint-Eustache",50148871,Avant,1,6,,0,"Porte de Clignancourt",479068
73794,4,"Porte du Jour",50148872,Avant,1,6,,0,"Porte de Clignancourt",479068
72168,14,"Rue Albert Dhalenne",50148888,Arrière,7,8,Ascenseur,1,"Aéroport d'Orly",72126
71545,14,"Rue André Suarez",50148895,Milieu,5,8,,1,"Aéroport d'Orly",71475
71545,14,"av de Clichy",50148897,Avant,3,8,Escalator,1,"Aéroport d'Orly",71475
71572,14,"Rue Goscinny",50148911,Milieu,5,8,Escalator,0,"Saint-Denis - Pleyel",71576
72524,12,"avenue Victor Hugo",50149331,Arrière,4,5,,0,"Mairie d'Issy",72491
70645,14,"av. d'Italie",50149928,Avant,3,8,Escalier,1,"Aéroport d'Orly",70445
70645,14,"r. Tagore",50149930,Arrière,6,8,Escalator,0,"Saint-Denis - Pleyel",71557
70645,14,"r. Bourgon",50149932,Milieu,5,8,Escalator,1,"Aéroport d'Orly",70445
69974,14,"r. de Bicêtre",50149935,Avant,3,8,Escalator,0,"Saint-Denis - Pleyel",478860
73753,14,"r. Latérale",50149937,Avant,3,8,Escalier,1,"Aéroport d'Orly",69677
69677,14,"Entrée / Sortie",50149940,Arrière,7,8,Escalier,0,"Saint-Denis - Pleyel",73753
490784,14,"23 rue Pleyel",50149984,Arrière,7,8,Escalator,0,"Saint-Denis - Pleyel",
71897,11,"r. des Saules Clouet",50210355,Arrière,5,5,Escalier,0,Rosny-Bois-Perrier,490782
71897,11,"r. des Saules Clouet",50210355,Avant,1,5,Ascenseur,1,Châtelet,71947
63284,14,"Orly 4 - T7 - Cur d'Orly",50210361,Arrière,6,8,Escalator,1,"Aéroport d'Orly",
