zdc_a,zdb_b,duree_mediane_secondes,nb_observations
73257,490705,445,8
72768,72774,439,12
69281,69288,304,4
72345,72346,1519,14
64191,480612,365,12
65926,65935,390,24
68930,420351,288,4
71756,415682,409,26
70452,482729,409,28
71444,71450,358,36
71337,482368,456,22
70995,70998,443,20
61831,61840,438,4
61926,479388,403,166
73499,73502,379,16
70204,70214,390,8
68243,68252,463,4
65693,65752,465,14
71139,480709,324,56
63875,417424,390,12
71023,71038,474,4
66891,66912,430,12
67575,67632,365,8
60790,73774,447,6
60847,73740,501,2
463577,478845,447,8
71034,71050,464,4
63059,63092,401,8
62722,62749,463,12
70608,70647,405,4
73863,424723,351,2
61041,62642,438,12
69639,69648,382,18
71940,71961,433,86
71475,482350,305,38
71271,71278,567,2
66727,66746,390,16
71435,71445,444,30
71026,71037,430,22
68018,427126,368,6
62761,62821,454,8
69934,73964,489,4
64529,64541,268,4
60856,493456,289,16
71311,71803,433,16
71426,479996,432,56
67321,67322,360,4
65029,65070,390,8
64829,64857,346,2
66787,66794,491,4
62017,62027,320,8
63939,73936,431,8
486692,491992,435,4
66954,69335,457,4
69516,477754,361,16
70899,483401,458,12
71945,71951,461,8
70934,70939,435,8
68371,68380,349,16
70208,482756,417,8
71238,73644,393,18
65745,65761,480,4
71711,491694,363,8
69710,69743,448,10
66201,66258,489,2
73162,73163,479,2
66655,66657,454,6
71370,73617,398,42
66961,66979,379,8
71167,71199,429,50
69454,415789,446,8
73576,73579,473,12
72151,72159,491,2
416494,416499,495,2
64557,64571,456,10
67512,67522,369,4
72228,72240,450,22
71296,71311,440,106
63382,63391,371,8
63516,63545,437,16
71101,71122,475,6
72641,479907,338,18
73505,73515,480,20
65327,65360,439,12
71064,71070,418,4
71780,71786,366,12
67602,478720,463,8
71350,478885,368,52
71148,71153,435,70
60289,60311,477,8
63591,63603,430,8
65561,65592,496,6
70014,427230,398,40
60772,60796,459,8
69776,69794,416,6
65156,65192,456,8
72086,72118,408,4
62950,480712,424,8
72754,72777,458,28
73694,73695,401,30
64232,64240,357,8
60211,422633,348,4
71274,415681,399,48
73939,486748,262,48
70222,70245,433,18
61409,477950,282,8
71000,71008,280,2
71124,73658,453,18
71514,71533,291,6
60551,412655,372,8
65469,65528,468,10
71326,71330,438,36
65802,65852,435,2
65250,65255,469,8
422420,491454,440,16
70588,70648,463,8
72111,72126,425,26
63555,63580,416,10
64780,64804,452,4
71799,482759,399,24
492983,492984,275,4
72935,72944,363,8
72150,72153,480,6
71337,73689,418,124
71803,492967,395,44
69047,69060,434,16
65485,65502,469,12
68904,68910,314,4
72052,480881,385,6
63744,63768,303,8
72150,73706,436,16
64178,64199,475,16
72217,490784,462,24
72774,72781,467,8
71394,73617,438,30
60834,60852,434,20
65390,422497,395,4
64161,64169,441,8
491389,491435,338,2
69423,69432,493,2
69811,69839,455,10
70456,479898,478,8
72667,485971,484,8
73976,479983,484,4
412697,479919,363,40
65909,65911,377,4
70341,70360,487,6
70754,70756,315,8
72078,480726,411,78
72972,73902,403,16
65341,422496,335,8
71010,71030,452,10
422319,422369,477,6
65989,66046,442,2
70796,70807,448,12
64441,64445,474,4
72092,72112,440,14
71432,71451,456,10
66375,496892,464,2
72126,420151,342,64
71006,479953,500,6
72892,495456,371,4
63300,425937,373,8
69998,70031,457,28
485765,485777,392,8
71635,71639,435,18
72237,485810,396,36
72157,72168,471,32
60302,60327,297,8
71300,71318,463,18
64015,64016,447,8
64043,64053,439,6
70808,70819,440,6
62527,62531,403,16
73060,73068,471,8
64939,64974,423,12
64406,480867,344,6
71790,71810,454,4
71277,71803,458,30
62662,62699,453,8
73577,425952,362,12
67277,426550,381,8
72792,72794,493,4
65271,72400,461,4
63812,63815,460,16
68639,68644,445,4
65445,65505,388,10
71697,479928,419,38
71338,71359,387,70
69526,463754,297,2
69738,69775,372,20
71434,71961,438,14
66609,66650,446,14
66161,66201,395,8
72434,72451,448,24
67809,67818,415,8
71150,71162,489,10
59760,59802,356,8
67853,478849,413,4
63535,63564,419,12
70671,70980,461,14
71007,479937,395,12
72137,482910,418,44
415098,427230,454,18
72460,72470,486,16
68143,68148,498,6
70671,478861,408,72
65030,420997,409,8
63508,426579,243,4
63812,461532,398,52
73599,487071,363,4
71455,71479,411,14
479956,479957,395,6
72594,72601,279,4
60581,425895,434,6
63065,63093,392,4
69572,73679,370,8
72722,72727,475,16
70344,70399,359,8
66301,66315,462,8
71370,73690,468,160
70983,70997,443,6
65218,65260,399,16
419197,421878,470,8
71787,463625,463,18
74002,480561,400,56
71558,414773,470,18
62997,63045,485,4
70825,70827,408,2
60941,74183,430,4
71370,482368,444,332
64854,64883,446,24
70532,70536,439,12
70713,473292,370,6
70544,70562,411,20
72665,72674,434,12
69402,69404,401,8
60972,74183,337,2
73733,425945,429,10
70038,70061,433,8
73318,73322,450,6
59948,478608,445,16
65536,65592,334,8
65931,74093,462,32
72717,72731,448,2
59925,59928,407,8
67872,478849,457,4
66725,483478,354,4
62807,62875,447,6
71041,71056,482,20
70703,70711,417,8
64033,64052,500,2
67791,67796,358,16
69471,69474,452,12
72721,72730,428,16
72139,474399,435,8
71921,74044,403,44
70471,70483,468,6
70597,70647,479,8
73279,73288,451,30
60247,473063,424,24
71638,71673,469,28
64490,64500,495,4
70939,423192,360,20
64033,64042,362,2
69735,69751,486,4
60878,60895,478,8
71886,490782,431,24
67418,486124,264,8
64730,64778,444,8
65083,483405,343,8
73448,73450,305,12
70360,70395,483,4
59655,427806,403,16
71254,73644,446,12
64682,64693,454,4
64426,64435,395,18
70674,70988,328,8
70705,479912,408,48
71359,480614,421,82
71149,482787,497,2
66618,419857,327,6
65395,72416,477,4
478926,482368,389,82
73814,73882,430,4
64158,64167,375,8
64589,73715,395,22
69254,415823,445,40
64068,64123,310,4
70581,74217,392,4
72641,72651,413,8
74117,426209,353,16
73731,490704,383,48
65671,65694,428,16
70393,415675,429,44
71087,74019,401,18
67983,68000,367,8
73492,73507,461,6
63013,480712,301,24
61429,61447,418,8
71423,71452,396,56
74001,479990,337,24
71866,491793,385,4
70406,70464,489,2
71722,71751,449,20
71024,71044,383,10
65022,65029,437,8
71277,492967,423,30
73621,73622,432,24
65554,65572,397,8
71002,71018,462,22
72517,72526,435,18
73661,482350,492,14
72364,72366,483,16
63522,426579,409,16
62441,62446,372,8
65138,483240,395,12
60188,60200,464,8
68650,73347,384,20
61021,61035,314,8
61968,481666,346,16
70151,70181,429,2
64975,64995,316,8
70430,70453,428,4
71330,478885,459,15
71031,71033,436,46
70999,492985,306,24
71661,71681,427,6
65487,65520,339,8
71453,71470,412,82
61032,61041,442,4
71062,482824,399,4
64538,73599,449,6
71427,71454,406,12
72305,72316,377,16
72209,72210,482,4
64021,64039,458,8
63989,64009,372,28
71056,464000,429,32
72519,424886,494,2
71173,71202,453,24
64757,487072,429,10
63935,73721,446,18
65491,479310,420,16
70600,70618,464,8
72225,479900,397,14
60940,60987,423,12
70116,70141,428,6
70853,70854,393,16
62808,62865,469,8
73987,73988,417,8
70742,70750,493,6
72244,482673,421,10
64944,64952,462,4
71808,423191,331,56
412677,485891,473,20
63061,63084,366,8
69145,69153,474,4
60930,60941,483,4
72215,72220,419,4
73128,73135,350,4
71485,71503,416,4
63898,73721,455,18
62896,62950,481,6
64872,491120,423,4
73332,73334,435,24
73618,73639,386,43
72205,72215,398,16
68965,68981,484,4
71187,71201,470,20
66962,66965,340,18
415847,482787,434,18
63525,63538,359,8
69471,420144,391,64
63192,63209,493,2
64738,64757,458,16
70238,70255,410,52
72812,72817,381,8
71366,474355,486,2
70628,497021,254,4
64678,64685,414,8
61201,61216,489,8
71877,71879,431,12
71214,71222,456,8
73525,485544,428,12
73040,73041,423,8
62255,62265,359,16
413527,413555,468,8
65083,65095,350,8
71408,71430,470,8
70412,479914,344,12
66276,66311,474,2
73988,74063,400,8
65153,65188,423,24
72932,72934,374,8
65833,65876,440,8
72586,72597,432,6
73622,73648,445,12
62546,62549,361,2
71033,482706,451,20
72303,72314,467,16
66640,491312,462,6
66267,482863,342,2
69755,426139,496,2
73163,420857,461,24
71558,463703,467,6
62372,62375,478,8
71006,71007,481,6
71610,71614,378,44
67064,69390,493,4
71152,71161,455,48
71313,73635,379,12
64768,483238,340,16
62022,425773,471,8
65170,65178,361,16
71515,71534,355,4
71889,482859,432,82
69138,69143,352,8
71016,427185,460,10
68376,485843,421,6
73671,493489,438,16
71173,73640,463,16
64788,64816,482,4
66746,66769,434,12
70061,73961,389,8
62893,62942,477,4
71223,71264,453,68
62910,74164,477,8
71441,71448,363,8
65770,482420,345,18
69470,69474,442,8
73749,479942,385,16
71882,71889,455,12
60226,60237,302,8
72749,72759,387,12
71576,71589,459,10
61349,61351,375,8
65081,65101,446,8
61948,479392,493,4
71207,71224,450,24
65369,65373,289,8
64286,64287,416,8
420186,483634,488,8
71521,71556,453,50
70257,70310,471,8
64024,64033,376,6
64629,64642,326,4
69610,69618,456,4
71580,71587,457,6
70823,70829,473,36
60524,60541,369,12
69794,69821,446,16
71637,73626,403,36
71781,73648,432,8
69489,69490,352,6
61471,61473,462,6
71772,71773,471,4
62396,62397,389,8
72275,420660,388,14
67838,67851,407,8
62906,420736,422,4
65152,65173,458,8
71845,491705,440,26
414902,417682,467,6
63252,63261,360,8
71184,73640,385,56
69506,73720,376,6
72792,487076,455,4
65342,65377,432,14
73260,416518,409,2
70189,70220,481,2
70898,71471,450,16
71439,71480,496,6
66475,66495,352,8
65505,485861,385,16
73733,490704,396,18
61876,61889,441,2
71572,71573,433,32
65180,65189,419,8
72313,72324,476,10
73288,73289,476,4
60496,60504,448,8
71990,72001,449,8
67839,67877,418,26
68935,68939,386,24
64814,494788,349,4
71277,71777,342,28
71471,71517,482,18
73026,73030,450,12
63463,63479,423,14
70776,70784,475,4
422602,485909,431,2
66009,66038,408,64
68344,68368,328,16
71772,71776,408,6
72278,72283,388,16
65715,415631,351,6
71359,473202,417,84
64811,64829,414,8
73604,473026,467,22
65969,65970,381,8
71576,479994,425,8
71937,71940,448,8
67873,415522,444,20
65994,74071,478,38
71138,73640,482,6
71511,73672,438,18
65191,478524,333,8
70076,415098,424,8
72142,474399,417,8
60514,60537,395,18
71283,482825,422,14
63624,63638,475,6
66746,66767,407,12
425849,490779,416,12
63664,63701,451,8
71742,71756,427,44
420255,482339,371,4
62375,62385,487,8
72902,72907,431,8
71449,73662,412,8
73245,73249,417,2
69355,69357,343,16
69973,73964,278,8
73124,73130,434,6
60419,60450,445,78
482352,482832,265,8
65785,482069,457,2
72189,72204,439,10
71250,71262,390,4
60154,424399,331,8
62596,67388,466,24
65596,420953,376,8
71982,496913,348,2
71536,74003,335,4
60915,477075,422,22
64737,64755,407,8
60961,60964,350,8
65933,65958,427,8
62264,62271,450,6
71054,481039,463,12
63165,425949,404,8
71693,482696,443,20
69919,69932,448,6
63973,479376,470,8
70099,480755,378,44
64146,64162,377,8
71710,71711,464,12
63261,63270,480,16
71498,74027,411,4
63091,63108,435,2
71302,71317,468,4
71031,71043,455,12
68000,68018,382,12
66924,488096,342,2
71409,474355,397,54
62297,62301,402,8
73375,73390,463,16
60193,60230,463,2
66965,66978,448,10
70113,412677,462,10
70549,70604,494,4
63880,477992,420,12
60117,60133,389,8
70483,70532,312,8
61975,481666,407,8
427089,490779,450,12
71316,71337,427,60
71080,71089,428,12
72704,72709,376,12
71218,73618,434,28
70039,70066,361,8
71236,73644,500,2
72629,72634,386,6
72754,72755,437,16
63086,478852,432,12
69777,485809,435,8
70820,70832,441,8
421035,462241,355,18
73058,73068,437,8
72211,72222,405,28
70775,70782,1257,10
70387,70410,347,24
66535,419673,463,8
65569,478399,498,2
65255,65260,436,16
72486,482718,429,76
70193,70207,368,4
66187,423648,483,16
69385,69387,492,4
61526,61532,495,4
68557,68564,465,8
66639,66646,379,10
72099,72103,414,16
72463,72478,428,86
71073,71099,423,16
70701,73890,301,4
61538,61543,425,4
68108,68117,435,8
72344,73873,368,12
71212,71220,456,10
71255,474150,413,12
60283,422641,400,2
73123,73131,454,6
72295,72307,340,16
70938,488087,441,2
68557,68577,423,14
71015,412737,442,10
72477,482718,314,40
64259,64265,381,16
70519,70542,446,8
60317,60328,349,8
72226,72239,458,6
65755,65769,415,12
71450,71453,450,50
71347,73656,390,26
73131,73136,434,12
71324,71331,439,14
70984,71001,462,28
73392,73395,368,16
420835,483783,474,8
63520,63544,435,6
69519,69528,489,2
65147,478933,458,4
67708,67711,441,8
65457,65508,387,8
70445,70479,464,16
73348,479834,466,12
69858,69887,451,8
66353,66371,400,8
69824,425723,436,10
420151,480353,389,16
66774,66788,427,12
72478,72483,391,20
62753,424624,299,8
67612,426361,435,2
71440,71442,438,6
69462,70012,449,12
70790,70792,412,14
71293,482796,314,12
72411,72412,284,4
70984,73670,397,8
69501,69503,465,16
66876,424504,375,4
71329,71859,474,4
64177,64183,408,24
68720,68725,384,4
72077,72099,443,12
64604,64618,482,8
68116,68134,464,2
65968,65978,352,8
69262,69263,470,8
67779,67781,328,8
72098,420661,428,8
73935,478350,358,10
71533,422805,380,6
72261,73820,441,14
67775,67785,481,10
72110,72121,413,6
70738,70749,494,4
64173,64178,346,8
70479,70483,476,2
72250,74021,396,6
72730,72746,359,20
71348,71379,479,2
65726,482771,482,2
69505,69508,317,4
71182,71204,408,14
65041,65047,447,8
72074,416091,441,6
69884,69902,455,8
65040,65069,334,8
70643,70662,434,16
64589,426072,350,74
71524,71530,396,20
71222,71226,462,4
72660,72672,443,8
69176,69189,484,2
66217,66249,476,8
63855,424821,349,8
71117,71138,476,6
71412,74005,307,14
71018,74056,397,22
65506,65538,355,2
65232,65278,468,12
70255,70290,452,16
64822,488071,247,4
71558,414770,418,10
70013,70020,461,18
71091,71128,454,24
71914,71925,469,16
73492,73497,393,14
70426,73701,393,16
474351,482833,449,10
66927,488097,363,8
71410,478733,329,40
60450,420820,438,48
71590,479918,380,46
71751,71762,461,16
62792,62793,371,8
69973,412732,436,8
71890,71916,412,4
64913,64934,480,8
71138,71160,445,26
69707,69719,467,4
70579,494519,544,2
61461,61471,817,12
60476,60496,401,8
65295,65309,418,8
71289,71306,445,12
60724,418987,376,8
72377,426600,438,4
71721,71750,430,16
71890,424088,452,12
74059,479900,472,10
69282,485820,410,2
71082,71100,399,32
64805,64832,404,12
72915,72919,476,8
71669,71680,356,20
63235,486992,392,16
72239,74024,409,4
63128,480003,376,8
71403,493489,401,4
65778,65931,496,6
67177,419670,387,16
66972,66981,408,8
60477,60522,491,6
60996,485783,357,4
71410,480615,390,60
63614,63626,414,8
70418,70440,428,12
71783,73215,415,10
71737,71739,474,8
72768,73526,474,10
65710,65737,415,14
59719,59724,482,4
71442,71455,436,56
73366,73371,419,12
71042,479948,341,10
70638,478866,456,12
71465,71497,465,16
73187,73190,441,24
71878,71899,494,10
68552,68573,465,8
61949,61957,455,2
60100,60106,425,2
71004,71016,452,20
70763,70771,481,8
73280,490707,485,6
70677,73623,441,4
69648,69653,353,30
61590,61594,397,4
65399,483251,358,36
490779,491566,489,6
72112,72123,425,10
65010,65028,433,8
72286,74057,496,10
71536,73673,377,2
68524,68557,470,4
72434,479938,345,18
71456,71473,375,28
68871,480492,487,8
73788,482793,408,14
71461,73664,451,6
66669,66709,449,4
71132,71158,483,14
65015,65033,452,2
63936,63965,407,12
61411,61420,455,8
69493,70410,405,16
71594,71596,428,12
71451,474351,332,12
63963,480952,411,16
72139,485815,462,10
72475,72491,469,8
74014,485810,354,6
60758,74241,394,4
63504,63534,431,8
426083,426450,470,4
71450,71470,445,52
70434,70459,448,2
64109,64118,421,8
60780,60797,387,24
65950,491307,491,4
71556,478883,394,66
72450,72478,451,4
71472,71485,419,36
71469,482782,319,16
71681,479928,387,10
64986,64994,383,8
73210,73215,360,8
65991,66094,465,4
71311,492967,399,30
62258,62259,383,8
65935,65961,469,8
462671,485874,422,8
68504,68527,471,6
72638,72642,457,8
71039,464026,364,10
63089,63116,481,8
65371,65377,438,4
64609,64616,427,12
66915,73762,454,12
65987,66022,420,12
59577,478855,421,40
60320,60335,402,2
67436,67449,468,4
60623,60664,485,14
72078,480881,361,18
70634,463658,412,8
65663,424932,447,4
71162,71166,471,28
69724,69749,309,16
71547,72078,432,16
66258,66290,358,12
73477,480715,302,8
65191,72377,463,2
71045,479853,349,22
69921,69923,326,8
66103,66198,476,6
63563,63596,410,8
73200,73204,447,12
71415,71435,435,40
62720,62776,487,2
73492,73505,474,6
72057,480349,453,12
60221,60236,489,8
71122,71140,466,4
71337,482792,481,18
479994,481111,456,10
71718,415674,380,86
69901,480872,315,12
72832,72836,462,6
71352,71369,490,8
63822,63838,339,4
64758,64771,371,24
66237,66258,390,16
463639,463655,477,2
426985,478855,363,36
73626,73847,464,20
71557,71561,455,10
71452,71467,431,14
69831,483316,480,4
72434,479939,352,36
70481,70491,450,6
72989,419138,439,10
71194,71207,437,8
70711,71097,395,24
70636,479957,403,32
67404,67409,433,4
71635,71661,463,4
61570,485791,473,2
70863,70868,420,8
71410,73793,320,42
73661,74186,424,30
63502,63511,385,8
71010,71024,403,6
73509,73522,461,6
66861,490530,376,8
72586,72595,419,4
72028,495771,386,28
70965,70966,482,10
70948,70952,400,12
486959,490803,223,4
63563,63586,363,8
68357,68369,386,8
66535,66550,337,28
72019,72024,423,16
73316,478648,362,16
70877,483401,413,10
66754,66784,445,4
73009,463433,485,2
67025,425923,336,4
61638,61640,261,8
70502,70566,477,2
70222,70234,346,32
65818,65855,324,8
66795,426369,393,12
60366,60428,400,2
70742,70748,436,8
65025,65063,420,68
64139,64152,472,18
72185,72187,480,4
73623,412436,376,16
65173,65187,471,2
71313,71330,419,20
73206,73214,470,8
71095,71113,455,8
73552,73554,398,12
70491,70525,463,22
60574,74066,447,4
70849,70861,443,6
71146,71169,425,114
71346,73690,448,32
70570,478742,400,10
71269,73632,470,8
72641,72653,399,76
65711,65761,479,10
62806,415545,362,8
63935,63964,401,24
69829,422453,427,8
65476,425775,293,8
72539,72550,420,16
70469,70562,486,2
70272,70286,355,8
59700,59704,481,6
59527,59538,466,4
72545,72558,398,28
65439,65455,460,8
70351,70373,488,2
71765,71770,489,2
70076,70094,487,8
70928,70936,392,12
72319,72323,414,24
71260,71263,429,8
71541,482830,475,2
60471,483783,356,16
71858,71867,449,6
63696,63711,498,4
70623,70625,357,6
70246,480557,485,8
64008,73734,422,8
65391,65392,255,4
68201,68210,490,2
70149,477254,472,26
63205,73920,448,16
73689,420240,384,14
63944,63970,403,8
59706,59707,446,8
66619,479062,467,6
70671,70999,465,62
69759,420255,484,16
67438,486124,438,8
71948,73286,402,6
70731,70735,383,8
63799,63813,449,16
64473,64477,371,2
71432,73849,411,24
65911,65947,374,12
71033,480002,456,14
66413,496897,466,8
73210,73214,396,6
60946,60965,331,8
63862,63875,413,18
71114,495913,359,8
74003,480881,344,6
60078,60080,459,10
64074,64087,382,12
71286,479998,449,12
491319,491320,473,2
71079,71098,462,14
71045,71055,428,14
66871,66899,464,8
65805,486683,447,2
71256,73622,477,16
72074,72092,410,14
72144,495474,427,4
420463,424078,480,10
424396,483412,433,14
70833,70850,481,6
65455,65498,487,4
71654,71672,478,12
71891,71910,439,4
73648,73850,474,6
72532,73695,456,16
63506,63519,491,4
64977,65006,438,16
71484,73672,315,4
72122,72123,467,20
67521,72816,491,2
60817,60834,458,8
70296,70302,358,12
69693,69710,344,6
415682,491696,285,8
71858,71869,443,4
64250,480590,404,6
424926,482830,481,4
71851,412665,428,8
64160,64170,453,8
72410,72415,396,4
63254,63259,458,22
66315,66345,325,12
71200,482826,387,4
71651,73851,386,4
69701,69722,444,4
68963,417679,426,36
71548,479934,315,8
71577,71597,464,20
71149,71150,447,22
69867,74062,443,8
71139,415816,433,42
71132,71137,311,30
71699,71713,417,20
73309,495865,386,8
61820,61832,494,8
72883,72884,452,16
73436,73438,385,16
66033,66091,426,6
71287,479068,460,12
73052,73053,396,8
71156,71177,415,28
63999,64013,490,8
412439,423191,424,10
73498,73499,398,8
62381,62385,416,16
69818,69846,474,14
60665,483576,427,34
71884,491793,487,2
71681,71703,383,22
61873,61876,460,6
68963,492927,235,36
71410,71434,540,22
62067,481659,363,16
72407,72413,497,6
63476,418836,473,4
66681,66685,361,8
69826,69834,483,4
70605,70625,423,22
61579,473253,461,44
70586,70590,380,12
73848,73849,334,32
71475,71486,452,10
61579,479901,265,22
73283,73287,459,8
72134,72139,423,26
63514,63543,423,4
65848,65872,334,24
63651,63665,441,8
60727,60728,401,4
65050,65066,413,16
71301,71312,480,14
60200,60223,387,8
67819,463400,421,8
65654,65694,480,8
71033,412738,438,26
69535,69538,344,8
71469,73672,397,8
65537,65546,423,8
63479,63505,356,8
67389,491770,423,4
61093,61094,394,8
70558,70600,439,4
62929,74164,499,4
70129,70170,402,4
65892,65982,494,2
71756,491696,412,12
70122,415687,417,2
71633,463520,324,8
71340,71359,458,34
71263,71285,467,14
63672,412739,414,8
71766,491706,478,8
65591,65660,495,6
69762,480875,439,8
71709,71723,430,2
73280,73283,431,32
70452,70491,443,28
64952,64959,451,8
71509,71513,464,8
71309,474152,446,16
71190,73619,409,30
63185,63190,424,2
73428,73429,488,4
64729,64752,445,8
71458,71483,392,10
68266,490755,324,20
66212,66239,449,4
73110,73120,493,4
70899,73712,466,22
71231,73622,472,22
65697,423056,466,8
64242,64247,468,4
66868,66884,435,2
70036,70082,342,32
412689,483874,316,8
63111,63139,388,6
72712,426509,473,8
72308,72323,379,20
72061,462511,307,12
71464,482833,451,8
72794,72795,427,8
60552,60556,395,2
69774,69791,458,4
71889,71903,450,54
66375,492305,332,4
64659,64673,438,8
70616,74217,452,2
67828,67846,455,4
62002,62017,419,8
427893,485302,450,8
70286,70317,412,8
60929,60941,400,10
69539,70679,338,12
69723,69738,406,16
72935,425816,270,8
68011,68030,455,8
72075,72083,321,8
63918,63922,339,8
73573,73575,408,12
61043,485918,273,4
71534,74003,403,4
71370,73688,420,44
70999,492984,331,12
62893,62901,375,4
66912,66923,492,4
72134,485815,462,18
61482,425901,433,14
423702,483450,389,12
71065,74019,485,6
71103,71128,457,14
61948,427291,495,4
71333,71338,426,10
71202,71216,438,54
66368,496897,358,8
69996,69998,446,16
63949,63965,379,6
65980,66017,449,8
70939,70949,437,10
71812,71814,335,12
70933,70940,348,78
68034,68044,497,2
71407,71961,444,26
62060,481464,328,4
71528,74003,477,24
62711,62740,406,8
60228,60231,425,8
64108,64112,276,4
71056,73653,447,37
71396,71417,405,4
72640,72643,401,8
71412,482888,386,24
68204,73905,413,16
64976,65016,434,18
70874,483261,344,8
69460,70012,411,16
71469,71484,441,12
64633,64649,440,6
73619,480748,442,8
73511,73516,485,6
72112,72116,436,6
64497,64500,327,10
62409,62410,367,8
72674,72684,406,16
70627,70633,338,12
71675,71691,472,4
72155,72157,461,2
70488,483412,421,32
63516,486939,476,8
70866,70875,454,8
71284,73788,408,16
72382,480001,344,24
69513,69517,359,6
68136,68153,491,14
72207,72211,415,34
420718,481091,297,12
73190,73191,423,44
60290,422636,863,4
71274,71306,481,26
70281,479895,423,14
70181,415687,481,2
67823,67831,424,14
59876,477007,368,8
73141,73147,475,6
66352,66392,453,2
70895,481099,368,24
61711,61718,487,6
65646,421852,364,4
69656,69661,382,16
70818,70825,428,2
480637,495203,379,8
71454,71485,398,14
71202,71203,467,52
63578,63601,424,16
64671,64687,463,2
60669,418987,472,8
71084,73659,447,6
73554,73563,482,6
71289,415681,475,16
61982,480644,313,4
73063,73068,457,8
60309,60330,398,64
72344,415673,411,22
71124,71146,477,8
62751,62774,440,8
72360,424836,449,4
71957,482876,411,16
68261,462420,452,8
68925,68935,372,16
71512,71524,403,8
66220,66236,381,4
69880,69890,446,8
71874,71900,421,30
69482,69488,488,6
483391,484414,397,4
61385,61393,487,8
71870,71895,487,2
70215,70223,483,4
71031,415684,475,8
68208,68218,485,4
71593,71599,451,14
65055,65058,389,8
66577,66603,466,8
70485,70497,456,2
64080,64091,414,26
60880,60881,462,6
66299,66304,426,8
62075,62076,450,16
70447,70495,439,4
67420,67434,415,8
61857,61867,393,8
62062,62076,283,8
63090,485858,461,4
71012,71035,419,6
71171,71178,369,22
72941,425787,485,4
62896,62927,442,10
412568,412677,415,10
68916,68925,488,2
482792,482793,396,2
72628,73975,461,8
60723,60724,470,8
71803,73665,409,28
62945,62993,478,2
71223,73620,491,38
71464,474351,439,18
69636,69637,414,28
71264,415852,390,196
73882,483401,490,4
420240,478926,415,8
60551,60563,298,12
71522,71537,394,8
72506,72521,438,14
482909,482910,466,8
70000,70032,478,16
63508,63513,474,4
71203,73640,439,68
73329,479892,468,34
60309,60332,438,72
63317,69598,416,24
61420,412042,480,4
70770,70771,438,10
73619,73620,419,48
65406,65476,498,2
70535,486730,450,6
70940,70942,382,38
478855,485906,425,18
70295,479475,481,4
61627,61631,406,4
71528,427343,360,14
66101,66156,406,8
64961,64967,495,2
72379,413312,442,16
59581,426985,441,8
70316,423119,493,2
61216,61217,444,12
491395,491433,484,4
71445,71474,448,16
63005,63035,428,14
64020,491424,275,12
413153,425247,234,4
69968,69995,448,12
71419,479996,368,32
73490,426665,359,2
71208,412659,415,28
64119,64145,471,14
71781,420238,448,26
73274,73279,499,6
68606,68618,317,8
72759,72768,342,24
71822,71827,341,8
478480,478744,431,4
72962,72964,442,4
60946,426056,405,8
64580,64599,361,16
73766,421434,360,16
70379,70397,436,14
71427,71485,448,2
72700,72710,468,2
63595,63611,454,8
490783,491693,466,8
71034,483451,444,8
72329,425247,438,6
70743,70751,485,4
70069,70149,369,14
72063,72077,479,4
70033,420186,378,46
70574,70599,469,4
64578,64595,453,6
67603,67615,499,2
62082,62087,490,4
72490,426383,295,6
71875,71892,455,4
61004,61024,318,12
65118,65153,469,16
70346,70379,455,34
74092,481027,330,8
70721,415679,364,68
69300,480195,433,6
59549,59552,453,8
69674,69692,446,8
69849,74091,424,14
73230,73232,435,10
71166,71181,432,6
73252,73257,471,2
72936,425787,447,8
71423,73664,347,32
60236,477077,400,12
71465,71480,383,28
71410,473202,398,38
73178,73179,391,10
66677,411743,436,8
70929,70933,376,8
73585,423702,465,6
72194,72205,379,4
71212,473100,436,10
65724,65762,434,6
72402,72404,453,8
68197,68213,445,18
68508,68510,440,8
65763,415631,316,2
64698,64699,501,2
60725,60742,486,4
60949,74063,418,8
71897,71898,392,74
63559,63591,422,16
64471,64475,416,12
62043,62058,480,4
66123,492156,499,2
420345,420351,498,2
61968,61975,381,14
69885,69924,383,6
72128,72144,400,16
71637,463536,393,8
72324,73803,486,2
72017,72037,446,8
67844,67853,427,4
70609,70640,471,39
71006,482821,427,16
68336,424727,428,8
71689,71711,464,6
70354,485504,460,12
64663,64667,402,4
65080,65115,399,8
71042,71073,461,52
64981,65031,476,4
71519,71531,485,14
72216,72230,460,2
73789,425132,449,8
71394,71435,448,10
70375,412673,420,14
415816,463855,372,4
68804,68806,482,4
59770,59787,477,4
71795,412724,451,4
65994,479909,436,20
71524,480349,414,4
73688,478926,400,4
73448,73451,463,8
60715,60730,430,8
62351,490954,393,4
71760,71779,475,8
70969,72148,385,14
65418,65437,371,8
73022,485806,467,6
71654,74001,473,4
64555,64588,446,8
61579,482874,445,14
61860,61864,325,8
71156,423142,421,8
72295,74035,499,2
61218,479926,350,34
60292,60299,423,8
74027,422805,441,2
73635,482794,410,12
72611,72637,465,4
71765,71785,405,30
71159,73641,436,34
64176,482602,377,8
71367,71376,485,8
60450,73857,438,114
63715,418916,439,16
70662,427178,419,16
63646,424824,400,8
62204,62210,447,8
64638,64640,479,6
71337,420240,471,10
69018,69021,389,8
62915,62936,455,8
64736,64738,493,16
73424,73432,470,8
60371,480856,456,2
69931,69968,441,14
71816,71838,464,4
69677,74372,425,20
64351,64358,487,4
72708,72714,381,8
71651,71658,420,12
73124,73132,369,6
62147,62155,437,8
60622,60632,413,8
69759,482339,478,24
70469,461505,384,84
65884,65974,421,28
59585,59588,482,6
69670,415677,383,18
72584,72586,348,8
69654,415677,471,20
73475,73479,395,6
64700,64703,454,6
73346,477278,485,2
73509,73521,389,12
63716,63747,477,8
66267,423704,501,4
69548,69554,414,14
65565,65676,406,4
425686,478351,364,28
73365,73368,471,8
63964,63991,453,36
62731,62732,353,4
73404,73410,457,6
62480,62481,462,4
65019,65052,365,16
65734,65748,431,8
412726,463520,375,8
73063,482873,380,16
71547,74003,374,4
71419,73849,432,26
69213,69224,444,8
70116,70145,468,2
68413,68432,443,2
63755,483640,483,2
72524,72538,390,24
65140,65196,388,4
60247,479902,358,26
71870,463759,436,6
60199,60200,481,8
64686,64687,447,6
72111,420151,355,24
60313,60320,307,2
65202,420192,494,2
72704,72715,459,6
72078,74003,447,28
71481,71501,405,12
71311,71832,478,20
70939,70945,427,26
64921,64956,461,16
72639,72652,463,18
62675,62688,282,8
69665,69677,426,12
70657,70673,469,6
70410,482726,498,2
64916,64921,350,16
71920,71940,475,20
71953,71973,494,4
424897,424901,406,8
72888,73769,409,2
70307,74030,461,12
69517,69524,474,4
60525,60541,459,8
70597,478742,436,6
71255,71268,462,8
70587,74217,397,8
72756,72757,459,14
70264,73625,482,8
69881,69898,457,10
68598,68605,443,8
70612,70643,445,8
61878,61884,402,8
70044,70063,423,4
68203,490756,490,4
70898,70904,286,8
71473,71477,419,2
65940,65957,484,4
65627,482086,471,2
72329,413409,370,8
72286,72293,481,6
71678,71680,454,6
69872,69898,438,8
71114,73638,395,12
70627,419794,456,4
65415,473026,380,8
70428,70466,411,8
71815,412724,473,6
63485,73726,322,16
71077,74019,435,14
73844,473829,360,6
72286,480604,376,64
73187,73188,360,8
66858,473166,423,56
72409,72411,453,4
64213,64215,366,8
63562,63570,331,4
60253,60255,398,8
72733,72747,401,8
72347,72350,367,8
71865,463759,458,8
71221,71227,479,6
60514,74108,442,8
71284,71297,432,14
71575,71579,397,10
65836,65887,401,4
70668,70988,420,20
73731,73861,356,28
71617,71621,458,16
70750,70753,434,16
70866,70868,359,18
60899,60917,459,6
63771,412657,397,8
72898,72905,400,8
72752,426083,475,2
70376,482705,397,8
71052,71084,484,12
71703,479928,461,4
71565,427003,451,6
71174,463577,369,4
70513,70538,429,8
62205,412096,447,8
63659,63671,396,8
70572,70583,325,6
60533,60545,316,8
65896,65897,465,2
71110,415847,492,6
73132,73134,442,12
71220,479968,413,2
62712,62728,462,12
71065,71066,394,4
70601,482603,329,10
63553,63586,432,16
63592,63606,314,8
71202,73640,465,30
71870,73676,408,30
72323,412711,259,24
66635,425818,372,8
71231,71234,350,6
70859,70865,342,4
72129,72491,382,24
68344,68361,459,16
71224,71238,463,24
62625,62657,424,8
71228,71253,433,10
72136,74028,359,4
72553,73696,489,16
66338,479943,420,4
67445,67449,291,4
61145,482599,377,4
63128,63147,352,8
73706,420776,445,6
64009,64020,481,16
73359,73362,382,16
69466,420177,385,16
65760,65828,394,8
70435,70439,304,12
71120,71127,435,12
60309,60315,332,40
63388,63392,374,16
72770,72779,424,18
73552,73558,457,6
71076,71082,449,42
73857,420835,430,28
68159,420857,366,30
66071,424901,487,8
71075,482788,333,12
68374,68385,443,16
73558,73561,472,4
70080,70094,451,16
62744,62761,321,8
72260,491329,436,16
481050,487094,495,2
71475,482347,463,32
64974,64997,488,10
71634,482432,402,44
71956,426280,341,24
71194,71204,422,30
66207,66224,420,8
64928,482098,355,4
71836,71843,448,14
63817,63819,397,8
59958,426737,393,8
62928,420737,400,8
68524,493516,472,4
69770,426139,476,6
66216,66280,483,2
69933,69964,370,10
71047,71053,409,24
70884,70894,448,4
71661,71667,390,8
72862,72863,497,8
72451,72465,449,8
69710,69720,448,6
64768,64780,357,8
63186,63193,485,4
66037,421243,451,4
66815,66845,444,4
71393,479996,420,6
63995,73936,432,6
71867,71887,463,8
68265,68277,482,4
65409,65448,457,4
70080,415113,445,4
70676,71015,424,26
62633,62642,412,40
72469,424956,454,8
70324,70372,436,10
65544,65593,463,4
73093,73098,454,4
65310,65340,481,6
63883,63898,437,8
73619,480747,420,22
72439,73910,290,6
70671,492985,438,18
65896,65964,407,4
71356,71380,426,4
63804,63834,447,8
69943,70003,462,10
60187,426767,429,4
70617,70649,473,4
71162,71172,410,20
70126,70163,388,8
71963,462127,450,22
60264,426772,318,8
418987,425876,373,8
72240,72251,428,32
69633,69645,433,20
71227,71270,460,56
69872,420300,409,12
64156,483416,414,24
72511,72512,426,22
72767,72772,476,8
70246,70279,422,16
60520,60531,436,8
71283,71294,406,42
66816,493509,242,18
65556,65574,392,8
74030,420299,454,32
67860,67873,418,8
73112,73119,417,8
64970,64994,412,4
72251,72272,443,6
71588,71592,436,4
66649,66654,444,4
71893,71899,436,22
63458,63459,338,8
72143,72151,430,8
71447,71463,450,8
60215,60241,441,2
65682,463843,490,12
71877,71892,485,4
64259,480590,412,10
70242,495693,306,4
62242,62257,407,30
71010,71020,466,8
72143,72161,396,8
72427,73799,425,8
65144,65159,444,8
70449,70475,445,8
65586,413213,446,22
71732,71745,403,12
71397,71406,426,4
415526,415618,475,2
62964,62968,412,6
65346,65375,445,8
66834,473130,335,46
71351,71369,462,12
72023,482791,403,6
71943,71958,495,4
415526,463564,450,20
60008,426714,425,8
72204,482854,395,54
65613,65649,333,16
72259,72274,415,8
419794,478861,451,10
66450,66468,475,4
71513,71532,401,16
65508,65537,426,8
71693,415526,404,28
71343,73643,343,14
63016,63047,391,8
64017,64024,414,16
71105,71133,482,2
69451,69453,470,8
415816,473194,385,18
62451,424106,389,12
71175,71186,384,8
66077,66086,491,4
73083,73086,382,16
64059,64070,421,8
69476,425792,448,8
65669,479941,419,20
73048,73051,417,16
71226,415744,473,2
60757,60763,472,8
71594,71600,397,24
70185,70208,349,6
69775,69777,318,14
64927,64938,384,4
71314,71315,430,12
71103,421357,394,2
67778,67783,426,2
71969,71973,318,10
70667,479958,328,4
69259,69262,422,8
62214,62220,411,8
425786,482856,337,8
73669,463802,345,8
63457,63477,442,8
65796,65809,310,8
63225,63244,450,52
72329,413153,416,14
69563,69564,441,4
73152,73160,457,4
71457,71940,499,2
61541,61552,475,4
63980,422420,360,20
71720,71744,493,4
64188,416072,313,16
72881,461920,348,48
71117,482727,379,12
71142,71160,410,20
68106,68112,394,12
63351,63368,464,2
68155,68165,330,8
70817,70824,482,12
64740,64750,395,8
64060,64074,373,12
71372,71401,422,4
73626,463536,414,54
62341,62350,442,4
69682,69684,346,18
70577,463655,411,4
70772,70780,392,24
71817,412678,448,32
70173,70201,440,12
73329,483444,316,24
70279,70289,333,16
70135,70186,408,18
73507,412734,440,8
461505,479954,286,16
72081,479934,338,24
66267,66340,436,4
64530,64533,490,2
62800,62832,387,4
65957,66029,478,8
72651,72661,498,2
63694,63719,489,2
63995,73734,455,16
419897,419901,421,2
62709,62740,404,8
60398,60412,338,8
72883,72886,265,8
71047,464006,465,4
462511,462515,408,8
64901,64912,378,8
72327,72335,459,4
72939,72942,396,10
63144,420712,421,24
70143,415734,408,22
71193,71217,453,8
70296,485504,443,12
60792,73774,479,4
73549,73550,413,18
69702,69720,490,2
65213,65230,333,8
67015,67030,383,6
64653,64665,451,6
60511,60528,454,8
70798,70809,477,2
72884,72886,434,16
70362,70381,415,22
70854,70860,378,22
60691,60723,489,4
72536,72546,431,8
72480,482838,275,12
62078,482867,270,12
71599,71606,441,34
64894,64900,304,8
71313,420241,442,16
70622,70652,394,52
64952,64981,405,6
61001,61033,498,4
61749,61769,411,8
68867,68875,392,4
71135,71637,589,14
70556,70592,397,4
73427,73433,476,12
70883,70889,468,6
62370,62372,423,8
71984,72002,411,2
70182,70220,474,12
62744,62758,372,8
68801,68822,446,8
60659,490562,343,8
70079,70105,406,12
70269,420298,451,12
63210,69548,434,8
63134,63151,486,2
65110,479899,454,12
71256,71277,448,22
68259,419935,431,8
70457,73691,354,8
65670,479941,391,8
60402,60408,417,8
72516,73695,444,38
61094,425991,367,10
63530,63531,408,8
70173,70192,422,8
65736,424020,396,4
70721,70729,450,20
66303,66313,442,8
64845,64883,483,18
61610,485796,449,8
72450,72463,426,46
71341,71354,398,10
63187,63208,355,8
65688,65715,381,6
72124,72134,463,4
60547,60559,364,8
73580,73582,421,2
69539,70682,487,8
72667,461959,471,16
71434,71463,441,16
68635,68636,395,8
67166,67171,444,8
66042,66095,422,8
70698,483446,375,64
63954,491454,478,2
61397,61403,447,4
71355,71370,490,8
64647,64659,345,8
68596,68611,465,8
73097,73103,501,2
67647,67650,462,4
71811,71935,468,14
72743,427777,300,8
68626,68636,354,8
61051,61054,480,2
72256,72265,334,8
71045,482449,469,14
61947,61954,432,4
69847,69890,458,8
71090,71109,426,26
71420,71435,464,28
65560,65618,387,66
65039,483231,429,8
73797,73844,444,8
62119,62139,451,14
70889,70899,492,8
71681,71697,475,4
66295,66337,452,8
71444,490918,477,6
72103,482910,481,8
69978,70009,408,8
63905,63911,387,8
73573,73578,403,12
63766,422455,419,16
72206,479983,306,18
73059,73070,438,2
73780,73781,472,4
66273,423496,470,8
73801,462127,388,24
70115,70124,395,16
68804,68826,352,8
66647,473133,390,8
61010,61024,481,8
69598,69615,461,10
65063,65081,461,34
73479,480715,476,4
72112,72122,404,12
60829,60836,401,2
73130,73132,455,12
65905,65919,382,8
425945,490703,435,6
71131,71133,449,16
69730,69775,466,6
71275,71286,455,8
64674,64682,385,10
417697,493500,461,12
71033,415684,468,30
70965,424844,297,8
61272,61274,405,8
65785,481027,450,8
65730,65766,385,4
71736,71760,433,2
68218,68257,468,4
71956,71966,458,4
72967,479925,247,8
416745,426072,402,10
67799,67803,328,8
71922,491564,370,4
66891,66923,380,12
66393,66399,332,2
72031,482790,466,8
60313,426758,499,2
66069,66113,426,6
65546,65597,396,8
70722,70734,448,6
60480,60492,442,16
72315,478707,412,8
70013,70041,404,26
59515,59518,336,8
71828,463799,372,12
70917,70930,417,12
68291,68299,378,2
71521,71525,469,16
71001,491747,406,28
63914,63939,438,6
425723,488232,277,20
64769,415628,437,6
60397,60417,437,8
71873,71890,288,8
70680,70686,444,4
71828,71844,462,12
70497,70543,471,6
65046,65073,457,6
71350,71353,369,12
66375,491905,314,4
69700,69721,467,12
69254,69260,481,10
74059,74060,472,8
64796,64798,456,8
73753,480875,406,56
68159,73163,394,18
73689,415726,437,12
69450,419636,428,12
71356,73880,465,8
416736,490531,406,8
70589,70612,480,6
66342,66373,325,2
72485,74041,459,8
68529,68538,381,8
71456,73849,407,20
70818,70822,466,4
68443,68447,488,4
73383,73389,443,8
70280,70290,463,4
68886,423655,348,2
62683,62709,410,8
73043,73046,422,8
72414,72791,435,24
64557,73599,465,6
64586,64593,439,8
69880,69886,346,16
72445,72460,389,22
69784,69807,467,16
64044,64046,452,12
71181,71191,284,4
67788,67797,385,8
72410,72414,391,18
71247,71297,472,12
73152,73153,422,8
63085,63117,486,4
73160,73166,449,12
71254,415749,438,6
63448,63449,422,16
71510,482775,335,20
60858,60862,275,8
71305,71318,468,38
73255,73263,426,16
68961,68984,435,4
71066,73891,483,6
71081,71106,399,24
70369,70372,401,4
65227,65266,417,30
72428,73798,358,8
63211,63225,464,2
60852,60855,481,4
72768,73511,403,10
69720,69759,451,8
67617,426361,427,4
71337,478926,404,106
71401,71420,406,12
71029,71041,460,8
485777,485778,479,8
72390,72391,407,8
65054,65075,446,8
71229,474150,429,32
67791,463411,420,8
61225,61230,416,6
72428,72434,393,28
66935,66939,398,6
70584,70591,404,4
72013,482791,378,8
72884,72887,431,16
70743,73749,392,8
71731,412699,483,10
59993,59998,261,2
71958,74043,435,12
71465,71483,441,16
60670,60725,431,2
62769,483402,442,2
70471,70485,368,6
64920,483703,475,8
63471,63474,450,8
70824,70833,483,10
62402,62408,438,4
73580,425952,363,6
68320,68338,444,12
67691,67694,365,16
65445,65451,443,24
61890,481656,434,8
71477,71495,403,2
73108,73114,481,4
60734,60749,376,8
73633,482795,328,32
60688,60689,385,4
63869,69479,359,4
66221,423496,391,16
70463,70476,464,6
70586,70621,404,12
70247,70288,495,2
474150,482828,354,4
72198,72217,433,10
67853,67858,349,8
64726,487072,357,8
62337,490954,411,8
71376,480990,412,24
70296,491384,496,2
64866,64880,429,10
70763,70764,411,16
72600,72604,443,8
72115,72118,413,10
72615,72621,361,8
68271,68278,442,8
420712,491900,476,12
61248,425132,436,8
70691,70697,491,2
71669,71678,423,16
73334,73340,443,38
60053,60072,475,4
71287,73794,468,8
71046,71067,457,4
71177,463577,402,8
70829,70840,459,20
68000,68008,428,8
71169,71189,420,12
72245,72252,339,6
73052,73058,473,8
63970,63976,354,8
63726,412664,456,6
71400,424717,430,10
61442,61454,453,4
65092,65123,499,2
71785,71800,482,8
72172,72189,469,4
67626,67638,438,8
68873,68874,483,4
71268,474150,468,4
71692,71708,448,8
66935,488409,333,16
65374,65422,391,4
70313,412689,482,4
64019,64035,342,8
66632,66650,355,26
60967,60980,358,8
70909,481099,412,6
65768,73909,412,8
61902,477958,424,4
65510,493992,367,8
73706,482783,352,16
425945,490704,427,8
71709,415526,492,4
62281,74223,312,8
64835,64865,326,8
69006,69024,380,8
488642,491392,495,2
62053,62078,478,4
73256,479946,436,4
71005,71026,441,16
63861,63868,404,8
72304,72319,552,4
64302,64306,412,12
72137,73937,372,14
70902,483253,401,30
61043,61049,447,6
72489,72498,452,2
70110,70137,413,4
72105,462515,429,12
64013,64022,355,6
72486,72497,229,48
72448,72455,443,8
69886,69902,443,12
65862,65903,468,4
70696,420664,367,8
60754,60787,435,2
63762,63768,465,6
71515,71541,487,2
69281,485820,469,2
66951,69335,326,2
66894,490530,424,4
70940,70946,443,38
66860,66863,487,2
71865,71889,458,40
61482,61483,365,12
74041,415644,460,28
71749,71775,418,6
60784,60803,421,6
73227,73233,400,12
64010,479376,436,8
69634,69649,458,8
69660,69682,493,14
64896,64904,418,4
71178,71187,486,8
64644,64653,397,8
479897,479898,363,8
67711,67725,493,4
63815,74090,475,6
71545,479932,410,40
71817,71836,458,34
70910,483400,377,8
61508,61517,436,6
70175,70178,390,12
66486,413243,441,4
72725,72733,403,8
62161,62175,435,8
70853,73813,488,8
72281,72298,473,4
72016,72023,490,2
71416,493489,405,8
63292,63310,356,18
70644,478861,382,20
477254,480755,330,12
69912,69930,464,4
72118,483468,307,20
61528,424527,411,6
71691,71701,393,8
72734,72754,494,6
71600,71603,447,8
66003,66052,475,8
65239,65247,406,2
60797,423878,469,22
64059,64080,458,16
73425,73428,346,12
71971,71974,391,8
69941,69984,474,6
71215,71227,423,24
71650,412672,441,24
71091,71101,438,12
63481,63521,495,6
65049,65088,489,2
60279,60280,407,8
64822,64854,434,4
71400,71422,445,22
66828,66849,442,12
70620,70639,435,14
73026,481097,464,8
70765,70774,491,4
70073,70134,464,6
71903,71909,444,46
61555,485791,434,6
69110,69118,393,8
73346,73357,392,14
72301,479904,413,4
66017,424897,424,14
72253,412740,467,4
71576,481111,493,10
72989,72990,432,8
71868,463764,444,22
70611,70617,383,22
71293,73841,455,16
64009,64011,291,20
65814,65845,364,8
71903,482859,391,20
73052,73063,475,14
72899,72904,358,8
66301,66347,376,12
65781,421238,355,6
62997,63026,421,8
71330,420241,405,32
68131,479109,431,16
62433,424124,340,8
59939,59943,490,2
72611,72627,451,4
70207,70248,497,6
70192,70201,388,16
71287,71291,389,20
67796,463400,455,16
70288,70316,400,24
66022,477907,462,16
65908,65923,439,4
72391,72400,408,12
64783,64803,406,8
66241,417725,476,8
493508,493509,391,90
72589,72596,357,16
72686,72693,457,8
419294,490825,329,8
68399,68407,409,60
66870,66878,443,6
70202,70233,392,8
68519,68532,490,14
423709,424040,267,8
73350,495203,376,16
66390,491905,370,2
71606,71617,421,16
70272,491384,402,4
72289,73822,414,8
71750,415745,456,44
59620,59622,487,4
64345,482355,395,14
69479,69482,455,10
72229,72237,442,24
73863,74026,471,4
66825,66858,452,34
70646,70675,404,8
65867,420947,434,8
60280,60294,449,8
70103,70134,393,10
65820,65864,443,8
71070,71086,466,24
69855,73764,472,8
71833,71845,404,16
64493,64494,350,8
71815,463625,479,10
68542,68547,414,4
64599,64611,392,16
71053,71060,394,24
70636,479956,390,36
70437,479913,298,4
74046,485722,453,2
70412,479913,330,12
65721,424020,405,6
73500,73509,430,12
64151,64158,261,8
66330,66368,457,4
69979,69993,483,4
72401,72407,460,18
70195,485338,370,4
71763,71771,467,4
72366,416711,389,8
70721,415638,464,12
66000,481083,473,8
71160,71184,455,28
65589,493500,228,12
70960,488626,306,12
71832,71840,445,20
72158,72164,435,14
70376,479897,497,6
62344,62357,479,6
70624,70652,445,10
71057,71079,460,16
63995,415505,446,10
70811,483410,406,6
63523,473405,442,24
72269,491329,337,16
63495,63516,359,30
71346,71391,434,4
65252,65266,489,4
63824,63826,472,2
70226,70269,468,18
64079,64099,345,4
65733,65761,345,8
72622,419294,428,26
65903,65987,468,4
71903,71921,441,40
72214,72218,396,8
72791,492324,420,4
72372,72376,459,12
70923,73712,351,12
70721,70726,780,8
70640,421277,425,11
70433,70469,346,12
72246,72259,353,8
60695,60710,315,2
65902,65942,330,16
60736,423878,460,4
61237,61242,403,8
71706,71717,401,8
72272,72286,452,14
70496,70505,411,10
73093,73094,361,2
68209,485314,370,8
63753,63786,321,8
70447,70488,476,6
72595,72606,392,8
72929,483390,357,14
72521,424886,404,10
71334,73643,411,12
71471,74005,434,14
60795,60811,384,8
68972,485554,483,4
63706,482366,413,18
71860,73669,457,8
63380,63386,441,8
69448,69453,400,8
70005,70049,398,32
70206,70221,376,8
63441,63457,490,4
60758,73739,321,2
65040,480008,425,6
60711,60733,359,16
70080,70084,448,18
71750,420238,452,44
71617,71620,402,8
71614,71617,470,16
70903,70913,495,2
64541,64550,456,4
68457,68477,388,4
66722,66743,444,2
70080,415098,410,2
71296,73841,415,14
71053,71071,433,28
69800,69840,406,20
479376,491126,366,8
68416,68419,398,36
67804,67814,385,8
70375,412693,355,10
66596,491315,383,4
60482,60502,461,8
72075,73614,431,12
415729,464026,485,2
73505,73507,493,6
73352,73356,472,4
68111,68128,497,6
69953,69963,337,8
60417,60426,404,8
67539,67547,417,8
63310,69598,477,12
63209,73920,374,16
463667,463703,389,8
65065,65073,330,8
72678,73461,441,4
71515,73661,456,8
60929,60934,402,10
68620,417619,297,4
71963,73801,332,16
69653,69673,343,14
463543,463554,411,2
70660,427174,414,4
64186,64188,406,8
60703,60734,410,8
68399,68415,403,24
63101,63133,490,4
72486,426383,412,30
68204,74195,426,16
70558,70593,403,12
70176,70191,458,6
64658,64663,312,8
65534,65572,423,8
67423,486070,469,8
60302,60321,471,4
73493,496049,485,6
66531,66537,390,6
71145,71163,487,6
63155,63166,498,2
73160,479097,451,8
65711,65745,432,6
69502,69508,438,2
61527,479240,475,2
60956,60973,423,8
72761,72777,417,32
473202,480615,357,16
65867,491308,283,8
63654,418915,441,16
73234,73235,237,6
70869,70877,480,6
63415,63435,494,2
70072,70095,463,8
71190,480748,413,12
69100,69110,412,8
69259,69263,373,8
69592,69599,478,4
71791,491774,392,4
67388,67390,454,4
72346,72351,1102,4
71693,71709,396,44
64133,64144,392,2
63813,74090,459,6
60473,60477,326,8
71089,413486,352,6
62309,480517,322,8
73589,73590,476,8
62647,62687,458,6
70945,70953,492,8
74240,483392,404,8
60753,60756,462,4
71837,71843,449,8
71597,479929,327,32
69528,69532,477,4
69479,69487,462,8
70102,70134,228,6
71252,73642,427,6
63579,63588,380,8
70248,70285,424,16
67882,427129,483,6
60240,60249,364,8
70084,70095,488,4
73621,463564,416,8
70871,70874,437,18
71016,71022,413,24
73123,73136,391,12
71846,71851,356,8
65571,73571,434,8
72922,72924,329,8
72986,73001,424,6
66458,66463,486,8
66882,66892,319,8
72099,482910,447,26
69113,73724,356,10
73215,73218,378,8
65399,417874,480,24
62962,62996,485,6
71883,71901,350,16
69487,69489,441,4
70261,70305,453,4
73272,490705,452,10
61430,61442,336,2
62281,62290,387,34
71809,71813,396,8
72081,479933,347,24
66411,482773,358,4
63252,63259,434,12
72587,72605,462,4
64566,462230,394,4
65872,491909,460,2
63060,63096,788,8
68849,480492,351,4
66109,66118,296,8
64407,492836,365,4
71651,482432,442,12
64844,64866,381,10
73195,73202,391,8
67862,67867,355,8
70500,486688,448,4
71745,71760,408,20
72720,72745,499,6
70289,480557,345,8
59562,59577,478,12
71808,71816,457,16
70819,483410,457,6
71168,71175,323,10
480000,480001,339,8
68145,68164,428,6
65923,486378,489,10
72171,72182,469,4
70678,71560,439,4
65339,65375,354,16
64934,64991,458,16
65916,65929,448,8
66597,487087,301,8
70151,70175,484,4
62138,62209,492,2
69086,74267,421,8
72002,72016,446,2
72551,72572,466,8
64797,64822,469,4
61230,61239,416,8
71700,71721,475,4
70570,486730,376,4
73527,73533,404,8
65356,65394,400,8
64551,64579,389,2
60492,488612,448,16
70311,427085,405,22
61825,61826,476,10
415618,463564,385,20
71900,71915,470,8
71109,71123,384,12
69762,73753,660,8
63760,422455,473,24
66254,423704,380,8
66942,66961,453,4
70109,70122,470,8
66445,66468,433,6
73436,73441,441,8
71496,71509,383,6
426541,485810,367,10
72019,72029,389,6
72077,73812,439,8
60760,483651,329,4
71628,71633,445,8
66006,66070,480,4
70981,70990,373,10
70672,71002,438,8
63010,63014,333,16
73030,73037,457,10
64087,64105,415,8
63897,63903,421,8
69921,69945,440,6
63283,63294,464,16
63390,63398,463,4
72387,72388,492,4
64560,73715,349,10
68204,68229,377,14
479913,479914,322,2
70618,70638,469,6
70593,70618,374,12
67476,473158,278,18
61360,61370,403,8
71996,72009,343,8
65312,65348,425,4
71355,420240,405,6
70805,70822,409,6
71885,73676,408,39
70766,70772,465,8
71642,71647,454,14
64119,64134,460,8
64658,64665,455,8
65547,486946,388,8
71525,71532,422,10
70370,486692,444,4
73688,482368,383,22
71247,71261,424,2
70656,71001,490,8
71797,71809,407,8
66252,423704,499,2
62659,485885,473,8
71064,71073,391,24
63857,69484,362,2
72404,72411,290,4
59573,59578,403,2
72031,420584,458,18
71294,482825,368,32
66948,482561,386,8
70194,70201,435,8
65667,65737,433,8
64662,64685,425,8
71591,71595,467,14
68266,490756,393,40
70952,423172,437,8
64928,64950,404,2
70629,70656,420,8
71834,463593,466,14
420240,482368,472,16
69866,493231,396,28
71457,71961,399,28
72605,72616,445,6
70966,424844,328,12
61995,62013,427,8
64917,427056,381,8
72276,72287,455,12
62801,62811,326,8
71038,71054,474,12
63145,422901,490,4
60258,60285,477,4
69877,69886,436,14
73851,412672,425,8
63869,69480,387,4
64780,483238,493,2
62993,63037,459,4
73494,412703,412,8
70596,70645,462,28
69519,70520,421,6
71067,473197,466,6
70638,497021,455,14
59943,59958,340,8
69400,69410,426,8
60533,60581,356,6
71376,71405,474,8
73850,420238,378,8
62626,485921,257,8
67275,67280,438,4
62455,62462,359,8
70372,474220,397,16
60240,74111,375,4
71136,71162,452,18
69440,419689,340,16
72404,72412,422,8
71100,71105,472,6
70170,70198,406,4
71244,73622,459,2
70494,461505,483,10
60856,74376,416,16
71528,73673,423,14
71125,473194,300,42
70709,462751,478,8
66054,66114,401,12
62196,62200,349,8
70379,70428,488,6
69351,69353,472,4
72171,490784,460,6
66838,473166,421,10
66839,66881,458,4
60196,60220,436,8
73255,73266,405,12
66602,66644,428,4
59518,59521,424,8
72037,72038,467,4
426083,494526,368,20
63812,74090,492,2
61947,61963,470,6
66038,66052,445,8
69715,74372,436,8
71181,71200,450,4
71162,71181,470,8
63741,63756,484,2
60240,422633,373,4
70479,70517,382,18
70212,70214,380,8
72059,478883,379,108
412992,415847,444,26
71432,474351,478,6
62835,62892,400,24
68816,68832,285,4
491328,491329,413,16
67240,67250,461,4
63261,416584,446,8
70455,70494,419,12
68185,68192,437,4
68103,68129,479,42
71901,490790,426,16
64965,64984,381,16
427797,427810,443,8
60431,60443,376,8
71547,480881,483,2
60641,60677,422,4
61864,61888,473,4
72070,72092,450,6
72225,74060,486,2
71273,420150,484,6
70583,70589,427,8
71849,71852,417,8
63692,63700,413,4
71311,462072,410,20
72152,72156,395,8
73016,73023,457,8
66941,66962,463,10
73186,73188,449,4
71104,71106,432,18
67650,67660,458,6
70651,70672,422,16
69060,424021,442,12
71888,71890,440,12
72297,74025,484,2
66171,66206,375,4
60354,480856,400,10
62832,62861,425,2
60398,60407,475,8
70840,70841,417,12
67940,67966,492,2
477288,495203,431,24
487069,488509,408,2
71264,73620,900,20
486689,486690,348,6
72972,72975,488,4
71135,463536,563,6
71774,491706,401,8
70550,70574,458,2
62854,62917,484,6
61031,61034,347,16
65383,65414,360,8
60711,60735,435,24
71497,71512,389,8
71897,490790,397,32
64773,64779,449,8
67796,463411,459,16
64835,64838,371,8
63673,418916,370,8
72230,72243,441,12
66023,481083,340,16
64615,64633,475,4
64999,422804,429,14
66263,66289,397,8
66088,66116,355,8
67571,67574,415,4
70550,70599,470,14
64031,64035,492,6
73636,479068,465,16
72379,72381,460,34
65937,423365,445,16
70904,70908,331,8
70805,70823,424,26
491435,494788,472,2
70698,71012,432,10
70736,71154,481,10
64212,477563,436,8
71808,71828,499,4
63989,426363,371,20
62099,62102,462,6
66696,473133,361,38
60279,60294,445,16
63258,63282,475,4
72235,72237,464,20
72336,72337,337,12
416545,424088,446,6
478887,480755,362,26
73480,480873,368,12
70586,478739,413,6
72679,72688,397,10
66663,66699,445,6
69561,69564,459,2
72571,483667,487,6
61008,62618,436,6
65737,65760,463,4
73085,73091,397,8
73719,419995,379,22
64984,65005,422,12
70139,70157,435,10
73673,427343,423,2
60891,60899,484,10
72399,483233,403,8
65085,73983,358,2
64620,64631,407,4
66892,480195,483,2
69092,69113,460,2
71161,73638,424,32
69611,69622,459,10
68063,68067,305,4
72063,481055,364,16
63991,64021,460,22
62687,62703,418,4
72092,72111,483,8
70364,70390,446,8
413765,414356,485,8
71610,73650,492,4
68262,68271,497,4
64765,64775,480,4
71057,71059,349,16
72280,491418,407,8
66956,66972,449,8
71139,473197,410,22
68102,479109,438,24
71105,71131,440,4
61165,61170,308,8
65819,481668,378,12
71504,71515,415,8
74108,425930,493,4
69955,69994,489,4
70855,70869,445,10
67709,67722,453,4
72535,72544,484,12
68555,68556,468,8
65558,419400,469,8
66184,66220,388,4
73080,73081,439,6
66271,66305,348,8
60294,60317,456,4
63590,63604,407,8
65105,65125,383,6
71132,421357,455,8
65588,65669,446,42
64579,64590,430,12
66607,66633,407,8
63751,63754,484,4
62908,62931,440,14
70397,70401,375,8
63677,463850,467,28
62156,62174,466,8
68212,68217,464,10
60585,74067,413,8
71552,72057,397,10
481092,481093,480,8
72143,74041,436,16
65919,424931,260,4
70558,74115,417,4
66147,66180,480,10
73031,485806,429,8
73519,73525,476,20
67891,67899,420,8
67207,67217,445,2
71750,73850,374,18
70441,70475,418,28
72706,72713,365,8
70113,485891,365,60
63286,482566,454,8
59609,59614,457,4
72604,72619,446,12
72148,412581,355,6
71452,73664,446,14
70891,70894,375,16
61527,61528,461,4
73012,73020,364,8
63480,63513,450,8
69069,423630,410,8
71509,427343,439,4
72486,72490,496,6
71514,422805,397,2
71168,71186,490,6
64754,483238,424,14
66128,66175,380,16
72130,74028,415,10
71718,412699,418,44
60315,60330,461,8
70816,70820,381,8
66833,66843,333,8
72120,73876,406,14
69511,69516,434,4
65528,65600,501,2
66666,66683,296,4
69470,424078,474,8
71550,72063,364,24
70094,415113,396,6
60321,60327,405,4
69046,69056,480,8
491907,491912,331,8
72262,72285,489,6
70625,70646,447,14
70574,74116,361,2
71351,478885,396,12
71672,74001,438,10
63715,63727,456,16
63216,63220,274,4
70276,70297,388,4
70342,70362,453,42
63160,63170,430,4
62619,62634,430,6
62058,62078,328,8
62399,474202,458,4
63217,63228,488,4
71197,71198,398,8
71511,71521,466,4
71343,71354,485,4
72888,73771,481,4
70656,71015,391,14
66575,66601,439,8
71338,71340,456,4
69839,69861,499,6
61811,61817,464,4
72566,72571,428,16
70214,70227,467,4
66051,66087,350,6
73279,73911,388,12
71402,71427,477,6
72738,72749,450,8
73047,73053,334,8
72817,72818,479,4
72500,72511,388,16
64009,491424,394,8
73602,479910,393,24
60915,483600,483,10
66251,66260,386,4
73528,485552,490,4
65966,480583,272,10
70662,478866,400,16
60776,60805,443,20
65619,65648,490,6
68958,68965,482,8
60309,422641,454,30
61749,480538,492,2
69974,69993,456,12
69432,73953,428,12
70744,70746,476,8
63623,63641,267,8
71409,71432,471,48
63272,63300,428,6
70729,415679,403,18
68987,68988,455,4
70194,70198,386,24
65712,421852,472,8
72277,72288,456,14
70957,70959,406,10
62616,422931,365,8
72392,72400,405,4
71336,71352,456,4
71899,71902,459,12
65456,65476,260,8
65736,65802,394,2
70631,73900,392,16
60385,480856,454,4
67424,67439,461,6
71882,71903,455,36
479933,479934,357,8
64888,64917,417,8
71068,71078,418,2
61603,61618,442,6
73373,73376,346,6
72225,415680,432,10
62208,62214,487,4
72035,482837,293,24
65414,65439,279,8
66876,426015,375,2
61590,480611,447,6
71269,71270,458,26
71967,462127,441,12
66081,66140,384,8
60266,60284,426,8
63325,69616,452,10
70176,70195,346,8
62758,62776,347,8
70563,70612,455,12
65249,65250,398,4
63198,414744,453,8
70507,424422,420,6
60507,60538,465,4
63538,63559,404,16
72312,72316,432,6
70018,70046,458,28
63002,493302,379,2
63905,63906,367,8
70217,70225,411,8
71246,71259,431,8
417815,482432,413,12
71273,415852,469,10
71001,71015,431,34
60313,73684,288,14
71637,463539,437,12
70983,482822,374,6
67858,67872,436,8
71394,71415,386,16
64265,64271,411,8
73531,73533,439,6
63261,63282,495,2
64340,64341,428,12
71165,71190,353,12
69517,477754,400,10
70331,70363,421,4
72731,72733,322,4
65293,422496,332,8
60780,423878,306,8
71921,482859,406,32
64241,64245,432,8
60540,60581,321,8
62116,62137,477,8
71021,73654,366,6
65606,65821,372,8
70866,70881,484,4
73258,73262,356,4
66453,66486,416,6
65632,65673,415,4
69106,73724,482,4
64905,421007,312,4
71430,482697,436,6
72318,413409,422,4
70711,415679,392,8
72574,72604,458,2
71446,71486,435,2
71237,71240,437,2
62621,485918,485,2
62411,62421,478,8
73136,73141,434,12
474149,480614,420,16
66008,66066,431,8
62152,62162,449,4
67480,67484,312,8
69125,69128,437,4
60389,74109,478,6
68482,68488,390,16
72646,473099,454,10
71885,463764,349,18
71690,71691,379,8
70923,70932,443,4
412673,412693,398,6
70625,70675,447,6
70791,70798,423,8
73049,73050,488,6
73579,425952,470,14
70368,70394,403,8
63914,73935,438,10
69717,69724,462,8
71160,482727,475,2
60234,422776,317,12
68484,426365,463,6
72937,72945,361,2
68246,68256,438,4
65200,478933,489,2
72146,482783,434,12
64980,65008,437,10
64989,65014,480,2
70993,73865,480,12
59592,59597,448,8
70953,70955,484,4
70046,70060,496,2
62893,420171,489,2
72984,425800,350,8
71094,71147,439,26
65490,473040,389,20
473292,473293,378,4
60002,60011,438,4
71808,482731,433,34
62993,63014,487,6
72521,480351,460,8
69719,69750,462,8
72319,412711,359,8
72171,72174,479,4
63827,73735,359,20
71066,74034,471,6
73082,73089,421,4
65171,65200,466,4
73647,415745,463,28
66337,66340,420,8
65150,65198,338,8
70503,70550,301,24
60939,60959,409,8
72526,72535,421,20
72998,73003,460,8
70406,70413,285,8
71202,73639,481,10
73419,73427,443,4
61972,61982,425,4
72811,72812,402,10
66050,66069,367,8
65757,65763,445,4
59819,427073,424,8
70823,70827,441,14
64245,64252,357,4
65108,65133,469,2
70591,70608,376,4
72116,72122,491,4
72793,487076,486,8
65628,65678,492,2
63522,473405,332,16
69050,69058,462,4
71388,480615,462,6
65546,65585,309,8
64091,64108,368,8
71283,71285,424,48
66793,66799,434,8
422756,422757,353,4
462127,495861,484,10
63800,422455,445,16
68423,68464,480,6
426450,477223,348,4
71853,463593,348,24
63680,63695,455,4
72471,72482,373,12
73111,73120,436,10
59524,59531,291,16
63778,63792,374,16
70876,70880,386,2
74003,482830,318,4
69055,425907,429,8
72414,426396,354,12
70858,70874,475,16
65406,65456,407,8
61926,61947,493,8
68987,478180,399,12
72607,482784,401,6
67230,67235,450,8
73794,479068,437,16
64247,64254,421,2
66838,66858,462,16
73561,73564,361,8
63682,420742,377,8
67983,68001,376,4
70584,70611,400,40
64041,64064,419,6
71160,71173,467,28
70129,70169,437,12
69846,69852,477,44
65109,65126,295,2
71153,482797,397,24
72004,424920,459,24
71707,71731,449,22
72106,462742,491,10
67416,67423,466,8
63965,63990,416,20
71134,71145,328,8
62123,62133,383,4
60249,74110,358,4
67181,67188,481,6
62683,62711,417,8
71253,474151,480,4
72383,74303,469,8
70683,70688,441,2
63232,63237,456,8
67218,67228,480,6
70986,478866,437,2
62647,62671,439,8
73364,485837,324,16
67513,67522,427,2
71719,71738,425,4
71407,474149,401,22
60978,61010,455,6
71725,71748,485,2
70210,70239,405,4
60229,73832,467,8
71412,71422,450,16
69902,69916,372,8
65647,65653,431,12
73144,73145,474,8
68228,68237,394,8
71914,71934,484,2
72529,72537,410,16
60348,60351,319,8
72481,72489,337,4
417906,423056,421,8
71140,71167,412,2
72646,473098,425,24
60731,60737,473,12
68565,480899,384,8
71259,71267,404,8
71297,73788,377,32
62396,62409,365,8
72097,72110,406,6
73585,483450,499,4
70664,73711,450,6
68916,69088,447,24
71672,481056,456,8
461887,479832,376,2
60301,60316,449,12
66042,73810,353,8
72437,72440,421,4
412440,426758,433,8
70131,70137,394,6
70993,71017,472,4
62212,412096,433,8
70364,485811,419,8
70986,71004,435,6
60519,60552,374,10
62812,415545,404,4
71808,412439,478,12
71663,71670,467,22
71025,412434,468,6
72089,72095,410,4
72050,72057,425,8
70075,70083,297,8
68110,68130,457,12
71475,478620,451,20
72085,72100,405,4
63722,495725,367,8
71217,71226,467,6
61434,61446,495,2
72739,72745,297,16
59932,426171,486,2
65936,486684,360,2
68960,68961,422,6
65439,65454,364,8
64249,64256,333,4
71857,71870,474,10
71102,71127,500,2
68511,68531,472,4
65680,65726,486,8
73575,419644,412,8
70093,417846,429,12
70374,70394,493,2
64676,64678,419,8
70641,70664,468,6
65890,65922,406,8
72441,72453,340,8
68173,68181,384,16
71844,71857,428,16
68573,68588,482,8
72298,72324,396,10
63939,63962,468,4
71071,71078,356,20
63572,63578,399,8
71911,71914,375,36
74062,425786,404,8
70615,491754,384,4
64983,64999,474,4
64217,64231,389,6
60613,60640,419,8
72336,72350,372,4
65879,65926,435,16
69703,69728,488,4
73165,73169,420,8
61058,61063,447,8
73564,73565,363,8
60277,495696,380,8
71551,72073,369,10
71132,423142,473,12
60293,60303,461,6
73671,424721,450,26
61475,61482,478,6
64997,65002,469,8
71909,71924,473,8
70600,70638,465,8
68491,68496,422,4
69293,483669,390,14
73804,415673,421,16
63673,418915,443,10
66640,66651,453,12
61869,61881,422,4
73567,73568,435,30
70877,70888,458,4
70682,420664,376,8
70982,70998,379,4
66067,66169,480,2
68647,479832,448,4
71159,71182,448,14
64564,474307,363,8
71309,479998,468,8
60742,60784,482,4
68796,68818,437,4
72742,72759,492,4
70305,70324,452,8
72041,482354,292,4
70494,479954,429,4
65534,65554,485,2
70818,70827,358,2
73541,480959,311,4
70861,70870,397,22
71045,492982,261,22
63247,482565,438,2
64983,65021,481,2
72867,72868,391,8
70780,70786,450,12
70312,73625,453,20
70439,70440,476,8
73429,486805,446,4
70596,70604,492,12
69380,69384,496,2
73583,485550,441,6
70031,70051,454,10
67605,478744,415,4
420177,424078,462,8
63883,417424,438,8
67819,67833,339,8
64122,64135,330,16
72845,72847,348,8
71451,71464,398,18
70464,70484,437,6
70645,491754,323,14
65647,65661,349,8
73301,73309,485,4
64962,64989,411,8
68097,68103,406,8
70499,70513,411,4
59567,59576,424,8
70603,478739,406,4
70386,70396,489,2
72565,72570,256,2
70312,70341,445,18
68822,68831,407,8
71473,71492,374,32
68555,68564,304,8
73701,482776,465,4
63203,63235,474,8
63766,63798,488,8
68369,462604,465,6
63147,63174,497,6
62874,62930,480,4
73442,73455,492,4
70628,70671,452,8
62709,62741,425,8
73226,73227,431,14
71138,71142,465,16
65855,65893,372,8
71311,71322,402,8
72087,72088,353,8
71579,73649,456,20
68411,68413,389,8
72034,72421,420,16
67840,67852,281,8
70436,70478,358,18
63165,63173,438,6
66609,66632,400,12
71801,71821,373,8
474355,482803,313,8
71930,415670,408,12
70905,70908,302,8
66851,66868,449,4
74019,481039,485,8
71474,71504,488,12
68026,68044,337,8
70743,70752,455,18
67538,67546,420,4
67753,476950,486,8
71109,71121,494,2
70073,70102,496,2
72753,72770,417,18
71971,71983,390,42
60443,480061,478,6
71846,412665,443,8
70427,70448,493,2
415625,480748,294,4
60286,487096,451,12
419655,419656,364,2
64465,64479,364,8
72460,72473,419,24
69538,69541,449,4
71858,71935,396,18
73023,492181,323,8
70785,73889,427,4
65388,65451,448,8
73288,73911,410,16
60225,477077,423,6
70850,70855,455,6
64986,65030,416,2
64868,64888,437,8
62878,62904,360,2
67620,67632,487,6
66939,488409,435,14
61043,62621,415,8
64939,64951,412,8
65929,65963,376,8
73618,73620,453,26
69878,412570,444,4
70011,70056,440,2
68795,68802,428,4
63298,482564,500,4
71941,71946,402,12
70465,70503,484,2
70232,70266,454,8
70946,70954,413,6
71463,71490,379,6
71906,463596,483,16
65446,65483,442,8
63701,63717,440,16
71409,482803,390,14
423708,424040,290,8
69472,69475,403,8
72543,483666,400,2
419842,425985,470,2
412712,495816,420,8
65463,65493,360,2
66237,66290,440,8
72107,73854,397,8
73263,73266,419,22
71607,480550,330,32
68276,68287,412,8
65228,65255,294,4
66187,483637,298,8
63724,63758,491,2
72355,73921,452,12
71001,480002,367,24
66632,66653,447,6
60511,60533,440,8
71652,71659,376,8
65342,65371,471,10
60505,60509,432,12
72924,72928,423,8
68518,68520,429,8
65604,73940,378,16
64764,64805,485,4
63000,63067,412,16
71230,71270,449,10
71264,463554,492,6
62524,62528,469,8
69910,69918,428,6
72558,483667,446,6
71783,71791,429,4
63336,63341,501,2
66235,66279,433,8
71456,73848,334,24
420300,482856,254,8
68554,68556,412,8
71170,71203,494,4
63567,63569,484,6
71449,71452,385,16
64577,64579,475,8
65830,421248,356,8
65654,65695,481,10
66017,424901,445,8
73224,73226,341,12
64866,64872,451,4
65851,65912,495,4
71403,71408,468,16
66483,66511,445,8
70868,74006,478,2
69501,419995,406,6
73521,73522,426,8
71926,71941,382,12
62865,62872,457,4
62621,62652,428,8
71274,73796,394,22
68916,68935,473,20
69491,73718,486,6
70029,70039,374,8
64931,64988,449,4
70850,70853,390,24
72036,495771,459,8
73422,73430,400,2
72886,72889,482,8
63953,426363,437,14
72965,72967,435,8
69554,69557,457,12
60887,60888,465,4
66969,66978,389,8
69445,69447,437,4
65538,422378,386,2
71271,492980,309,12
65046,65054,337,24
424527,479240,363,10
72637,72649,486,10
73006,419184,458,8
68147,68151,297,8
72934,72942,464,8
72982,72989,404,26
65804,65861,416,8
68048,68061,460,2
69797,69818,420,14
63986,63994,336,8
70954,70957,388,6
60673,60684,398,8
71662,71676,476,4
71218,73639,390,13
68369,68387,444,6
65625,417697,476,8
71182,412694,466,2
60343,60359,400,8
72565,72569,484,2
67603,67616,426,8
71276,73630,454,12
73455,73461,496,2
70928,70934,430,20
65472,422319,395,4
66160,66193,326,8
63833,63835,442,14
71354,71367,432,24
71147,71154,426,20
62758,62761,494,4
71673,420237,423,46
71879,71891,405,8
59663,59667,472,2
64766,64786,437,4
65599,419400,401,8
71747,71772,465,4
73260,491146,374,2
70615,70626,427,8
59915,59932,397,2
61034,422930,423,16
72497,426383,473,2
71242,463900,373,4
70713,473293,346,12
64099,477489,355,8
71128,421357,424,12
60457,74108,363,8
60094,60095,375,2
71966,71969,454,6
61552,421136,465,6
67911,463369,482,6
68848,73756,467,8
69856,69865,419,4
69775,69786,482,8
62419,62430,465,4
73288,73297,454,14
70541,70584,440,4
415528,482757,440,2
67519,67522,496,2
71379,71397,470,16
72434,73798,441,20
70247,70263,484,6
62426,62435,416,8
72615,72626,283,4
60486,487097,405,4
72491,72507,493,6
64201,64204,414,14
74376,493456,386,8
65775,65815,464,4
62434,62435,476,4
62839,62864,421,4
70196,70230,433,16
68430,68445,445,6
60514,424431,471,6
65153,65184,443,16
73048,73054,411,16
65295,65301,453,8
71231,71244,350,6
63242,63243,358,8
68510,68529,465,6
72943,72948,456,14
66522,66548,457,16
66638,66648,399,6
65965,66007,462,8
64487,64496,411,8
68516,68517,328,2
72131,72158,483,4
422804,483241,393,12
73628,73629,407,4
65251,65305,439,8
64571,73599,371,12
70338,70359,394,16
70049,479936,357,10
67625,426345,423,12
73451,73453,422,8
65519,65544,297,8
71801,73665,447,4
67516,67524,276,4
72289,72298,355,8
71365,71383,428,8
71276,71287,441,16
60154,60168,463,8
65100,65119,290,2
478935,483237,389,4
63737,63744,395,8
61600,61601,402,6
70837,70843,366,12
70151,70177,485,2
60448,495862,359,16
72250,72268,423,8
71492,71493,446,18
64976,415637,455,22
66315,66347,477,6
70614,70622,416,34
60831,415426,401,4
66436,73607,442,10
68595,68613,441,8
68501,68542,467,2
70844,70845,388,4
73163,73167,465,10
72715,72724,422,4
71651,412672,352,4
72022,72037,444,12
64010,491126,485,2
70072,70084,434,12
71673,71697,490,10
68008,427126,430,4
60484,60511,464,10
69498,73719,453,16
60479,60485,309,2
70964,70966,478,6
70771,73889,338,6
70023,485813,417,20
72348,73873,433,8
70107,70110,449,6
70904,70905,402,8
70645,491747,416,20
64146,64155,451,8
65609,65680,482,10
64632,64650,322,4
65330,65362,412,4
64995,65019,471,8
63379,483631,455,8
66597,74176,354,8
73954,74176,346,8
71895,73676,451,4
71205,482826,286,4
60750,462649,450,4
73163,416071,340,12
70692,70698,600,14
71717,71756,497,2
72350,474394,451,4
63659,63660,347,8
71033,412737,449,10
64566,483250,398,8
71273,479068,463,4
69502,425683,387,6
423786,423789,475,8
72962,72963,374,8
69046,69047,388,8
70589,473389,438,14
61104,61110,400,8
70177,415687,341,4
71191,415738,375,2
72337,72347,424,12
70479,70481,462,2
68211,68235,422,8
72507,72524,481,4
65132,65166,443,2
65831,65851,479,6
71614,71620,425,32
71163,71164,404,8
73079,482698,476,8
62498,62509,278,8
68922,68934,404,2
70668,70985,464,12
70413,70462,430,6
69755,69774,414,8
63935,63940,358,10
71821,73665,460,4
70830,70833,443,8
66426,66442,324,8
59763,59785,364,8
68765,68772,334,8
72163,72186,377,8
71478,71505,355,20
66042,66146,497,4
70722,70723,391,14
70615,70645,449,24
66813,66817,344,8
65661,65688,429,4
71717,71742,453,12
73530,485544,310,12
70456,70500,494,4
64464,64471,459,8
59912,59915,337,4
65234,65259,375,8
62994,63032,500,2
73168,73173,462,6
69607,69611,462,6
66086,66099,415,8
73098,73106,462,22
71214,71231,486,4
69684,69697,416,12
61987,486748,436,16
70412,70437,431,24
60471,60493,469,12
63470,73807,380,4
73564,73566,474,8
69664,427580,440,2
66383,66388,466,6
478351,483394,361,16
477880,483419,482,2
68506,68532,474,4
68332,68360,474,2
64541,64549,480,6
65134,65135,460,8
69760,69773,337,8
71470,71494,438,20
64051,421020,470,4
70339,70364,413,10
59496,59500,460,8
71166,71183,410,14
64946,421007,428,6
65967,422532,442,24
65004,65006,276,4
65210,65232,440,14
70431,415675,448,12
72028,73300,481,2
73570,73571,383,8
63911,63936,464,8
59583,59588,363,8
72778,72781,312,12
64084,64112,496,2
72548,72576,448,6
63103,63112,412,8
63603,419305,300,8
60545,60581,335,8
72149,72162,469,8
70961,493021,484,8
64346,463493,467,4
66502,66519,421,4
71991,482790,434,4
60163,60191,467,4
63173,425949,451,8
71253,71264,456,52
70427,479897,433,8
73668,73800,300,8
70614,473389,474,6
66590,66605,449,8
61150,61157,483,4
70684,70692,462,2
68259,68260,384,8
72202,424842,369,6
70663,70676,448,14
65099,65110,491,6
68965,426274,470,4
71510,71523,456,20
71207,463900,497,2
70058,70084,502,2
71078,71095,456,10
63616,424739,489,2
73439,73448,422,22
62921,62930,364,4
72592,72602,365,12
71215,71221,442,4
69102,74256,302,4
69829,69855,397,12
70603,478742,375,14
70131,70187,355,12
70711,70721,458,34
64960,482098,497,2
63987,422463,302,8
64839,64863,418,4
424436,487150,451,8
66130,491914,494,2
63839,63862,454,8
64952,417900,434,4
66792,66806,462,12
63524,63532,395,4
72131,72141,484,4
62911,62923,494,2
59941,485434,400,8
68937,68957,473,6
62716,62717,451,8
62774,62807,470,4
70156,70159,440,6
72544,72559,472,8
63609,63618,396,8
71473,474351,378,20
69959,70005,376,24
71335,71351,392,6
70517,70551,460,4
60656,60676,473,8
67230,67232,415,8
64005,64023,479,4
72004,424919,474,2
66571,66612,481,4
60354,416128,426,6
71535,71547,392,4
70715,70717,413,8
63826,63842,410,4
70329,70372,474,6
59403,415643,444,4
64595,64606,410,8
64169,64191,463,4
62232,62242,448,10
71007,479953,356,24
60959,60987,484,12
62383,62391,411,8
60327,60339,382,8
71278,71294,428,30
71122,71128,437,32
69470,420177,346,8
71925,71934,314,12
62812,62892,455,10
70294,70311,418,22
71775,71784,327,10
62916,62952,480,8
73166,73169,411,20
69826,415629,379,20
71408,71415,473,28
69819,69846,374,24
417874,483251,385,8
65663,480007,281,6
70441,70449,441,20
66686,66696,487,8
65876,422532,498,2
70823,483410,455,14
71065,481039,325,4
66099,66106,490,2
66543,420433,365,14
74004,427089,326,4
70310,491992,474,12
62907,62921,384,8
65924,65927,455,4
70236,492986,377,8
69913,482720,328,16
71132,71143,393,2
66236,66276,475,4
69967,70013,470,12
66929,66949,447,6
71704,415663,454,8
70676,412737,438,6
63049,63095,492,4
60964,60993,494,2
70087,70088,388,8
65508,65515,465,4
65730,65740,440,4
71604,71609,380,20
71930,415648,355,12
72472,72477,492,10
69453,69455,382,8
69260,69269,436,4
72102,72113,451,10
70807,70816,395,24
65421,65450,470,2
72595,72597,394,4
70169,70194,422,4
67744,67748,376,4
71160,73640,377,74
71118,71142,431,6
62525,62534,407,4
72137,72148,443,14
65400,65403,462,4
72498,72517,482,2
70973,70974,395,8
66039,66063,501,2
62628,62680,415,16
71085,71105,484,6
61813,61823,377,4
65369,65383,349,8
64405,479911,369,10
61539,61544,489,6
62522,62527,384,8
60617,73805,500,2
70336,412673,377,2
66597,488494,461,4
73341,73350,414,16
71699,74038,474,4
68098,68111,466,4
72936,72944,476,4
70411,70419,443,8
64530,64541,425,8
66731,493476,351,4
69461,69462,379,4
60700,483576,492,4
70673,71030,416,16
64172,64187,385,12
71274,415749,494,2
60211,492631,322,4
64619,64626,419,2
73300,73304,419,4
60158,73786,391,4
71315,71327,415,22
71256,71777,402,16
69693,69697,469,4
72092,72126,456,4
68171,68185,401,4
64269,64276,403,8
71541,74003,450,6
71055,71070,469,6
68096,68102,453,8
71838,71850,463,10
69675,69694,435,4
73295,73299,370,8
421243,480583,397,4
62637,62683,488,8
70218,70222,492,6
69503,419995,448,22
64605,64612,386,8
65218,65255,464,4
64596,64607,499,2
66855,66861,405,8
70144,70182,455,10
62745,73768,341,4
61197,61201,406,8
72267,72271,371,12
66703,66728,421,8
69346,69348,392,8
70873,70878,485,4
71039,482597,391,28
72266,420660,457,14
64585,64587,420,8
70671,70981,474,12
72701,72709,385,16
71271,71290,454,52
67426,486124,362,4
62419,474202,417,8
65794,65853,431,4
71387,71407,424,18
70390,70427,485,8
69434,73952,469,4
69517,73720,360,6
60223,60247,425,32
70871,426380,370,8
64437,64441,363,8
69432,73952,434,12
63818,63824,414,16
63734,63743,457,6
62698,62720,452,4
66531,66543,442,4
70517,70547,439,2
70627,421970,409,4
71935,416508,394,2
71789,71796,415,4
71781,73850,436,8
65771,65833,444,8
70386,70469,476,4
72748,72752,372,12
69050,478928,496,4
61512,480957,491,2
71864,71868,476,30
66515,66535,429,28
67700,478854,303,16
60196,60203,498,4
64937,64980,468,4
73669,479850,340,16
64467,64482,441,6
60598,425895,386,6
60737,60744,375,8
69722,69755,404,4
65375,65420,348,4
71314,71327,456,4
66600,66611,402,8
73270,73278,472,2
72607,72618,425,8
479956,479958,407,2
62009,62030,441,6
71963,415670,449,14
71770,71785,420,20
71253,73630,474,16
69685,69691,433,16
66158,66227,488,2
70241,70276,481,2
70910,70920,392,10
71456,71459,426,2
69817,69839,422,12
63123,63161,406,4
68008,68018,399,12
415581,427818,408,8
71157,412694,487,4
479368,480952,428,4
63888,63901,392,8
65900,65940,414,20
65750,65775,374,8
63896,478374,458,6
69681,69699,478,2
71505,71514,448,6
70387,70412,471,20
70570,70597,440,8
70464,70489,457,4
60747,60764,442,6
70250,70266,440,4
62699,62724,453,2
70305,412680,414,6
70751,70752,355,6
71619,482804,295,8
63989,63990,457,10
72483,72494,389,8
70862,480357,358,4
60192,60218,447,8
71613,71629,486,6
61866,61873,437,4
62069,481464,340,16
72769,72778,457,4
64769,64776,473,4
69493,69494,368,8
72578,73694,373,6
65994,423055,324,8
66870,66888,457,14
66755,66772,358,8
72943,72945,273,8
70861,70873,434,12
72690,72708,427,8
72304,72323,433,8
70590,70621,475,2
63155,427114,486,8
71407,71940,481,20
72786,72788,390,8
73336,73344,440,4
71038,481039,412,8
67193,67201,448,4
63259,63270,400,20
70264,479895,432,16
73847,412726,444,6
70593,70600,452,10
69586,69595,383,8
73540,73542,476,4
61847,61859,444,2
70289,70310,467,12
65401,65434,453,8
65068,65077,409,4
62658,422930,347,16
70808,483410,406,2
70347,73625,430,12
61454,61471,555,8
73195,73200,448,4
63929,63936,398,8
73242,73246,441,2
70114,70161,385,8
69469,73919,492,6
62797,62809,474,8
64000,477545,371,8
71709,415745,469,2
64914,64932,427,12
70780,70791,451,12
70086,480877,430,4
73684,73685,373,12
70895,70899,344,24
60072,60080,478,12
70603,70630,482,8
62402,62405,304,8
71181,71183,462,4
64956,64976,366,20
70654,71558,454,6
72449,72469,496,4
60419,420820,476,6
65472,417874,438,4
66345,66347,423,18
70566,70591,433,6
72899,72914,500,2
72484,72487,470,4
65580,65601,383,8
65491,65516,303,8
71176,73619,394,12
66647,66696,393,38
66193,421034,488,6
73578,73581,373,8
70362,496054,349,24
60392,420816,410,8
65814,491307,383,8
73365,73372,462,12
68260,68270,326,8
72940,72941,400,8
60676,60707,444,8
61452,481077,337,12
71289,71318,479,2
71602,71613,382,8
70739,70745,435,8
63442,63446,423,8
70310,480557,377,26
60819,60856,466,4
71238,463900,449,6
63715,63719,370,24
62933,62958,489,2
71059,71079,442,8
73632,73642,480,2
70988,71005,461,12
66316,66346,384,8
68934,68963,473,20
63634,63676,443,8
62058,482867,472,8
60891,486996,349,16
63684,63699,353,16
70551,482860,326,4
65711,65733,400,16
71098,71112,448,18
72063,73812,420,14
63660,495725,438,8
73276,73278,453,12
71001,73670,403,24
71922,490779,406,8
64412,64426,399,10
66577,66600,450,8
65013,65056,430,8
72054,72080,486,2
485777,485786,434,8
63431,63449,440,16
72885,72893,500,2
62875,62926,417,8
71713,71739,463,2
59637,59639,496,2
71197,473829,490,3
71424,71441,378,4
68968,68974,370,12
64481,64482,477,8
65429,65451,364,20
70448,70456,402,6
64189,483416,402,20
64107,64109,483,2
71912,490782,373,16
65407,65477,399,4
70400,70445,470,4
71875,71882,465,14
72535,72541,387,8
70476,70478,480,2
64227,64241,441,8
72220,72226,300,6
72594,72600,413,6
62541,62543,467,10
72496,72514,453,4
60425,420828,432,26
64998,65008,440,4
72492,72508,482,2
70059,420463,450,16
64745,64916,420,8
65836,65865,411,4
63732,63751,374,8
64664,64683,395,8
66188,483637,386,4
73259,462611,430,8
70862,479122,365,4
62996,63012,443,6
71983,71994,329,12
71097,71111,347,8
66873,66874,351,16
64963,64977,464,12
73337,73346,469,12
64753,64757,413,10
64775,491440,374,4
62398,62399,468,2
64500,64511,400,10
60206,60218,320,8
487082,487154,415,2
72066,72434,487,8
59778,478534,484,4
69538,463754,483,2
63575,63604,473,10
61601,61603,391,2
62904,62926,433,4
70519,70567,484,6
71989,424919,321,10
72283,74025,483,2
73675,473197,449,34
62806,62810,489,4
72426,72437,465,4
65015,65047,406,4
72389,72787,350,16
66872,66888,449,6
71902,71915,373,8
69772,69779,466,6
71004,492985,437,4
69613,69629,436,4
66137,66139,437,4
73040,485806,400,8
71146,73658,442,16
73162,73167,393,4
59933,411641,462,2
69543,70684,465,4
65912,65920,342,2
73350,480637,320,16
60745,60757,493,6
62502,62506,430,8
71513,71535,463,4
63334,63352,391,8
70899,70910,412,38
62828,62884,485,2
60174,422602,463,4
67412,67424,595,4
64729,64736,472,8
72714,72725,471,4
65314,65345,332,8
63710,462500,327,8
63991,63993,368,8
73044,73047,359,6
71762,71787,487,18
70443,73691,450,4
60192,60206,325,8
70390,485811,337,8
73240,73244,488,8
73208,73209,454,6
61951,61952,499,4
71432,71456,415,24
65047,65068,337,8
72394,74303,319,8
67320,67323,422,2
71921,71925,472,12
65903,65997,461,6
71106,71118,463,6
66018,66071,378,8
67685,67691,374,8
73045,73055,449,6
65749,73926,354,4
69895,69932,410,4
69851,425723,358,10
70171,412568,447,12
71629,71647,438,8
67575,67620,382,8
491747,491754,444,4
67897,463369,444,24
65215,65218,486,2
71661,71663,393,58
70846,71360,327,12
71764,73802,408,8
65926,65961,447,16
73969,423124,407,16
71240,71241,358,2
70093,70117,363,8
70949,70956,422,22
69771,73678,473,4
69792,69801,415,24
71532,71535,449,6
67136,481654,299,8
64786,492158,418,4
71236,71251,384,8
60522,60549,417,26
63288,482566,405,12
70138,417846,372,12
70542,70567,451,8
71264,474151,424,20
73771,73772,420,6
68256,68262,452,8
65625,493500,396,12
63711,63734,424,6
63938,63980,447,8
73856,427230,464,20
70899,481099,312,22
72196,424842,327,2
68327,68334,448,6
66052,66075,355,22
64137,64140,458,4
63560,63599,429,4
70746,70750,464,2
63703,63730,469,6
64497,64507,454,4
414341,426620,444,8
461959,485971,283,18
72043,72058,321,4
59939,426737,391,4
63036,63055,315,4
62554,62560,467,4
59958,59964,423,8
71692,71705,423,16
70440,70470,473,4
71301,71310,455,12
71540,73878,468,6
73157,73160,456,6
66576,66596,442,8
63974,64000,492,4
73788,482792,455,12
65638,65672,391,6
70978,479953,395,4
71454,71472,419,18
65145,478355,401,8
70925,70932,254,4
62615,62653,441,6
71991,482877,481,4
65129,65155,462,8
73487,73488,386,4
70627,70635,464,6
69120,73578,475,6
65298,72400,462,8
68662,461884,381,2
71382,71394,454,12
60980,60997,437,8
63989,491424,471,6
73861,490704,349,16
64809,64821,440,8
70207,70211,401,10
71012,71034,465,8
65512,65544,401,16
65508,425797,246,8
71920,71937,446,16
71501,71511,439,4
68421,68456,456,6
62428,62431,434,4
72970,72978,433,4
71509,73673,340,6
59800,59817,412,2
72603,482784,317,8
73532,73540,317,8
65213,479271,378,8
60836,60847,437,4
70455,461505,400,10
71013,412738,441,6
67544,67545,372,8
63680,63681,462,4
69468,69472,345,16
74148,74149,347,8
65568,493992,444,8
66326,66352,351,12
74132,74133,442,8
72028,72036,399,18
72124,490947,435,4
65898,66009,406,38
71002,74056,424,4
67790,483275,286,2
72215,72228,398,12
72182,72198,448,4
61908,61910,485,4
66108,66144,447,8
60223,473063,426,2
60927,479341,349,4
61508,61520,463,4
71371,71398,473,12
69995,73856,476,2
68825,68840,424,4
72451,479939,385,12
72044,72048,337,14
71581,71598,473,4
71484,71493,431,10
65094,65102,328,8
70917,483236,369,4
70749,73613,387,8
62421,62430,455,4
70925,483400,348,8
74037,74367,358,8
65516,479310,458,8
68544,68547,388,2
69535,69540,410,8
64983,483241,426,2
60331,427893,486,2
72482,72489,460,6
70876,480357,399,2
71656,71661,462,16
65366,65386,442,8
422355,483251,438,8
68415,68444,471,6
69865,69871,424,6
70786,70792,463,18
424919,424920,352,6
65758,65834,491,4
73052,482873,417,8
65425,65463,375,2
67293,67299,387,8
71046,412687,428,4
71137,423142,484,14
70880,70891,333,12
64132,64138,479,4
64079,479874,494,2
71754,71760,428,10
63346,63347,387,8
71725,491697,422,20
71320,73633,397,10
72726,72738,421,18
61891,61901,384,4
64713,64714,370,8
74021,74022,381,14
63149,63160,444,12
63965,63997,486,8
72054,482730,310,12
70877,73882,343,12
67768,67776,468,8
64660,64666,429,8
71045,71062,481,8
61919,427291,494,4
462034,462038,497,8
66417,66437,455,2
464029,482821,445,2
64451,64456,368,4
71316,71324,488,12
71515,427343,476,2
68508,68529,450,8
70427,70457,440,8
65916,65970,383,8
73563,73566,446,8
72719,72732,465,20
71884,71909,484,10
68793,68806,419,6
71597,463776,389,32
65293,65341,471,8
70236,70321,440,4
73429,491786,390,4
72684,72691,420,16
67678,67680,455,8
63980,491454,288,8
69127,423760,462,8
71077,419793,331,8
65700,65710,468,6
70498,70533,492,2
68510,68538,435,4
61553,61571,479,8
66126,421253,463,4
62178,62196,413,6
60644,60651,438,16
61630,483392,350,4
70639,70657,469,10
70341,70351,408,12
72179,483407,488,4
70372,70400,469,8
69335,488097,361,2
71606,71621,444,26
479935,479936,350,2
71073,474405,464,18
72497,72503,457,4
71041,464000,399,8
73501,73505,409,16
63775,69469,382,8
72772,482786,372,8
65791,65904,488,6
70426,482776,452,10
63801,63818,454,8
59964,59968,452,8
72338,73804,453,4
69120,69129,471,8
59692,59697,461,2
72545,72561,472,20
73181,73188,478,4
72480,72487,465,6
72698,72699,387,8
61552,482874,332,6
71522,482775,401,6
60483,60497,409,16
72948,72956,342,4
71101,71128,477,4
66757,66805,418,4
474405,480561,357,22
60681,60695,378,2
73689,420241,451,24
60517,60528,372,8
66880,66906,459,4
66086,66138,379,8
73654,479948,404,6
70393,70436,454,8
72502,74037,463,8
70522,70527,413,14
65387,421033,363,4
71297,73630,432,28
64121,64151,492,6
70993,427174,453,8
70483,70517,316,8
59568,59577,329,16
62820,62868,389,8
65447,65460,398,6
73477,73481,438,6
70855,70870,428,8
65018,65024,444,6
72083,73812,442,4
64594,64613,430,8
63447,416061,386,6
68118,68135,371,8
70187,70222,450,4
63688,495725,445,8
65992,74094,383,8
69474,420144,303,34
70400,73898,459,2
71395,479996,462,6
68740,68742,468,8
464006,482597,371,6
71112,463756,474,2
72125,72145,413,4
70392,70408,379,4
62616,62630,498,4
59876,427821,465,6
70679,70682,465,8
70500,486698,429,4
65214,65233,294,8
64112,64115,453,4
66021,74071,449,4
71242,415749,439,24
71419,474355,464,8
69536,69542,435,8
73068,73076,474,10
62879,62908,412,6
71887,482353,491,6
70356,70393,413,44
72146,72150,414,20
69956,69977,421,8
71321,474152,358,12
60629,60653,437,16
71400,482888,451,10
65434,65456,414,8
68449,68487,464,4
61249,61252,501,2
61580,61592,433,8
68496,68508,470,8
71047,482597,466,12
69852,69866,517,12
63896,73859,351,20
73706,73864,421,16
72598,415632,430,20
72527,72536,489,6
71572,427003,422,12
59943,59964,469,8
64980,64998,460,16
64979,422804,399,8
65153,65158,475,2
71759,71767,394,6
60706,490562,465,6
69898,69944,488,8
71048,412434,470,4
60899,60922,483,6
60547,60562,429,8
71298,71324,459,4
61223,61236,438,4
63297,63307,423,8
72081,462742,495,6
67037,67047,452,16
67755,67759,457,16
68412,68427,434,12
60512,488504,499,2
71882,491793,364,16
71864,463630,439,20
69925,479992,468,6
61394,61395,796,4
62898,62949,482,6
60640,60656,313,8
67893,427129,454,4
63857,69482,492,2
72589,412565,362,16
62206,62208,434,8
69836,69852,682,8
65803,65854,417,8
63351,63360,392,12
68521,68523,385,2
71403,424721,388,40
63895,63916,451,8
62600,67389,381,4
72117,482909,373,12
71203,482799,408,22
64912,481026,494,4
72054,483391,488,4
73155,73157,419,8
62257,62264,425,10
69537,417630,471,6
68807,68825,377,2
63987,63996,358,8
60493,73682,476,8
491395,491444,489,2
63472,63493,400,2
70628,478861,373,10
417679,492927,488,2
72035,72434,475,20
72133,73937,476,4
462604,462611,499,2
65339,65346,401,16
66597,73954,489,4
67700,67721,485,4
70283,70285,372,2
66600,66603,441,8
68000,68001,386,4
72287,479904,412,10
72258,72270,460,6
63485,63512,500,2
62818,62853,480,2
71316,478926,441,12
60843,60854,475,2
65227,72384,501,4
68931,68940,438,8
71512,71530,463,8
73130,73137,487,10
70984,479959,472,8
64031,64039,408,18
71430,478620,364,12
420662,463421,351,2
72949,72955,400,8
72221,72231,436,8
66316,66325,487,2
71601,71610,318,12
69721,69746,453,4
70186,485338,381,10
70241,70260,436,4
60709,60729,367,8
64065,64077,423,4
70248,415640,421,6
65417,65447,479,4
67232,67237,471,8
68335,68360,392,8
72634,72639,375,16
71652,71671,381,8
70547,70551,443,2
64502,64529,378,8
68428,68462,427,8
70765,70768,449,16
70573,70576,453,6
69981,70000,302,8
71840,71859,479,8
68701,73385,287,8
70492,70541,493,2
485765,485778,350,8
73280,490708,422,8
64507,64535,496,2
72002,482791,393,2
62788,62813,379,4
70188,70222,433,12
69585,69603,456,8
64502,64541,362,14
70110,417845,336,4
60207,60215,458,4
61447,61459,419,4
69475,73839,332,8
64435,64445,424,10
71473,73848,379,10
70923,70929,429,12
70449,70494,467,4
72083,72103,449,6
72818,492208,286,8
71700,73647,466,28
73277,73282,424,10
415634,483392,497,2
62396,62410,397,8
73219,73227,416,16
61475,61483,437,8
65625,417701,405,8
68935,68950,477,8
69587,69599,426,8
69525,69527,411,6
70522,494519,449,10
71577,479929,472,2
60879,60881,376,8
66757,66760,435,10
66667,66688,358,6
60649,73805,351,12
68208,68216,386,8
61027,62607,349,4
65905,424931,465,4
64068,64128,501,4
71918,491566,470,2
73476,73488,347,6
64157,419352,499,2
64134,64164,458,14
65966,66037,419,4
67858,487151,395,8
71851,71856,429,10
70099,480754,466,10
62011,461808,416,8
70170,70174,487,2
73557,73559,434,12
62751,62752,479,4
69809,69824,390,2
63047,63100,445,4
71131,71148,427,24
66062,419861,424,6
72760,74015,414,8
69220,69231,419,8
72423,72439,487,6
67546,67549,495,2
72023,482837,376,18
66222,66251,456,2
66285,66293,424,12
73636,482796,390,14
70399,482754,293,4
65333,65378,446,6
60032,60033,475,6
70020,70050,376,8
65825,65873,336,4
68749,68761,482,6
61042,61043,444,8
66383,66404,415,6
71546,72042,393,12
63737,63768,476,4
71365,73880,436,12
59576,485904,472,6
70538,70560,440,6
70461,70473,468,6
63674,63704,436,8
72568,72577,429,4
71265,71283,467,18
71085,71092,470,4
417874,422355,430,8
72107,415644,340,8
71933,71957,480,6
71633,412726,442,8
66260,423648,385,6
72379,72390,479,12
73489,73492,387,8
71905,71919,428,4
66243,73606,460,6
68903,68906,449,4
62125,62137,464,8
66691,493476,493,4
68229,73196,489,6
63147,480003,342,8
67047,67058,471,8
64957,64966,414,2
70942,70943,450,6
70566,486730,259,4
69675,69695,455,4
70158,70162,471,8
71303,73635,442,6
73149,73938,415,4
68018,68022,321,6
73464,73468,385,4
73991,423702,363,12
68033,68037,430,8
69898,69922,313,8
65753,65803,428,6
69666,69698,383,12
69948,69970,383,8
61161,61162,343,8
73634,482794,424,8
480754,480755,412,8
70687,70694,373,24
60410,74109,377,4
71721,73850,290,4
62843,62854,365,16
64174,64183,398,26
63843,477561,501,2
71063,71085,487,4
64293,64309,486,8
62708,62743,385,8
63900,63914,408,6
60135,73786,421,4
70884,71422,404,12
64793,491446,464,2
63453,73726,486,8
70862,70863,479,2
425008,495057,289,2
71072,71091,461,18
66724,66742,431,4
63530,63558,425,8
73936,478350,353,8
73327,73333,423,8
65411,65485,463,6
64226,64233,450,8
64445,64456,398,8
64456,64463,352,4
67280,422211,432,12
71847,71849,356,8
66778,490531,444,8
71012,419795,402,12
65977,66006,361,2
72718,72728,423,8
71128,71132,447,12
70913,70930,476,2
71303,73788,487,12
70234,70245,380,12
69604,69620,446,6
63166,63192,428,8
72521,72529,441,8
65499,65536,451,8
71366,71384,376,20
60302,60339,429,8
70679,70686,378,10
66892,426015,498,2
68531,68543,405,4
71313,71337,460,16
71582,71589,480,8
60286,60307,481,12
73642,478842,431,8
63390,63400,405,8
70172,70189,494,4
72928,74119,477,8
64806,64833,402,8
71889,463759,458,16
72408,72414,486,18
69472,424078,376,10
71836,71837,420,4
69558,69568,466,16
70511,494519,460,12
70215,70246,478,6
65645,65678,399,4
474317,478935,385,8
70630,478742,493,4
64749,64762,312,6
71967,74043,450,16
71149,71156,488,4
70652,70979,468,14
65069,480008,373,8
73805,73872,381,6
63777,63792,446,8
69362,69367,444,8
64741,415615,419,16
462742,482853,340,24
70186,70218,474,2
63719,420742,349,12
63322,485712,377,8
420463,424238,432,10
71137,412992,466,10
73203,73214,484,4
62966,62988,436,8
71290,71302,485,12
66794,66834,471,18
72523,72539,413,8
477285,478648,410,8
71449,71467,486,6
61848,61854,317,4
60873,60894,432,4
72765,72772,413,8
70163,423879,428,18
72462,72463,352,38
72034,73800,398,16
72382,480000,314,24
73561,73563,380,8
416650,416653,367,2
71153,71165,440,10
59767,59776,309,8
70466,70512,387,12
71304,71315,467,2
473253,479901,334,4
66460,66472,452,6
61223,61226,455,4
72231,72250,474,4
60481,425920,487,4
71108,71139,458,16
71265,73797,527,20
65135,65152,375,8
72644,73994,379,16
424396,424422,439,6
71032,71040,461,4
61904,61917,467,8
72322,72326,468,8
477254,480754,369,2
70827,70834,325,2
72313,72325,453,8
66429,482773,470,4
66492,66502,345,8
72271,74025,436,4
66001,66087,486,6
65291,478521,396,8
71593,71614,487,4
68307,68316,370,8
63973,415335,490,2
415522,425238,432,6
68544,68562,354,2
73236,73237,392,2
71858,416674,451,2
427022,427072,501,2
65476,65515,481,4
65134,65152,372,8
68796,74193,433,12
60430,60431,431,8
72084,72089,424,4
71176,71190,388,12
71981,71996,413,8
73854,479939,487,2
72357,74368,400,16
70191,70195,442,8
424727,491426,419,8
59580,485433,337,2
62702,62703,478,2
73038,73044,391,4
65937,65956,410,8
68034,68046,407,4
69468,424078,315,8
72017,72038,489,4
69466,424078,438,12
63098,63130,337,8
62290,74223,481,4
71641,71660,346,6
70734,70742,395,8
67814,67822,337,8
69225,69230,348,8
66041,74094,413,8
71535,74003,498,2
66481,66482,418,4
62023,425877,373,2
59669,74020,333,8
71446,71475,456,6
65305,478347,396,16
72895,495456,367,8
63420,63427,484,4
73298,73301,364,8
68814,68827,463,6
62564,62571,427,4
61702,61705,224,8
68388,68395,485,8
64500,64504,393,10
66879,66899,470,4
62834,62843,299,8
62557,62564,479,2
62153,62166,408,8
62546,62551,324,4
64816,64823,444,4
479955,482086,463,4
71694,463633,458,14
72652,72665,478,12
70057,70060,415,20
71223,415625,535,10
72293,480604,468,6
66962,66969,477,8
72069,72074,338,8
72791,462755,461,8
62636,491450,422,4
65773,65820,386,8
71060,71072,396,12
69863,69886,371,14
61283,61284,447,2
67858,478849,332,4
486690,486692,365,4
62112,474161,494,2
63831,424800,392,6
70306,74030,430,8
71106,71114,444,16
61966,61981,373,8
70538,70552,399,8
64613,64618,437,8
71785,71807,476,18
71866,71884,430,2
66756,66787,418,4
72153,73864,372,8
71938,463588,423,8
477695,477698,488,2
491384,491386,352,2
461840,485904,366,8
70003,70017,463,12
65938,65963,369,8
65241,65292,478,4
67778,477707,409,4
71259,71273,465,14
62606,62625,388,8
71121,71136,458,8
70949,423192,411,12
70503,70505,482,10
70248,493243,357,10
70999,71014,483,8
66481,66509,462,8
64549,64550,341,4
63360,63368,453,8
66788,66810,426,6
72377,478524,437,4
70089,70124,467,6
69048,69065,419,20
65461,65477,358,4
71676,491799,331,2
72237,74014,335,12
66833,66849,420,10
62328,487788,405,4
73192,73194,320,8
68164,68178,423,8
64200,64201,361,16
70972,73752,401,16
68026,68034,385,8
68888,68904,427,8
65319,72413,460,6
70915,70921,382,2
67181,419670,390,8
69883,69900,458,2
71104,71117,457,4
62741,62760,477,4
68827,68834,406,6
66254,66267,379,4
69978,69986,438,8
60148,60157,332,4
70583,70622,467,4
71151,71164,409,8
71881,490782,440,36
70011,412729,423,2
66514,419673,498,2
70499,70518,440,8
68494,478346,349,16
70188,485506,436,8
63739,63757,280,8
72327,484179,345,12
71099,474405,454,14
63488,63501,385,8
66128,425731,388,8
68494,68512,418,8
68848,68852,325,8
60215,60227,459,2
60304,60326,412,4
71059,71076,435,8
69532,69533,497,2
71333,71340,417,6
70322,479475,440,6
61573,473253,342,8
62810,415545,409,8
63968,63974,466,4
63025,73736,350,6
412992,413486,461,10
73621,73648,379,4
70223,70257,472,2
60649,60686,460,2
65539,65542,453,8
72767,482786,326,8
71076,482706,405,12
64797,64799,468,4
64825,64842,345,8
66505,66517,316,8
72899,72905,387,8
64289,64292,425,4
71272,415681,445,12
67705,67714,347,8
68542,68568,418,2
72600,72619,462,14
69954,69956,374,8
70680,70690,420,4
63996,64002,313,8
424007,478505,462,18
62972,425790,455,16
68427,68458,399,10
71515,71528,452,12
66635,66640,359,12
59939,427092,460,4
72168,72182,464,16
72130,73707,416,4
68379,68398,443,8
61453,61459,366,2
70874,70879,481,2
72702,72712,418,12
64019,64031,397,12
67403,485892,305,2
70090,70105,446,12
72690,72692,429,4
68937,485318,278,12
67771,67773,391,2
60265,60283,357,2
68347,68356,471,4
64092,64110,469,6
70660,70979,484,6
73287,490708,262,2
72699,72711,481,6
71057,464022,433,14
71900,463596,437,4
60894,483603,479,8
70431,70463,420,16
61555,482755,399,4
70629,70646,466,6
62401,474202,472,4
65069,65097,487,2
63827,63836,435,6
71467,71478,355,8
70728,73750,469,6
65388,65416,447,6
64909,64927,421,12
71951,71979,465,14
65732,65814,465,8
70888,70895,405,16
62671,62689,461,8
71351,71353,357,12
65906,462241,362,12
64452,477620,491,4
66551,66577,443,4
73192,73202,457,8
62706,419392,458,4
68883,487100,353,4
70467,70480,424,4
74019,74034,464,2
71172,415738,421,4
69038,69049,279,4
421007,488509,409,4
71601,71614,366,20
426731,427092,484,8
60594,60601,464,4
71928,71947,422,4
71137,413486,394,6
63751,427087,383,12
66787,66834,496,2
71372,71382,358,4
70812,70813,401,4
65923,480583,453,16
63834,73735,382,24
65756,73943,443,8
72759,72763,453,12
65430,65489,468,4
70941,70948,430,6
71257,71297,264,8
69475,425792,462,2
60240,74110,459,4
65167,65176,395,2
70480,70516,478,2
473100,482826,391,16
69741,69747,312,4
66642,421719,494,2
63744,63762,495,2
66823,413521,284,12
73239,73243,408,2
71528,71535,497,2
415681,415749,439,18
72120,420661,368,24
70998,71030,494,4
71035,483446,485,8
66118,66120,492,2
74003,424926,487,4
60843,60861,319,2
68230,485314,463,4
63585,63588,446,14
71595,71601,466,10
71992,496913,343,2
74376,491428,369,8
62391,62396,361,8
71402,71424,458,4
71406,71411,404,4
70845,70856,480,10
69474,69476,416,8
70902,412736,375,56
62302,62311,466,8
64108,64115,317,2
71395,71419,359,8
62002,73939,501,2
61543,61552,349,6
66109,66120,368,8
63703,427240,398,8
63110,63127,403,8
64988,65013,434,6
62910,62967,496,2
66310,66339,461,4
60837,60858,387,4
64095,64114,364,8
70201,70229,400,16
69829,73764,238,12
65254,65294,494,4
63672,63706,464,8
70088,70106,391,4
68548,68560,442,2
60515,60540,483,6
67913,463369,436,8
61995,61996,455,6
60854,60861,482,2
70614,70652,495,4
64878,474388,447,14
64492,64508,444,6
68418,68446,428,8
60381,60400,433,8
69087,69100,421,8
492983,492985,394,8
70909,483400,483,6
418916,420742,491,4
61346,61347,466,4
63321,63329,438,12
415737,422291,369,2
63779,427087,353,12
72682,72696,482,2
71228,74042,267,6
62740,62741,385,8
427072,480828,426,6
72728,73494,350,8
63942,63950,436,16
61010,61034,450,12
67423,67432,413,6
72024,482832,465,20
68065,68070,400,8
65557,422339,501,2
70798,478953,348,4
59835,59837,481,8
71778,71787,359,14
70614,70643,465,8
63489,63520,424,8
73418,73425,493,4
62419,62434,494,2
420300,424094,469,8
73891,412434,442,10
65191,65227,448,12
70644,70671,438,30
66758,66772,488,6
71834,423140,459,10
71843,71863,415,4
71184,480709,466,12
65548,65573,364,16
72792,72795,395,8
68209,68230,443,8
69923,480872,462,12
67916,67925,460,4
70978,71006,424,22
66125,66161,320,4
62686,62699,416,14
69689,69700,485,4
65008,65046,476,12
62268,62271,456,16
71279,71292,442,14
64657,483235,314,2
62037,425773,372,8
71291,73635,445,6
66149,427474,294,8
71527,415520,495,2
61460,61471,449,8
60740,60742,357,4
65280,65318,448,8
71600,71615,500,2
66318,420963,374,2
59563,59566,347,10
61973,61983,464,2
71889,491793,490,8
66136,496894,397,8
69054,69063,499,4
71246,71267,392,6
71599,71614,453,12
65577,65601,487,4
70363,463621,408,8
60819,462034,366,8
71237,479968,296,12
63946,63947,461,4
65987,66054,474,6
71222,71231,447,12
60819,491428,252,8
68375,68384,305,2
72150,482783,324,8
73481,480715,403,6
68942,68952,382,8
70471,73898,358,6
72089,462742,430,10
71061,71062,486,4
60452,60475,378,8
71410,474149,449,10
63027,63049,322,12
64364,64371,441,4
71589,479994,411,12
73036,73041,501,2
71479,71500,413,12
72092,420151,450,4
72033,72038,409,8
70675,70676,485,4
71866,71875,366,4
64689,64699,486,2
70502,461505,478,14
73425,73698,393,8
65627,65664,316,4
65469,65509,356,8
71278,71290,479,6
72396,72402,430,36
68902,68911,369,4
71183,71191,494,2
66084,66147,466,6
63225,480004,385,4
62790,62851,379,8
62872,62927,413,8
66791,66815,346,4
66159,66215,414,8
70255,70280,412,18
68332,68335,445,8
72006,482352,437,8
70625,70668,430,4
64943,64980,455,14
70975,70976,479,14
71739,71761,457,4
62153,62156,391,8
65120,65134,399,4
73329,73330,432,24
64989,73984,470,4
63294,63314,485,8
68952,68955,474,2
60525,412655,476,8
64909,64936,472,8
72400,72403,342,8
63275,63286,326,8
71290,492980,438,4
71249,479968,456,2
62055,481464,362,8
71486,73661,324,16
60725,60741,341,12
72978,73001,434,8
60289,426772,435,8
65093,65122,403,8
71839,491705,393,4
66393,66411,349,4
62174,62178,313,8
71508,73878,387,16
68562,68570,379,2
71106,495913,315,24
425849,427089,413,4
68903,68908,408,8
68840,68860,499,2
63927,63953,441,10
66611,484393,330,8
72126,480353,355,34
61367,61372,435,4
72448,72459,380,6
62705,62722,427,6
60636,60662,459,8
64888,493250,247,8
66323,482863,328,2
71086,71099,462,8
70781,70788,458,4
426842,426846,422,4
63036,73736,426,8
70611,70651,489,8
72372,72374,358,16
68796,73452,411,14
73619,415625,431,16
65794,65798,346,2
68725,68739,464,2
461843,485904,392,8
62888,62896,324,4
420237,481056,397,8
65655,65662,391,4
70643,427178,443,6
60156,60162,381,2
61410,482340,261,20
61856,61863,355,4
70208,70217,453,4
71023,71054,464,14
73149,478844,368,8
71756,71765,381,12
71218,74042,428,12
68974,68981,339,24
66884,66903,410,6
71150,71172,862,4
70956,423172,466,12
72446,72456,467,12
73430,73437,428,6
70656,70676,442,14
73460,73927,393,4
63958,63969,343,8
71400,71412,429,36
69661,69669,411,8
62517,62531,461,6
71561,71567,398,16
71747,71776,445,4
71625,71632,398,8
61029,485920,455,4
415648,415670,473,8
72313,73822,365,16
66087,66126,486,4
60915,482864,493,6
71124,73659,400,8
65196,65218,455,6
62831,62879,451,2
70041,70088,501,2
72428,479939,411,8
71328,71341,487,6
65162,65179,358,8
69711,418842,489,8
65369,65414,492,6
72525,72576,476,8
73148,73154,444,8
72256,73975,485,4
71421,71439,460,12
71273,71282,372,18
71459,482782,427,4
415527,415528,464,14
73020,73025,402,8
70471,70532,476,2
70966,70968,388,10
69742,69758,427,8
66517,420355,401,4
73203,73206,301,4
73246,73250,445,8
59664,59670,482,2
71199,482596,452,34
61983,62003,464,10
69700,415869,305,6
73495,73500,466,8
71337,420241,451,34
63948,63971,442,16
69923,69945,484,6
72701,72704,456,4
71158,71188,488,2
65488,422319,206,4
66089,66167,414,4
59477,59493,383,2
74047,485722,460,2
65512,425774,357,8
60899,60913,418,16
65808,65825,421,2
71262,71275,369,6
64790,64799,412,8
71138,71184,462,20
71731,71749,426,6
65537,65621,485,6
72985,72986,385,4
67921,67930,416,4
64543,64556,453,4
68216,68218,467,8
417529,478001,351,14
70448,70493,482,4
71346,71358,488,4
60794,462038,415,8
72350,72360,397,8
70005,70012,494,2
60686,73805,369,4
73251,73255,396,8
71513,482833,472,8
65107,65135,396,8
415614,422633,494,4
63283,492258,219,4
72612,72614,415,8
63310,63317,374,16
66892,424508,481,2
69863,69877,439,8
73642,479997,362,8
72599,72625,420,4
70337,70379,486,4
59752,426727,409,2
65857,65884,433,12
71310,71312,336,4
68766,68773,465,8
72278,478707,436,4
60994,62610,444,4
64938,64973,429,4
72267,479852,362,10
72905,72914,339,8
70041,70050,483,10
71014,492984,310,2
70168,70184,409,2
63900,425945,402,12
73171,73177,439,8
71200,71205,390,2
72613,72629,378,4
60685,60713,337,4
71345,71363,410,6
73668,424920,469,4
62929,62967,441,8
66075,427474,488,10
71537,72016,496,2
62495,62496,466,6
61970,412676,498,2
73579,73580,325,6
63059,63085,444,8
65219,65252,422,2
63712,63743,425,14
71048,71065,390,2
69206,69210,321,8
69734,69748,374,8
71541,424926,458,8
73230,73237,452,2
66340,482863,454,4
65638,65821,456,8
72227,73976,412,4
67147,67153,494,2
64529,64530,285,4
73058,73063,301,16
62705,485816,466,2
65014,65018,357,6
70274,70301,460,10
69679,69681,468,4
72073,424723,495,4
70658,70978,335,12
67617,67626,468,4
63586,63596,451,12
422276,491303,415,8
72737,72751,353,8
65929,65969,361,8
71406,480344,490,4
478620,482697,325,12
59689,59692,376,2
63775,416744,408,8
73485,73486,378,4
71517,415520,458,36
60930,74183,289,2
72214,72231,489,4
68867,68883,356,8
68488,68506,411,12
59855,482862,476,8
71232,71252,395,4
70095,415113,399,4
68746,68753,443,2
71282,479068,378,18
73162,73171,470,8
70894,70905,446,4
62301,492206,425,8
70396,70419,436,20
72887,72891,444,8
66037,492156,446,2
70748,70753,463,8
71840,73646,386,10
66572,66586,411,8
68242,73746,482,2
72420,482354,382,8
67280,74100,297,8
62265,62266,374,12
65796,65819,451,16
66708,66723,397,8
68647,68662,481,2
65028,65039,452,8
64891,64904,363,8
60855,60868,234,4
61997,425877,433,2
59859,482862,451,8
422756,496892,388,4
68535,68550,404,8
73856,415098,444,2
68242,73197,390,8
64640,64657,388,4
68953,68970,418,8
67255,67267,472,4
70855,70861,474,14
71944,71958,420,16
70286,485504,451,16
69348,423789,415,8
63671,63696,413,6
71113,71129,482,12
71892,71909,482,8
62133,62146,430,8
72437,72454,484,4
73324,478648,418,8
65069,65092,416,8
71642,71650,461,4
70027,70101,484,8
70629,70663,483,2
65598,486946,393,12
72511,72519,456,20
66923,462549,429,2
73941,73942,402,8
61250,61252,333,2
73864,420776,384,4
70010,70014,490,4
60422,60441,479,26
60819,74376,332,8
73412,73416,490,2
65952,65959,455,4
72984,73000,475,8
72926,72932,379,8
486729,488507,380,2
71911,415648,477,8
64932,64943,451,8
60220,60233,479,8
64933,491421,273,8
71887,71907,336,16
59546,483394,461,8
63507,63514,484,6
66306,66310,313,4
61049,424612,335,8
478876,478906,475,4
66565,66590,363,8
60216,60221,351,8
69582,69599,451,4
71318,412695,415,16
62370,62374,444,8
70263,492986,457,12
69802,69826,380,14
61215,425771,380,2
72904,72914,432,8
73248,73256,460,4
479365,491126,347,8
64856,64878,496,4
63672,74082,460,4
72737,427777,461,2
64407,479911,390,2
70358,70373,410,6
61428,61429,452,4
63537,63549,387,8
71655,71672,408,8
59865,59867,455,8
70217,70244,370,8
66325,66346,418,8
71258,71269,361,2
64530,64549,468,8
63818,63826,409,16
69786,483713,469,4
73729,480612,390,8
71926,482353,456,4
63894,73721,491,6
65753,65769,398,8
64362,64369,410,4
72198,490784,424,4
67989,68008,372,4
66065,491914,178,4
72414,72415,428,10
71510,485871,474,8
65256,65282,444,8
61371,61375,445,8
70815,70839,469,4
63419,63439,456,4
70729,70732,303,6
70619,425793,391,2
67310,462471,382,8
72606,72612,412,8
64068,64113,408,8
71585,73649,458,4
64122,64146,448,8
62926,62972,404,4
62722,62746,429,4
66503,66528,482,4
71312,71325,484,4
60819,493456,424,8
68908,485318,472,4
68916,68939,406,16
71216,73639,398,39
60480,488612,366,8
63304,69586,413,12
69601,69609,353,8
71038,71048,428,4
68850,423829,458,8
60107,60137,399,16
69186,69192,410,8
74014,426541,490,2
69905,69928,371,8
69730,69738,386,16
65828,65879,361,8
72735,72757,406,4
69684,69693,482,2
63207,63211,381,4
66004,66065,484,4
63230,63237,363,8
60666,60698,368,8
61828,61850,368,2
63889,63911,464,8
71654,412726,399,4
464034,482821,350,2
70886,412736,476,4
66250,424028,373,2
70317,485504,460,8
68153,68162,497,4
68928,68933,427,8
67428,67432,405,4
70107,70135,439,12
65145,65168,332,4
73455,73457,454,8
63729,73919,450,6
61190,61192,499,4
66998,67010,452,4
70438,70456,438,10
64904,64911,349,8
71992,72019,438,2
71860,71865,443,8
68405,68417,500,2
65463,65507,493,2
64821,64859,447,8
70071,70079,430,12
71461,71467,284,8
71434,73793,470,14
68207,485314,392,8
68242,73196,442,4
62539,62544,419,2
72323,484179,434,20
64697,64709,463,14
70508,70531,371,8
69717,69734,463,8
64902,64936,427,4
71818,71842,349,2
64547,64557,373,12
72326,72333,497,6
64016,64037,382,4
66026,66047,351,12
72449,72450,341,20
63756,63766,458,6
68267,420662,363,4
68526,68540,368,8
70675,70988,468,14
60930,485781,297,6
70100,70116,387,26
65958,66018,459,8
71200,71210,470,2
71130,73638,431,12
65189,65213,441,4
65606,65638,439,6
64787,64794,380,8
68972,68983,308,4
72270,72273,437,14
60350,60371,454,8
62693,62752,432,4
71225,71247,430,6
60515,60533,403,8
65495,65559,360,4
69709,69714,480,4
60841,415426,401,4
60733,60745,379,4
412687,464026,374,6
69556,69565,465,6
65195,479271,316,8
64798,64804,275,2
62700,62754,468,8
463633,481056,463,8
65154,65171,335,4
73677,73700,486,4
73625,479895,392,36
69805,69852,485,6
62380,62388,460,2
60864,60866,371,24
73851,424718,399,8
60271,60282,351,8
70313,483874,348,20
71447,71481,439,6
70532,70547,390,6
59584,426985,381,8
70947,70954,447,8
66733,485819,338,2
71780,71799,436,20
70421,70464,367,4
70285,493243,442,2
71527,71546,468,4
60605,60649,423,4
72438,72449,446,6
70397,70428,447,2
71504,71528,452,26
72068,482909,435,8
71953,71975,459,4
71018,479953,432,10
65810,74092,431,6
70572,70585,302,4
73618,73619,453,8
72124,72139,467,4
61447,61453,487,4
64100,64145,498,4
64302,64315,491,4
65788,65816,433,12
73521,73528,496,8
63258,63261,418,14
59551,425686,401,8
62739,483814,440,2
62760,62812,498,4
61378,61379,486,4
60705,60729,437,6
67282,67286,435,8
73508,496049,393,2
73452,73723,478,4
67831,67837,341,8
70489,70515,438,12
65404,65410,439,8
73620,415625,408,40
67533,67537,375,8
69538,69540,334,12
70811,70823,400,42
66280,66336,456,8
73605,480549,348,8
71850,71868,426,6
67610,67616,424,8
72082,72091,457,4
62864,62874,355,12
63018,63076,500,2
70517,70532,367,26
66114,420959,441,4
64812,64839,484,6
72052,74003,421,16
70443,70458,319,6
73295,73296,419,4
71119,71150,476,6
64999,483241,357,8
73542,73557,385,8
62062,62075,489,4
69866,69885,421,8
72916,73966,477,8
61790,61796,436,4
64775,64789,435,6
72397,480352,473,20
72018,72027,429,2
68498,493516,485,2
71779,71808,470,6
70599,478861,432,8
65421,65424,419,10
70179,70223,428,8
60982,60998,451,12
67691,67693,456,8
64271,64285,430,8
66699,66710,405,8
60978,61004,309,12
62953,62992,446,8
70831,70832,401,12
71528,71536,415,14
72270,491329,465,6
62312,492206,484,6
73966,426634,256,8
68129,482351,364,66
72433,72443,433,6
60335,60342,313,4
462742,480726,401,32
73005,73012,453,8
64589,416745,464,28
61997,62008,427,2
69982,70033,392,6
64950,421011,466,4
62116,62125,449,8
71223,415852,478,10
68411,68444,465,4
60330,60332,423,16
66829,66855,483,6
63474,63507,427,10
71687,71710,421,20
71322,462072,483,6
70505,70550,474,8
416545,490783,403,4
63799,74090,473,16
64598,64602,329,4
64118,64134,467,8
63581,63601,458,8
63864,63874,387,8
72451,464035,454,12
67615,67623,406,8
70768,70774,398,16
71241,474150,469,14
70568,70571,420,8
71013,71026,477,4
71350,71366,467,36
69480,69487,474,14
67545,67553,302,4
66820,493509,469,14
66613,479555,458,2
62637,62659,316,8
73857,420820,335,28
70492,70562,433,4
69930,69931,397,4
70193,70228,448,4
63639,63657,418,8
63611,63629,452,8
426083,477223,445,18
67458,480713,284,16
66654,422243,462,8
63189,427114,452,4
70429,482729,260,6
68809,68833,498,6
64091,64112,373,16
62324,486069,320,2
71261,71297,366,6
72080,483391,356,8
71908,424088,387,18
59430,59431,490,4
71994,482352,426,8
64496,64502,471,4
67097,422080,469,4
71700,71709,490,6
70084,420314,354,6
60845,60856,489,14
65765,482100,395,6
70575,70590,382,8
69804,69813,421,14
70438,70441,488,4
70253,492986,288,4
72274,72290,1239,4
73129,73131,382,12
72720,72739,421,10
59539,59547,376,6
63269,492258,409,4
62491,62506,493,2
68692,68696,391,2
70446,70461,403,12
73256,73264,357,4
69813,69821,452,36
69296,483669,433,8
485761,485784,454,4
64313,64317,451,4
66482,66487,459,4
68763,68771,454,8
59748,59756,478,4
60497,60520,431,14
66883,66908,381,8
69617,69626,445,8
66236,66263,438,8
73500,74017,482,2
65076,65105,439,6
70529,70576,497,2
73086,73090,433,18
60258,426772,495,4
70575,70586,430,8
71531,74027,451,4
70933,73886,467,6
64041,64070,467,8
62071,481464,464,8
65419,65478,414,8
72030,72033,492,6
72037,72429,479,2
61460,61473,465,8
71135,463776,468,8
59956,59960,375,8
68909,68919,309,4
72738,72756,429,8
60637,60664,439,8
70063,70072,480,8
70092,70125,453,12
71460,71471,461,4
68487,68496,418,12
62067,62075,459,30
61494,61512,473,4
65151,483240,360,18
72005,72022,486,2
72744,72760,468,8
68713,473065,274,4
69855,69894,427,8
65484,65550,381,4
64720,487072,437,8
63515,63535,420,12
63937,63963,386,8
59581,59584,425,8
63341,63350,457,6
69099,69106,433,4
62038,62043,367,8
63434,63447,404,8
66297,66334,461,4
70658,71006,477,2
62813,62855,376,4
72685,72695,386,4
64097,73947,403,6
72890,72894,456,4
66066,66115,406,8
73094,73098,404,10
68401,68406,419,4
68493,68509,389,8
71317,71328,484,12
72389,73906,469,8
71529,71540,312,8
65305,413171,433,8
64920,64941,432,6
70286,70296,369,8
66014,66029,436,8
67868,67876,490,2
71495,71521,462,16
72890,72896,495,2
69761,69786,476,8
63916,63930,376,8
71111,71147,452,28
67775,67779,488,4
72265,72277,457,4
73983,483231,338,4
70161,70206,398,8
62715,62759,376,8
67765,72960,428,8
64135,64146,458,8
70898,70908,488,6
72667,72677,379,8
70878,70888,459,8
67999,68006,352,2
60856,491428,458,10
69708,69709,449,4
74149,74151,489,8
64308,64310,412,8
66053,423365,484,2
65921,73810,395,4
69524,477754,362,10
66254,66295,425,8
61011,61018,456,8
64734,491394,462,8
60299,62339,457,4
71432,474355,450,14
65132,65134,463,4
73634,73636,484,4
73486,480711,380,10
68247,68253,385,8
62671,62687,379,8
70946,70947,432,8
72990,72991,404,8
70848,70871,497,2
65922,65952,333,4
66075,66192,488,2
71214,463564,415,32
65005,65054,461,8
62841,62908,399,6
70934,70936,422,12
72081,482853,360,24
72870,72871,404,8
69922,69944,442,4
71233,71236,418,8
71388,71410,493,4
72210,72238,411,4
72944,425816,458,8
73449,73723,333,8
70584,482835,449,36
68417,68427,437,10
71345,71352,393,6
69152,69161,408,8
60763,60797,441,20
70133,70175,469,8
72914,72923,431,4
66495,66502,431,8
65016,65049,404,8
74004,491564,413,4
72756,72769,441,12
65109,65118,286,4
416744,420144,409,12
64028,69510,422,6
425901,425902,432,4
74054,464006,451,4
69993,70043,494,6
73794,474151,300,4
65406,425775,488,6
69253,69256,430,4
72903,72904,416,8
63007,63018,346,12
478861,497021,381,18
72481,425794,342,4
64495,64505,364,2
63990,491424,440,12
65457,425797,500,2
74027,485818,283,2
71932,71938,363,12
61872,61881,423,8
69260,415823,464,4
60982,485919,439,4
70536,70543,462,4
60403,60407,392,8
66031,496891,263,2
71335,478885,438,6
72572,72584,481,4
63636,63669,335,4
61998,62017,425,2
66725,66737,366,2
64908,491421,421,6
67587,478714,445,8
62182,62194,495,2
70894,70898,422,8
59590,59596,458,8
71459,71493,440,4
60165,60176,430,4
60199,60216,415,8
71943,71949,409,2
73676,463764,390,14
65184,65210,396,8
71248,71253,441,8
66098,66112,402,8
66190,66269,424,2
60211,60234,482,4
72293,72297,422,4
72898,72899,358,8
67699,67705,351,8
70558,74116,467,4
71205,71229,482,2
63276,63289,373,10
72283,479852,484,4
420962,420963,253,2
63238,69559,435,4
71138,482727,357,8
68788,68814,487,2
66496,66531,474,4
65434,65457,458,8
59577,426985,387,12
71814,491774,486,8
63923,491454,495,6
60996,74046,310,4
64203,477563,390,8
72811,72813,441,4
60471,60524,461,12
66653,66669,440,4
63469,63490,456,10
60457,425930,417,8
66651,491312,253,6
71475,482697,462,18
70877,70878,461,12
60815,420729,449,8
72567,490825,490,2
73134,73140,457,4
67806,67811,450,8
60263,60284,408,6
420997,421002,485,8
72175,424842,434,4
65155,65193,458,6
60504,60521,418,8
69877,69902,390,8
64838,64865,461,4
66390,66419,380,4
70371,70392,397,8
70162,70203,500,2
62887,62933,467,6
66031,66039,437,4
68637,68642,452,8
71070,482824,435,4
72132,72149,445,2
70480,70505,492,2
70647,420033,257,4
72381,413312,470,16
72555,72562,429,8
70840,70856,484,8
70887,70893,356,8
69451,69455,259,8
72041,72420,389,4
70888,481099,465,8
62800,62808,363,8
63995,64008,408,4
65845,491307,225,8
62901,420171,277,8
65703,65721,491,2
71792,482731,399,8
71819,71833,304,4
72254,72262,477,4
73117,73126,476,6
63710,427240,494,4
65456,425775,334,8
71067,73675,411,30
62250,62255,470,8
64934,64937,396,10
70643,478866,497,2
478454,485796,441,4
73206,73210,315,4
64622,487807,396,12
70049,479935,366,10
64112,64141,472,2
73212,73213,466,4
69359,69365,488,8
462034,491428,402,8
71644,71659,412,8
66283,495734,278,4
62879,62931,361,6
66947,66967,481,8
64585,64598,452,8
70984,491747,493,4
59583,59585,440,8
69877,69884,434,14
73548,73551,383,6
63753,63784,447,8
66872,73762,463,8
72275,72314,442,18
71087,71102,372,6
65809,482771,498,4
60941,485781,393,4
66878,66889,487,4
59522,59537,419,4
64311,64338,500,2
68094,68112,452,8
72037,72417,430,6
71416,71452,445,4
417845,482751,325,2
67846,414686,497,2
59976,59996,477,4
72122,72153,383,12
65414,65454,472,8
59776,59786,392,8
72258,72273,436,12
72863,72865,481,2
491566,491758,499,2
72994,424436,340,8
69697,69710,475,2
69314,69316,403,8
62769,62782,311,2
70522,494520,354,22
74017,480711,450,2
71670,71687,422,6
65580,65610,419,8
68629,68630,312,4
72233,72255,478,2
71557,71567,480,12
73444,73446,491,2
70076,70080,461,4
72206,490784,660,12
62531,62535,397,8
63491,63495,468,12
61199,61204,470,4
71129,71144,333,4
61510,61525,479,2
60831,60841,345,8
63254,63287,385,12
71019,71056,486,6
65514,425775,464,4
71142,482727,403,8
65578,65676,493,4
64770,64783,442,8
67178,67179,486,4
71180,73618,489,14
479271,479274,450,8
73741,419411,301,2
73425,73435,448,6
423708,423709,390,8
69213,74087,478,4
63889,63905,462,10
69620,463511,488,4
71188,71198,429,4
70884,70891,361,8
68350,491426,471,4
73515,73516,486,6
70518,70559,405,8
68420,68432,361,2
63075,63101,432,12
73248,73249,397,4
70864,70876,419,2
66939,66965,436,8
482347,482350,452,8
70021,70052,462,18
60951,60963,433,2
419794,421970,391,6
72737,72743,400,12
65739,65792,453,8
415225,415244,496,2
68330,68344,383,12
61400,426785,465,6
62642,62656,389,16
60948,60975,484,4
68400,74198,354,8
68371,491425,458,16
60671,490562,458,4
65712,65758,346,24
72936,72940,382,8
61674,61675,379,8
60616,60640,451,4
60211,74111,352,4
66064,66147,489,4
68237,68265,479,4
72391,72392,474,2
71479,71499,452,8
69271,69278,370,2
71810,71833,463,2
73497,73507,461,18
71145,71164,461,6
64481,64488,445,10
74224,480962,471,8
66621,481670,478,4
70856,70862,420,4
61419,412042,278,8
72376,413312,491,8
60561,60609,490,8
71255,71260,447,8
60418,62373,489,2
70910,481099,403,14
71771,71774,370,8
65035,65072,434,4
65138,65151,472,12
72219,72225,436,8
66479,66500,418,2
70752,70759,500,2
63715,420742,395,16
70818,70823,410,20
62456,418870,419,8
65519,423617,282,8
64002,64011,378,8
71248,73630,465,6
66119,66160,398,8
73022,492181,333,8
71306,415681,523,2
65897,486686,474,4
64293,64299,476,8
70246,70257,465,6
64779,64790,436,4
72115,483468,336,4
65262,65297,375,8
72057,72072,473,22
61863,61872,449,4
66729,66746,453,10
74192,423648,420,12
62693,62751,483,4
61569,61573,477,4
62830,62856,429,4
65498,65573,409,6
71494,71498,486,8
66283,66314,456,4
62604,62637,370,4
61630,415634,425,4
70200,70240,341,8
71244,71256,336,4
70864,480357,378,4
71161,480747,487,6
72031,72430,433,10
71351,71352,443,10
70596,70615,473,8
70966,70967,283,6
71367,71371,455,20
60974,61003,474,4
420816,420828,409,22
423648,483637,361,12
65465,425985,300,4
71470,71498,405,4
71786,480597,470,4
71347,71354,451,2
62085,62090,402,12
70479,70501,475,2
64587,487807,499,4
70720,473292,443,2
70635,70644,399,4
70776,70792,421,8
70869,70870,490,4
62774,62796,381,8
71452,71461,431,16
66404,66430,451,8
71897,71901,496,4
63357,63367,415,4
62537,62541,477,2
72677,461959,337,12
59937,59956,500,6
71596,479918,374,10
69787,69804,452,6
72216,72232,458,10
69826,69865,492,4
61192,426111,292,8
71428,71430,403,4
68336,491425,459,8
65517,65546,412,8
62630,62675,472,8
65959,425986,291,4
59943,426737,499,2
64437,483242,451,4
65464,65468,386,2
70686,479927,359,16
71987,72007,403,8
62195,62200,497,4
65018,65041,364,8
66747,66761,454,6
72285,72292,463,32
73468,73478,501,4
62210,62217,420,8
69996,70021,474,6
62512,62519,397,8
66188,66222,497,2
61749,61751,485,8
73340,73344,467,10
72072,72085,455,2
70082,70085,453,8
72677,72682,478,6
61901,61914,445,8
73216,73220,497,4
62155,62170,411,8
73633,73636,472,10
415335,479368,428,8
66129,66177,440,2
71709,482696,500,2
71542,71549,455,4
73909,480842,364,8
70578,482603,419,8
67540,67547,453,8
72231,72240,438,6
63449,63459,382,16
66030,66088,396,8
70416,70443,411,4
72882,72885,470,8
71224,71233,452,10
70781,70784,275,8
72269,72270,494,2
63725,63765,388,4
66514,419659,418,8
67492,67506,261,2
69293,69296,310,4
64596,416745,421,8
74059,482854,487,4
71551,422805,477,2
68550,68576,351,4
64799,488071,350,4
73297,73911,433,6
72746,72755,489,10
65797,65824,426,4
60765,492180,465,14
71051,71052,367,8
63601,63654,477,14
68198,68221,406,2
71941,71952,410,12
69836,69866,429,20
65833,421849,474,4
73446,73454,426,4
72904,72905,403,8
70427,479898,402,16
69051,69060,422,8
63548,63566,489,2
71322,71338,499,2
70375,412692,338,10
59683,59689,464,4
66000,66062,482,6
61207,61209,400,10
72960,74114,462,4
64973,65007,441,4
70687,70693,458,4
63480,63508,328,4
70177,70215,456,6
64849,64855,353,8
60944,60955,467,4
67897,415522,485,4
70642,70666,1251,4
65894,65914,483,6
69847,69881,375,16
73039,73042,484,8
67695,67708,453,8
65703,65728,348,8
65573,65591,441,12
482876,482877,424,8
63544,63572,453,8
416653,421823,450,2
71330,415726,462,12
61019,61028,397,8
72071,72082,360,8
72994,487150,334,8
64538,64557,454,2
427089,491562,479,2
64758,420134,449,12
70918,70934,406,14
64891,64896,369,8
71216,71225,482,12
61676,61680,328,8
68400,68414,352,8
70579,70619,474,2
65649,417719,445,8
65024,65047,343,8
72008,72033,453,4
65192,65199,469,4
73859,478374,456,6
66220,66263,388,4
70617,421424,402,8
71054,71077,489,8
72336,72347,498,4
71702,74038,469,2
66704,66710,405,8
73053,482873,404,6
59566,59567,478,6
72182,72196,434,6
71409,71420,468,6
63673,420742,469,4
70605,70623,465,8
61488,485795,392,8
71947,71960,498,2
60234,74111,494,4
65523,65536,501,2
70344,482754,397,2
62291,62297,485,2
67897,425238,331,12
71435,71464,452,12
61107,61109,333,2
71871,71877,336,18
70018,70044,496,8
71075,71091,474,8
66871,473166,468,12
72229,72235,332,8
66105,66164,458,8
65861,65918,349,8
62831,62841,402,2
69748,69761,466,8
66281,66283,362,6
62563,62569,382,4
74025,479852,380,4
62775,483807,421,8
62022,62037,490,2
62856,420736,469,2
477754,477767,382,4
71854,71856,431,4
59628,59631,442,8
62517,62527,431,4
70187,70188,360,12
62529,62536,471,4
70221,70238,497,2
66236,66289,433,8
73731,73732,394,24
72193,72210,452,2
61617,480961,442,12
72623,72631,261,2
69066,69092,413,8
59596,59599,439,8
70816,70830,386,4
69210,69213,434,8
74093,421035,455,8
63038,63051,391,8
62322,62331,492,4
68239,68261,445,6
65520,65532,481,6
73070,73074,407,4
61205,61208,369,4
63296,416584,356,8
64971,64989,396,4
70827,70835,315,2
72412,72416,411,8
64917,474388,424,8
69123,69129,403,24
65515,425775,489,2
73201,73206,428,4
73775,74094,472,4
61453,61461,462,4
60733,60735,427,8
69423,69427,427,2
63878,425945,501,2
70347,70365,445,12
72212,483407,281,2
73508,412734,430,8
68433,68435,488,2
61545,482755,159,2
60590,74066,273,8
416499,416528,450,4
60972,60996,397,4
66392,66428,475,4
70168,478864,385,2
68701,73378,496,6
66292,66333,458,6
71384,71409,456,12
68206,68212,458,16
72414,492324,394,4
63531,63558,441,8
73432,485922,485,8
73238,73242,436,4
67807,67823,418,12
59555,485906,476,4
70554,486688,403,4
71897,71917,472,4
71233,73644,490,6
71626,71638,491,4
70607,70650,455,6
70870,70873,409,4
66843,66849,439,8
70300,70312,458,6
73168,495453,451,2
66600,66642,502,2
64914,64915,438,10
60689,60698,467,8
71209,412659,466,12
66221,66273,466,12
65147,65154,380,4
60479,487154,464,2
71780,73855,467,4
70677,71561,416,16
60900,60909,416,12
71296,462072,408,8
60249,60265,462,6
65589,417697,496,4
70100,70114,462,16
69872,482856,475,12
64328,64347,443,4
59517,59530,477,8
71458,71497,477,4
61906,61918,478,4
71372,71392,435,4
69285,74097,451,8
70448,479898,383,4
69607,69622,451,4
479936,480754,482,2
72146,74028,432,4
67842,67877,461,12
65189,65195,347,8
68562,68567,296,2
60823,60837,465,2
64508,64515,433,4
69961,69964,444,8
65942,65960,389,14
60910,60921,482,4
71840,463767,433,10
63144,421800,360,8
72020,73798,495,2
66962,66978,440,12
70626,70629,394,24
71355,73689,392,10
487087,488494,361,4
67546,67550,363,4
62652,62670,391,8
64528,64566,500,6
70466,426182,464,4
64140,64153,359,4
64959,483241,430,6
65497,65523,401,8
63507,63547,438,2
72300,72312,448,8
72112,484414,472,6
65715,65757,493,4
67889,67892,424,8
68357,68387,475,4
69725,69732,335,2
64502,64530,461,8
73152,73157,474,8
66029,66078,454,8
60934,74051,446,6
72089,480726,364,20
62193,62195,426,8
72017,72033,379,8
70373,482776,480,6
65896,65945,450,2
65359,65388,495,6
66778,490532,411,4
67418,67438,480,4
64915,64943,447,4
66431,66448,402,4
68702,68714,433,8
65119,492079,415,2
72527,72540,462,8
72514,73992,340,12
62549,62551,461,2
65031,73983,485,2
69855,69891,460,8
70429,70481,423,4
73475,73477,460,2
69102,69106,460,8
68719,495659,308,4
66129,427474,492,4
68696,73385,431,4
73329,73338,460,16
69490,73718,480,10
65195,65213,335,8
63153,419905,409,4
71315,71325,469,4
63002,67506,371,2
64695,64698,420,8
65453,462755,404,8
60358,60370,487,2
65548,65591,374,8
63011,63032,489,2
61416,482872,322,4
71572,480705,346,40
417906,482086,395,4
72627,72637,367,20
60924,60954,400,4
70809,412567,443,8
72630,72633,449,4
73110,73111,437,12
65969,66030,475,8
71270,73642,447,6
71989,424920,488,12
71064,71086,331,3
62864,62917,450,8
72148,73937,477,4
60978,61024,446,8
63037,424720,322,8
60740,74142,352,8
60248,473063,326,4
65089,65137,397,8
69462,70059,403,8
73078,73079,294,12
71302,71307,410,14
65838,462042,332,8
72985,72995,413,2
64556,474307,453,4
59679,59680,472,8
71405,71423,404,16
70601,70642,493,8
64874,64891,345,8
71073,71086,487,6
66774,66791,456,6
63398,462315,493,4
69838,69883,456,2
66039,491911,312,4
70906,482831,336,8
70058,70063,462,6
70544,70566,384,4
59863,59868,425,8
68151,74045,490,2
65854,65898,416,8
68578,68589,462,4
60729,60738,456,8
60612,60618,402,8
61425,482872,308,4
62902,62936,391,8
72363,72367,451,12
70674,70675,381,8
72593,72615,487,4
65307,486943,440,2
66696,494969,427,4
60530,60535,472,2
65169,65199,471,8
65500,65525,335,8
70752,70755,430,4
70820,70831,495,4
71922,74004,456,2
71673,481056,435,8
72762,427777,440,4
69516,69517,402,24
66854,66872,399,8
68574,73308,484,2
66133,66165,430,8
71056,71074,498,2
65849,482702,422,8
70940,70943,497,2
73027,73038,470,4
70403,70440,470,12
66227,66266,429,8
66053,420959,324,8
72597,72609,329,4
68896,487100,463,4
65398,65420,461,4
72709,72715,374,4
69491,73719,470,2
72012,72018,389,4
420144,420177,500,2
61970,61973,440,6
61867,427295,457,4
70592,70606,450,4
68925,68939,501,2
68187,68208,391,8
427089,491564,384,6
70422,70435,419,14
60709,60738,380,8
70310,70342,454,20
66375,66390,366,4
71787,71792,488,2
71274,478842,480,8
65162,479899,483,8
72140,72147,470,10
65512,65593,408,4
70631,414770,487,2
71548,479933,480,4
72260,72269,484,2
68397,68398,472,4
73512,73518,338,2
463843,491482,365,16
67833,67840,495,6
62062,62068,363,4
71815,71834,450,14
71694,481056,395,16
68230,68251,405,8
63319,63334,497,2
69916,69948,464,8
64113,64123,413,4
71222,482840,386,4
73496,73503,440,8
71801,412724,488,2
65053,65079,372,2
61856,61869,462,2
65403,65425,381,2
59819,480828,486,4
71346,73643,449,8
71714,71720,371,2
60392,60425,489,8
60942,60956,355,8
66254,66340,499,2
72401,483233,337,16
62671,73767,472,4
73705,426579,450,8
66419,422756,472,4
72666,72671,467,6
70673,70998,454,4
65913,73809,407,4
62487,420235,399,6
71110,482787,424,6
477561,483417,492,4
68194,68225,326,8
72458,74033,470,2
63926,63947,479,2
69605,495701,443,4
72398,72405,410,4
59573,426557,359,2
72502,74367,392,4
69871,69895,423,8
73470,73474,457,6
70046,70057,373,16
60234,422633,300,4
71130,463756,399,4
73801,415670,378,8
71369,71373,337,4
65199,491452,445,8
462653,485908,367,8
70169,70173,465,6
63798,63800,443,8
72731,72739,361,8
63975,63976,458,8
71557,479958,400,16
62666,62722,455,10
70141,70145,320,4
61454,61461,485,10
72541,72544,492,2
73125,73139,470,6
70846,73881,1430,4
62638,62648,400,8
72675,72683,483,4
64935,64969,435,8
68712,68720,327,8
67916,67920,446,4
64483,64490,440,8
72516,72520,441,16
65294,65310,411,8
59885,495059,386,2
69099,69113,400,6
70355,478671,389,4
73770,73771,380,8
68526,483590,482,4
70242,70252,436,8
60698,60731,417,12
65792,65858,359,4
70445,70517,472,6
69944,69958,387,8
73718,73719,479,4
60307,487096,427,8
68929,68946,453,8
68968,73541,422,8
64317,64328,422,8
72533,72537,460,8
71996,71999,478,4
69540,70680,460,4
60301,485910,349,8
69982,420186,462,14
63636,419305,416,8
74198,485843,277,4
70727,473293,452,8
69566,73896,439,4
71301,482825,411,24
73501,73515,424,8
63914,478350,442,8
71501,71510,472,10
72931,72937,492,2
72606,72624,467,4
69759,69813,1020,4
70059,479935,456,4
67060,482331,399,8
65075,65101,420,8
70846,71349,449,10
60238,60269,492,4
70459,70467,424,4
70432,70486,461,16
63853,73735,452,10
65297,65320,442,6
65120,65132,434,6
73103,73104,477,4
73902,479925,431,6
66250,423648,422,10
69766,415528,438,10
71922,427089,315,4
72013,482790,414,18
72189,482854,478,4
66663,74375,487,2
64933,64975,486,4
60672,483624,386,8
66272,66273,263,8
71125,71144,445,14
71584,71586,445,8
59538,59546,402,8
63701,495733,344,6
479911,492836,459,4
68845,68850,320,4
64793,491445,318,2
63120,485812,425,6
72271,480604,402,8
59576,461843,474,8
63940,63964,471,14
64163,64173,417,8
64797,488071,408,4
62043,62053,344,4
64742,420134,381,2
72187,72206,445,20
70003,415678,467,8
70554,70575,408,10
70999,492983,267,24
71953,491693,417,10
62773,62788,415,4
71139,73641,435,8
70694,420664,480,2
69441,73952,454,8
60641,60725,335,16
68335,68339,447,6
63940,73721,470,8
62413,62422,475,4
69616,69627,407,8
63215,63224,369,8
426758,426762,421,8
70928,483400,451,8
69020,69028,399,2
65667,481036,275,4
71241,71255,338,4
72564,72572,435,16
69639,69653,448,12
72568,72582,470,4
66281,495734,481,4
70856,70863,395,8
417630,463754,416,8
63210,478358,369,8
68813,425008,363,4
62613,424596,392,4
71678,71696,418,8
65523,65592,409,8
66050,66113,418,2
72479,424956,274,4
59581,461843,461,8
71707,415674,449,16
71202,71221,492,2
63542,63562,446,2
64995,65010,380,8
70566,70597,364,4
66321,66347,480,4
63282,63296,398,8
67771,67775,447,4
491441,491442,417,2
72896,495456,416,4
416091,480353,412,8
64107,64121,326,8
72276,479904,450,2
69200,69204,463,8
71801,71803,494,2
69751,69772,465,6
72593,72621,356,4
71228,73620,498,2
60282,60303,448,6
71943,71970,438,2
70888,70899,336,14
73365,477288,437,16
66097,425947,422,4
70808,478953,461,2
59604,59610,450,8
72489,425794,362,8
69944,412732,364,8
71722,71728,429,32
73620,74042,482,4
72739,72747,464,4
69325,69331,460,2
66810,66838,393,8
70061,73960,435,8
60835,60845,481,4
73076,73086,374,6
68982,485471,363,2
72240,72249,441,10
61821,491299,497,2
64625,64636,380,8
72770,473790,454,8
492305,496892,369,4
64115,64132,307,2
61009,61032,422,4
69468,425791,458,2
68498,68524,495,2
70689,70691,472,2
65035,65080,486,4
62710,62742,383,8
66853,66874,494,2
63577,63803,298,8
71879,71896,492,2
69584,69589,474,8
63585,424824,457,4
70228,70240,445,2
71475,73662,448,10
70426,73700,338,16
63539,63571,491,2
70592,70610,390,16
73504,74010,343,20
69679,69702,451,4
423119,482705,392,8
62050,481667,343,8
66496,66513,443,8
66377,66404,461,4
70516,70558,428,6
71736,71745,366,4
72367,72375,435,2
67941,67965,489,4
424919,495861,470,2
68491,493516,391,8
65929,65938,497,2
60563,412655,365,8
70591,70597,385,2
69539,70686,501,2
68397,419945,402,8
66545,66559,385,14
70477,70492,286,4
69942,69961,388,2
67739,67745,346,8
426353,485838,343,2
68181,424837,384,16
72796,73923,462,12
72934,72941,424,8
73290,73295,472,4
63957,63972,392,8
70863,74006,436,4
72128,495474,251,12
64086,64095,463,4
68055,68057,407,4
63265,63283,489,4
64537,64561,441,2
64979,415637,469,8
69927,424830,431,4
71139,73675,471,10
64953,65036,413,8
70037,70050,414,8
72116,420151,467,8
69671,69687,392,4
70691,70695,374,2
68739,68749,373,4
65996,66034,440,6
61435,61453,449,2
67987,68000,457,4
63388,483631,404,8
71675,71690,327,8
72070,482730,322,8
66274,66277,408,8
62534,62539,395,2
65432,425775,376,4
65271,72392,474,2
71533,72073,432,8
71037,71057,434,16
66082,66121,437,12
72473,74037,434,8
66149,66177,400,4
65744,65778,361,8
491317,491318,389,2
63949,63974,485,4
63320,69617,495,2
72688,72700,453,6
65827,65851,401,8
71972,482877,332,16
70801,71288,422,4
70799,70802,430,2
422319,422345,396,2
71451,71456,406,6
485784,485785,385,8
60722,490562,453,4
68510,68519,433,10
72292,72308,499,4
70609,421277,493,2
61859,61872,270,4
74183,485783,452,2
70830,70832,452,8
63206,63218,357,4
71474,74186,449,20
70276,70287,440,4
72570,72585,387,2
71222,71234,463,8
61982,61987,312,8
64131,64137,356,4
72054,72070,399,8
71269,73642,421,14
71111,415679,470,10
66633,66646,403,6
65715,65763,407,6
70254,70287,432,2
73504,73525,486,4
62007,425773,500,2
69747,420255,395,4
71492,474351,496,6
67458,67461,401,8
70665,70980,484,2
68559,68574,436,6
70868,70881,480,6
60816,73738,435,4
60885,60898,421,4
66650,488494,472,4
66588,66602,426,6
73620,480747,453,8
70663,70675,372,14
70418,70439,337,8
63768,63793,445,6
71748,71759,395,4
73919,462500,485,12
70269,420299,478,12
70929,70932,466,4
73261,73262,473,8
71242,71254,440,10
69761,69769,480,4
71700,415745,443,26
64246,64254,496,2
65394,65451,450,12
59993,60000,382,4
72420,72438,492,4
71304,71314,392,2
71355,73688,481,6
62754,480984,399,8
63997,64000,460,8
69445,415789,402,8
70257,480557,425,8
70564,70580,437,4
66278,66319,484,6
73053,73061,391,8
72425,72441,435,12
67450,486070,474,2
71055,479853,371,6
72603,72607,377,8
72732,72743,380,26
69278,69281,421,2
64135,64155,436,8
415744,415852,380,12
70244,70311,429,20
71334,71346,411,26
63323,485712,455,8
74043,74044,475,8
64745,64880,442,6
71781,71801,449,6
72613,72624,310,2
415684,482706,460,8
60984,60992,317,2
70612,473389,347,20
71684,71698,427,8
66550,66588,452,4
64784,64807,444,8
71899,71920,435,30
69427,69432,368,8
62028,62033,302,8
73623,427076,476,8
70381,70411,398,8
72663,72673,420,8
66562,66592,466,8
60968,74049,492,4
66276,66289,357,8
65512,65519,424,14
71238,71254,351,6
62039,62050,457,4
72683,72697,447,4
71216,71221,474,2
68413,68420,316,4
66480,66492,457,6
65184,65188,466,8
70123,70158,400,12
69416,69429,466,4
72879,72883,449,8
65035,65056,474,6
61843,61860,490,4
65158,65188,468,6
480998,481094,424,8
72749,72763,470,4
66709,483478,309,12
62702,62745,466,2
62960,63005,391,16
72297,74057,425,2
70507,70524,428,10
71404,425779,444,6
66170,66230,383,12
62782,483402,261,2
63886,63927,488,2
62944,62989,501,2
61611,480961,486,8
62738,62795,370,2
62994,485867,365,8
69888,69897,467,2
69218,69223,345,8
66082,66116,470,8
62849,62895,453,2
70931,70937,444,6
65116,478906,481,4
65253,65328,456,4
64042,64055,490,2
62654,62682,455,8
68414,68429,364,8
70211,70248,450,8
70281,70330,335,4
65980,424901,440,8
72005,72037,459,8
68078,74016,487,8
61539,61547,412,12
66351,66374,335,2
70260,70276,294,4
63264,73896,371,6
65415,73604,428,4
70092,70128,472,12
59663,497006,454,2
73347,73358,464,6
69515,69518,453,4
66748,66796,284,4
71784,71798,446,2
423055,479909,443,4
62068,62076,392,4
69685,74103,437,6
70354,70389,466,4
65540,65558,485,4
64616,64629,419,8
72976,72982,490,4
69482,69484,382,4
72869,72871,425,4
63521,63553,386,12
63822,74089,445,8
70378,70422,456,4
72743,72751,440,8
71873,71888,470,10
62301,62312,462,4
69826,69832,377,10
69058,478928,362,2
69699,69716,444,4
62284,62291,432,8
60148,60158,302,2
60084,422765,456,12
61881,61890,456,4
72897,72901,394,14
72504,72520,475,8
71802,71805,256,8
70093,70138,482,8
72442,72445,438,4
71298,478842,538,2
71882,71884,274,8
63151,63186,468,6
71963,71989,498,4
70668,70674,374,4
70648,70655,478,2
74054,464034,357,4
61505,61517,428,8
70086,70091,437,8
71440,71455,325,4
66501,413243,484,2
68228,68233,484,8
71136,71166,475,12
412687,415729,468,6
65144,65163,462,8
67999,68016,490,2
66582,66598,479,4
65636,65693,469,4
71977,71984,453,8
72373,72377,365,8
71732,71754,441,2
73507,73518,478,4
73612,427192,379,8
62861,62872,432,4
66423,66438,441,8
59878,495059,441,2
71656,71667,327,4
71197,71209,382,12
62895,62915,442,4
68533,68534,394,4
65416,65445,489,4
69132,69137,389,4
419842,426161,351,2
70624,70660,879,2
70140,70143,423,4
71292,71304,369,4
69664,69679,434,6
59576,59581,467,8
478478,479066,445,8
63476,63493,384,4
69468,420463,480,12
70260,70297,425,2
70020,415678,445,12
65251,72399,385,8
63026,63045,341,8
71546,73614,465,4
62358,463738,484,8
62895,62953,437,6
70391,70432,458,4
67230,67233,448,8
70504,70519,492,4
70597,420033,372,6
71448,71460,284,4
73398,73408,477,2
70668,70675,459,4
64309,64322,485,2
65222,65268,425,8
73206,73215,455,8
67521,67524,477,2
61931,61950,380,8
71287,482794,433,4
62013,62025,447,8
72563,72582,451,8
70716,70720,481,4
62102,62112,437,2
72735,72756,452,6
68629,68633,471,2
70621,70657,457,26
69556,74105,495,2
71078,71101,449,4
60609,496914,348,8
69586,69607,492,4
68927,68943,471,4
66027,66044,492,10
71169,73658,488,2
70086,70116,424,8
60641,73805,455,6
61416,61425,416,8
63813,63815,391,8
69070,69077,428,2
72656,73698,420,8
65016,415637,500,2
65598,479955,331,8
61007,485920,356,4
62409,62418,379,8
69647,69664,469,6
71293,71296,452,6
72481,72482,301,4
69974,69979,482,4
70894,70904,404,8
72917,72924,437,6
71239,71248,336,2
69839,425730,476,2
66526,419673,332,2
70808,70811,338,10
60742,74145,337,2
64160,482602,445,8
71251,73797,427,8
71709,71721,429,10
66903,66935,467,2
71484,482782,390,8
65477,65499,459,8
65864,65989,451,4
63858,69480,385,14
71387,71872,443,2
70879,70883,419,2
72052,72078,482,6
68360,68375,468,4
72387,72396,497,2
73493,426665,432,4
64187,425951,266,4
62418,62431,424,4
71158,71199,493,2
71523,482775,348,8
71326,71335,448,10
64138,64141,284,4
65682,491482,252,8
62860,62885,501,2
60728,60753,473,4
70271,70295,466,10
70207,493243,465,2
64928,421007,374,4
72244,426541,374,20
64868,493250,381,8
64587,64602,431,4
70033,70071,442,16
62808,62832,481,4
64337,64349,408,8
70133,480877,393,6
73531,424029,366,14
72348,73874,413,4
71453,73664,455,4
59603,59606,396,4
66419,496892,363,4
72397,73922,426,8
71872,71893,424,16
72995,72997,363,2
64013,64017,436,12
72016,482837,499,2
70961,70963,399,8
73159,73165,447,4
70227,70250,309,2
64543,64564,426,8
71467,71505,500,2
68484,461880,445,8
73338,483444,441,2
72204,479900,452,8
67750,67755,429,4
62524,62525,392,8
64545,64555,372,4
65651,65658,410,8
72559,72574,446,8
73798,420584,459,6
71239,74042,471,6
71730,71742,435,2
70964,424844,458,8
68120,482351,353,8
63337,63338,350,4
70503,70542,458,20
71764,73855,470,4
71139,463855,445,14
73029,73035,490,6
63012,63041,406,8
73219,73224,467,6
72289,72313,401,8
72577,72593,491,2
70901,70907,485,2
66548,483553,330,10
73050,73059,406,4
71307,71317,492,2
70106,70150,445,2
60719,60745,330,2
70575,486688,471,2
74002,474405,485,4
66078,66122,401,8
63775,69473,475,8
60815,60839,439,4
70848,70858,410,2
63131,480710,329,6
71622,71635,452,14
60639,60668,441,4
70072,420314,501,2
67625,67628,484,16
64601,64603,468,4
63368,415616,469,4
63148,63157,485,2
70904,71471,408,4
73575,73578,419,8
64720,64726,314,8
70091,480877,390,6
71235,71250,437,4
70405,426136,475,2
70864,71400,430,2
60632,482703,473,8
66488,66508,437,2
66175,425731,295,16
419656,484393,370,2
70401,70413,483,6
67953,67965,382,4
71405,71453,497,4
69678,69680,409,8
71363,71375,452,6
73844,479968,511,4
60564,60601,432,4
67872,487151,277,8
71237,71263,480,2
70978,73766,459,2
65537,425797,336,8
60476,60478,377,8
479850,491793,461,4
71767,412678,461,6
61680,61682,424,8
425793,463658,449,4
65225,65249,332,2
71207,71213,427,8
63065,63103,498,2
69516,73720,447,8
73189,73746,487,4
69979,70015,443,4
64124,64146,464,6
71486,482350,391,4
63901,63904,276,8
65610,65637,375,8
71888,71916,410,6
64245,64250,421,12
60323,60340,415,8
67483,67485,426,4
72052,482830,333,8
60259,60277,390,8
63894,63935,396,4
69508,69509,325,2
63833,63852,374,8
68194,424837,396,8
71449,71475,447,8
66085,66120,408,8
67464,67475,471,2
71669,71696,441,2
71557,479959,377,16
66295,66340,442,4
72738,72742,475,4
61371,61376,484,4
72646,72656,468,18
71502,71520,432,12
71633,73847,461,4
67085,481649,300,8
483242,492836,462,4
73733,73935,489,2
60701,60713,454,2
71456,474351,358,16
70272,70317,357,8
65426,65446,430,4
68117,74045,375,8
71459,71484,385,4
60731,492180,378,12
60986,485920,497,4
72694,72702,466,14
64996,65017,328,2
73525,73527,376,12
68368,68372,485,4
73263,73272,477,4
72150,73864,414,8
70910,70925,477,8
63414,63429,459,6
69542,70687,476,10
70703,71097,417,8
73526,73529,419,4
62405,62408,410,10
70725,73750,451,10
70056,70078,329,4
60258,60264,373,8
72318,485872,417,4
71720,71732,403,4
61431,61454,432,6
69589,69597,363,14
65013,65057,393,6
71560,71563,363,4
68723,68724,435,2
69282,485819,438,2
69977,69995,387,8
72935,72936,501,2
62093,477962,448,8
73101,73104,387,8
65509,65528,473,6
425877,425941,264,4
70504,482493,380,12
62741,62806,380,8
68233,74247,469,8
61943,473123,368,4
63490,63511,453,8
70597,70608,438,4
71045,482824,464,4
63729,462500,366,4
68250,68263,402,4
71984,71988,449,4
71128,71137,478,2
62863,62905,354,4
63685,427329,394,6
71350,415726,453,10
61929,61951,440,8
70094,70122,474,2
66299,66352,408,4
68894,68915,363,2
70494,70535,467,8
61216,480407,335,12
62991,63020,488,8
65666,73708,399,10
66267,66323,470,2
62399,62419,424,4
67798,67799,355,8
72644,73993,471,8
415738,473100,460,4
72051,73863,423,4
63903,63919,437,8
66907,490530,472,8
68430,68457,475,12
64935,481026,328,4
64646,64656,485,4
62969,63009,452,2
69961,69966,408,4
70266,73005,357,4
61541,61543,495,2
70141,70161,436,8
69808,69827,471,4
67699,491773,495,8
64017,64034,470,4
70776,70790,439,16
71866,71882,392,8
71320,71326,415,14
63953,477549,443,14
67833,67844,438,4
64666,64676,400,8
69261,69264,411,8
65454,417712,437,8
70916,70922,289,2
63050,63053,336,6
60215,422597,455,2
66840,66844,437,8
70503,70519,442,4
65708,480007,434,4
69511,69513,337,2
419411,488504,477,2
67675,67676,401,8
66249,66316,438,2
71174,71177,440,2
71904,491566,494,2
69567,478499,439,4
71375,71393,411,2
66882,424508,438,2
72337,72350,452,6
71029,464000,492,2
70920,483400,454,4
63539,63547,454,2
63211,63244,479,8
61183,61185,473,4
73444,73454,486,2
71382,73617,480,4
64203,427235,498,2
70727,70731,448,8
72325,478942,483,2
68519,68538,412,8
60541,60551,340,8
60392,420828,410,24
71145,71151,445,8
71610,71611,500,4
71298,415652,319,10
64301,473151,366,6
66010,491910,373,4
62861,62896,393,4
68051,463436,429,8
72269,72280,406,8
63491,63512,487,4
71718,491567,448,10
65726,65819,456,8
69765,73769,432,2
64805,64825,477,6
67516,462640,486,2
73461,73466,434,12
421404,482603,360,12
63726,63778,353,8
60526,60538,284,4
61505,61508,416,8
71459,73848,425,8
71327,71339,491,6
491419,491420,364,4
424721,493489,397,16
71707,71718,461,6
61528,492096,483,2
66683,66704,467,8
73264,479946,251,8
417529,478242,455,8
413442,425790,454,14
60984,61009,427,4
62060,62069,464,2
71721,415745,382,12
69774,426139,341,12
69968,69977,469,6
71165,482797,440,4
72164,72177,479,4
63320,416600,346,10
61431,61442,401,2
62917,62971,501,2
68087,68100,463,6
61081,61082,341,4
64810,64823,409,2
72982,419138,493,6
66793,66817,403,8
71654,463520,487,8
71113,71125,468,4
70339,480546,438,6
70770,70782,424,4
72347,72360,413,4
61915,481657,395,2
62034,62035,361,4
64227,64231,447,2
62919,62945,410,8
65421,478347,477,4
64897,64913,441,14
64631,64644,308,8
69026,69034,412,2
71339,71379,432,14
62691,62723,361,4
68832,68850,439,4
69503,73719,481,14
64746,64761,491,4
62861,62888,387,2
71359,474149,453,8
66095,73810,431,8
72542,480351,410,2
70374,426137,395,4
67806,67810,325,8
73839,425791,351,8
66304,66309,406,8
71939,71951,475,8
72169,72184,444,8
67947,67965,493,4
64565,73715,423,8
67454,72800,442,8
68338,68365,412,8
65910,486362,420,2
411650,463843,484,8
63210,483404,387,4
73935,490703,416,6
63265,63294,465,6
65894,65957,450,8
73469,73470,384,6
64306,64315,406,12
70911,70918,389,6
419687,422285,377,8
72558,72566,399,12
72711,72718,487,4
70788,70795,454,8
73551,73559,418,12
61020,491449,365,8
73402,73407,420,8
70891,71422,484,4
63419,482363,474,4
66803,493501,365,20
63706,63741,495,2
427097,495057,462,4
73923,492324,400,8
71326,73635,468,6
67259,74075,448,8
65318,65372,492,2
72361,72366,443,8
70121,70156,456,2
64114,64140,469,4
66636,66643,377,4
63537,63574,483,2
60186,60230,484,2
65550,65586,316,18
62746,484378,430,8
66993,74260,400,2
73068,73073,430,8
71075,71089,412,12
60320,73684,448,8
63090,63114,354,8
62071,62082,417,8
411603,426767,435,4
68048,68057,421,2
72236,72246,468,2
72048,72071,426,6
63784,63790,468,2
63893,424821,348,8
59662,412708,481,2
424167,424296,372,8
71130,71161,461,18
71830,71837,461,12
69626,69634,449,8
61409,61410,482,12
71867,71869,372,6
68368,419945,430,4
68895,68898,486,4
71261,71269,474,2
63964,63968,484,4
71703,71710,495,4
60866,486996,445,16
70831,70837,422,12
73031,73040,401,8
68371,424727,465,6
61783,61787,390,4
70459,70480,318,2
64580,474307,469,2
69511,73720,353,6
70631,70654,346,8
71176,480747,480,4
65451,65505,390,14
71531,71551,431,8
60241,74160,237,4
64162,64174,484,2
73115,73128,461,4
71037,464022,473,4
73041,485806,345,8
71383,71402,419,6
62573,492887,461,4
63732,63754,408,8
61029,61041,408,4
71493,71521,486,8
67413,67422,354,2
68070,73116,448,8
66821,66850,459,8
71270,479997,362,16
70924,70930,473,2
74054,482821,444,4
63886,74117,454,12
70295,70334,343,8
67330,416377,427,4
71496,71513,334,4
70569,70573,353,8
72672,72681,418,14
64772,64778,497,2
70922,70933,448,6
73559,424023,465,10
69791,69818,461,4
64578,64583,416,8
66173,66216,334,8
71247,71258,383,2
485785,485786,400,8
72373,482839,256,4
65593,65632,492,2
72951,72953,474,2
63388,63402,450,8
59588,59590,401,8
71793,71802,416,8
71659,71671,324,8
68548,68571,442,2
70494,70566,499,2
72742,72749,324,8
73584,73586,448,4
68900,478001,449,2
74194,74196,500,2
72771,72779,385,4
63396,63404,432,12
72361,74368,407,16
63366,63374,446,4
71203,71215,441,32
72919,72921,467,4
72388,426600,349,4
72390,72398,460,4
70085,412569,444,4
66470,66475,418,8
69632,69643,374,8
69099,73724,399,4
70015,412688,448,4
72500,72501,481,8
63528,63541,409,8
70828,70836,342,6
68016,68026,318,4
71655,71673,463,10
70549,70565,482,8
73066,482777,264,2
66288,66320,422,8
70396,70433,489,6
61545,61555,435,4
71060,71075,499,2
72734,72746,479,4
69965,70010,494,2
60224,60251,492,2
60751,60772,475,8
70123,426107,439,4
482790,482791,422,2
71441,71454,317,6
62074,62081,427,2
70443,70485,447,4
482729,482754,466,6
70397,70421,449,4
73382,73384,312,8
70148,70168,331,2
63667,63688,483,6
60493,483783,334,16
66243,66294,473,4
71742,71765,450,4
60290,422648,1113,4
67512,67516,431,2
71123,71124,493,4
64931,64970,360,8
60251,60256,411,8
62705,62749,472,6
63207,480004,352,4
60790,60800,460,4
63862,417424,483,4
70578,424422,432,12
70227,70266,452,4
61911,477958,380,4
72169,72185,463,8
70913,483236,329,4
63884,73859,433,6
70627,70661,395,8
70401,70406,328,8
60164,422726,492,2
60502,60519,391,8
71032,74054,443,8
62082,62091,435,4
70122,70151,484,2
70916,73712,450,4
71017,71023,416,4
69778,69793,479,2
488642,491390,389,2
64558,64576,480,6
70502,479954,413,6
60266,60268,410,8
70270,70274,422,4
68968,68981,498,4
63741,482366,277,8
66092,66157,497,2
69795,69820,453,2
68512,68535,488,6
63901,63932,475,4
65446,65464,368,4
419810,419816,410,4
69656,69669,349,16
66567,66609,473,4
68671,495653,403,8
66041,73775,431,8
65785,74092,471,6
490755,490756,384,4
70176,485338,387,4
62872,62896,445,6
65363,65395,465,8
70817,412567,452,8
73511,73526,481,4
70151,415687,460,6
65728,424020,394,8
72653,72661,353,20
64864,64892,465,8
70586,70603,500,2
72677,72680,413,4
61901,481656,500,2
63300,63321,499,2
59563,59578,382,4
70030,412569,353,12
62519,62525,319,8
71446,74186,472,6
64038,64048,327,4
65071,65088,284,8
67524,462640,395,8
62241,62251,383,2
70388,415675,468,4
68547,68567,449,2
71206,481100,356,10
60977,61001,399,4
63638,63647,418,8
68545,462719,339,2
72740,72753,458,4
65806,65894,465,4
69821,69875,449,4
71853,463767,438,10
69670,69689,433,4
60831,74376,494,4
64002,64009,457,10
72774,72778,384,12
63917,63926,400,8
70575,70657,476,4
62257,62268,483,4
72910,72914,404,8
70302,70337,474,6
59654,59656,501,2
66592,66605,451,8
71793,71805,478,4
71095,473194,480,4
72353,73874,413,2
64008,415505,356,4
66053,66055,389,8
70566,70570,413,6
63091,63120,469,4
70537,70565,484,4
72069,416091,427,8
65688,415631,430,4
70832,73813,469,10
71432,482803,316,8
73091,73095,466,2
73413,73418,495,2
72939,72952,437,6
63937,480952,466,6
66972,66988,488,4
71910,490779,347,12
68849,68861,382,2
63974,63997,470,4
64050,64068,445,8
68942,485321,461,4
60616,60629,485,2
67406,491770,286,4
61544,61561,500,4
65050,65052,460,8
474216,480607,401,8
69690,69704,359,12
69394,69399,419,4
72721,72746,475,14
71074,71106,485,8
63384,69674,389,8
71051,73891,453,6
73357,477278,472,18
69834,69853,314,4
66162,66206,408,4
66932,66939,491,4
71353,478885,423,6
71481,71510,474,2
63322,63323,486,2
71169,71206,467,10
62410,62411,408,8
72571,72580,380,8
60310,60315,471,2
70968,70970,444,2
65005,65046,495,4
71269,479997,371,4
68272,478689,501,2
70071,483634,381,12
64412,64435,467,2
66123,66154,455,6
60234,60240,424,8
72111,72112,460,8
70080,420314,357,6
63550,63566,378,8
63386,63394,441,4
66186,66218,370,4
62659,62661,430,8
66206,66246,442,8
72338,415673,423,10
70562,482835,489,12
70618,478866,321,6
69966,69990,474,4
61856,491300,436,4
70980,70999,489,6
67795,67800,444,2
62620,62626,397,6
72017,483403,419,4
73466,73476,442,8
68915,485321,245,4
60957,416666,470,4
66909,66914,437,8
64840,64884,416,2
73347,480639,498,4
70436,415675,501,2
66569,420433,429,2
72437,72456,421,8
72421,72427,441,2
66293,66322,412,8
70925,70928,449,4
64561,64579,474,2
61382,425131,298,8
72465,73854,481,2
61510,492096,292,2
63922,63952,424,8
68336,68350,396,8
63027,63050,486,2
69098,69104,421,8
64084,64091,438,12
70611,421424,487,6
63932,63944,292,4
73802,73855,388,4
73181,73187,462,4
66047,66077,466,8
71883,490790,344,8
62889,426660,400,12
66018,424901,428,8
73180,73182,429,6
69568,69581,443,10
73120,73133,422,6
70620,70623,498,2
66245,66313,470,4
68353,68372,362,8
71383,73880,537,4
73482,73486,501,2
61579,61585,466,4
65009,65043,409,8
66149,66192,501,2
67685,67693,408,8
68152,68162,353,8
73401,73407,380,4
60382,60398,434,8
64626,64641,368,2
71395,474355,492,2
64584,64591,402,2
64933,64934,447,4
67000,479917,351,6
65072,65115,477,4
63138,413442,393,2
64690,64694,481,4
70456,488507,422,10
60751,60767,454,8
71857,73676,500,2
66235,476965,399,8
69678,69683,469,6
60659,60706,453,4
70532,70551,324,4
72763,72768,458,6
63883,73721,379,28
70279,480557,450,16
65565,65578,366,4
72543,72546,350,4
71104,495913,355,8
64641,64650,463,4
483614,483624,362,4
415726,478885,478,6
66816,493508,406,10
71859,73646,298,4
65169,480001,454,8
62709,62711,407,8
64976,64993,444,4
64505,64520,387,4
68696,68701,264,4
72377,482839,424,2
62678,62697,408,4
421932,485915,397,8
63948,63957,456,4
65585,65597,406,8
64479,64485,458,4
71392,71409,441,6
66920,488409,493,4
70151,70178,461,4
62948,62973,354,8
63996,422463,482,6
69832,69834,296,4
71421,71433,485,6
60599,73628,443,8
60486,487082,465,2
71862,71886,453,2
69551,69558,422,4
63962,63995,381,8
66045,66056,392,8
65578,420953,441,2
479365,479368,481,4
71672,420237,419,8
412686,463754,332,6
416592,485824,446,8
61677,61682,350,8
64263,64269,496,2
60211,415614,480,4
65021,65031,399,4
64167,419352,452,8
71545,477228,451,4
72698,72711,433,12
72611,415632,312,4
70783,70800,433,8
62058,62072,480,2
66981,66988,393,8
62971,62997,499,4
72001,72014,449,8
72738,72763,425,2
69928,69963,482,4
68622,68640,498,2
70180,70240,460,2
73689,478926,471,16
65734,65793,465,2
65963,65969,417,8
69689,69704,497,6
71359,480615,463,14
70446,70473,383,10
68893,68908,482,4
63710,63729,491,2
70183,70199,478,2
73672,482782,437,4
67160,67165,483,6
70745,482735,351,4
72469,72479,488,2
68868,423655,501,2
66924,66927,413,8
64571,64584,453,6
62506,62517,456,6
73798,482837,438,16
70563,70593,480,12
70355,482726,451,8
65840,65922,492,2
62938,62957,339,8
66264,66290,500,4
426136,426137,350,2
71020,464026,481,2
70137,417845,409,2
61010,61031,495,4
73793,478733,402,4
73406,73407,337,4
72653,72659,444,6
60791,60795,457,4
63369,424149,493,4
65046,65065,494,6
70486,70549,478,6
72660,72664,364,8
62690,424928,379,8
426600,482839,450,2
62209,62218,426,4
71415,71428,361,6
67853,74234,468,8
62687,73767,357,4
63829,63841,399,8
419371,419392,415,2
68377,68395,390,8
60653,60708,425,6
61951,61965,491,4
71342,425779,427,12
63990,63997,435,26
63502,63526,453,8
426134,426135,490,2
72161,72169,469,8
63583,63595,348,8
65033,65068,440,4
62831,62908,494,2
63543,63585,466,8
71371,71377,444,12
71172,71181,429,8
73258,73268,410,2
64243,64253,450,4
65778,74093,391,8
72129,72465,438,16
72075,73812,485,4
70163,70176,467,4
61869,61890,284,2
60184,426767,439,4
63896,63928,497,2
62957,62963,462,8
70037,415678,451,6
66541,66556,334,4
71480,71491,426,14
59562,59568,335,8
65960,66013,376,8
60211,422776,490,4
65724,73708,470,4
64169,480612,417,6
70494,70502,483,8
60724,60748,398,8
72129,464035,501,2
71532,479934,479,2
71201,463564,415,4
62064,479995,267,10
73138,73140,476,6
64852,64884,416,4
64591,64607,461,8
71015,480002,474,6
486689,491992,475,2
66309,66341,402,8
65266,65293,490,4
68839,68848,398,8
71492,482833,445,14
73500,480711,416,14
64874,64884,349,4
73061,482873,347,8
66685,66703,468,4
70345,70386,500,6
64925,64967,470,2
72512,424886,419,4
64551,64561,404,2
68429,68443,489,4
69187,488095,351,8
70870,70878,364,4
72321,485872,358,2
71233,71238,328,12
60349,60393,489,4
65473,72795,320,8
71075,71103,431,12
62215,62217,401,8
69463,69466,399,14
64892,423226,440,4
65135,65173,488,4
62697,62723,405,2
72901,72912,386,8
72427,72444,496,6
66055,66101,471,8
65024,65068,433,2
63175,63205,447,8
63080,63104,438,6
73636,482795,481,2
70519,482493,403,4
72997,412564,457,2
67326,422298,428,4
65103,65124,484,2
63938,478374,473,4
66268,415523,353,4
66470,66495,481,2
71114,71118,439,8
60941,60968,473,4
63895,63930,499,2
66335,66375,486,2
66965,488409,475,4
70179,485506,311,8
68122,73778,429,8
65874,65928,412,6
68248,68264,430,8
66263,66285,361,6
71063,415684,422,14
65918,65991,474,4
71678,73186,391,4
69708,69737,478,6
63265,416592,335,8
72004,72006,422,12
72273,72276,486,6
64959,64981,436,4
69266,69270,470,8
415614,422776,306,12
71574,71587,395,8
72141,73876,450,2
73522,485552,315,4
69721,415869,320,6
71384,474355,424,6
70740,70748,376,8
64872,479071,401,4
69281,69282,329,2
69802,485809,371,8
62963,62973,411,8
69119,69125,445,6
413760,426620,371,8
65398,422355,388,2
65448,65487,386,8
71887,71888,457,2
61861,61865,492,2
71030,73653,461,8
70082,70143,474,30
73345,73352,465,6
73165,73166,453,10
69751,69754,464,2
73545,73550,474,4
72900,72907,405,8
66984,66993,476,4
65824,65889,482,4
67086,69401,484,4
60868,60887,459,4
71714,479928,486,10
61905,61910,387,8
67241,416255,433,10
62402,62413,439,2
72648,72666,491,4
70806,70807,388,10
72324,72338,435,2
60511,60515,462,8
70679,479927,399,6
60471,420835,477,4
66444,66467,410,8
73991,483450,394,8
70639,70673,396,6
70980,492985,341,4
427003,427076,393,12
63420,483697,240,4
71394,71408,478,6
69472,425792,457,4
63287,478348,439,4
63631,63636,368,8
62404,62406,440,4
63186,63197,378,14
69472,73839,493,2
69420,69422,488,4
63593,63617,488,2
478648,495865,393,8
72537,72547,370,8
62445,62446,488,4
70428,426182,296,4
70535,478739,435,8
69906,480985,492,2
71943,71944,476,4
63819,63831,394,8
479274,479866,336,4
71473,482833,408,4
73077,73084,463,8
71529,71542,485,4
70306,420299,349,8
64967,65000,447,4
425686,483394,498,2
72068,72077,405,4
71860,463796,465,4
69695,69703,349,8
417906,479955,485,4
66023,66046,454,4
65031,483231,305,8
68411,68415,451,12
70569,70619,342,2
63939,478350,467,8
60360,60376,487,4
72454,72456,461,12
70236,70253,414,4
68351,480582,332,8
72436,74033,468,4
67945,427133,331,8
63843,74117,404,10
68832,423829,399,4
72916,426634,357,8
70418,70435,398,8
63771,412664,487,6
73505,73512,367,8
69964,69990,501,2
71298,73642,560,4
71123,71141,450,2
72904,72910,345,8
65006,65033,490,2
70920,70932,450,4
64902,64909,458,6
491389,494788,352,2
62421,62428,406,4
69590,69601,417,6
71170,482799,439,4
68989,485554,316,4
71100,71133,463,8
69282,69288,328,4
66121,66166,427,4
71500,71529,490,4
70169,70198,479,12
64831,64844,457,10
72578,73696,461,6
72257,72265,357,8
69068,69074,419,4
71242,73796,487,4
62835,62908,462,2
63249,63257,496,2
72195,72215,447,4
59919,427788,436,2
62938,62963,466,8
66548,66576,479,4
70732,70736,344,2
73261,73264,432,6
60659,60688,458,4
70932,483400,474,4
69664,69681,452,4
73932,73933,423,8
71226,482840,226,2
59791,478569,370,8
60365,60423,493,2
69585,478499,463,8
64096,64103,415,8
69287,69291,467,2
66744,66773,379,8
69609,69631,433,2
60105,60121,468,6
63943,63975,428,8
65834,65934,422,4
69725,69754,459,2
66055,423365,453,16
71229,71243,489,2
62162,62171,479,4
73304,73312,473,2
70136,70140,389,8
71171,71187,395,8
69716,69726,426,6
73146,73153,469,6
71161,71180,436,6
71441,71460,469,4
72154,72163,469,4
60100,62276,475,2
70413,70464,468,2
70819,70829,455,2
70548,70598,449,2
62119,62129,382,8
65035,65057,350,4
72731,72747,445,4
74049,74050,389,2
69848,69849,479,6
72082,72098,394,12
72618,72627,477,4
71291,71303,390,8
72020,482791,378,2
65230,65262,372,8
72417,72419,401,2
69470,69472,406,10
483620,483629,298,8
67484,67503,470,8
64799,64822,458,8
68815,478110,497,6
71780,412439,475,6
63703,63706,475,6
71149,478845,480,4
60373,60387,447,8
62055,62060,287,4
73521,485552,471,2
68993,485553,411,4
71366,71392,481,4
72646,73698,486,6
62055,62069,473,4
71044,71067,413,4
60732,60761,400,2
68444,426365,394,4
69468,424238,398,4
73005,412564,465,2
71388,71426,464,10
71710,71719,444,20
71283,71301,489,2
71925,74044,478,2
68805,68821,404,6
72654,72657,426,8
60919,60943,437,2
66804,66825,475,2
60971,60993,425,8
72156,72166,487,4
71973,71987,457,8
66965,482561,454,8
63852,63867,358,8
66951,66954,280,4
65547,65566,454,2
70234,70278,372,2
65806,65900,469,6
66141,74189,449,4
69704,69733,466,8
69261,415823,395,8
69688,69690,408,6
60275,60300,454,8
72324,478942,431,2
68533,68544,364,4
63762,63777,481,6
69595,487822,496,2
69387,69394,411,4
60640,60676,492,4
63973,64010,478,8
73054,73055,377,8
64445,64451,339,4
60110,60128,419,4
71249,73844,760,6
70987,482822,285,2
71935,416674,427,12
62310,62313,415,8
65056,65093,473,4
60927,60955,336,2
71427,71441,386,6
64901,64931,434,4
70900,70913,393,6
419969,425683,449,6
64049,491616,392,16
66357,66400,480,4
60954,60971,461,4
72164,72180,469,4
62791,62796,394,4
71571,71573,431,10
69724,486727,501,2
73548,424023,468,4
71084,73891,490,2
70632,73088,393,4
71252,479997,312,2
71799,480597,497,4
61954,61963,474,4
72526,72541,443,4
62037,62051,439,6
72137,482909,411,14
63275,482566,400,6
63054,63082,379,2
63669,63677,418,8
73388,73390,484,6
71958,71971,402,24
71755,71762,332,6
69019,69020,295,2
63782,483640,473,8
69399,69405,420,4
72051,74026,455,4
69884,69905,484,12
71350,71351,451,18
70969,412581,319,8
65838,65902,481,4
60236,60253,402,8
66311,66312,480,4
69935,69954,336,4
65115,65149,381,8
70994,71000,378,2
66594,66624,435,4
62314,62318,476,4
65515,425797,426,4
71561,479958,416,8
65162,65187,476,6
72203,72218,457,4
65074,482071,455,8
491428,493456,324,8
71909,491564,456,8
60686,60725,489,2
70502,70528,258,6
66313,66357,468,4
74093,462241,491,2
65895,66005,474,2
71089,412992,476,8
68874,487098,396,4
65024,65041,392,8
66078,66098,416,8
70521,70568,549,2
64401,64405,450,6
71532,71548,389,16
61817,61822,437,4
66742,66760,477,8
67662,67666,478,4
74022,74023,470,4
67498,67504,437,2
70020,70041,462,12
64981,64983,411,2
71446,478620,374,6
72661,72675,478,4
73554,73561,397,8
64048,64065,441,8
60164,73686,469,4
72149,72152,381,24
72595,72613,453,4
62018,62033,453,4
73381,73388,453,10
72933,72943,426,6
66301,66321,429,8
66079,479940,472,10
60289,60304,483,2
70226,420298,363,12
66154,74190,477,4
71783,491774,445,8
61195,61196,458,4
70913,70917,481,6
62906,62928,352,8
60509,60536,434,4
65837,65890,456,2
65127,65170,480,4
70516,74115,302,4
67688,67699,494,4
60954,60962,327,4
64907,491120,392,4
64605,64619,471,4
72218,72231,318,8
66492,66519,430,6
70135,482751,384,4
60497,60507,470,8
64975,491421,457,4
61868,61883,472,4
64381,418913,430,8
63183,63190,479,4
68912,68936,461,4
69475,425791,457,6
61435,61442,352,2
73497,412734,451,8
71272,71289,545,2
60201,73686,539,8
69787,69813,484,2
70143,70211,475,4
63205,63209,444,8
69916,69938,429,2
71229,71241,483,4
64914,64943,478,12
61204,61209,451,8
69319,73725,489,2
70159,70166,348,6
64216,485847,471,2
70302,485504,499,2
59996,60008,464,2
491394,491440,463,2
62374,62383,461,8
73579,73582,332,6
69175,69176,485,4
63096,493302,440,4
64831,64866,457,4
72064,72066,468,8
67859,67862,452,8
66956,66981,478,2
72465,464035,309,10
71158,71174,412,2
64560,64589,476,8
61996,62009,384,8
66773,66781,415,8
71932,71933,454,8
66965,66969,354,12
63093,63112,431,8
72482,425794,483,2
73670,480002,310,8
62007,62022,327,8
70157,70197,488,2
62964,62965,318,8
65858,65914,428,6
62666,485816,244,4
491442,491444,473,2
62386,62388,340,2
70225,70246,440,4
62892,62938,457,8
71738,73802,404,8
66300,424027,452,8
477698,477701,476,4
64788,64810,429,2
71190,415625,492,6
59892,485438,318,2
62766,424093,353,4
71217,463543,461,2
68528,68533,369,4
65506,422378,373,2
62827,422406,470,4
71239,71253,515,2
65602,65651,459,8
66549,420434,462,8
68534,68547,370,2
66046,66105,442,8
70500,488507,400,4
60462,495862,493,4
65400,65433,458,2
62264,62268,499,2
70869,70878,412,8
72543,483667,497,2
66374,66385,357,2
70669,70991,469,10
64577,64590,435,8
63483,73807,393,4
69566,69574,482,8
71128,71143,424,4
64259,64267,493,4
64931,481026,420,2
66253,66288,333,8
72748,414420,445,4
66939,482561,405,8
68926,68932,482,6
67433,67436,362,6
69929,69955,484,4
71554,72051,409,6
68196,68207,487,4
65505,65535,461,10
60014,426070,303,2
63928,478374,444,10
69645,69654,495,4
68131,68143,404,8
70267,479475,488,2
64994,65030,358,4
69791,69819,465,8
70033,483634,472,4
71672,71694,489,8
70102,70103,439,2
66681,66703,348,8
64572,415518,393,2
62481,477931,355,8
63108,73703,361,4
70922,70929,404,4
63508,63522,437,4
63631,63667,495,4
63427,63429,416,2
70774,70788,406,12
62975,62981,481,6
60563,60599,464,10
68888,68910,476,2
70528,70544,429,2
61343,61346,463,4
65388,65445,403,4
70858,70871,501,2
62535,62536,345,2
62068,62079,389,2
70738,479942,488,4
67383,67384,422,4
64158,482602,489,8
69104,73928,310,8
62502,62517,448,4
70092,70152,369,4
64430,64454,274,8
70955,70958,426,4
70949,70952,494,4
73439,73451,490,8
72265,73975,415,8
71278,492980,551,2
71349,71360,480,4
65296,65301,335,12
66300,417725,345,8
70069,479935,420,2
67326,67335,433,8
69580,69589,455,8
490779,491564,488,4
73302,73310,451,6
67782,485838,418,2
70762,70765,385,4
69961,69990,412,12
73537,73544,484,2
63911,63929,416,6
69000,69008,443,6
63024,63026,473,8
62613,424612,336,4
59603,59615,390,4
60325,60331,362,8
71369,71375,432,4
66724,66730,320,8
73714,73715,386,14
71068,71071,441,2
415663,491799,384,4
64039,64059,480,10
60784,74145,454,6
72118,483391,482,4
70634,70655,291,4
63184,63202,381,8
63937,73861,478,4
65226,65257,424,2
71140,71143,482,2
64901,481026,439,2
71086,71110,470,4
479933,482853,491,4
65700,65735,483,2
72267,74025,466,12
71986,71997,275,8
61450,480953,345,2
70442,426137,438,2
71391,73643,421,2
71667,71681,375,6
71895,71914,414,2
60311,60312,392,4
71923,71945,484,2
62956,62997,340,8
67038,67040,494,2
70891,70905,487,2
66392,66412,480,2
66897,66908,430,4
70578,70601,448,16
64789,491444,447,4
62055,62071,449,8
71576,71582,470,8
59658,497006,268,4
65723,411650,434,8
64574,64591,482,4
72752,494526,445,8
70471,70517,495,2
423119,483315,444,8
64762,64898,496,2
71483,71497,330,12
65848,491909,345,4
69309,69313,376,2
70052,70113,500,2
63045,63075,482,4
65623,65656,487,2
70117,417846,280,12
71721,71723,430,4
70729,70736,473,2
60481,425930,432,8
61957,61962,306,2
60315,422641,337,2
485504,491386,434,8
67725,67732,467,4
66576,491327,477,2
68100,68108,445,2
73378,73385,475,8
65703,424020,394,8
71091,71103,348,10
67962,67979,450,8
70698,71035,421,10
61442,61461,431,4
73074,73082,495,2
66189,419861,461,4
66230,66271,455,6
70849,70855,473,2
65391,65408,271,2
73232,73235,474,4
65309,65359,440,4
71062,492982,432,2
67154,67159,424,4
71125,415816,453,4
64231,64250,494,2
61028,485921,408,8
62827,477481,350,4
63993,64005,473,8
62983,73736,361,4
71012,483451,370,4
70667,479956,399,4
73219,73226,485,4
64355,64361,443,8
72202,72216,460,4
64556,64564,369,4
72444,72460,415,7
60271,60273,467,8
71934,71967,384,4
61566,61568,466,2
412436,479956,456,2
64356,64359,470,4
73548,73553,296,4
72602,72614,386,8
72330,412711,486,4
67510,67513,437,2
66622,66639,353,6
72943,72956,472,4
479071,491120,432,2
65430,65449,458,2
70945,488087,420,2
69460,69461,420,6
62397,62409,410,8
72944,72950,315,8
64469,64482,499,2
70369,482753,364,2
72500,72512,449,4
66843,66844,498,2
67433,486070,434,10
69869,493231,277,4
73217,73223,410,4
70021,70023,495,8
62048,62057,497,4
59697,59699,347,2
70299,70322,440,6
70148,70154,480,2
69130,69138,409,8
71815,71822,491,6
71919,416535,437,4
62509,62513,407,4
70163,70191,403,4
62690,484378,409,8
62018,62025,452,8
63900,73935,384,10
72000,72012,288,2
70658,73766,435,4
70337,70354,455,4
72115,72130,417,2
72175,420410,485,4
72421,73799,603,4
61544,61547,310,8
66743,66836,500,2
71259,415744,477,2
61895,61902,493,2
70844,70846,424,4
71088,71104,486,8
74055,74056,401,4
66863,66880,350,8
66233,66293,456,4
70477,70562,456,2
72395,72398,413,8
66767,66769,485,2
63292,63317,453,12
71007,464034,486,4
72144,72147,437,10
69851,488232,352,4
62702,73768,446,4
71821,71840,460,8
67826,67836,405,8
60118,60135,468,4
68515,74206,411,2
63776,63790,375,8
65816,65829,403,8
68821,68838,417,2
72090,72104,453,4
73807,416061,396,4
72256,72257,475,8
70665,70986,265,2
61937,481657,318,2
70456,486729,407,2
60641,60741,444,4
71195,71204,463,2
69048,69056,392,4
72780,481037,463,4
65609,424932,355,4
73201,73215,480,2
68353,68368,397,8
64689,64695,494,2
62303,62310,392,8
72710,72716,406,8
62661,485885,385,8
64099,64136,453,2
62141,62151,422,2
70117,70135,496,2
64496,64513,472,8
412699,415674,485,4
71763,71768,384,8
70109,70151,408,8
62053,479995,339,2
65246,65254,330,2
68527,412437,319,16
71649,461836,396,2
72950,425787,379,8
69374,69379,468,4
65913,65921,468,2
72120,72141,453,4
64951,64974,475,8
67275,74100,394,4
64513,64528,449,8
73744,421776,475,6
72033,483403,382,4
65999,66045,384,8
71252,71270,439,14
63250,63251,359,8
69749,486727,434,2
61175,61177,443,8
64245,480590,392,4
65531,65560,480,8
60262,60275,476,4
68868,68888,500,2
63004,63010,466,6
66194,66228,326,8
70517,482860,394,8
60540,425895,487,2
73204,73213,477,6
71330,71335,451,2
63019,493249,444,6
64475,64488,476,8
61847,61853,460,8
71322,71333,463,4
72148,72165,392,4
62796,62817,380,4
71224,463900,328,18
71496,482833,329,4
64380,64392,430,8
60262,60280,406,8
64764,64782,323,2
71869,71907,495,2
63049,63050,342,8
68094,68106,413,4
64724,64747,474,4
70308,491992,394,4
66906,487075,495,2
70446,486691,319,4
64975,65019,498,2
69883,493232,221,4
71529,73878,370,12
62860,62886,422,6
71055,482824,370,6
413378,483402,460,4
67522,419816,405,8
68347,68348,494,2
62053,62064,442,6
69933,69961,468,4
68936,68953,471,2
68706,68714,411,4
60579,60604,431,8
71198,71209,442,4
66040,66048,329,4
72234,72245,434,4
64593,64616,492,8
74223,463720,465,4
66079,66096,458,6
68331,68378,427,4
69849,69858,420,8
59741,59745,305,8
71099,71110,480,4
71143,71158,476,6
64646,64668,488,2
69822,69831,458,4
72471,72481,481,4
70924,70935,451,4
73686,415614,489,4
61033,62604,444,4
70396,491990,335,6
60873,483603,453,4
70910,73712,463,4
62341,62348,486,6
72035,73798,422,24
72728,72742,396,8
67785,67787,465,4
70255,70258,492,4
66612,66625,424,4
69611,69615,384,12
70258,70280,412,12
61863,61890,483,2
71050,71077,389,8
61084,61089,436,2
66663,421719,285,4
69733,69736,428,4
65859,65911,403,6
63208,63218,498,2
66151,66178,474,2
65540,65568,404,8
74057,480604,438,8
64186,416072,424,8
65567,423617,359,4
65284,65314,434,6
70381,70419,498,2
71044,71046,369,4
72283,478707,393,18
67275,422258,491,2
73803,73804,428,8
66022,424589,440,8
412737,412738,352,4
71217,482840,418,8
65280,65286,322,8
71029,464022,501,2
70960,423172,465,6
72657,72658,461,8
70211,493243,464,2
65065,65066,405,8
70527,70569,1076,4
70251,74030,482,6
62146,62152,417,8
64632,64641,402,2
64170,461864,447,8
63838,63847,369,4
69692,69716,457,10
71494,74027,403,2
69869,493232,435,4
72338,73803,495,4
71716,73193,433,4
66141,66163,225,4
71420,71451,474,4
69955,74083,373,8
65796,481668,334,8
64009,477549,490,4
72141,72158,469,8
72130,72136,402,6
65652,65697,458,2
65983,66049,491,2
61035,485722,494,4
71373,71384,418,2
69705,74102,419,8
74193,427097,418,8
62974,63025,475,2
424596,424612,361,8
71745,73855,471,2
64668,64675,437,6
70628,70638,429,10
60996,61035,445,8
67513,67519,341,4
70820,70830,442,12
63242,63263,436,4
65860,65900,402,4
67611,67620,427,8
63986,64003,491,4
70324,474220,314,8
70961,425370,477,4
63845,73735,466,10
62441,62445,497,2
61519,61520,375,6
422633,422776,402,4
74008,420665,344,4
65483,65525,482,8
70334,483315,396,8
68147,74045,458,8
65300,65312,267,4
63269,63283,419,8
72395,74303,390,4
70277,422972,486,6
70228,493243,440,4
70227,70232,331,4
69891,69894,360,6
73513,496049,500,2
68129,479109,474,12
68096,68103,409,8
72940,425787,291,8
65652,74204,452,6
70272,70284,482,4
62397,62418,462,4
63024,493249,347,8
72762,72767,417,8
67042,67047,427,4
70600,74116,380,4
63304,63310,477,6
63183,67550,354,8
71968,71976,354,8
69709,69737,481,2
62082,62093,392,8
69574,69584,446,8
73011,480562,281,8
64970,64988,327,8
62868,62918,425,6
66003,66038,461,4
63897,63919,401,8
65489,65511,444,6
73235,73240,441,4
72207,479983,453,4
72751,427777,462,2
68028,463436,474,4
63125,63139,493,2
423648,424028,407,6
65560,65639,499,2
65460,65495,393,2
65708,424932,443,4
65523,65561,385,8
65072,65093,377,4
68229,73905,470,4
71649,71653,380,2
66621,425818,482,4
71333,73633,442,2
69595,69607,463,4
68852,73756,500,2
73528,73537,479,4
65276,65334,476,2
65059,65077,483,2
61042,62621,334,8
62652,62661,400,8
64275,482735,423,4
71092,71115,501,2
62782,424007,544,6
65822,65873,498,4
71023,71036,413,8
62666,424928,447,6
64560,426072,487,2
63268,63288,405,6
63255,63268,344,6
72225,74059,414,12
70985,70988,404,8
65798,65853,365,4
66297,66314,417,4
68554,68565,321,8
64413,64434,394,4
70268,70286,500,2
72256,72588,483,2
70117,70138,484,8
60075,60081,471,4
66411,66429,391,8
60296,60333,494,4
70185,482756,317,4
63471,63490,456,8
61862,61877,362,16
62752,424007,432,4
71572,427076,300,2
73283,490708,325,8
70644,419794,341,8
65048,480008,346,12
62806,485882,461,4
60469,60478,387,8
72399,72401,481,4
71056,71069,470,8
62856,62911,413,4
72918,72927,455,8
72817,492208,348,6
61165,61173,450,2
73117,478446,346,8
60493,60524,467,8
72215,72226,433,12
71724,71726,415,4
62918,62925,408,8
72175,72202,396,8
60572,60591,444,4
64426,64439,497,2
66587,66599,464,2
68875,68883,414,2
70809,478953,427,4
68858,68879,501,2
73544,73548,452,4
68829,68840,473,4
65639,73941,443,8
63461,63465,460,2
70863,479122,434,2
64671,64680,337,4
415113,420314,337,2
66520,66527,490,2
66644,421719,449,4
62990,420737,457,6
63984,64005,480,4
71088,71117,482,4
72342,72354,487,6
66904,487075,443,4
60834,73774,491,6
60658,60679,395,4
63199,69545,446,8
62579,62590,493,4
65426,65468,403,2
73137,73143,420,8
463776,479929,413,8
70688,70690,422,2
73090,73094,427,6
71183,481100,378,4
66116,66190,462,4
62244,62250,423,4
67861,478849,283,2
73401,73406,348,2
72733,72739,498,4
70317,491386,381,6
66878,66913,496,6
71105,71115,425,6
70481,70501,319,4
63682,63719,472,4
69970,69998,423,14
71760,480597,456,2
65063,65101,459,4
71486,74186,443,6
73427,73434,434,4
60736,60797,501,2
71152,463756,497,4
69655,69675,382,6
74119,425816,496,4
73618,480747,451,6
72693,72706,492,8
64735,64742,435,2
485504,491384,377,8
70561,70571,456,2
65285,65329,492,8
70907,70915,480,6
67538,67550,419,4
61808,61816,489,2
69610,69628,498,2
61853,424933,382,8
70010,70016,404,12
65940,66014,500,2
73121,73124,317,2
68149,68158,464,2
62632,62663,472,6
71553,72051,327,4
66694,66706,391,4
73143,73152,480,4
68849,68871,363,4
71664,71677,357,8
71650,71651,720,4
65483,65500,376,4
65859,424911,405,8
70334,423119,488,4
60894,482864,390,8
67233,67235,480,2
60744,60776,399,8
71034,71035,479,6
70568,463652,438,8
70955,488087,448,8
68767,68774,430,4
64439,64451,463,2
66055,420959,497,2
422339,422369,500,2
60570,60597,429,8
482449,492982,356,2
69187,69190,450,4
71944,74044,340,12
62866,422398,408,4
67693,478854,476,10
69281,69287,338,2
68928,485778,318,4
69638,69646,498,2
64227,64232,474,2
72451,73854,398,12
73237,73239,367,2
70909,70911,449,4
72785,72786,484,4
67783,477707,351,8
70875,70881,481,2
62634,62668,367,6
71900,71902,488,10
70955,493021,420,8
72233,74023,406,4
69201,415786,367,8
62749,62788,448,8
71017,71034,492,2
64122,64124,475,2
67792,67804,379,8
72801,462639,381,8
72729,72744,437,6
72755,72761,431,4
66571,492348,455,2
60028,73829,395,4
60080,60105,455,2
66882,480195,434,4
72664,72685,447,4
72581,72593,496,2
59537,59545,340,12
473829,479968,491,6
72517,73787,460,4
62722,62773,481,4
463802,479850,487,4
71369,71395,484,2
67882,419201,448,6
72361,416711,343,8
65096,65118,390,8
60310,485910,321,4
74196,74260,419,2
71306,415652,464,4
70616,70624,410,4
66049,66085,382,8
71080,412992,466,4
66611,419656,367,4
70283,415640,443,2
71112,71130,445,8
73009,73010,391,10
63835,461532,464,6
60184,411603,332,2
71087,74034,461,2
67510,67522,316,4
60525,60551,423,8
62381,62388,377,4
60181,422597,401,2
73347,73348,474,6
477288,480637,481,4
65497,65561,417,4
65446,65500,450,4
63535,63559,492,2
71798,71811,420,6
72290,72304,950,4
69576,69582,435,4
71653,71668,493,2
66323,415523,464,4
72127,72138,389,8
67977,67987,471,2
63493,63529,457,2
60320,426758,448,4
71990,72014,440,6
70400,70416,303,4
72974,419098,475,8
65865,487070,300,2
64566,64587,473,4
61454,61460,413,10
64374,64378,416,2
72550,72567,452,12
65654,65671,472,2
71592,71603,418,6
65964,66001,494,4
70633,70649,493,4
67490,461828,390,4
69074,69085,449,2
71762,71778,423,2
65268,65304,466,8
67913,67921,384,8
62787,62824,455,4
68884,478001,478,4
71330,73689,497,4
71612,71625,390,4
73438,486805,390,10
72254,72263,405,4
63252,63270,484,4
65978,65984,489,2
60249,74111,487,2
72438,482354,401,8
70171,70226,482,4
61847,491300,393,4
63019,63024,446,6
60992,61009,285,4
69047,69051,349,4
70912,494528,428,4
73534,73535,348,4
71962,426140,258,2
70936,70941,346,4
62967,63003,430,2
477254,479936,489,2
73522,74017,416,4
69614,69619,408,4
73198,73203,347,4
61146,61147,481,4
420718,478852,442,6
72891,72893,463,8
70243,70271,393,12
73849,482803,422,8
72114,73707,356,4
69970,69987,468,4
71734,491694,366,4
66513,66543,487,8
64736,64752,467,8
72494,72499,498,2
63900,490703,318,4
66683,74375,463,4
63065,63112,465,4
72040,72422,489,6
62053,62058,431,4
63621,63627,434,8
62691,62697,313,2
69582,69587,438,4
72288,73975,486,4
71874,71878,479,4
71892,491562,441,2
59941,59957,476,2
61471,61475,479,2
72756,72763,467,8
65723,65747,316,4
69735,69745,462,8
72558,72571,441,6
70308,70310,478,8
70990,71000,396,10
70106,70162,477,2
64849,64869,488,2
60829,60847,474,6
62665,62716,475,4
62531,62536,487,4
71884,71903,427,6
61868,61890,480,4
67632,67642,487,4
424504,426015,434,2
425920,425930,254,8
71247,71257,591,6
70225,70244,496,2
63364,63365,448,4
70278,70284,497,2
63694,63708,412,8
60445,60469,362,2
68950,68972,474,2
61883,61891,437,4
63845,63868,490,4
71062,71080,470,4
69767,69773,472,4
69791,69797,485,8
61386,61389,354,4
68527,68559,466,6
71553,71554,341,4
69484,69486,382,2
65983,421035,449,4
65049,65071,351,8
72111,72116,251,6
62663,62708,460,6
62662,62686,488,6
71268,71292,462,4
72615,72631,475,2
72937,72943,388,8
65860,65892,319,4
63054,422926,477,2
63073,422901,409,8
61391,61394,384,4
70397,426182,446,6
65808,65822,403,4
70114,70141,467,4
62863,413378,427,4
65017,65045,385,2
62818,62857,429,4
66769,66792,404,8
72548,72564,490,6
74261,480070,462,6
70128,72970,498,2
72997,72998,395,10
63392,63399,390,8
67512,67524,451,2
70506,70511,426,6
68800,68820,493,6
62522,62528,499,4
70711,415638,492,2
66140,66173,427,8
68950,68958,457,6
420584,482790,490,2
66039,496891,464,4
72597,72613,464,2
71606,71607,442,2
71493,71495,345,6
73733,490703,359,4
63392,63402,484,4
63379,415616,388,8
64075,64092,496,4
71095,463855,326,2
71313,482792,455,4
62560,62565,431,4
70718,70733,474,2
64744,64753,363,8
71020,412687,405,6
60597,60613,398,8
60326,60349,390,4
71090,73659,499,2
71121,71141,488,4
74046,74047,472,2
67958,67966,456,8
66767,66806,471,4
67171,67177,430,20
71895,71911,391,2
67987,68008,345,4
427793,427797,477,4
71555,72043,399,2
69950,494371,333,8
65514,65515,281,4
60749,60769,479,8
69615,69622,484,2
71982,71992,368,2
69769,73914,333,4
71178,71193,465,6
63143,419905,488,2
65287,65303,447,4
65338,72407,456,2
73477,73479,393,8
70758,73613,498,4
415642,425142,250,2
420947,491308,445,8
60457,425920,495,2
71393,71395,333,2
65104,483405,471,6
68342,73231,434,4
65958,65980,440,8
63378,415616,409,2
63020,63027,388,8
64405,492836,486,12
71286,71292,472,6
69598,69611,395,14
64969,65013,496,4
71459,71477,318,2
60283,485910,439,4
66233,66285,477,2
61863,61881,361,4
68402,485874,392,4
66569,66594,429,6
63058,73703,386,4
66177,66222,458,2
61687,61689,489,4
70231,70275,456,16
72755,72777,362,10
72585,72601,450,4
71264,415744,486,2
68647,461887,334,8
68861,68871,429,4
62535,62543,488,4
69498,419963,493,4
61604,480611,432,6
64052,64055,431,2
74192,424028,446,2
70150,70162,363,4
64662,64678,498,6
73247,73251,420,8
69310,69311,454,2
72114,72130,491,2
70583,70585,283,4
73535,73541,472,6
61219,425771,445,2
63709,485346,389,4
60574,60590,367,8
62797,62842,454,8
61899,479388,477,4
72440,72454,401,2
69818,69822,457,6
71379,71406,455,4
62839,62874,348,6
63677,63692,398,4
70107,417845,373,4
73173,73182,500,2
72219,74060,460,4
66503,66509,422,8
71654,71655,465,12
64110,73947,457,6
71813,71819,489,2
71408,71428,410,12
71869,71887,489,4
73224,73228,451,12
68093,461500,437,4
66441,496896,408,4
67434,67439,483,4
70880,70884,445,2
70236,70265,418,2
73459,73467,459,8
65676,479431,381,8
70769,70778,494,4
69127,69133,499,2
73121,73132,416,6
71209,473829,493,3
480671,480707,298,2
60541,60563,458,10
69401,69406,315,4
71696,73186,469,4
69942,480985,493,4
70387,478671,467,6
69581,69590,444,4
60862,60863,493,4
72305,72312,479,8
69848,483310,489,2
66272,423496,500,2
60765,462034,497,4
422319,422339,408,2
66469,66470,451,8
64940,491421,404,8
63161,63168,395,4
65567,65623,443,4
66864,66876,417,2
70458,73691,443,4
71786,423191,498,2
64941,64977,381,8
60863,60873,382,4
69992,70004,385,2
66359,66403,438,4
70179,70188,480,2
71177,478845,343,8
62819,413378,646,2
60234,415614,467,8
65852,65888,442,2
60611,60639,384,4
62880,62939,434,4
70956,425370,488,6
62740,62760,418,12
68950,485554,481,4
72598,72611,429,14
72143,72485,477,4
65426,65464,358,2
71179,71180,294,4
70313,70331,479,4
71565,71571,431,6
66683,483478,500,2
69597,69613,447,4
73116,73117,378,8
60261,60263,385,8
72935,74119,474,8
62902,62915,494,6
62716,62738,450,4
71396,71399,468,4
479074,483703,478,2
72284,72305,496,2
74228,425771,401,4
70126,423879,430,12
72940,72950,440,4
63965,63974,445,4
70069,477254,469,6
71020,71039,475,4
71253,74042,524,6
67522,67524,477,2
62023,62039,445,2
72927,72936,430,6
485761,485779,378,8
68476,463751,436,6
70317,491384,260,4
59774,59791,443,4
71263,71279,463,4
60649,483576,362,8
68818,73452,463,2
63918,63952,498,2
60817,73774,344,4
68741,68753,465,2
62698,62758,493,2
68702,68706,499,2
60852,60868,376,2
61531,61533,318,2
62810,62814,412,4
65248,65289,498,2
72616,72621,361,4
65771,421849,326,8
66433,66447,434,4
65436,65442,482,2
70684,70685,464,4
62052,62054,417,2
65540,493992,495,6
60124,60147,467,4
63842,477992,447,4
71553,74026,497,2
73002,420251,459,6
60308,60337,463,4
64789,491442,392,4
70016,70053,475,2
61801,61811,473,6
62785,62807,311,4
60704,60726,452,2
71317,71347,474,4
62500,62512,462,4
69569,69580,456,4
64827,64856,434,6
67861,67872,469,4
61926,61937,467,4
415850,486690,440,4
71674,415663,413,4
60265,422641,427,2
69691,69698,485,2
64912,64935,493,4
70419,70433,449,4
66251,423648,464,6
66969,482561,457,8
71832,73646,468,4
69720,69743,427,4
65222,479274,499,4
72551,72564,441,10
59582,485904,398,4
64958,427056,383,4
70372,482753,413,8
65883,65941,333,2
68851,68857,392,2
65459,65469,405,4
71769,71788,409,8
66783,66836,459,2
66329,66351,438,4
71230,71252,486,4
65580,487073,318,8
63482,63506,357,2
70639,70982,459,2
73282,73911,497,2
65070,65076,453,4
66655,66680,474,6
65550,413213,467,2
69941,69945,482,8
72851,72855,402,2
60106,60112,467,2
62878,62888,456,2
66176,66237,491,4
71303,71313,482,10
63313,63320,423,4
67300,426832,500,2
64516,64526,318,2
69582,69592,486,2
71745,71754,287,4
70169,70170,465,2
71208,482596,484,6
72510,72522,454,4
73056,73057,450,2
72364,416711,482,4
72334,425215,485,2
73214,73215,492,2
70444,70463,477,6
66728,66754,424,8
73218,491774,497,2
64926,64942,362,2
70836,70842,425,4
61914,61915,442,6
69965,70016,484,2
71531,71554,431,6
64919,64949,471,6
63216,67562,430,8
66833,490532,471,6
59577,59579,470,4
69342,415786,407,8
63555,63567,498,2
72945,72948,286,4
59692,59699,370,2
71137,421357,403,8
63660,63667,486,4
62910,62929,400,8
64287,64297,448,8
60668,60685,435,2
72151,72161,481,4
71573,480705,341,12
72008,483403,282,4
73198,73206,340,4
67634,67640,451,2
73620,480748,476,2
66022,66054,462,2
60637,60648,485,2
479071,479074,433,2
479853,482824,384,2
67991,486944,417,2
70541,482493,426,4
63207,63225,457,4
73262,73268,338,4
70702,415638,441,6
63306,63312,442,8
71072,71075,423,4
71291,482794,466,6
64845,64854,429,2
73424,73439,428,6
67300,67315,458,6
61193,61196,391,4
70758,70761,472,6
71958,74044,445,6
68344,68353,440,4
60285,60289,434,2
62722,485816,378,8
422805,485818,285,2
71254,463900,446,2
483553,483554,362,2
64488,64501,466,12
65099,479899,439,8
73399,73406,484,2
59677,462257,343,2
71393,71419,479,8
71603,491734,335,4
66007,66069,478,2
61274,61276,417,8
72633,72638,468,4
71611,71622,484,2
63750,63764,305,2
64745,491119,327,4
70125,70146,441,4
64741,491439,480,2
64441,64447,469,4
66787,473130,390,4
60168,424399,497,2
60227,74160,317,2
70205,70223,417,4
69625,463515,492,4
64401,64412,453,2
70182,70189,497,2
69542,70681,490,2
66757,66768,382,8
71535,73673,428,4
478883,479933,488,6
61208,61217,494,2
63198,480004,489,2
68372,68379,380,8
71473,73849,443,2
72023,72035,486,2
69498,73720,490,6
66145,66217,391,4
63235,63254,362,8
73495,73498,414,6
70284,491384,489,2
73608,479555,333,4
68644,68658,410,6
67539,67540,315,8
70891,74006,482,4
479938,479939,332,4
71188,71197,419,10
60736,60763,423,4
60535,60544,335,2
73044,73053,337,4
64463,64475,366,6
72542,72563,437,14
60538,60561,424,8
63310,69586,458,8
425215,425219,454,2
71170,73641,485,4
61814,491299,421,6
63076,73703,448,4
68489,68504,477,4
71882,71909,484,2
422420,422460,468,4
482098,488509,394,4
59743,59753,391,8
71992,74065,452,2
71775,71776,483,6
71328,412695,501,2
65993,66039,436,4
70987,71006,494,4
62599,67389,492,2
72917,72923,376,8
64108,64132,414,2
62956,62971,475,10
70216,70241,476,8
69521,69525,387,6
68805,68813,413,4
67787,463415,359,8
71028,71043,412,4
72492,72494,488,4
61919,61927,442,4
72051,72085,477,2
64336,480608,392,8
69511,69517,317,6
65831,65912,431,4
74065,496913,366,2
68193,68213,442,4
70510,70524,462,8
69177,69179,465,4
417697,417701,433,6
72014,72032,420,6
70629,491754,475,2
74010,424029,327,4
72752,414420,401,6
71921,71944,494,6
61972,480644,415,2
73224,73227,493,4
71828,423191,449,4
71783,73218,490,2
73854,415644,471,4
70535,70570,475,6
62426,474202,409,8
63485,63491,495,2
71326,482794,447,4
71917,71923,335,4
67202,422285,470,4
66344,66348,241,2
73865,419795,452,12
66953,66969,441,4
73540,480959,486,2
68638,68653,478,6
70443,70471,417,10
60201,415614,420,8
65770,65812,472,4
415738,482826,370,4
61249,61253,485,2
64452,64473,385,6
61193,61195,489,4
73764,422453,420,8
68055,477701,497,4
62804,62862,491,2
70075,412688,489,4
65966,66028,407,2
70994,71008,385,2
66059,66073,501,2
73153,479097,484,4
65547,479955,500,2
69565,74105,399,4
71839,74036,494,4
60157,60158,386,4
70873,70875,422,4
63793,63808,380,8
68624,68632,397,2
71929,71943,373,4
70179,70205,346,4
73435,73442,381,4
60524,60525,484,6
60148,73786,304,4
71719,71732,423,2
65831,482327,330,4
63368,63379,411,4
60912,60924,441,4
70050,70087,490,4
70700,485847,455,2
71042,73654,497,6
70377,73034,469,8
65133,65167,462,2
71415,71445,496,2
63232,63243,469,4
61015,61022,365,8
61442,61453,434,2
62398,62411,410,8
73483,73484,402,2
68498,461880,488,4
491392,491441,466,2
420300,425786,453,8
65072,65080,299,4
60512,488505,458,2
70267,70271,482,2
60537,60570,471,4
73173,73174,312,4
66177,66188,366,2
65633,65644,458,8
72050,72072,492,2
72763,72769,483,6
415574,415598,274,4
64960,64985,438,2
61975,61998,487,2
60641,60686,356,4
60067,60084,475,8
72071,72098,470,2
65885,65956,424,8
69093,69105,487,6
64113,64133,364,4
64656,64671,323,2
491316,491317,368,2
69225,69226,495,4
65615,486941,454,4
60824,60847,395,2
66488,419659,329,4
71338,480614,501,2
70232,70250,498,4
72020,482790,464,6
71971,74043,483,6
479990,482696,393,8
70920,70925,348,4
64689,64698,378,8
72459,72476,490,2
71873,424088,496,4
61525,492096,371,2
71353,71369,463,2
70449,70455,426,10
71032,464034,432,4
72438,72450,453,6
62582,62586,387,8
71310,71315,448,4
69117,73724,439,4
71364,71365,346,6
63701,63710,484,6
64151,64167,482,2
73090,73093,464,8
70605,70646,493,2
72812,72814,441,4
69928,69953,397,8
71071,71072,443,8
64112,64132,463,2
70204,70232,477,4
71243,474150,473,4
61389,425737,446,8
72602,72630,484,4
67131,67133,461,4
65445,485861,476,4
65537,65585,290,8
71387,71940,496,2
71768,71789,476,4
65118,65126,345,4
65304,65322,316,4
71856,71871,482,2
61225,480407,414,4
71310,71325,419,4
72052,72069,420,4
68474,68488,377,8
67515,67517,493,2
60592,60596,420,2
65925,65994,502,4
63737,63763,416,8
60395,60403,486,6
70279,70294,493,2
68380,424727,497,6
62769,424007,383,2
67823,67837,499,6
66146,66184,399,6
63062,63080,486,2
70177,70181,363,4
68614,68617,435,6
72643,73993,462,4
70680,70688,407,2
64931,64994,375,4
69628,69644,396,2
415852,463554,295,8
69514,69522,453,2
64509,64538,439,6
70895,70910,471,2
72586,72609,477,4
70899,70923,469,2
73678,415641,447,2
64035,64053,423,6
70802,70803,450,8
63414,462770,455,4
62148,62161,388,8
71555,482730,403,2
67953,67956,364,2
69162,485516,409,6
64970,481026,364,2
62169,415642,326,4
71618,73164,480,4
63937,490704,473,4
70337,485504,479,8
71367,71405,481,4
65360,65409,470,4
59578,461840,348,4
62380,62386,295,2
71305,71306,493,4
66441,66464,436,4
64765,491440,283,4
73582,425952,399,6
66247,66298,467,6
73534,480959,441,2
60040,60054,450,4
61532,421136,492,4
63296,63304,370,12
62097,425940,456,2
416091,420151,462,6
71104,71118,402,8
63853,63874,478,4
60787,480962,463,4
71329,73646,364,4
65673,65721,364,4
71666,73626,491,5
65093,65115,441,6
70806,70824,448,2
65637,65690,431,8
71434,71447,406,4
64649,64664,462,6
72937,72948,360,4
72002,72023,406,6
71790,71829,350,12
69715,69731,490,2
70784,70796,442,2
69146,69149,467,4
71688,71689,333,8
68576,68591,473,2
69857,486697,482,2
63956,63986,493,6
69996,70031,481,4
73423,73424,448,4
60913,60922,471,2
70239,70288,433,6
64034,64040,300,2
68228,74247,481,6
70966,70971,385,4
66479,66488,476,2
73261,479946,398,8
70927,70938,446,2
62196,62207,473,4
60674,73627,460,2
68412,68421,496,2
73551,424023,269,4
70916,70921,466,2
70064,70119,462,4
71504,427343,296,6
68142,68166,481,2
68232,68236,371,8
73071,73077,477,8
68121,68127,458,6
60241,60257,422,4
67759,476950,461,6
66167,73957,495,2
61252,61253,426,2
71865,73669,488,6
60890,60900,355,4
68761,68770,482,2
70462,70489,493,2
65909,65947,497,2
71782,71800,388,8
65420,419842,498,2
63317,63325,466,6
66031,491911,343,2
71504,74186,497,8
65064,65096,440,2
65683,65727,466,4
70822,70825,363,4
63801,483417,373,4
65616,65636,336,8
71830,71856,375,6
64509,64547,487,2
73414,73424,309,6
72294,74025,470,2
71148,71178,488,2
71264,420150,483,6
65859,73943,500,2
69619,69635,496,4
71334,71343,459,2
416650,421820,329,4
66159,421044,396,4
62923,62953,430,8
65152,494524,403,8
73000,425800,316,8
61343,61347,281,2
64550,462230,396,2
61538,421136,332,4
73299,73307,496,2
73503,74017,461,4
68631,68641,345,2
66073,73759,343,4
70058,70072,391,8
60362,60382,316,8
70974,70975,466,7
67365,422984,381,2
69474,420177,482,4
62120,425940,337,2
73561,73566,483,4
64825,491445,346,4
69667,493244,292,8
66393,482773,377,2
71702,71724,488,2
61527,424527,410,4
67941,67953,301,4
71215,482799,480,4
69894,69931,420,8
424789,424793,501,2
63321,425937,448,4
64805,491445,498,2
66855,490530,479,4
60391,415269,496,4
64719,64742,482,2
63368,63378,443,6
67782,67784,473,2
64407,483242,430,2
63784,63786,392,8
67512,419816,491,2
67520,67528,481,4
72050,72051,350,4
61463,61472,497,2
72373,426600,354,4
73699,462531,481,2
64158,64176,411,8
69287,69288,406,4
71477,73848,498,2
67858,496644,342,4
73221,73232,483,2
70847,70858,412,4
68560,68571,470,2
70576,463655,462,4
64959,64983,331,4
64561,64577,453,4
70869,73814,378,4
65912,482327,439,2
70947,70951,436,4
71867,416674,462,4
61004,61010,372,4
65810,481027,345,8
71494,422805,453,2
61013,485919,289,4
74091,483316,477,2
68408,68436,500,2
73337,73345,496,2
72345,72351,366,8
71048,71066,449,4
72742,73494,487,2
73437,73444,354,4
494973,494974,442,2
69502,69505,371,8
71890,71908,475,8
73959,73960,473,8
66335,491905,489,6
69032,478159,427,4
65883,65906,478,4
65095,65103,436,8
73258,73259,381,4
73661,479932,439,8
69301,69313,467,2
64340,479930,403,4
65520,65522,457,4
71732,71736,380,6
71006,479937,366,22
59717,74069,404,8
72158,72177,498,2
71688,71691,434,4
73233,73238,411,4
64123,64128,430,4
73274,73277,423,6
68487,496640,422,4
68042,68044,487,4
68422,68423,379,8
73274,424908,397,2
64814,64844,409,10
70821,70828,438,2
72488,72505,463,4
63994,64003,325,8
64193,64203,418,8
71052,73891,252,8
65392,65408,274,4
71559,71568,458,4
71884,71892,494,2
60617,60649,484,2
73125,73135,453,6
70922,73712,464,2
64754,64765,476,4
72430,72442,446,6
65063,65075,386,4
63356,63358,432,2
72528,72576,460,4
71972,463588,467,8
59671,485845,481,2
71424,71448,473,4
72444,72447,494,4
69676,69689,376,2
60689,492180,498,2
70230,70253,382,8
72469,72478,483,8
60968,74050,490,2
63704,63728,442,6
60846,60867,447,8
71548,72081,448,12
65650,65670,390,8
68442,68456,467,2
65387,426166,403,8
65134,494524,442,8
60672,60705,465,6
60747,60752,476,4
74086,485836,358,4
73399,73401,425,2
63526,63554,493,2
69210,74087,438,6
65728,65736,338,4
474161,481661,415,2
65542,65543,427,10
68899,68902,542,2
72673,72684,499,4
66106,66160,472,4
69702,69710,493,2
64913,64937,470,4
65382,65437,395,8
65965,66050,401,6
73293,73296,294,2
60264,60289,409,6
70526,70548,423,8
70881,70893,501,2
67945,67947,464,4
66579,66598,467,6
71116,73659,408,4
72999,73903,451,8
62928,422398,404,4
62900,416606,469,2
68136,463420,407,6
65468,65500,451,2
65026,65040,438,2
72059,72097,416,10
73925,478518,425,4
60059,60092,402,8
71423,71453,484,4
71271,71272,497,2
70682,479927,497,2
69863,69880,469,6
63548,63550,461,4
72020,72023,360,6
65972,65973,428,4
71859,71872,454,4
60531,60549,396,8
69539,477794,487,2
66353,66356,487,4
71793,71804,428,8
69087,73928,483,2
62422,62429,459,8
72080,72086,393,4
64903,421007,404,4
66154,419830,433,8
71881,71886,453,10
68095,74016,390,4
65096,65109,436,4
60928,60952,347,2
65080,65149,491,2
65923,65966,444,4
63708,63740,458,4
70834,70835,360,2
66052,427474,445,8
73080,73084,436,4
69541,70685,403,4
63143,63153,422,2
68271,73196,489,6
60207,60227,416,2
73202,73208,478,6
72058,72080,454,2
71352,71363,356,18
461864,482602,500,2
491325,491326,376,2
70893,70895,394,4
64656,64657,439,2
68784,425008,485,4
71567,479958,501,2
73534,73541,480,4
69919,482720,483,2
62339,62341,482,2
67984,68006,483,2
68332,426624,496,2
70230,492986,462,6
72791,426396,355,6
68614,68626,497,4
65023,65053,487,2
59836,427073,476,4
64172,425951,483,6
69748,73914,492,6
419035,483575,408,8
65956,65997,490,2
72111,480353,498,2
73416,73419,344,2
64562,64573,268,2
463796,463802,339,2
71081,495913,482,2
60951,60952,494,2
71156,478845,468,4
71373,71395,411,2
60037,60039,443,4
72181,72205,484,2
61232,61237,454,4
73665,492967,367,10
64042,64052,271,2
67291,67300,495,2
66727,66767,472,4
70248,70283,412,2
71818,74036,439,6
68608,68616,275,4
66252,66268,489,4
71885,71895,456,7
64424,483237,387,2
61430,412042,473,4
68901,68914,463,2
74373,421885,491,4
71736,71744,441,4
70479,482860,430,2
71955,491758,365,4
69831,69848,439,8
65257,416443,435,2
66493,491907,324,4
63628,63641,413,4
65690,65699,497,2
427235,477563,381,4
65169,491452,290,8
65126,65153,379,8
66596,491327,491,4
71210,73657,410,6
70635,421970,446,4
62931,62974,442,4
68834,68858,467,4
72609,72629,433,4
73330,73338,489,2
61784,61790,467,2
65582,73940,478,14
71063,71092,488,4
72903,72910,485,2
73873,415673,426,8
65368,65384,429,2
73669,463796,479,6
65741,65771,483,4
72323,72327,449,4
59606,59615,454,2
73107,73114,496,2
71099,71119,472,6
71313,71326,485,2
67464,421297,340,8
416071,420857,432,8
60270,60279,426,8
72781,72782,466,4
73553,424023,386,2
72406,72409,426,8
71183,73657,463,6
71341,71343,435,8
416518,416538,382,2
66001,66051,485,4
63682,63694,344,8
60174,492631,473,2
60740,74145,323,4
73273,73275,481,2
62200,62207,445,8
70158,70164,467,4
73379,73380,368,2
73177,496943,475,2
71240,71260,485,4
72977,73902,498,2
73281,73284,310,4
416638,416647,410,2
71509,71528,478,6
66528,66557,485,6
71237,71260,465,2
60938,60943,498,2
72116,72126,452,4
66932,66948,385,4
71525,71548,463,2
71753,71759,480,4
68694,68703,455,4
70135,417846,398,4
69618,69628,439,4
63309,412722,448,6
71004,71022,492,2
65130,65146,396,2
70634,425793,411,4
65104,65121,408,2
66713,66744,489,4
70935,412723,409,8
64638,64657,473,4
67389,67406,381,2
73512,73515,421,4
69331,423625,428,2
70087,70106,446,4
70445,73898,348,8
68873,68892,471,2
60773,60791,376,2
69765,69778,479,2
72927,74119,404,8
65249,65273,354,2
73743,492039,435,2
60135,60157,465,4
70462,70464,338,8
71467,73662,403,8
71006,464034,500,2
65847,482770,374,4
71494,485818,351,2
71812,491774,492,8
63954,63960,397,4
65146,65172,411,2
491905,496892,371,2
70421,70428,426,4
71210,71243,409,6
71511,71556,442,6
65772,65840,479,2
65376,65417,444,2
65168,65216,442,4
59910,59912,476,4
70307,70335,470,8
70829,483410,373,8
61194,61199,438,8
63587,63592,439,4
71505,71533,418,4
66455,66482,478,2
68890,68914,467,2
72023,73798,475,8
66941,488409,485,6
62491,62502,470,4
66686,473133,471,4
71869,71935,482,2
59934,426171,439,2
70321,480546,249,6
64940,64944,415,8
479937,482821,409,2
65544,423617,380,8
69806,69809,364,2
60251,60261,426,6
66481,66503,467,8
481080,487094,416,2
420820,420835,408,8
73096,73099,489,8
69603,69620,472,2
72114,72115,466,2
69106,69117,394,4
72965,479925,494,2
62620,485921,408,6
61839,61856,482,2
61751,61765,496,2
72888,73770,305,4
70921,73886,397,2
74055,482449,475,2
66894,66907,429,4
62599,62600,478,2
67416,67433,459,6
59675,59682,486,2
68033,68058,479,2
60596,60621,434,2
69506,69511,349,2
68680,461884,475,4
71744,71760,460,8
70933,70942,479,4
73144,73151,442,8
71753,491697,499,2
73492,73501,491,2
60363,60371,462,4
67267,67275,461,2
63032,63077,474,6
72641,479756,449,2
73047,73052,438,8
425008,427097,401,4
64521,73714,460,2
61935,61945,494,4
61018,62606,497,2
70967,424844,277,4
68444,68484,445,2
72834,72838,459,4
62766,62854,495,2
67461,480713,425,4
63758,63797,427,8
70795,70799,445,4
66688,411743,469,4
73351,495203,478,4
72139,72154,473,4
73023,73028,453,8
71655,420237,323,8
69472,425791,476,4
67856,67877,463,2
64447,64471,462,2
69613,69614,384,2
71754,73802,492,2
62649,62678,390,4
69670,69676,337,8
61845,491300,409,2
64493,73601,372,4
63425,420253,426,4
70268,70272,336,4
71898,490790,475,2
66432,66444,469,2
70261,482857,388,8
61493,61509,438,4
66123,66141,475,4
71651,424718,483,4
69315,73725,446,4
65779,65822,396,8
65328,65361,443,4
73293,73298,363,4
64862,64870,344,12
60169,60193,487,2
71458,71465,444,8
66783,66826,453,2
70308,486692,398,4
66056,66103,455,6
72078,72089,498,2
73684,412440,403,4
68509,68528,486,2
71528,71534,498,2
63615,73808,459,4
71477,71493,270,6
64102,64119,272,8
60355,60358,449,4
65196,65215,485,2
71159,71170,481,4
64447,64464,458,2
71303,482793,310,4
72651,72653,483,2
71095,415816,425,2
68462,68474,493,2
60656,60692,417,8
70112,70121,436,2
71491,71508,406,10
68487,68508,498,2
64064,479874,430,4
71786,412439,335,12
72870,72873,460,4
70646,70663,404,16
73220,73231,494,2
72626,72631,466,2
73024,73032,455,4
64375,488408,415,2
72028,73304,472,2
72122,420779,465,4
67876,67890,455,4
71898,71923,479,8
71430,71446,488,2
64880,491435,461,4
70701,479912,486,4
71267,73841,484,2
71929,71944,487,2
71074,464000,499,2
65402,65411,451,2
62045,481659,367,2
63751,63779,499,2
72113,72132,433,2
63425,63428,416,4
71680,71696,368,2
73256,73261,444,4
60690,462100,372,4
62718,62748,466,2
71311,73665,474,6
416454,478933,321,4
65154,487954,481,2
71590,71596,473,4
71677,71702,472,4
69278,69287,497,2
65856,65928,491,12
63575,63590,451,8
62008,425877,454,2
64123,64144,439,2
61603,480603,460,4
64626,64632,382,2
74190,419830,460,4
64556,64562,447,2
68813,495057,337,4
72080,72118,467,2
70978,71007,443,4
69505,69509,460,4
68425,463438,370,4
64502,64513,462,4
62606,62640,462,4
64537,64551,374,2
70205,485506,386,4
71194,71213,451,4
67853,496644,498,2
63703,412739,491,2
63158,63180,474,2
67987,67989,294,2
64907,64926,403,4
68954,68974,430,2
72144,72168,482,4
67426,67433,495,2
70235,70252,385,8
479941,486386,493,4
64155,64162,373,8
67858,67861,479,4
73264,73266,493,2
66318,420962,434,2
413765,414341,415,8
61888,61899,471,4
72289,72324,482,4
70694,70696,449,8
60203,60224,425,4
71535,71536,383,4
71249,71263,469,2
70532,482860,284,2
62755,424093,365,4
72911,73966,473,2
71725,71734,481,4
70469,70502,430,6
66272,421034,462,4
62487,62491,373,8
71192,463543,386,2
70263,70288,490,2
70876,71422,427,2
62732,62766,467,2
73684,426758,481,4
72037,72419,422,6
70910,70923,435,2
64368,485900,442,2
71854,71863,323,4
60301,60310,338,4
72569,72585,399,2
66515,488099,431,4
69343,69349,360,4
62927,62969,445,2
69791,426139,473,4
71440,71479,458,4
70958,72117,405,2
72478,72492,483,4
70284,70317,394,6
70424,70444,449,6
66122,66186,489,4
67418,67426,481,4
62858,62902,471,4
62689,73767,449,4
60802,73737,499,2
63217,490540,381,4
67524,419816,462,2
65708,65819,473,4
68572,68586,405,6
64136,483416,458,4
65085,65120,439,2
67267,74100,342,4
72229,485810,440,2
70638,70665,424,6
71522,71523,433,4
61987,73939,488,2
69051,424021,453,4
71628,463520,418,8
73822,73823,460,6
60276,60288,337,4
68346,68376,411,4
64460,477622,457,4
70473,70503,474,4
61987,480644,353,4
59778,59785,455,8
71459,71473,395,2
72783,72785,394,4
74047,74048,483,2
64822,64845,396,4
63960,69491,498,2
63073,422926,490,2
65200,482067,318,4
65950,420954,495,2
73962,73963,476,4
72790,72794,499,2
70465,70505,461,2
73114,73115,483,4
65361,65382,477,4
65040,65092,470,6
73533,73538,452,4
65564,65599,411,4
65836,487070,453,4
70956,423192,479,4
63145,63159,376,4
66956,462549,456,4
479365,479376,365,8
71273,415744,472,2
72066,479938,478,4
63635,63656,480,4
67839,67842,474,4
64863,64882,418,4
60487,60489,489,2
480610,486036,450,2
65905,481668,343,4
71875,71877,458,2
70165,70202,495,4
70190,478864,373,4
65614,482818,341,2
72087,72100,377,8
66188,66251,481,2
68173,68174,488,4
65609,478853,414,16
71239,71247,497,2
66106,66119,476,4
63869,69487,482,10
71975,71979,498,2
65406,65434,482,6
66939,66948,449,2
65339,65420,467,4
69269,423849,441,4
62060,62071,294,4
60962,60971,495,2
70383,479914,398,2
61525,61536,450,2
64436,64453,440,8
70053,70091,476,6
63058,63091,379,2
66930,66942,458,4
68544,68567,427,2
63643,63651,353,8
71570,426135,466,2
70581,70616,474,2
68894,485321,456,4
70944,70950,466,4
65810,423055,490,4
65916,65969,450,8
67872,496644,328,4
67688,491773,300,8
72936,72950,443,4
69352,69361,470,2
65808,65873,494,2
412724,423140,420,2
64789,491441,414,6
68006,68016,274,2
69864,486693,466,8
62536,62546,458,2
415670,462127,501,2
73621,415618,454,4
63541,63557,496,2
62217,62219,421,4
64437,64447,497,4
72952,72961,500,6
71174,71188,394,8
70891,482831,434,2
72814,72817,489,2
483614,483620,472,4
66263,66276,491,2
72408,426396,475,4
66177,427474,372,4
65644,482817,472,4
63347,63350,351,8
72231,74021,416,8
64526,64551,484,2
62364,416128,342,2
71463,71481,486,2
483666,483667,391,2
72219,415680,384,6
65865,65887,422,2
71201,71214,447,4
66761,66771,464,4
70020,70037,341,10
64060,64087,498,2
64849,64852,455,4
60762,60768,460,4
64526,64537,418,2
70123,70162,480,4
65955,491308,470,4
70401,70464,454,8
71550,481055,457,6
62057,62079,495,2
70632,70664,387,6
62161,425141,396,4
70922,73886,226,2
65425,65433,409,2
71067,71069,458,4
72552,72560,440,4
71359,71410,458,4
67190,67195,469,8
70819,478953,467,4
61003,61015,478,6
72608,73403,447,2
63407,63412,447,8
65094,478355,439,8
67956,67965,479,2
70936,70948,501,2
65076,73982,368,2
65382,65418,467,8
66165,66176,362,8
72497,482718,360,6
73132,73140,382,4
70095,70110,463,8
64080,64108,493,2
66147,66186,483,4
66519,66545,456,4
61194,61204,496,2
67274,422258,362,2
422211,426828,1073,2
63486,63517,433,4
68089,485844,466,4
60843,74224,474,2
70012,70049,446,2
73589,423702,488,2
70455,479954,466,2
64801,64811,351,2
60540,60545,405,8
71433,71440,458,2
73115,73123,405,4
72222,72227,499,2
65892,65905,433,2
68445,68473,396,8
71060,71071,460,8
72487,482838,494,2
424508,488096,351,2
70689,70693,499,2
415852,463543,552,2
73286,73288,474,2
480583,483415,366,2
60872,73740,485,2
71172,473100,488,2
67652,485896,349,8
73491,480873,481,2
68506,68519,493,2
65171,482067,298,2
72187,479983,477,6
64602,487807,455,4
70544,482835,433,6
71161,71179,479,6
66115,66174,470,4
70650,70678,470,6
65535,65582,470,4
65519,65567,493,4
70437,479914,495,4
69579,69582,453,4
65858,65894,405,4
65154,482067,473,2
72008,72017,478,2
72145,72159,456,4
72214,74022,444,4
63254,486992,476,4
61054,61060,494,4
59578,426557,413,4
63439,63450,449,2
62496,62500,385,4
70656,491747,483,2
70782,70789,431,2
70900,483236,333,4
68876,68883,395,2
65589,65625,487,4
67790,67800,359,2
73399,73403,415,2
62832,62872,366,4
71426,71469,468,4
73174,73182,357,6
71871,71879,303,12
416610,424720,492,2
65601,65610,307,8
71784,71797,493,2
71178,71192,426,2
73041,73043,404,8
64946,64950,364,4
64418,64428,488,4
62123,487791,409,2
70089,70115,487,2
62225,62229,478,2
62875,62904,457,6
71265,71285,492,2
60594,60630,480,4
61559,61565,261,2
63827,63834,417,4
71566,414773,353,8
69803,69817,425,2
70940,70944,478,8
62892,62908,500,2
62215,62219,264,4
66737,66755,338,4
60558,412655,450,8
65080,65093,491,6
60670,60677,296,2
422243,491315,389,4
73045,73054,459,6
63280,69569,363,8
72517,72528,476,4
64869,64885,373,6
482775,485871,432,4
68895,73758,383,4
68760,68767,366,2
72892,72895,450,4
70922,70923,483,2
60605,60617,283,4
72689,72693,463,4
71723,73850,424,2
71313,482793,469,2
64676,64696,391,8
60264,60285,351,4
71048,481039,396,4
66853,66873,402,4
421238,486685,424,2
65222,479866,312,4
65544,65567,487,4
70900,70917,483,4
72034,73668,391,4
70158,426107,420,6
67852,67860,498,2
61570,477676,354,4
63255,482565,461,2
60504,60517,354,8
62619,62623,446,2
68589,483591,290,4
71999,74065,390,4
71271,73644,464,2
486685,486686,359,2
67821,67847,488,4
73236,73239,471,2
65005,65025,499,2
62636,491451,497,4
71095,71125,427,2
424727,491425,309,8
73198,73201,414,2
66879,66883,476,2
69403,69408,486,2
72759,73511,436,6
64936,64938,468,2
68497,483590,440,6
69466,69470,482,4
67279,67295,480,2
63607,63630,492,2
61855,61868,488,4
60932,60946,481,8
73850,415745,444,4
479756,479907,357,2
70232,73005,457,2
68873,487098,492,2
71424,71427,413,4
64116,64147,403,4
71191,71210,492,2
71053,71072,496,2
69686,69701,445,8
70918,70928,480,2
64998,65050,486,4
69958,69985,429,6
65219,72392,410,2
66037,480583,475,4
61740,61742,432,2
60930,485783,460,2
63989,477549,484,4
70024,70058,452,6
64782,64793,403,2
71553,72050,367,2
65325,65350,427,8
66166,66190,257,2
66372,66389,367,2
71350,71355,484,10
61390,426785,379,4
66116,66166,463,4
59562,478855,493,4
73360,73370,465,4
64211,64217,458,8
70159,70210,471,2
70654,414770,404,4
70403,70418,479,4
70164,426107,481,6
70528,70566,484,4
70179,70215,477,4
72088,491920,485,4
71891,71896,450,4
71949,71962,352,2
60304,60311,470,4
66141,492156,362,4
63270,416569,432,6
73401,73402,475,2
72007,72022,463,2
64691,64692,483,2
67265,422258,492,2
68736,68741,483,2
72421,72422,468,6
492887,492888,406,4
66882,426015,371,4
60061,492041,256,2
63719,63749,416,4
69938,69948,376,2
72631,473099,367,2
72810,72813,379,4
65219,74257,417,4
68868,68886,377,2
71980,73286,422,2
70723,70725,466,4
65469,496932,443,2
64749,64898,382,4
71842,74036,424,4
63745,420144,477,4
72042,72048,419,6
73551,73553,424,4
67837,67851,388,8
70832,70837,501,2
70377,70402,370,8
70501,70525,477,2
65692,65716,371,4
73603,488405,464,4
70980,71004,415,2
70901,70903,491,2
60878,60882,491,6
68401,68425,498,2
412436,479957,369,4
65015,65024,373,4
64757,64773,501,2
66391,66417,340,2
71660,71664,431,4
64923,64960,330,2
73368,73372,416,2
71461,71478,315,8
72522,427645,407,2
60969,60999,465,4
64978,65015,485,2
72618,415632,484,2
71710,71738,489,2
69315,69319,407,4
69026,69030,442,2
65221,65256,299,4
71632,71635,483,4
73384,73386,459,4
62730,62767,493,6
72614,72630,441,8
72293,74057,231,4
71734,71752,443,2
63294,492258,493,6
72569,72570,412,2
68806,68826,499,2
60929,60968,448,4
68344,419945,483,2
64377,485900,366,2
59915,59919,403,2
70801,70805,498,2
71054,74019,491,4
72636,479756,475,2
71118,495913,368,8
421820,421823,476,4
67811,67826,479,6
68022,68040,417,2
70531,478739,452,4
65115,65122,444,8
70564,73075,355,4
69406,69409,395,2
64874,64904,465,4
64942,64971,366,2
70221,70258,492,4
61366,61372,445,4
71696,71716,447,2
63632,427329,494,4
73036,73046,481,4
71578,71584,322,2
63522,73705,476,8
64167,64176,344,8
73688,420240,416,2
70541,482835,472,4
66493,491912,405,4
73193,73201,372,2
73259,73267,394,4
72396,72404,495,2
59987,59997,324,2
64252,480590,326,2
72394,72395,360,4
64928,488509,324,2
69802,483713,459,8
67828,492872,499,2
71173,71179,470,2
72196,72202,458,2
70188,70205,389,6
62430,62434,334,2
72196,72198,491,2
63936,63949,302,4
62039,62045,345,4
69906,69949,460,2
70772,422067,428,2
64591,64596,414,6
71674,491799,480,2
63888,63904,493,4
61430,61435,284,2
69990,420186,485,2
59598,59599,389,8
60972,485783,246,2
62834,62854,452,4
71061,482788,496,2
65716,65727,449,2
65941,65992,379,4
61510,61528,357,4
60756,483651,409,4
73507,73512,492,2
72294,72297,421,4
478860,482857,485,4
60552,60572,393,4
70744,70751,449,4
73015,73024,469,6
70399,412692,480,2
71725,491694,455,2
64133,64147,491,4
65285,65353,471,4
64516,64537,385,2
66364,66393,399,2
69953,485813,489,2
73036,73043,469,8
66792,66813,431,8
66075,66149,455,4
70190,422972,463,2
66282,66330,433,8
422972,478864,405,2
70571,463652,449,4
71949,426140,451,2
66091,66151,349,4
66644,66663,433,2
66596,491316,468,4
72538,72560,438,6
68272,479829,497,4
70852,70859,440,6
68342,68369,459,4
65922,66004,494,2
71014,71021,436,2
71024,412687,483,2
72457,73910,382,2
71477,71484,356,4
72098,72120,462,4
72609,72613,447,2
71165,71176,466,2
65812,482420,334,4
73449,73460,483,4
64782,64805,445,6
62998,63064,487,2
73550,73560,483,2
71924,491564,281,4
63293,63298,474,6
64753,487072,465,2
70215,70225,465,2
71780,480597,236,6
72621,72626,434,4
73746,73905,431,2
70180,70200,452,4
67803,67807,483,2
420150,479068,481,4
68300,68304,327,2
71585,71593,433,2
73265,73270,464,2
60837,60862,501,2
71050,419793,375,2
60156,60163,384,2
59998,60000,466,4
70876,479122,420,2
491562,491564,330,4
68501,68513,438,4
69748,69769,396,4
68006,68026,468,4
60170,60184,446,2
67773,67785,401,4
72476,425794,422,4
69543,70685,391,2
71216,71218,494,2
64024,73734,482,2
60613,60656,497,4
68857,68868,421,2
65364,65385,227,2
65429,65470,426,6
68968,73535,419,8
70095,420314,343,4
70671,497021,476,2
72561,72579,483,2
66390,492305,288,2
64856,64868,477,4
67086,67090,385,2
68753,68760,371,2
69823,69859,458,4
69949,69982,436,4
63119,63163,474,4
64959,64999,496,2
72579,72587,337,8
70445,70471,455,4
70673,70982,300,4
63282,416584,449,4
63434,462627,472,6
64064,64082,459,4
66010,66031,394,4
64452,477622,407,6
70805,70811,455,2
59587,59592,317,8
64322,64337,497,2
70545,70556,351,2
69541,70683,440,4
70500,486729,317,4
63745,495867,303,4
71048,73891,501,2
60620,60654,444,4
64814,491442,429,4
69743,486727,473,4
64613,64624,374,8
71810,71819,352,4
68825,68829,343,2
60880,60882,468,6
70593,478866,492,2
61539,479240,475,4
73496,73504,425,2
66028,483415,323,2
65004,65033,416,2
61950,479392,495,6
70029,70066,463,2
73211,73221,307,4
71922,425849,494,2
72289,73823,476,4
65023,65064,461,2
420737,422398,432,4
65621,65632,421,4
422757,496892,477,2
66924,424508,461,2
66737,66772,449,4
70558,70563,484,2
71883,73866,462,8
68883,69088,440,8
62656,62683,411,8
63628,418915,499,2
420664,479927,423,4
65419,65455,443,4
71188,463577,436,4
69278,485820,428,2
64538,487071,445,4
73397,73403,417,2
59957,485434,320,4
72610,479756,492,2
71541,73661,489,2
73046,73051,495,4
71671,415674,453,2
72073,73863,496,2
69672,73897,390,8
65585,425797,466,4
59577,59584,495,2
70767,70769,377,4
60407,60412,294,8
59737,426727,413,2
71318,71334,440,6
71656,71681,461,4
60759,424781,463,6
72666,72679,451,4
61782,61784,299,2
421033,426166,364,4
69848,483316,488,6
71298,73637,376,6
73306,73307,327,8
70701,70705,499,2
67800,483275,404,2
69811,422453,455,4
62998,63049,484,2
71592,491734,463,4
70264,70281,494,2
73489,73501,458,6
69801,69823,428,4
71014,492983,374,4
62604,62659,486,2
63681,74082,441,2
66756,491896,468,4
64456,64475,462,2
73167,73176,490,2
69603,69612,399,6
66768,66805,222,4
71542,73878,426,4
62769,62785,355,2
61042,485918,473,4
69817,425730,476,2
69922,412732,422,4
421002,421011,372,4
65311,65332,396,2
73258,73267,385,2
65436,65463,314,2
70881,70887,382,6
423038,488480,432,8
64132,64141,316,2
71076,71085,494,2
71380,71399,357,8
60316,422636,468,4
64077,64098,461,8
60962,60976,438,4
64680,64687,405,4
69466,69468,473,2
70493,486729,475,2
69502,69509,484,4
60674,73629,403,2
73796,415749,479,4
62749,62773,474,4
71748,71767,436,4
74111,422633,322,2
60864,415426,389,4
68387,462604,498,2
66590,66592,502,2
70645,71001,492,2
72705,72707,337,8
73800,424920,415,2
70383,70413,478,2
71068,71095,480,2
65216,65221,418,2
71922,71924,489,2
69506,69517,444,2
70633,70661,475,6
71484,71495,371,4
73165,73175,482,4
63474,63514,446,2
68890,68901,452,2
71653,461836,277,2
62091,62093,355,4
69030,69034,273,2
65396,65438,464,2
62993,424720,495,2
60314,60333,464,2
72058,72073,471,2
73087,482698,489,2
65777,65831,499,6
65026,65061,479,2
68700,68704,426,6
70369,70398,499,2
68662,479832,313,4
59582,461840,346,4
60237,60259,492,4
62755,62766,398,4
72170,72189,499,2
64692,64700,408,4
65980,66018,469,4
71021,479948,308,2
71720,71745,479,2
66883,66897,415,2
70442,426136,243,2
63493,63510,459,4
72606,72613,457,4
64495,64501,446,2
66540,420435,429,8
65614,478853,492,2
73513,73520,466,8
72744,74015,489,4
70478,70518,473,4
69921,480872,443,4
66341,66383,487,2
66463,66475,399,8
479958,479959,497,2
463855,473194,461,2
65218,65228,420,2
67216,491302,226,4
60890,74185,498,2
72905,72910,499,2
71336,71345,437,2
71062,479853,466,4
62238,62241,406,2
66399,482773,397,2
64606,64609,381,12
69441,69447,484,2
68016,68034,395,2
70223,70245,439,4
70402,70407,488,2
64977,65004,474,2
73388,73392,473,4
72204,74023,474,2
70590,70657,485,2
65375,426161,448,4
71603,71604,495,2
70647,70658,430,4
60441,60473,491,2
66801,66812,353,2
70978,421434,494,2
60746,60755,235,4
68571,68576,479,2
414379,479361,412,2
411284,491786,459,4
70698,419795,476,2
72513,72522,395,2
60939,60942,489,2
71997,72028,486,2
60891,60913,415,8
71370,71382,492,6
72656,73425,493,2
60617,418852,401,4
70480,70496,411,2
66788,66791,480,2
65425,65436,332,2
60223,60248,474,2
71355,71382,494,2
64840,64852,268,2
65465,419842,493,2
59646,59651,470,2
61958,61962,391,2
71588,71604,491,2
65818,65832,297,4
71071,71101,482,2
64219,64222,496,2
491206,491322,394,2
62974,62983,487,2
73143,73146,386,4
65813,65884,426,2
70386,491990,442,4
70786,70791,494,2
462500,495733,377,4
72717,72733,478,6
71274,71289,483,2
69929,74083,501,2
66607,73608,494,2
66190,66231,497,2
72980,72985,333,2
68958,426274,414,4
70365,70409,448,4
72494,72501,406,6
64775,491394,425,8
70465,70473,476,2
70662,427185,464,4
66123,74189,246,4
71250,482828,340,2
71008,73654,490,4
74110,74111,464,2
60677,60725,389,4
62689,62696,461,2
74256,423630,473,2
65672,73908,475,6
60135,60148,374,2
72004,73668,465,4
71097,415679,417,12
61845,61856,381,4
66718,66748,449,2
71639,71656,467,4
70268,70317,366,4
64087,64107,485,4
63151,63153,488,2
72162,72181,487,2
424514,424517,409,2
61532,61541,384,4
70632,73711,444,2
68494,68509,446,2
72308,484179,363,8
73849,474355,392,6
65334,65352,374,2
65424,65467,454,4
60757,60779,415,6
68568,68575,283,2
69901,488232,483,4
70604,70636,404,2
69897,69918,501,2
70588,70594,424,4
65056,65072,481,2
65064,65079,337,2
65498,65548,463,2
70300,70341,491,2
73479,73481,424,4
71061,482449,399,2
64917,493250,481,2
70116,480877,440,2
65951,65984,287,4
73214,73219,459,2
64258,64262,351,4
65966,483415,340,4
70901,70915,460,4
65250,65273,453,2
69027,69032,444,4
60274,60291,278,2
70409,70451,450,2
64541,462230,471,2
65643,422339,469,2
61033,61042,433,8
415726,420241,470,2
64041,479874,489,2
68444,68454,473,2
61594,480611,448,2
60930,60972,394,2
69429,419689,496,2
70968,424844,492,2
59967,59972,486,6
64820,64851,437,8
70100,70141,485,2
73433,73434,305,2
70434,415850,404,2
72556,73393,341,2
71278,73797,577,4
72921,72925,364,2
482864,483600,454,4
72338,478942,393,4
65000,65058,450,4
67265,480982,371,2
67533,462586,491,2
69088,487100,438,4
73338,73345,490,2
66860,66880,501,2
65765,65794,430,6
69291,69297,484,4
70825,70834,361,2
69250,69259,479,6
62460,62464,465,4
71834,412724,485,2
71387,474149,473,2
68567,68575,467,2
71554,74026,353,8
60931,477075,360,2
64079,477489,409,8
71091,71122,498,2
71977,72013,433,2
60283,60315,490,2
71674,71676,469,2
64250,64252,443,2
61839,61845,271,2
59974,59979,499,2
70614,427178,467,2
73280,73287,481,4
480060,480061,477,2
73935,425945,455,2
69307,69311,488,2
65552,417693,438,2
68639,461887,455,2
59949,59966,496,2
60660,483624,473,4
65601,65637,491,2
67935,67958,439,4
62364,62373,339,2
63472,63476,366,4
63512,63528,322,8
70695,70697,419,2
71190,71192,443,10
65242,65281,495,4
69654,493244,472,4
70421,70466,454,4
65403,65433,349,2
65893,491910,458,2
66712,66729,434,4
61854,424933,441,4
65304,65311,502,2
66108,73606,500,2
71252,73796,416,2
70823,70835,448,4
67335,67343,494,2
422331,422342,377,2
67784,483275,308,2
71461,71505,486,6
65386,65415,450,2
66390,496892,322,4
72354,424836,472,4
63278,63284,900,8
66388,66408,392,8
71768,71770,446,4
70985,70995,433,8
68823,68830,339,2
71441,71485,400,4
63843,426209,449,2
71180,480747,427,4
71276,73794,500,2
62886,62898,501,2
64230,483648,464,4
71500,73878,501,2
69434,69436,488,2
72732,427777,451,2
72068,481055,483,6
68876,423655,430,2
64831,64842,484,2
60986,61007,351,2
64081,64086,419,4
72468,73344,467,2
64965,65005,498,2
61543,421136,305,2
63600,63615,450,4
60911,60914,481,8
65984,66021,499,2
66654,491320,468,2
71690,71701,403,8
68534,68542,486,2
61077,61079,474,4
71892,491564,431,2
68830,495057,487,2
65902,462042,422,8
69506,69513,429,2
61082,61084,456,2
72444,72445,489,2
71139,473194,483,2
71490,485871,391,2
71156,463577,482,2
67265,67275,437,2
65320,419836,495,4
491433,491439,248,2
422597,485909,344,2
64866,491435,458,2
71722,463633,468,4
72410,72787,488,2
412737,480002,465,4
66365,66392,420,4
72450,72469,495,4
71816,482731,471,4
66500,66508,367,2
486693,486697,459,4
68886,68888,391,4
73380,73383,441,2
61493,485794,330,8
71640,482431,367,2
62519,62524,490,6
464006,464029,381,2
70384,70395,434,4
65891,65945,495,2
72653,479907,490,2
66118,73775,487,2
71907,482353,321,4
60578,60602,379,2
67904,67910,475,2
73397,73399,400,2
65476,65514,387,4
65021,483231,492,4
71360,424717,360,4
491323,491325,420,2
69539,477767,455,6
65615,486942,489,4
70376,70456,423,2
66364,66399,442,2
65506,65557,402,2
60257,74160,488,2
422378,478399,467,2
69529,477794,395,4
67436,67445,297,2
66706,66735,458,2
71052,412434,501,4
69523,69526,472,2
416653,421820,379,4
62855,62891,382,4
70483,70536,501,2
69694,69695,481,2
66446,66456,347,4
70864,71360,481,4
66467,66474,471,4
70552,70560,486,2
479955,486946,489,6
62854,62864,396,8
70349,426137,479,2
70347,70384,476,2
59552,59562,476,4
71633,73626,454,4
71456,482803,430,2
478714,478725,394,4
69271,485820,453,2
59687,425595,307,2
69814,69864,494,2
71089,71103,461,2
69895,69909,499,2
67985,67989,401,2
69590,69609,429,2
71191,71200,328,2
72892,72896,398,2
62901,62942,479,4
70366,70409,416,2
67086,69406,342,2
69596,69604,450,2
72678,72681,487,2
68628,68635,369,4
69922,69936,478,2
69736,69766,407,2
68547,68568,496,2
65109,65153,484,2
69795,482757,462,2
60065,60074,397,2
64529,64549,480,4
67844,478849,423,2
65945,65964,465,2
61498,61502,399,8
70429,70452,469,4
68982,68990,483,2
60389,495822,470,2
66637,66644,492,2
70178,70181,340,4
65339,419836,490,4
70416,73898,451,2
60042,60052,446,4
65891,65977,497,2
70443,73898,464,2
71144,412694,452,10
64611,64616,488,2
72562,72584,488,2
68007,486944,465,2
68860,68878,427,4
64218,64222,347,2
65663,73708,501,2
71472,71503,400,2
71533,71551,443,2
462420,478494,451,4
60725,73872,418,2
65560,65586,495,4
65992,66041,501,2
63688,63722,500,2
63002,67515,482,2
65366,65415,483,4
70877,73814,444,4
60849,60863,440,4
64216,70704,501,2
67825,67841,490,2
60396,60410,455,2
66554,66575,493,4
68611,68625,496,6
72512,72519,445,4
62430,488441,491,2
66666,74375,317,2
63230,63232,471,4
60486,60501,403,2
62008,62023,429,2
62706,62727,416,2
61902,61911,358,2
72323,72330,498,2
63868,63882,497,2
64629,64646,490,4
69936,412732,478,6
60169,60186,472,2
68175,68196,477,2
67574,67584,321,2
73423,73439,443,4
60688,60706,325,4
60670,73872,424,2
65413,65452,486,2
66014,66064,470,4
61963,61972,406,4
60965,426056,326,8
64020,64028,461,2
73937,482910,463,2
69832,69853,379,2
69056,69065,475,6
70239,70247,416,2
62723,62780,476,2
68350,424727,494,2
424504,424508,445,2
66747,422412,362,2
72313,478942,381,8
65417,65460,409,2
64762,491446,436,4
72897,72898,488,2
71875,71884,368,4
72462,72466,410,4
73250,73254,361,4
64504,64511,288,2
60357,60368,398,4
487151,496644,409,4
70733,70745,413,2
69541,69543,355,4
66010,496891,416,2
72571,72592,491,4
73028,73036,497,4
71473,71493,426,6
70103,426107,461,2
70137,482751,432,2
61585,61594,444,4
63984,63993,370,4
71335,71350,489,2
72775,480099,494,2
420150,474151,402,2
64844,494788,494,2
62859,62866,489,2
63710,495733,273,4
72585,72594,387,2
71766,71774,482,4
70405,426137,499,2
64908,64933,483,4
72428,72451,450,4
71709,73850,489,2
71412,71471,436,4
61863,61869,343,2
71448,71454,474,2
70655,463658,443,4
70166,70210,442,4
69942,69966,286,2
65182,65203,479,2
66256,66284,499,4
71428,478620,488,2
71155,71171,403,6
70635,419794,280,4
62904,62914,386,2
69116,69119,437,4
60669,425876,488,4
73296,73298,498,2
72589,72604,480,2
73090,73098,481,2
65383,65439,442,2
71919,71948,479,2
59724,59735,438,2
67977,67989,440,2
69785,482757,335,2
480265,480345,491,2
71130,71152,490,2
69383,69385,414,8
62543,62549,465,4
71237,71249,454,4
65474,72793,500,2
73402,73709,464,14
65804,65827,496,2
68406,68425,404,6
68926,426274,486,4
422231,422298,316,2
70965,70967,344,4
69699,69712,467,2
491990,496054,496,2
424238,425791,387,4
64718,64729,418,2
64950,421007,435,4
60218,422764,458,2
64781,64788,411,2
70757,70760,497,2
71047,74054,468,4
60727,60758,428,2
71534,71541,347,4
71155,463539,971,2
68238,68261,485,2
66439,66452,496,2
64855,64869,318,8
59660,59668,340,2
72770,72771,389,4
70799,70815,470,4
60533,60540,354,8
69558,69560,380,4
415007,417687,482,2
73855,480597,352,2
67459,421297,462,4
71258,71261,404,2
68240,68260,474,4
73056,73069,486,2
64093,64100,490,2
73700,73701,409,4
68361,68377,400,8
60556,60578,461,2
66733,66749,369,2
486698,488507,438,2
69338,69349,500,2
62819,483402,293,2
73326,73341,501,2
71925,71967,476,4
70149,425791,456,2
67968,67977,406,2
60163,60178,434,2
426775,486036,457,2
72925,72931,418,2
60170,60187,356,2
68896,423655,467,4
72926,72927,492,2
62840,62885,434,2
72314,72331,461,4
73865,427174,385,4
60719,60733,498,4
64031,477545,459,4
64763,64773,365,4
69785,69795,381,2
63695,485346,446,2
72664,72668,483,4
70726,70738,476,2
60641,73872,370,2
67053,67064,482,4
422339,422345,369,2
63136,63158,481,2
71426,482782,469,4
71276,71297,473,4
71094,74019,459,2
70124,70136,462,4
73174,495453,477,2
72294,478707,413,4
72439,72446,479,4
61218,61221,466,2
71754,480597,485,2
64656,483235,490,2
61416,61421,500,2
65555,65577,468,6
69789,485809,391,4
68310,68314,497,2
71954,491758,332,2
66928,66932,369,2
72811,72817,453,2
68028,68038,429,2
71552,72050,433,2
67861,496644,291,2
72617,72639,452,2
68128,68133,485,4
63694,420742,487,2
62182,62185,453,4
427178,427185,450,2
60313,73685,304,2
71236,71238,483,2
63480,426579,427,8
74050,74051,400,2
462230,483250,323,2
66514,66526,351,4
71156,71174,479,4
72429,72440,496,2
426363,477549,493,4
61107,61108,447,2
62573,492888,470,2
70110,482751,492,2
59682,59687,502,2
62348,62350,404,2
68832,68845,406,2
72509,72518,445,2
73710,426365,417,4
65015,65068,448,2
61842,61866,455,4
64764,64898,468,2
424932,480007,354,2
72451,479938,376,2
62752,62769,500,2
71764,71799,501,2
71720,71736,269,2
70681,70693,440,2
486805,491786,370,2
64757,64763,419,6
70284,491386,500,2
74048,74049,322,2
65091,65130,421,2
70131,482751,454,2
62399,62401,483,6
65970,66030,465,6
479937,479953,450,2
73156,73164,445,4
62869,62941,496,2
71465,480344,501,2
72274,72282,494,4
73469,73474,348,2
65271,65298,400,4
65762,65806,421,4
71133,71153,455,2
67487,67504,432,2
69551,69560,441,2
67874,478847,356,2
63819,424800,497,2
72020,420584,492,2
65311,65322,367,2
64640,64646,501,2
66269,66317,392,4
70135,417845,431,4
491316,491318,385,2
64585,64602,491,2
64403,64410,413,2
422258,480982,450,2
71240,71255,450,4
416623,425950,358,2
63253,421932,485,2
63114,63125,417,4
70805,70818,480,2
63824,63843,441,4
473098,473099,277,2
72131,73876,436,6
477676,485791,344,4
64923,482098,365,4
66347,66380,461,2
72516,73694,484,2
69432,69434,457,2
63683,63712,428,2
68578,483591,297,2
68930,420345,459,2
73267,73268,459,2
70982,70995,493,2
71369,71393,453,2
70329,482753,388,2
68338,68364,486,2
64410,64413,428,2
69017,69032,413,2
63517,63527,384,2
72044,72060,482,4
491321,491322,334,2
63058,63108,446,2
60774,60789,480,2
60931,60985,360,2
491442,494788,458,2
73525,74010,491,4
61155,61158,470,4
66726,494969,434,4
64528,495943,497,2
71138,480709,478,2
66025,66051,299,2
64163,416072,481,4
422342,422345,400,2
71017,483451,312,2
70971,70973,419,2
70983,70987,405,6
60507,60526,398,4
65769,65803,435,4
70679,420664,487,2
62741,485882,483,4
69466,69472,495,2
70254,70276,402,4
65639,73942,477,4
71279,71285,452,4
71281,478410,502,2
72492,72499,293,4
71922,491562,355,2
64885,417900,485,2
68376,74198,491,2
71055,71064,457,2
65305,72399,484,2
71062,482449,367,4
70523,70545,486,2
71149,71177,451,4
70401,70421,489,2
483389,485802,445,2
62835,62841,390,4
71760,73855,481,2
61517,61526,479,4
73394,494522,480,2
69461,70012,389,2
72439,72457,497,2
60899,486996,491,4
65373,65383,476,4
59786,59791,496,2
67422,67435,361,2
64798,64849,433,2
63601,63614,460,4
62559,492888,453,2
65472,65488,355,2
72084,416091,445,2
479122,480357,399,2
71276,71291,438,4
71896,491564,404,2
65856,65874,490,2
70268,491384,491,2
67551,67555,501,2
70566,70608,492,2
62731,62766,477,2
64993,73984,418,2
59980,59992,447,2
63206,63208,426,2
70138,423879,475,4
68537,68561,444,2
64619,64639,469,4
72138,72155,491,2
491911,496891,295,2
61787,61791,418,2
415850,486691,496,2
61198,61200,349,2
70245,70278,497,2
62038,62053,488,2
71674,482431,374,2
71392,71401,463,2
71604,491734,419,4
69726,69757,447,2
65056,65057,285,4
63438,63454,499,2
68210,68218,495,2
70569,70579,500,2
71994,482832,473,4
67426,67436,450,2
65238,65248,319,2
63197,483404,485,2
70205,70245,497,2
70626,70656,495,2
62023,425941,350,4
60955,479341,489,2
68807,68810,418,2
64593,64599,491,4
72758,72764,502,2
74099,483554,484,2
72136,483468,487,2
491905,492305,212,2
70342,486689,437,2
70665,478866,378,2
68960,68984,474,2
65524,65562,460,4
66576,491316,442,4
70929,73886,497,2
65697,417906,479,2
64478,64486,497,2
60227,60241,359,4
65566,65627,394,2
70478,70499,369,4
71039,464006,496,2
485819,485820,305,2
65033,65077,489,4
65515,425774,354,2
62824,62867,473,4
70715,70718,435,8
67603,67610,496,2
68523,68537,348,2
67510,67512,340,2
63590,63611,471,4
67757,67763,402,8
67485,67490,446,2
69851,69901,435,2
66063,66148,455,2
64581,64585,462,6
64205,64207,315,2
69410,69412,474,4
71889,71921,477,4
66025,66028,499,2
70105,70139,441,6
64091,64115,480,2
64155,64156,457,4
70146,70160,396,2
61430,61431,360,2
70324,70329,395,4
64255,64263,484,4
72499,72508,404,2
72145,72151,393,2
71243,482828,462,2
66166,66231,490,2
62855,62880,457,2
492611,495815,422,2
60815,60825,501,2
73393,73397,395,2
67505,478352,500,2
71352,71375,462,2
71167,482596,466,2
72668,72671,429,4
65487,65532,401,4
67844,67861,491,2
73406,73413,468,2
73184,495453,427,2
65591,417697,473,8
64490,64497,381,2
65550,72796,493,4
70128,70152,446,4
70900,70903,416,2
59925,479063,375,2
63143,485812,432,4
64844,64880,466,2
64501,64521,469,2
426541,482673,467,2
67265,67274,496,2
63265,492258,412,2
71451,71473,486,2
412673,412692,496,2
70280,70299,427,2
65538,65603,434,2
66237,66264,495,4
65657,65678,353,4
72945,72956,361,2
70865,483261,494,2
72260,491328,476,4
424504,488096,438,2
72012,72027,385,6
67593,67598,490,2
72013,72020,483,2
69514,69515,382,2
62564,492888,478,2
70523,70556,454,2
70286,491384,336,4
71200,415738,304,2
71573,71582,500,4
65021,73982,444,2
68197,68206,421,4
66951,488097,499,2
66132,66145,473,2
68479,68500,459,2
71807,71826,487,4
71457,71988,493,2
64583,64594,462,4
62782,62819,418,2
66718,66722,432,2
70771,70782,427,2
60564,483650,401,2
69307,69315,482,2
66129,66188,460,2
419197,419201,493,2
64753,64763,460,2
72869,72870,282,4
66239,474258,367,8
64607,64621,361,8
67910,67914,468,4
71985,71993,367,2
71342,71404,497,2
59684,59685,374,2
426660,480984,456,4
62097,62120,433,2
61342,61343,496,2
62791,62817,331,2
65628,65645,336,4
71495,71511,499,6
65832,65855,359,4
71097,419793,442,2
71477,71492,417,2
65538,65557,284,2
64439,64443,329,2
60350,60363,497,2
61527,483414,413,2
71257,71261,410,2
71192,480748,486,2
70858,70859,440,2
62142,62168,498,2
65747,65808,417,2
65236,416454,457,2
67515,493302,385,4
63100,63123,443,2
463417,474219,483,2
68464,68482,495,2
72161,72184,501,4
68807,68829,424,2
60489,60530,491,2
70181,70215,489,2
59794,485901,435,4
71234,71244,365,2
70848,426380,490,4
71354,480990,496,2
71181,415738,397,4
65663,65708,487,2
486688,486729,459,2
63849,63857,432,2
60727,74241,465,2
70758,70764,458,2
72912,72917,484,8
64893,64902,499,2
68981,68993,365,2
71179,73618,463,2
59668,485845,478,2
72123,72146,486,2
67549,67551,356,2
60824,60829,353,2
68632,68644,472,2
64924,64958,221,2
68236,68248,496,2
73203,73210,469,2
71154,71186,426,4
63743,63776,467,4
68934,492927,394,2
71878,71902,494,2
64123,64133,399,2
72465,72485,501,2
73558,73564,478,2
66828,66833,480,2
72749,72768,447,2
70421,426182,277,2
71370,478926,448,2
67977,67985,460,2
70864,424717,447,2
71499,71500,441,2
71540,71542,429,4
64932,64965,491,2
479853,492982,354,2
463796,463799,496,2
65464,65500,361,4
72454,72466,488,2
63880,63894,393,2
68442,68445,485,2
68513,68516,401,2
65335,65376,443,2
69584,69597,501,2
69526,412686,359,2
62888,62914,407,2
70438,488507,501,2
70923,70933,457,2
72624,72629,443,4
60087,60110,500,2
67184,67187,465,2
71778,463625,499,2
65478,65553,452,2
73428,73435,427,2
69104,69116,499,2
71221,71225,339,2
71552,71553,422,2
60370,60378,483,2
61541,421136,349,2
70365,70384,370,2
416508,416528,492,2
69106,74256,344,4
63740,63749,483,2
70213,73624,440,2
61873,61882,348,4
70964,70965,489,2
65236,416443,421,2
71509,482833,484,2
66637,66666,484,2
65901,65951,484,2
71166,481100,489,2
65228,65250,397,4
71924,74004,358,2
63898,63910,437,2
71952,71956,478,2
67356,422984,427,2
463404,474216,492,2
61180,61183,413,4
415812,422276,484,2
70317,485505,233,2
70907,70916,437,2
74098,483555,489,2
70807,70810,497,2
61423,61424,457,4
73551,73557,484,2
70599,419794,495,2
71458,480344,490,2
73439,73450,442,2
70572,70581,499,2
71159,412694,481,4
72417,72429,418,2
65754,65764,452,2
65955,66013,495,4
67784,67790,474,2
64924,427056,334,4
71993,72005,463,2
71904,71918,418,2
61007,61029,438,2
69297,69304,432,2
72258,74014,364,4
68741,68746,491,2
63928,63953,498,2
63096,63121,489,2
71915,71933,487,2
73103,73107,210,2
63230,412652,446,2
71924,427089,425,2
64550,483250,411,2
482564,482565,488,2
72091,72134,487,2
66218,66247,356,4
61217,480407,491,2
71804,71831,500,2
70802,70815,501,2
65920,482327,464,2
71754,73855,331,2
424508,426015,348,2
72212,72224,452,2
70622,70624,464,2
69750,74199,257,4
72235,491328,493,2
71867,71935,484,2
60262,422764,460,2
72084,72095,286,2
71363,71369,482,2
64082,64122,483,2
64842,491445,475,2
72153,420779,491,2
71877,71896,492,2
63483,63524,497,2
69680,69694,482,2
64903,64905,359,2
66059,66125,499,2
62878,62914,338,2
70458,70485,408,2
70626,70646,462,4
68901,68922,468,2
478849,487151,492,2
71896,71922,397,2
71019,73653,484,2
71354,71376,474,2
68744,68752,384,2
65952,66004,406,2
71949,427089,497,2
64040,64055,441,2
66049,66120,486,2
68752,68767,488,2
69492,69497,451,2
69924,69947,445,4
60184,60187,478,2
69029,496925,360,2
65990,486684,359,4
71375,71388,457,2
74115,74116,488,2
71187,71193,475,4
60984,60986,398,2
66847,66866,343,2
72705,72716,497,2
414744,480004,353,4
66723,66745,428,2
65420,426161,362,2
64796,64804,484,2
67900,67910,451,4
66589,66606,405,2
71949,74004,386,2
64905,488509,356,2
61814,61821,488,2
70211,415734,401,2
72575,412706,498,2
71198,473829,424,4
67934,67936,406,2
72487,72506,481,2
70228,70248,463,2
71974,495861,455,2
67487,67498,385,2
69855,69861,410,4
70920,70923,372,2
71287,73634,482,2
68513,68542,489,2
70980,70986,482,2
66306,66339,401,2
70585,70622,498,2
72809,72811,495,2
71232,73796,432,4
60162,60178,384,2
59566,59578,462,2
61337,61341,484,2
70258,70299,443,2
69702,69712,489,2
59545,59555,450,4
64467,64469,495,4
60320,73685,424,2
71495,73672,421,2
70069,479936,336,2
60677,73872,318,2
63364,63374,497,2
65201,478876,456,2
69338,69343,438,2
482098,487069,482,2
70764,70770,424,2
71225,71239,483,2
72577,72581,295,2
68793,494974,479,4
71040,74055,490,2
73371,73384,499,2
64905,64928,455,2
73467,73480,475,4
72203,72214,420,2
60720,60743,495,2
60231,60250,486,2
60354,62350,497,2
70924,70943,412,2
69413,69426,494,2
65893,66010,451,2
62083,477939,388,2
66025,66087,448,2
66671,66706,447,2
73622,463564,496,2
63287,416569,346,4
63073,63082,498,2
424920,495861,477,2
63590,63629,501,2
70108,70146,500,2
71309,71321,389,4
65767,426167,400,2
415144,415203,460,4
67104,69427,482,2
66334,66364,469,2
65697,74092,457,2
66298,66342,484,2
62866,62906,477,2
73552,73561,462,4
68534,68544,335,2
73471,426665,491,2
65905,65982,459,4
70268,70284,315,2
65246,65248,441,2
71456,71492,498,2
70608,420033,429,2
69498,69503,493,2
64368,64377,335,2
65586,65639,499,2
66150,66241,474,2
63332,485949,495,2
72509,74367,457,2
64488,64495,446,4
63756,63791,500,2
71347,71367,480,2
68876,487100,372,2
68982,68985,333,2
73010,463433,476,2
62219,62224,497,2
72464,482718,440,2
72608,72623,380,2
70663,70674,476,2
60236,60255,495,2
70882,70886,496,2
72626,473099,390,2
67274,480982,293,2
64865,64869,493,2
69037,69042,461,2
70043,70089,382,2
70606,70607,475,2
59573,485836,411,2
68287,68291,469,2
60131,60143,486,2
65566,482086,268,2
69017,478159,409,2
61935,61952,491,2
70585,70589,500,2
71023,71034,493,2
66246,66284,497,2
60485,60486,425,2
71924,491562,436,2
66052,66149,498,2
61551,61558,454,2
73131,73142,478,2
69320,73725,317,2
60888,483600,493,2
71223,463554,411,2
60608,60637,410,2
71701,71725,502,2
64931,64986,486,2
68594,492873,492,2
74183,485781,481,2
67763,496942,425,4
70473,486691,469,2
72136,72146,501,2
72207,72227,497,2
426093,491380,476,2
66169,66204,482,2
70475,70508,474,2
62731,424093,380,2
63146,63165,490,2
71760,71780,500,2
71640,71649,390,2
65776,65813,328,2
491206,491323,451,2
71032,71053,484,2
64064,64070,454,2
66488,66514,497,2
68000,68022,483,2
65887,65901,348,2
73848,482782,482,2
61183,61190,386,2
64336,64359,478,2
71072,71103,399,2
68547,68575,501,2
67265,67267,471,2
61866,61870,489,2
72226,72228,458,2
66743,66748,406,2
62169,425142,450,4
65908,65936,493,2
63253,74163,500,2
73573,419644,480,2
70916,73886,276,2
66163,492156,464,2
65748,65793,494,2
60133,60151,475,2
62782,62785,458,2
72092,484414,494,2
65493,65507,321,2
67422,67442,490,2
73078,73085,482,2
72791,73923,445,2
72626,473098,369,2
71536,71547,348,2
62840,62860,467,2
464034,479937,366,2
68028,68051,500,2
72656,73435,474,2
72995,72998,451,2
71896,491562,277,2
60690,60728,500,2
65727,65751,383,2
65319,72405,485,2
478849,496644,253,2
68542,68545,486,2
68240,68259,474,2
65004,65015,487,2
68914,68922,416,2
69231,69235,489,2
71246,71256,493,2
63475,63510,421,2
72506,424886,495,2
62665,62685,451,2
64308,64323,499,2
66606,66613,355,2
70858,483261,476,2
73246,491146,464,2
73731,483718,456,2
72419,72429,278,2
71134,71146,501,2
69645,69670,485,2
61249,61250,462,2
66163,74189,483,2
61890,61891,352,2
67023,67037,497,2
71205,415738,473,2
70344,412692,428,2
485505,491386,339,2
71643,71664,454,2
74262,74263,461,2
71384,71392,354,2
66479,66508,496,2
64849,64884,486,2
70504,70541,477,2
415652,478842,621,2
70094,420314,447,2
71970,426140,400,2
60825,60832,402,2
70156,70166,266,2
64115,64141,488,2
