ID_Line;Document_Name;URL;Type;Name_Line
C00010;Dépliant_3104 au 01092025;https://ilico.iledefrance-mobilites.fr/uploads/fiches/20250731T121224Z-f972de86-0f34-48bd-bebf-70fbe485f552.pdf;HORAIRE;3104
C00010;Plan 3104;https://ilico.iledefrance-mobilites.fr/uploads/plans/20250731T121224Z-0854d4ae-4b3c-4541-a267-e190334030dc.pdf;PLAN;3104
C00011;Dépliant_3105 au 010925;https://ilico.iledefrance-mobilites.fr/uploads/fiches/20250731T121442Z-f9884f64-dddf-4bde-8034-8687e4670365.pdf;HORAIRE;3105
C00012;Dépliant_3107 au 01092025;https://ilico.iledefrance-mobilites.fr/uploads/fiches/20260102T081921Z-8c88e53c-9ae9-4f65-9008-31dbf39662d7.pdf;HORAIRE;3107
C00018;Dépliant_3119 au 09032026;https://ilico.iledefrance-mobilites.fr/uploads/fiches/20260302T095910Z-7bee5402-8c7b-4e77-abe0-4271d06bd489.pdf;HORAIRE;3119
C00019;Plan de ligne 3123;https://ilico.iledefrance-mobilites.fr/uploads/plans/20250731T150643Z-db77c018-10b9-4e25-b459-f1b26c451a0c.pdf;PLAN;3123
C00025;Plan de ligne 3146;https://ilico.iledefrance-mobilites.fr/uploads/plans/20250129T143956Z-5040008b-9e14-4713-96e8-291cf87c5d96.pdf;PLAN;3146
C00027;Plan ligne 7716;https://ilico.iledefrance-mobilites.fr/uploads/plans/20250731T151145Z-9f30feec-0b43-46f6-a007-dbb93faea6db.pdf;PLAN;7716
C00031;Ligne 730 - Horaires valables du 13 juillet au 18 juillet 2027;https://ilico.iledefrance-mobilites.fr/uploads/fiches/20260612T085652Z-71df5db1-0fac-4a25-af4f-51c93a6c04c0.pdf;HORAIRE;730 (ex A)
C00040;Horaires valables du 01/09/25 au 03/07/26;https://ilico.iledefrance-mobilites.fr/uploads/fiches/20250826T131034Z-87e141ea-43b4-4b89-bfb6-6be52242dffb.pdf;HORAIRE;6178
C00042;Schéma ligne 6133;https://ilico.iledefrance-mobilites.fr/uploads/plans/20250826T131335Z-8cff2030-29b8-448f-96c7-4b93b7fb74d9.pdf;PLAN;6133
C00050;Horaires HIVER valables du 24/08/26 au 11/07/2027;https://ilico.iledefrance-mobilites.fr/uploads/fiches/20260804T121106Z-b6df22c7-06aa-4e07-8a12-389e2505e3ee.pdf;HORAIRE;6123
C00051;Schéma ligne 6145;https://ilico.iledefrance-mobilites.fr/uploads/plans/20260227T145704Z-dd486924-becf-41da-89d1-f51f7cc509f4.pdf;PLAN;6145
C00052;Schéma ligne 6122;https://ilico.iledefrance-mobilites.fr/uploads/plans/20250826T131644Z-ac89f25e-db13-46d0-ab12-647e060ea085.pdf;PLAN;6122
C00066;Fiche WEB ligne 20 (4660) Hiver 2025-2026, à partir du lundi 5 janvier 2026;https://portail-idfm-operateurs.cdn.prismic.io/portail-idfm-operateurs/aTmwy3NYClf9oBov_FicheWEBligne20-4660-Hiver2025-2026%2C%C3%A0partirdulundi5janvier2026.pdf;HORAIRE;4660
C00070;Plan de ligne 4605;https://ilico.iledefrance-mobilites.fr/uploads/plans/20250826T091550Z-4a8db26f-bd43-4632-b27f-2529dd4b4cb3.pdf;PLAN;4605
C00073;Fiche WEB ligne 4608 PVS été du 18 mai 2026 au 12 juillet 2026 et du 24 août au 31 août 2026;https://portail-idfm-operateurs.cdn.prismic.io/portail-idfm-operateurs/ajQTVI1P9HI4UsqE_FicheWEBligne4608PVS%C3%A9t%C3%A9du18mai2026au12juillet2026etdu24ao%C3%BBtau31ao%C3%BBt2026.pdf;HORAIRE;4608
C00079;Fiche WEB ligne 4618 et 4619 Été 2026 V0, du lundi 13 juillet au dimanche 23 août 2026;https://portail-idfm-operateurs.cdn.prismic.io/portail-idfm-operateurs/ajOt6I1P9HI4UqtK_FicheWEBligne4618et4619%C3%89t%C3%A92026V0%2Cdulundi20juilletaudimanche23ao%C3%BBt2026.pdf;HORAIRE;4619
C00083;Horaires Ligne 4553 - du 13 juillet au 23 août 2026;https://ilico.iledefrance-mobilites.fr/uploads/fiches/20260611T130926Z-550f5e31-1382-4060-a29a-95735b8c5769.pdf;HORAIRE;4553
C00086;Plan Ligne 4511 (maj 06/01/2025);https://ilico.iledefrance-mobilites.fr/uploads/plans/20250106T103709Z-6a1a1843-e5e3-4c4f-9b17-155eedf514c4.pdf;PLAN;4511
C00087;Horaires Ligne 4512 - A compter du 24 août 2026 au 11 juillet 2027;https://ilico.iledefrance-mobilites.fr/uploads/fiches/20260806T095812Z-51fbb546-13e1-412e-a82f-64e17294d117.pdf;HORAIRE;4512
C00087;Plan Gare Routière SGDB (Place) - A compter du 22/12/25;https://ilico.iledefrance-mobilites.fr/uploads/fiches/20251217T132801Z-9f6a1699-0abf-48fd-b13e-30066c397cb4.pdf;HORAIRE;4512
C00087;Horaires Ligne 4512 - du 13 juillet au 23 août 2026;https://ilico.iledefrance-mobilites.fr/uploads/fiches/20260611T125142Z-934b7301-3f20-4818-9fd5-dee0227da1e8.pdf;HORAIRE;4512
C00089;Plan Gare Routière SGDB (Place) - A compter du 22/12/25;https://ilico.iledefrance-mobilites.fr/uploads/fiches/20251217T132833Z-b2f5153d-2dfa-4833-b6c8-7d7f1e69ca56.pdf;HORAIRE;4514
C00090;Horaires Ligne 4501 - du 13 juillet au 23 août 2026;https://ilico.iledefrance-mobilites.fr/uploads/fiches/20260611T124806Z-816a577f-69bf-4c24-be9b-c226e039c4b8.pdf;HORAIRE;4501
C00098;Ligne 4441 - Horaires valables du 1 Août 2026 au 31 Août 2026 inclus;https://ilico.iledefrance-mobilites.fr/uploads/fiches/20260806T155212Z-7b51046c-9c60-439a-a86f-fffcf829e7af.pdf;HORAIRE;4441
C00100;Horaires hiver 2026 / 2027;https://ilico.iledefrance-mobilites.fr/uploads/fiches/20260730T092624Z-8939c93a-c087-4e17-a83d-7d6a7ce4cb87.pdf;HORAIRE;4323
C00100;Plan ligne 4323;https://ilico.iledefrance-mobilites.fr/uploads/plans/20250821T150349Z-4ed557f4-c594-476b-9724-b8e2755a794a.pdf;PLAN;4323
C00115;Fiche horaires 6593 - 6 juillet 2026;https://ilico.iledefrance-mobilites.fr/uploads/fiches/20260622T124949Z-8a003f54-5fef-4210-a767-dabb70d344fe.pdf;HORAIRE;6593
C00122;Plan ligne 6283;https://ilico.iledefrance-mobilites.fr/uploads/plans/20260811T063845Z-709e9a8e-9c28-431f-980a-6ab5834a90bf.pdf;PLAN;6283
C00124;Plan de ligne 5270;https://ilico.iledefrance-mobilites.fr/uploads/plans/20250804T123744Z-5f141b17-e8de-4a12-8910-5744f0a3fcfb.pdf;PLAN;5270
C00129;Fiche horaires 6561 - 5 janvier 2026;https://ilico.iledefrance-mobilites.fr/uploads/fiches/20251219T152857Z-7f434550-b4b5-4ed4-8013-e4b67101f319.pdf;HORAIRE;6561
C00137;Plan ligne 5211;https://ilico.iledefrance-mobilites.fr/uploads/plans/20250804T124044Z-0e8f0fe6-b2e4-4e78-9b84-b9c542c09e74.pdf;PLAN;5211
C00140;Horaires valables du 6 juillet au 31 août 2026;https://ilico.iledefrance-mobilites.fr/uploads/fiches/20260612T141215Z-70b0a73e-ace0-4b64-a75e-8619a7279a58.pdf;HORAIRE;1115
C00143;Express 1 > 7826 - Horaires valables du 13 juillet au 23 août 2026;https://ilico.iledefrance-mobilites.fr/uploads/fiches/20260531T195947Z-7df9329b-e335-4bd3-a415-7dfb8c3352f0.pdf;HORAIRE;7826 (ex Express 1)
C00145;9 > 6309 - Horaires valables du 13 juillet au 23 août 2026;https://ilico.iledefrance-mobilites.fr/uploads/fiches/20260531T200146Z-0a18d8ad-9677-4fe3-90ef-4164bc562f86.pdf;HORAIRE;6309 (ex 9)
C00149;10 > 6304 - Horaires valables du 13 juillet au 23 août 2026;https://ilico.iledefrance-mobilites.fr/uploads/fiches/20260531T200217Z-697c74af-48eb-4a7a-a32b-bb3482983e91.pdf;HORAIRE;6304
C00157;Horaires valables du 13 juillet au 23 août 2026;https://ilico.iledefrance-mobilites.fr/uploads/fiches/20260531T201050Z-745db1b7-9727-4e78-ad5e-6d0d035b8776.pdf;HORAIRE;6307
C00158;Horaires valables du 13 juillet au 23 août 2026;https://ilico.iledefrance-mobilites.fr/uploads/fiches/20260531T200658Z-9bd4a4bb-1b1a-41d4-956f-29ee78252869.pdf;HORAIRE;6302
C00164;Ligne 5233 - Horaire rentrée Septembre 2025;https://ilico.iledefrance-mobilites.fr/uploads/fiches/20260428T102227Z-0da372b4-9314-4c35-89a4-aa48f72d73ad.pdf;HORAIRE;5233
C00167;Ligne 4461 - Horaires valables du 1 Août 2026 au 31 Août 2026 inclus;https://ilico.iledefrance-mobilites.fr/uploads/fiches/20260806T162500Z-5786fb07-8297-4fad-b0c3-9f1d6cbd0a97.pdf;HORAIRE;4461
C00172;Ligne 5215- Horaire rentrée Septembre 2025;https://ilico.iledefrance-mobilites.fr/uploads/fiches/20260424T151923Z-b1c2640d-5676-4707-a2c3-14c5ed781e1b.pdf;HORAIRE;5215
C00173;Ligne 5318 - Horaires à partir du 6 juillet 2026;https://ilico.iledefrance-mobilites.fr/uploads/fiches/20260617T150048Z-2f80bfec-c7e6-44f0-bd84-f084dcaa6629.pdf;HORAIRE;5318
C00175;Plan ligne 5320;https://ilico.iledefrance-mobilites.fr/uploads/plans/20250417T101229Z-70643a3f-f979-46fb-8505-6360ee094b32.pdf;PLAN;5320
C00181;Plan ligne 5230;https://ilico.iledefrance-mobilites.fr/uploads/plans/20250303T163841Z-e0aaf617-688e-448b-8da1-0c913ef8bf94.pdf;PLAN;5230
C00182;Ligne 5301 - Horaire à partir du 6 juillet 2026;https://ilico.iledefrance-mobilites.fr/uploads/fiches/20260617T144209Z-58a423e3-de8b-4cd8-a929-c7933d48219b.pdf;HORAIRE;5301
C00187;Ligne 5333 - Nouveaux Horaires à partir du 1er Septembre 2026;https://ilico.iledefrance-mobilites.fr/uploads/fiches/20260625T154352Z-2cb3b038-dbbd-452c-90ee-5f99ab6168bb.pdf;HORAIRE;5333
C00196;Plan de ligne 1314;https://ilico.iledefrance-mobilites.fr/uploads/plans/20240405T160235Z-4f0f3efd-e068-4cb0-8bc3-8f62554bcae6.pdf;PLAN;1314
C00201;Plan de ligne;https://ilico.iledefrance-mobilites.fr/uploads/plans/20250805T124400Z-37b57c5c-ad65-4ac0-8c10-854f1e1f2ce0.pdf;PLAN;2119
C00203;Plan de ligne;https://ilico.iledefrance-mobilites.fr/uploads/plans/20260305T103121Z-1b6e827b-9409-42a4-9eb0-c405c14300ba.pdf;PLAN;2122
C00207;Ligne R8 - Horaires valables à partir du 25 août 2025;https://ilico.iledefrance-mobilites.fr/uploads/fiches/20250826T124810Z-87195c9e-1146-4a6a-b567-5f0ac8ba01d5.pdf;HORAIRE;R8 (future 1638)
C00209;Ligne 32 - Horaires valables à partir du 25 août 2025;https://ilico.iledefrance-mobilites.fr/uploads/fiches/20250826T123115Z-d3b976ea-dcba-4130-8d4c-87bf48882541.pdf;HORAIRE;32 (future 1632)
C00219;Plan de ligne 48;https://ilico.iledefrance-mobilites.fr/uploads/plans/20240405T161453Z-36c506d0-3eee-44c3-bb35-24dda1f27f8c.pdf;PLAN;1348
C00221;Plan de ligne;https://ilico.iledefrance-mobilites.fr/uploads/plans/20260114T105701Z-f3a8f667-bb06-40a4-8f0b-f3d2b621286c.pdf;PLAN;2127
C00225;Horaires valables à partir du 1er septembre 2025;https://ilico.iledefrance-mobilites.fr/uploads/fiches/20250813T141623Z-2baf692d-3a3f-4e14-ae68-60c52023bc52.pdf;HORAIRE;2176
C00228;Ligne R1 - Horaires valables à partir du 25 août 2025;https://ilico.iledefrance-mobilites.fr/uploads/fiches/20250826T124416Z-134eb176-2375-40ba-9fbd-56f1802128d9.pdf;HORAIRE;R1 (future 1610)
C00232;Plan de la ligne R5;https://ilico.iledefrance-mobilites.fr/uploads/plans/20241014T125325Z-327f7600-9309-415d-ade6-f48180244310.pdf;PLAN;R5 (future 1615)
C00237;Plan de la ligne R112;https://ilico.iledefrance-mobilites.fr/uploads/plans/20241014T125757Z-ff8e28c1-c606-4f35-aedb-f8011b2cda25.pdf;PLAN;R112 (future 1672)
C00238;Plan de la ligne R113;https://ilico.iledefrance-mobilites.fr/uploads/plans/20241014T125832Z-8b6ffe65-6f21-47f9-9e81-df287feefc28.pdf;PLAN;R113 (future 1673)
C00241;Plan de la ligne R106;https://ilico.iledefrance-mobilites.fr/uploads/plans/20241014T135032Z-4e3239f4-97c6-48c1-b59d-73d8674acd67.pdf;PLAN;R106 (future 1666)
C00242;Plan de la ligne R107;https://ilico.iledefrance-mobilites.fr/uploads/plans/20241014T135110Z-b7b18300-351e-4181-9b04-bf9641f75d47.pdf;PLAN;R107 (future 1667)
C00243;Ligne R108 - Horaires valables à partir du 1er septembre 2025 en période scolaire;https://ilico.iledefrance-mobilites.fr/uploads/fiches/20250902T141847Z-ffd06563-acb5-4ca7-a838-fdb9b535b803.pdf;HORAIRE;R108 (future 1668)
C00245;Horaires valables du 25 août 2025 au 05 juillet 2026;https://ilico.iledefrance-mobilites.fr/uploads/fiches/20250813T133702Z-e0872f55-3611-4631-9b75-a7ffb498448b.pdf;HORAIRE;2101
C00245;plan de ligne;https://ilico.iledefrance-mobilites.fr/uploads/plans/20260430T135102Z-4d9085fc-6f94-4fb1-8b18-c79a10c03782.pdf;PLAN;2101
C00247;Horaires valables du 06 juillet 2026 au 23 août 2026;https://ilico.iledefrance-mobilites.fr/uploads/fiches/20260703T090419Z-732c67c9-1a93-480c-b830-f5553724f9cf.pdf;HORAIRE;2103
C00247;Horaires valables du 04 mai 2026 au 05 juillet 2026;https://ilico.iledefrance-mobilites.fr/uploads/fiches/20260430T134234Z-c1e3b1ac-3a08-410c-8db8-c34a019220ae.pdf;HORAIRE;2103
C00248;Horaires valables du 06 juillet 2026 au 23 août 2026;https://ilico.iledefrance-mobilites.fr/uploads/fiches/20260703T090518Z-0434caa4-5e29-4857-a6ef-e487bb9a8b19.pdf;HORAIRE;2104
C00250;Plan de ligne;https://ilico.iledefrance-mobilites.fr/uploads/plans/20250805T124020Z-79831f58-f05f-4b67-8b36-c74eb6ec8dd1.pdf;PLAN;2107
C00254;Horaires valables du 04 mai 2026 au 05 juillet 2026;https://ilico.iledefrance-mobilites.fr/uploads/fiches/20260430T135702Z-8317f0f9-ef20-4d7b-8de5-3bb87bb01758.pdf;HORAIRE;2111
C00262;Ligne 2377 (Ex 777) - A partir du 1er septembre 2025;https://ilico.iledefrance-mobilites.fr/uploads/fiches/20250829T165432Z-dee79619-7a16-4d4b-933b-736beba4a702.pdf;HORAIRE;2377
C00267;Fiche horaires 6531 - 6 juillet au 23 août 2026;https://ilico.iledefrance-mobilites.fr/uploads/fiches/20260622T123751Z-3b199307-e6d2-4cc6-bc37-b413dc3b212e.pdf;HORAIRE;6531
C00267;Plan de ligne 6531;https://ilico.iledefrance-mobilites.fr/uploads/plans/20250912T132402Z-e3bf401f-c706-409e-9338-1c35630c6a85.pdf;PLAN;6531
C00279;Horaire de la 5295 à partir de Septembre 2025;https://ilico.iledefrance-mobilites.fr/uploads/fiches/20260319T155355Z-a4cea541-78e4-4565-a153-6f805e30f053.pdf;HORAIRE;5295
C00285;Fiche horaires 6536 - 6 juillet au 23 août 2026;https://ilico.iledefrance-mobilites.fr/uploads/fiches/20260622T124358Z-ae487cab-68bf-4f77-b8dd-59125f209f4a.pdf;HORAIRE;6536
C00287;Horaires de la ligne 7804;https://ilico.iledefrance-mobilites.fr/uploads/fiches/20251222T152511Z-d8749282-b4e4-431d-9260-3c300740c4db.pdf;HORAIRE;7804
C00288;Horaires valables du 06 juillet au 31 août 2026;https://ilico.iledefrance-mobilites.fr/uploads/fiches/20260610T073507Z-67b2dfe6-fcdf-44e8-8be7-808c1932ef16.pdf;HORAIRE;5437
C00288;Plan de ligne 5437;https://ilico.iledefrance-mobilites.fr/uploads/plans/20250829T115625Z-4a0a2160-cc57-497b-8da5-09ac25fa3cca.pdf;PLAN;5437
C00292;Horaires valables à partir du 6 juillet 2026;https://ilico.iledefrance-mobilites.fr/uploads/fiches/20260702T142911Z-dd0e7ad1-5732-4eb3-9f52-95362a5809be.pdf;HORAIRE;6411
C00292;Plan ligne 6411 - Sartrouville-Argenteuil;https://ilico.iledefrance-mobilites.fr/uploads/plans/20260702T142852Z-2eb062ef-2a9f-48f4-b1eb-a31940309a43.pdf;PLAN;6411
C00295;Horaires valables à partir du 6 juillet 2026;https://ilico.iledefrance-mobilites.fr/uploads/fiches/20260702T142955Z-60b56334-b7b5-46fe-9dc0-7d8a1335aaa4.pdf;HORAIRE;6414
C00298;Horaires valables à partir du 6 juillet 2026;https://ilico.iledefrance-mobilites.fr/uploads/fiches/20260702T144639Z-499bfbc2-b99b-4348-abec-7a51189a112f.pdf;HORAIRE;6401
C00302;Fiche horaire été;https://ilico.iledefrance-mobilites.fr/uploads/fiches/20260616T101826Z-5802d1c4-3dad-4e8e-99ae-1b76dfd73b13.pdf;HORAIRE;1513
C00303;Horaires valables à partir du 6 juillet 2026;https://ilico.iledefrance-mobilites.fr/uploads/fiches/20260702T141954Z-e4004211-8d9a-4ae5-8231-3921455d6065.pdf;HORAIRE;6418
C00306;Horaires valables à partir du 6 juillet 2026;https://ilico.iledefrance-mobilites.fr/uploads/fiches/20260702T142458Z-944a1358-c1ca-4161-9849-394ee2a224cb.pdf;HORAIRE;6424
C00308;Horaires valables à partir du 6 juillet 2026;https://ilico.iledefrance-mobilites.fr/uploads/fiches/20260703T093852Z-88bb8910-e9b7-4e7e-b01d-d525d8430d2f.pdf;HORAIRE;6416
C00315;Plan Ligne 1514;https://ilico.iledefrance-mobilites.fr/uploads/plans/64df246de3e45_Ligne_VALMY_1514_repaired.pdf;PLAN;1514
C00317;Plan ligne 6423 - Carrières-sur-Seine Les Pierres Vives - Plateau de Bezons;https://ilico.iledefrance-mobilites.fr/uploads/plans/20260702T142350Z-ecc590d9-465e-48bf-8d26-3c71f058223a.pdf;PLAN;6423
C00323;Horaires Ligne 4530 - A compter du 24 août 2026 au 31 décembre 2027;https://ilico.iledefrance-mobilites.fr/uploads/fiches/20260806T100311Z-504de1e2-1199-40a7-bd84-03afbe410408.pdf;HORAIRE;4530
C00323;Plan Ligne 4530 (maj 06/01/2025);https://ilico.iledefrance-mobilites.fr/uploads/plans/20250106T104825Z-141671a1-4df9-420e-87d8-36096cf23515.pdf;PLAN;4530
C00327;Plan de la ligne 6281;https://ilico.iledefrance-mobilites.fr/uploads/plans/20260811T064217Z-94f1bb11-99c6-427b-a07f-b62206da3618.pdf;PLAN;6281
C00330;Plan ligne 6404  - Gare de Houilles-Carrières - Gare du Vésinet-Le Pecq;https://ilico.iledefrance-mobilites.fr/uploads/plans/20260702T141020Z-ad289e9c-e756-45cb-a378-2b0bfd4ccc68.pdf;PLAN;6404
C00335;Plan Ligne 6405 - Gare du Vésinet–Le Pecq - Gare de Houilles–Carrières;https://ilico.iledefrance-mobilites.fr/uploads/plans/20260702T145153Z-d7c8838b-0aa1-4718-ad2e-25b339856e31.pdf;PLAN;6405
C00336;Plan Ligne 6439 - Gare du Vésinet-Le Pecq - Gare de Chatou-Croissy;https://ilico.iledefrance-mobilites.fr/uploads/plans/20260703T063517Z-c391480b-bb12-42ba-9305-c15aff84e729.pdf;PLAN;6439
C00344;FH ligne 7;https://ilico.iledefrance-mobilites.fr/uploads/fiches/20260204T155532Z-007d5c96-4bd8-4017-97a5-dac255b7c114.pdf;HORAIRE;7
C00345;Schéma ligne 408 à partir du 26 juin 2023;https://ilico.iledefrance-mobilites.fr/uploads/plans/64b7f24627941_Schema-408.pdf;PLAN;408
C00346;Ligne 409 Horaires du 6 au 11 juil. et du 24 au 31 août 2026;https://ilico.iledefrance-mobilites.fr/uploads/fiches/20260604T082452Z-d92a0fcc-46a6-4dee-bc2b-d41249154b66.pdf;HORAIRE;409
C00363;Plan de ligne de Bus 4150;https://ilico.iledefrance-mobilites.fr/uploads/plans/20250227T152127Z-699f75ee-c844-48a7-b4af-02473294d26b.pdf;PLAN;4150
C00379;Horaires du 20 juillet au 23 août 2026;https://ilico.iledefrance-mobilites.fr/uploads/fiches/20260717T143736Z-b4da57d9-9b42-476c-a8a2-92a0c0123b63.pdf;HORAIRE;4121
C00380;Plan ligne 4277;https://ilico.iledefrance-mobilites.fr/uploads/plans/20260323T154648Z-daefc056-6fa7-42b0-829e-54559eee8955.pdf;PLAN;4277
C00382;Horaires hiver 2026 / 2027;https://ilico.iledefrance-mobilites.fr/uploads/fiches/20260730T095001Z-93f951e6-3b93-4069-abd0-4b6975408577.pdf;HORAIRE;4340
C00385;Horaires ligne 4203 - Du 25 août 2025 au 12 juillet 2026;https://ilico.iledefrance-mobilites.fr/uploads/fiches/20250820T094046Z-e5c03941-1208-4e85-8cd6-5bf0459e30cd.pdf;HORAIRE;4203
C00386;Horaires ligne 4230 - Du 13 juillet au 23 août 2026;https://ilico.iledefrance-mobilites.fr/uploads/fiches/20260706T073257Z-7738c266-a007-4380-8efe-57ec0be70e98.pdf;HORAIRE;4230
C00392;Horaires ligne 4233 - Du 13 juillet au 23 août 2026;https://ilico.iledefrance-mobilites.fr/uploads/fiches/20260706T073512Z-e46ab8b1-6d5d-4db5-a931-927e2cc6a733.pdf;HORAIRE;4233
C00408;Horaires d'été 2026 - L6211 du 13 juillet au 23 août 2026;https://ilico.iledefrance-mobilites.fr/uploads/fiches/20260703T135301Z-8b47f604-57d7-4689-989b-fd36a220d272.pdf;HORAIRE;6211
C00409;Ligne 5312 - Horaire à partir du 6 juillet 2026;https://ilico.iledefrance-mobilites.fr/uploads/fiches/20260617T145539Z-0bb76432-789c-45d7-931a-ad943f8815c6.pdf;HORAIRE;5312
C00413;Horaires valables à compter du 6 juillet au 31 août 2026;https://ilico.iledefrance-mobilites.fr/uploads/fiches/20260703T144455Z-71191981-9f03-488e-a81c-3bba754fca4b.pdf;HORAIRE;5117
C00414;Ligne 5214 - Horaire rentrée Septembre 2025;https://ilico.iledefrance-mobilites.fr/uploads/fiches/20260428T132948Z-1c00f950-1610-4b8e-aca8-f18df9224b91.pdf;HORAIRE;5214
C00416;Ligne 5112 - Schéma de ligne;https://ilico.iledefrance-mobilites.fr/uploads/plans/20240513T152404Z-5b0a8c03-55b7-46b2-8ecb-4dfdf063e6db.pdf;PLAN;5112
C00418;Horaires valables du 13 juillet au 23 août 2026;https://ilico.iledefrance-mobilites.fr/uploads/fiches/20260702T101904Z-77cb512c-985b-4643-ab9a-ca2c46aaea56.pdf;HORAIRE;5101
C00421;plan ligne 5201;https://ilico.iledefrance-mobilites.fr/uploads/plans/20250303T145006Z-24e1a2cb-3400-4312-9411-eed801baefd9.pdf;PLAN;5201
C00423;Ligne 5206 - Horaire rentrée Septembre 2025;https://ilico.iledefrance-mobilites.fr/uploads/fiches/20260428T132741Z-7dc773c0-792b-48ff-a0b0-222d8a8f4d6e.pdf;HORAIRE;5206
C00437;Ligne 1401 - Horaires valables du 3 aout 2026 au 23 aout 2026 inclus;https://ilico.iledefrance-mobilites.fr/uploads/fiches/20260717T161938Z-46fe955b-17aa-42d0-a20f-1aed84b77f95.pdf;HORAIRE;1401 (Ex 30-05)
C00455;Plan de ligne - 1451;https://ilico.iledefrance-mobilites.fr/uploads/plans/20260717T163043Z-db2cbe89-d2e6-459d-bbba-dfd90221d2a5.pdf;PLAN;1451 (ex 30-28)
C00461;Ligne 1455 - Horaires valables du 31 août 2026 au 3 juillet 2027 inclus.;https://ilico.iledefrance-mobilites.fr/uploads/fiches/20260810T105748Z-547b80ad-b99c-41ba-b496-60e5eefce9f7.pdf;HORAIRE;1455 (ex 30-34)
C00461;Plan de ligne - 1455;https://ilico.iledefrance-mobilites.fr/uploads/plans/20260717T163428Z-b177a7d1-8ac4-44ac-b157-d5ebc66f1bf1.pdf;PLAN;1455 (ex 30-34)
C00472;Ligne 1412 - Horaires valables du 24 août 2026 au 11 juillet 2027 inclus.;https://ilico.iledefrance-mobilites.fr/uploads/fiches/20260810T095016Z-5a67539f-ee24-4027-8859-c04d67bfd4dd.pdf;HORAIRE;1412 (ex 95-03B)
C00478;Ligne 1456 - Horaires valables du 31 août 2026 au 3 juillet 2027 inclus.;https://ilico.iledefrance-mobilites.fr/uploads/fiches/20260810T115137Z-be78e8b9-b32e-4b20-b766-f7ec7a9d1937.pdf;HORAIRE;1456 (ex 95-26)
C00479;Plan ligne Navette de Bouffémont;https://ilico.iledefrance-mobilites.fr/uploads/plans/20251117T103145Z-f49c2802-1af1-48c4-870d-74926fc4bb2e.pdf;PLAN;Navette de Bouffemont
C00481;Ligne 1436 - Horaires valables du 24 août 2026 au 29 août 2027 inclus.;https://ilico.iledefrance-mobilites.fr/uploads/fiches/20260810T103912Z-6cec766d-326a-40c9-95f9-f850a695e77e.pdf;HORAIRE;1436 (ex CitéVal Sud Herblay)
C00481;Ligne 1436 - Horaires valables du 3 aout 2026 au 29 aout 2027 inclus.;https://ilico.iledefrance-mobilites.fr/uploads/fiches/20260717T165500Z-9b212e44-4970-4ab9-aad8-7b09bacbcfcd.pdf;HORAIRE;1436 (ex CitéVal Sud Herblay)
C00484;Ligne 1440 - Horaires valables du 24 août 2026 au 11 juillet 2027 inclus.;https://ilico.iledefrance-mobilites.fr/uploads/fiches/20260810T104016Z-348b62f4-b7f4-4e06-b6fe-ba90a4db99d8.pdf;HORAIRE;1440 (ex 38-01)
C00487;Ligne 1441 - Horaires valables du 24 août 2026 au 29 août 2027 inclus.;https://ilico.iledefrance-mobilites.fr/uploads/fiches/20260810T104122Z-b8783a1c-44c2-4180-90ad-465cc6cb0ac8.pdf;HORAIRE;1441 (ex 38-04)
C00488;Ligne 5232- Horaire rentrée Septembre 2025;https://ilico.iledefrance-mobilites.fr/uploads/fiches/20260424T152249Z-c57526f2-5476-4e9c-881d-609186ffd3f7.pdf;HORAIRE;5232
C00495;Fiche WEB ligne 4611 Été 2026 V0, du lundi 13 juillet au dimanche 23 août 2026;https://portail-idfm-operateurs.cdn.prismic.io/portail-idfm-operateurs/ajK4qI1P9HI4UooK_FicheWEBligne4611%C3%89t%C3%A92026V0%2Cdulundi20juilletaudimanche23ao%C3%BBt2026.pdf;HORAIRE;4611
C00495;Plan de ligne 4611;https://ilico.iledefrance-mobilites.fr/uploads/plans/20251020T073310Z-89ff2175-e9dd-42d9-8ac3-f4fccf18e26c.pdf;PLAN;4611
C00502;Ligne 5359 - Horaires à partir du 6 juillet 2026;https://ilico.iledefrance-mobilites.fr/uploads/fiches/20260617T152847Z-38ea8b94-a3c5-4f6d-8ce4-ed3c3f105aa0.pdf;HORAIRE;5359
C00502;Plan de ligne 5359;https://ilico.iledefrance-mobilites.fr/uploads/plans/20250321T163710Z-201662d8-49d2-4e7b-bfe3-7791cafbd34e.pdf;PLAN;5359
C00506;Ligne 5283- Horaire rentrée Septembre 2025;https://ilico.iledefrance-mobilites.fr/uploads/fiches/20260424T153156Z-99b1c978-6780-47f9-9e6d-d57e186f4711.pdf;HORAIRE;5283
C00507;Plan ligne 5284;https://ilico.iledefrance-mobilites.fr/uploads/plans/20250328T092312Z-94f895ae-e65b-4024-bfd5-527a97e62d0b.pdf;PLAN;5284
C00512;Ligne 5292- Horaire rentrée Septembre 2025;https://ilico.iledefrance-mobilites.fr/uploads/fiches/20260424T154038Z-3a0374c2-e486-4593-8f07-3806c3f1c60a.pdf;HORAIRE;5292
C00515;Plan de ligne 5279;https://ilico.iledefrance-mobilites.fr/uploads/plans/20250804T124444Z-b793ff6c-b41a-469f-9a0f-a3a06065c88c.pdf;PLAN;5279
C00517;Plan ligne 5281;https://ilico.iledefrance-mobilites.fr/uploads/plans/20250328T091317Z-9b778788-fb27-481d-9eff-79350fa5ce0c.pdf;PLAN;5281
C00521;Horaires de la ligne 5153 à partir du 5 janvier 2026;https://ilico.iledefrance-mobilites.fr/uploads/fiches/20251222T153026Z-ac1833af-136c-414b-9fa1-4f874dd1c4d3.pdf;HORAIRE;5153
C00522;Ligne 5227 - Horaire rentrée Septembre 2025;https://ilico.iledefrance-mobilites.fr/uploads/fiches/20260428T101839Z-9ed0b63d-c7b6-4805-932c-158ca530d4e7.pdf;HORAIRE;5227
C00525;Horaires HIVER valables du 01/09/26 au 02/07/2027;https://ilico.iledefrance-mobilites.fr/uploads/fiches/20260731T121553Z-241e2e85-5b1b-4209-b9c6-f7170b4c59c3.pdf;HORAIRE;6176
C00532;Plan de la ligne 7807;https://ilico.iledefrance-mobilites.fr/uploads/plans/20250321T160010Z-95a28ac5-9d74-4f4f-a6ed-eb3c9a4e3d9b.pdf;PLAN;7807
C00535;Ligne 5188 - schéma de ligne;https://ilico.iledefrance-mobilites.fr/uploads/plans/20250826T150654Z-cbc9e596-a930-44e6-bf5c-d568a1f58afc.pdf;PLAN;5188
C00540;Ligne 5193 - schéma de ligne;https://ilico.iledefrance-mobilites.fr/uploads/plans/20250826T150833Z-559aaa9b-8fb4-4f2e-a173-519c3aaf7655.pdf;PLAN;5193
C00541;Ligne 5194 - schéma de ligne;https://ilico.iledefrance-mobilites.fr/uploads/plans/20260109T164125Z-a8f5c6e9-d64f-4506-95be-e21a0dd63c38.pdf;PLAN;5194
C00542;Horaires valables du 6 juillet 2026 au 31 août 2027 (sauf du 06/07/26 au 31/08/26 et du 05/07/27 au 31/08/27);https://ilico.iledefrance-mobilites.fr/uploads/fiches/20260702T152959Z-f27c3299-2890-48eb-86d6-a634f062fe20.pdf;HORAIRE;5195
C00545;Horaires valables du 24 août 2026 au 11 juillet 2027 (sauf du 28 décembre 2026 au 3 janvier 2027);https://ilico.iledefrance-mobilites.fr/uploads/fiches/20260804T133315Z-ca748250-4017-4ba2-a9c2-eae6336cd32d.pdf;HORAIRE;5140
C00547;Ligne 440 du 6 juillet au 30 aout 2026;https://ilico.iledefrance-mobilites.fr/uploads/fiches/20260611T103229Z-48f4c23d-88b6-49f4-85b0-89882ce42c8d.pdf;HORAIRE;440
C00548;Plan de ligne 451;https://ilico.iledefrance-mobilites.fr/uploads/plans/20240913T075256Z-80ff74a9-ecd2-44e6-9cd1-88061e14e9cd.pdf;PLAN;451
C00551;Dépliant_423 été au 040726;https://ilico.iledefrance-mobilites.fr/uploads/fiches/20260727T122957Z-6fc85ec7-38f6-4fed-b404-712b90a505f2.pdf;HORAIRE;423
C00552;plan de ligne 431;https://ilico.iledefrance-mobilites.fr/uploads/plans/20260223T091906Z-b1ebd740-8492-459b-abde-307387df0eaf.pdf;PLAN;431
C00553;Ligne 432 du 6 juillet au 30 aout 2026;https://ilico.iledefrance-mobilites.fr/uploads/fiches/20260611T100326Z-12abb554-9abd-4cd6-823c-05d3ad08ce21.pdf;HORAIRE;432
C00553;Plan de ligne 432;https://ilico.iledefrance-mobilites.fr/uploads/plans/20240405T161301Z-a0644097-1130-4bdd-b08b-b34705dc28ff.pdf;PLAN;432
C00554;Ligne 433 du 6 juillet au 30 aout 2026;https://ilico.iledefrance-mobilites.fr/uploads/fiches/20260611T100423Z-e78c5760-8a61-4f16-b624-55d816c7797f.pdf;HORAIRE;433
C00556;Ligne 435 du 6 juillet au 30 aout 2026;https://ilico.iledefrance-mobilites.fr/uploads/fiches/20260611T101705Z-adb53213-8ae2-4561-96f1-64ff94c7e3b1.pdf;HORAIRE;435
C00573;ligne 428 du 6 juillet au 30 aout 2026;https://ilico.iledefrance-mobilites.fr/uploads/fiches/20260616T110604Z-7ab216fb-6fa9-41fa-8464-a2c7b0d223dd.pdf;HORAIRE;428
C00576;Horaires du 20 juillet au 23 août 2026;https://ilico.iledefrance-mobilites.fr/uploads/fiches/20260717T090507Z-3fa4aa42-646d-466a-b3b4-3e4bb8d6a274.pdf;HORAIRE;4115
C00577;Plan de la ligne de Bus 4119;https://ilico.iledefrance-mobilites.fr/uploads/plans/20250227T170725Z-dd3cccb7-4ef1-4878-a612-f725865c0c0e.pdf;PLAN;4119
C00581;plan de ligne 450;https://ilico.iledefrance-mobilites.fr/uploads/plans/20250905T125826Z-31f09a3a-c629-407d-81a4-ff86c661da45.pdf;PLAN;450
C00589;Horaires valables à compter du 12 janvier 2026;https://ilico.iledefrance-mobilites.fr/uploads/fiches/20260114T160811Z-6ba06bc6-d52c-49c9-bd86-aed4354bb2ef.pdf;HORAIRE;4154
C00590;Plan de la ligne de Bus 4133;https://ilico.iledefrance-mobilites.fr/uploads/plans/20250303T143201Z-3156e151-0a4b-47ee-9413-c96b49355f8c.pdf;PLAN;4133
C00591;Plan de la ligne de Bus 4132;https://ilico.iledefrance-mobilites.fr/uploads/plans/20250227T151744Z-b2155a16-08b6-463f-8d40-1a408ee7753e.pdf;PLAN;4132
C00598;Plan de la ligne Bus 4130;https://ilico.iledefrance-mobilites.fr/uploads/plans/20250227T151826Z-af8ab34f-20aa-48be-bbe8-ee659cb9ef4e.pdf;PLAN;4130
C00599;Plan de la ligne de Bus 4135;https://ilico.iledefrance-mobilites.fr/uploads/plans/20250227T152356Z-a038cb82-3b09-4f05-9a98-6c9677c5639b.pdf;PLAN;4135
C00606;Fiche Horaire 1303;https://ilico.iledefrance-mobilites.fr/uploads/fiches/20250528T090821Z-dbce28ed-7bbf-4b7b-b435-9bfd8b0bac53.pdf;HORAIRE;1303
C00607;Plan de ligne 1309;https://ilico.iledefrance-mobilites.fr/uploads/plans/20240520T115001Z-32fbc13d-09c4-47c0-bc94-2d36f8aaa35f.pdf;PLAN;1309
C00610;Plan de la ligne 23;https://ilico.iledefrance-mobilites.fr/uploads/plans/20241014T131434Z-2be2bd09-1d05-4171-b07c-cfc31c3ff32d.pdf;PLAN;23 (future 1623)
C00611;Plan de la ligne 25;https://ilico.iledefrance-mobilites.fr/uploads/plans/20241014T134022Z-be8abddc-07fb-47da-bac2-637e8dd19c97.pdf;PLAN;25 (future 1625)
C00612;Plan de la ligne 24;https://ilico.iledefrance-mobilites.fr/uploads/plans/20241014T131623Z-9c15964f-b5f3-47ab-8282-93844d76242c.pdf;PLAN;24 (future 1624)
C00615;Plan de la ligne 35;https://ilico.iledefrance-mobilites.fr/uploads/plans/20241014T131908Z-01e9faf2-3caa-4607-b41f-29ca25873a98.pdf;PLAN;35 (future 1655)
C00619;Fiche Horaire du 24 août 2026 au 18 juillet 2027;https://ilico.iledefrance-mobilites.fr/uploads/fiches/20260810T144804Z-c9ef492f-c68d-4d3e-b3ec-8f5ede30a6ea.pdf;HORAIRE;2252
C00619;Plan de ligne 2252;https://ilico.iledefrance-mobilites.fr/uploads/plans/20240418T145626Z-4d7ee72d-b2c0-4764-9dbd-fff61d8fd07d.pdf;PLAN;2252
C00620;Fiche Horaire du 24 août 2026 au 18 juillet 2027;https://ilico.iledefrance-mobilites.fr/uploads/fiches/20260810T144851Z-928ea71d-df1c-437a-b777-f26a76a80941.pdf;HORAIRE;2251
C00621;Fiche horaire été ligne 2290 du 20 juillet au 23 août 2026;https://ilico.iledefrance-mobilites.fr/uploads/fiches/20260707T140013Z-e70c349b-d0b3-41ca-b512-5a26f18e00c1.pdf;HORAIRE;2290
C00625;Fiche Horaire du 24 août 2026 au 18 juillet 2027;https://ilico.iledefrance-mobilites.fr/uploads/fiches/20260810T145309Z-bc51b2ae-e288-4586-8b17-aaebe3d986ae.pdf;HORAIRE;2221
C00627;Fiche horaire été ligne 2223 du 20 juillet au 23 août 2026;https://ilico.iledefrance-mobilites.fr/uploads/fiches/20260707T140827Z-953eeaf8-9061-427c-a072-c76e93e95208.pdf;HORAIRE;2223
C00634;Fiche horaire été ligne 2220 du 20 juillet au 23 août 2026;https://ilico.iledefrance-mobilites.fr/uploads/fiches/20260707T141256Z-5f4125d9-1201-4b4f-a838-e7615b9c3c11.pdf;HORAIRE;2220
C00636;Fiche horaire été ligne 2244 du 20 juillet au 23 août 2026;https://ilico.iledefrance-mobilites.fr/uploads/fiches/20260720T121802Z-646a018c-1616-4261-b111-9f7ff5f57d22.pdf;HORAIRE;2244
C00636;Plan de ligne 2244;https://ilico.iledefrance-mobilites.fr/uploads/plans/20260720T121802Z-a63d02f2-d9ec-4a1f-877d-baaab9463b0e.pdf;PLAN;2244
C00640;Plan de ligne 6542;https://ilico.iledefrance-mobilites.fr/uploads/plans/20250819T120743Z-2a2a5668-7293-4529-bb13-7e941f1d1fc6.pdf;PLAN;6542
C00651;Fiche horaires 6518 - 6 juillet au 23 août 2026;https://ilico.iledefrance-mobilites.fr/uploads/fiches/20260622T122838Z-a8835823-1de8-4cf4-88c6-f2db4644db48.pdf;HORAIRE;6518
C00654;Plan de ligne 6541;https://ilico.iledefrance-mobilites.fr/uploads/plans/20251226T124403Z-5a574d44-c9ee-479c-aa25-1f23a3456fb3.pdf;PLAN;6541
C00658;Horaires valables à partir du 25 août 2025;https://ilico.iledefrance-mobilites.fr/uploads/fiches/20250813T140412Z-b728ed5c-7002-4a3f-a402-84137a87553b.pdf;HORAIRE;2130
C00662;Horaires Ligne 4540 - du 13 juillet au 23 août 2026;https://ilico.iledefrance-mobilites.fr/uploads/fiches/20260611T130642Z-6a3dbd4d-8271-497c-b50a-52e806a1fc40.pdf;HORAIRE;4540
C00662;Plan Ligne 4540 (maj 06/01/2025);https://ilico.iledefrance-mobilites.fr/uploads/plans/20250106T105114Z-134b374d-af97-4bd7-acb0-fe93c2a4f752.pdf;PLAN;4540
C00663;Plan gare routière Saint-Michel-s/o;https://ilico.iledefrance-mobilites.fr/uploads/fiches/20251218T130701Z-689e90cb-b650-43aa-a860-138f8d68adef.pdf;HORAIRE;4541
C00665;Plan ligne 4205;https://ilico.iledefrance-mobilites.fr/uploads/plans/20260706T073758Z-e6eba034-0de3-4707-94eb-db87f6eb85de.pdf;PLAN;4205
C00666;Plan Ligne 4505 (maj 06/01/2025);https://ilico.iledefrance-mobilites.fr/uploads/plans/20250106T105407Z-5a577c4e-e403-47dc-9df4-7a6016511abf.pdf;PLAN;4505
C00667;Horaires Ligne 4516 - du 13 juillet au 23 août 2026;https://ilico.iledefrance-mobilites.fr/uploads/fiches/20260611T125316Z-e9d36ed4-04de-46b8-9ccb-8111d9234b38.pdf;HORAIRE;4516
C00667;Plan Ligne 4516 (maj 06/01/2025);https://ilico.iledefrance-mobilites.fr/uploads/plans/20250106T105514Z-f0bee4c3-a17c-4522-b080-74e57dc44843.pdf;PLAN;4516
C00668;Horaires Ligne 4517 - A compter du 24 août 2026 au 11 juillet 2027;https://ilico.iledefrance-mobilites.fr/uploads/fiches/20260806T100018Z-3296e9a3-e513-4792-861e-1a5631d0b124.pdf;HORAIRE;4517
C00669;Plan ligne 4280;https://ilico.iledefrance-mobilites.fr/uploads/plans/20250822T065647Z-5df1c351-9a04-4686-8ef5-8d7b8c8195fe.pdf;PLAN;4280
C00671;Horaires Ligne 4539 - A compter du 24 août 2026 au 11 juillet 2027;https://ilico.iledefrance-mobilites.fr/uploads/fiches/20260806T100615Z-bf10ebf3-46f4-41e1-b866-9b336d4db6ff.pdf;HORAIRE;4539
C00673;Fiche WEB ligne DM10S (4650) Hiver 2025-2026, à partir du lundi 1er septembre 2025;https://portail-idfm-operateurs.cdn.prismic.io/portail-idfm-operateurs/aKS98qTt2nPbaewH_FicheWEBligneDM10S-4650-Hiver2025-2026%2C%C3%A0partirdulundi1erseptembre2025.pdf;HORAIRE;4650
C00674;Fiche WEB ligne 4641, 4642 et 4643 Été 2026 V0, du lundi 13 juillet au dimanche 23 août 2026;https://portail-idfm-operateurs.cdn.prismic.io/portail-idfm-operateurs/ajQN141P9HI4Usj8_FicheWEBligne4641%2C4642et4643%C3%89t%C3%A92026V0%2Cdulundi13juilletaudimanche23ao%C3%BBt2026.pdf;HORAIRE;4643
C00674;Ligne 4641, 42, 43, 44 - Plan Voussoire;https://portail-idfm-operateurs.cdn.prismic.io/portail-idfm-operateurs/aTcOc3NYClf9n72c_Ligne4641%2C42%2C43%2C44-plan.pdf;PLAN;4643
C00676;FIche WEB ligne 4613 PVS été du 9 mars au 12 juillet 2026 et du 24 août au 31 août 2026;https://portail-idfm-operateurs.cdn.prismic.io/portail-idfm-operateurs/-PawyKjX4lBVmB4i_FIcheWEBligne4613PVS%C3%A9t%C3%A9du9marsau12juillet2026etdu24ao%C3%BBtau31ao%C3%BBt2026.pdf;HORAIRE;4613
C00676;Plan de ligne 4613;https://ilico.iledefrance-mobilites.fr/uploads/plans/20251020T073405Z-329c2238-56c6-4a64-abaa-6dcf9f72536c.pdf;PLAN;4613
C00677;Plan Ligne 4543 (maj 06/01/2025);https://ilico.iledefrance-mobilites.fr/uploads/plans/20250106T105910Z-a8f039fa-0ab7-4b08-84a7-508b96fc3237.pdf;PLAN;4543
C00679;Plan gare routière Saint-Michel-s/o;https://ilico.iledefrance-mobilites.fr/uploads/fiches/20251218T130724Z-7d82ec66-bec3-42fc-b791-0b255e4c9274.pdf;HORAIRE;4542
C00679;Horaires Ligne 4542 - du 13 juillet au 23 août 2026;https://ilico.iledefrance-mobilites.fr/uploads/fiches/20260611T130723Z-56a2037e-b5c6-459f-afc3-a59972587065.pdf;HORAIRE;4542
C00684;Plan Ligne 4522 (maj 06/01/2025);https://ilico.iledefrance-mobilites.fr/uploads/plans/20250106T110158Z-27efd6a0-0573-473f-be3b-1fedb18657da.pdf;PLAN;4522
C00687;Ligne 4641, 42, 43, 44 - Plan Voussoire;https://portail-idfm-operateurs.cdn.prismic.io/portail-idfm-operateurs/aTcOc3NYClf9n72c_Ligne4641%2C42%2C43%2C44-plan.pdf;PLAN;4644
C00689;Horaires Ligne 9115 - du 13 juillet au 23 août 2026;https://ilico.iledefrance-mobilites.fr/uploads/fiches/20260611T131114Z-ca126140-1312-42f3-85f4-46667ed26053.pdf;HORAIRE;EXPRESS 9115
C00689;Plan Ligne 9115 (maj 06/01/2025);https://ilico.iledefrance-mobilites.fr/uploads/plans/20250106T110352Z-596b5196-ec4f-4aaf-b635-d0eda75425a7.pdf;PLAN;EXPRESS 9115
C00691;Horaires Ligne 4503 - du 13 juillet au 23 août 2026;https://ilico.iledefrance-mobilites.fr/uploads/fiches/20260611T124910Z-23f71c7e-be3a-4ccf-8573-8fe185e31c38.pdf;HORAIRE;4503
C00694;Plan de la ligne 6203;https://ilico.iledefrance-mobilites.fr/uploads/plans/20250811T134830Z-a48c067f-2b95-4fb5-adbc-e4c740ef1300.pdf;PLAN;6203
C00695;Horaires d'été 2026 - L6204 du 13 juillet au 23 août 2026;https://ilico.iledefrance-mobilites.fr/uploads/fiches/20260703T135642Z-62a6186c-7037-4bfd-bf08-0e00be230bbc.pdf;HORAIRE;6204
C00696;Horaires d'été 2026 - L6205 du 13 juillet au 23 août 2026;https://ilico.iledefrance-mobilites.fr/uploads/fiches/20260703T135723Z-cda25870-3639-4247-b684-5ba907f322d6.pdf;HORAIRE;6205
C00697;Plan de la ligne 6206;https://ilico.iledefrance-mobilites.fr/uploads/plans/20250811T135841Z-010e372a-c86d-4b7f-bee7-27272a6826ef.pdf;PLAN;6206
C00698;Plan de la ligne 6207;https://ilico.iledefrance-mobilites.fr/uploads/plans/20250811T140257Z-32d5162b-6d04-4548-89ac-1bb9e7dd4b01.pdf;PLAN;6207
C00704;Horaires Hiver - L6213 du 1er septembre 2025 au 10 juillet 2026;https://ilico.iledefrance-mobilites.fr/uploads/fiches/20250811T144243Z-ba4eaf38-4f9a-410f-a98c-04957e224229.pdf;HORAIRE;6213
C00706;Horaires HIVER valables du 01/09/26 au 02/07/2027;https://ilico.iledefrance-mobilites.fr/uploads/fiches/20260730T143735Z-a59fa79c-791f-4c4b-80af-7ec1de4c4703.pdf;HORAIRE;6172
C00707;Horaires HIVER valables du 01/09/26 au 02/07/2027;https://ilico.iledefrance-mobilites.fr/uploads/fiches/20260804T125613Z-481c832e-fcc3-4356-860e-8317bf6d33fc.pdf;HORAIRE;6173
C00708;Horaires HIVER valables du 01/09/26 au 02/07/2027;https://ilico.iledefrance-mobilites.fr/uploads/fiches/20260730T143826Z-10104b31-46da-4bf9-b169-f4ebfcc93cce.pdf;HORAIRE;6174
C00709;Horaires Hiver - L6285 du 1er septembre 2025 au 3 juillet 2026;https://ilico.iledefrance-mobilites.fr/uploads/fiches/20250812T083326Z-b2af7aea-aeae-4921-9d5c-9c5f67d5c55c.pdf;HORAIRE;6285
C00709;Plan ligne 6285;https://ilico.iledefrance-mobilites.fr/uploads/plans/20250828T074202Z-c358a877-9089-4bc1-b7d2-981a50b0a4b1.pdf;PLAN;6285
C00710;Horaires Hiver - L6286 du 1er septembre 2025 au 3 juillet 2026;https://ilico.iledefrance-mobilites.fr/uploads/fiches/20250812T083414Z-8e1a450e-260c-4d26-9cb3-77b6f60e9009.pdf;HORAIRE;6286
C00725;Horaires valables du 1er septembre 2026 au 04 juillet 2027 inclus (circule en TàD l'été);https://ilico.iledefrance-mobilites.fr/uploads/fiches/20260803T143553Z-10350782-3f23-475f-902d-aa22e5423a02.pdf;HORAIRE;5421
C00733;Horaires valables du 1er septembre 2026 au 04 juillet 2027 inclus;https://ilico.iledefrance-mobilites.fr/uploads/fiches/20260804T094701Z-284e1831-a7a5-4869-b0d0-6cf902a243bb.pdf;HORAIRE;5455
C00734;Plan de ligne 5476;https://ilico.iledefrance-mobilites.fr/uploads/plans/20250818T091836Z-1ec1ac81-a2c4-466a-b982-8f9e4a405847.pdf;PLAN;5476
C00735;Horaires valables du 1er septembre 2026 au 04 juillet 2027 (circule en TàD l'été);https://ilico.iledefrance-mobilites.fr/uploads/fiches/20260804T102412Z-bbc6e25f-52d9-437c-a38f-3d5a3648d3c0.pdf;HORAIRE;5447
C00736;Plan de ligne 5478;https://ilico.iledefrance-mobilites.fr/uploads/plans/20250818T103318Z-6759a70a-b18a-435e-8c6c-5dd9e7a98ef3.pdf;PLAN;5478
C00738;Plan de ligne 5480;https://ilico.iledefrance-mobilites.fr/uploads/plans/20250818T103421Z-28a21702-75f4-4d4c-9249-5a32c0a4d3ac.pdf;PLAN;5480
C00741;Plan de ligne 5486;https://ilico.iledefrance-mobilites.fr/uploads/plans/20250818T104614Z-2430adc2-87f7-4eac-9b4b-da79ea55a0c6.pdf;PLAN;5486
C00747;Plan de ligne 5457;https://ilico.iledefrance-mobilites.fr/uploads/plans/20250829T122347Z-df3725d5-3c42-4a2d-88c7-0438f0e105de.pdf;PLAN;5457
C00748;Horaires valables du 06 juillet au 31 août 2026;https://ilico.iledefrance-mobilites.fr/uploads/fiches/20260610T073555Z-97be0688-ac4e-4bd5-801d-8ff0ee92aa4f.pdf;HORAIRE;5451
C00749;Plan de ligne 5452;https://ilico.iledefrance-mobilites.fr/uploads/plans/20250901T102931Z-4b3f7854-1489-4e79-96b7-0ed7b3a4408a.pdf;PLAN;5452
C00753;Plan de ligne 7821;https://portail-idfm-operateurs.cdn.prismic.io/portail-idfm-operateurs/aKR3uaTt2nPbadk2_KEO_SOE_Ligne_7821_V02.pdf;PLAN;7821
C00754;Plan de ligne 7822;https://portail-idfm-operateurs.cdn.prismic.io/portail-idfm-operateurs/aKR3w6Tt2nPbadk3_KEO_SOE_Ligne_7822_V02.pdf;PLAN;7822
C00761;Horaires valables du 06 juillet au 31 août 2026;https://ilico.iledefrance-mobilites.fr/uploads/fiches/20260610T074848Z-5c10b159-37fd-4e3f-9f1a-c3be6c90ec2d.pdf;HORAIRE;5458
C00765;Horaires valables du 6 juillet 2026 au 30 août 2026;https://ilico.iledefrance-mobilites.fr/uploads/fiches/20260703T081205Z-dbb7de5d-7b70-4356-a7d6-6601df52c044.pdf;HORAIRE;1236
C00765;Plan ligne 1236;https://ilico.iledefrance-mobilites.fr/uploads/plans/20250818T104524Z-eebf049d-5e9c-48ad-8bd6-0fe9ce29ae83.pdf;PLAN;1236
C00769;Horaires valables du 6 juillet 2026 au 30 août 2026;https://ilico.iledefrance-mobilites.fr/uploads/fiches/20260702T123028Z-781e42a1-7249-462b-8385-8bcc64ef2a30.pdf;HORAIRE;1202
C00769;Plan ligne 1202;https://ilico.iledefrance-mobilites.fr/uploads/plans/20250818T101201Z-6eb583de-8df6-40e9-8801-47fe28f2534a.pdf;PLAN;1202
C00770;Plan ligne 1223;https://ilico.iledefrance-mobilites.fr/uploads/plans/20250818T102540Z-583c5b73-408a-46f7-868d-48952cab8245.pdf;PLAN;1223
C00781;Horaires valables du 6 juillet 2026 au 30 août 2026;https://ilico.iledefrance-mobilites.fr/uploads/fiches/20260702T123726Z-1d581fa8-9907-468c-9455-fdd1bd832501.pdf;HORAIRE;1226
C00782;Horaires valables du 6 juillet 2026 au 30 août 2026;https://ilico.iledefrance-mobilites.fr/uploads/fiches/20260702T124108Z-a7c5f23a-a0bc-4cf0-8905-85d8f6480f0a.pdf;HORAIRE;1232
C00786;3409;https://ilico.iledefrance-mobilites.fr/uploads/plans/20240828T151330Z-bcca11f7-bc9b-4367-9cb7-aea6bd3ccdd9.pdf;PLAN;3409
C00788;Horaires ligne 3406 valables à partir du 1er septembre 2026;https://ilico.iledefrance-mobilites.fr/uploads/fiches/20260805T112704Z-c3cc514d-dfda-45dc-ad7f-d5909151d57c.pdf;HORAIRE;3406
C00788;3406;https://ilico.iledefrance-mobilites.fr/uploads/plans/20240828T151147Z-3f0fa2a1-e668-4a61-8109-1167f2904363.pdf;PLAN;3406
C00793;Horaires ligne 3401 valables jusqu'au 5 juillet 2026;https://ilico.iledefrance-mobilites.fr/uploads/fiches/20250819T133829Z-9d87b33c-1f19-44e9-b276-8f89c2c31e9b.pdf;HORAIRE;3401
C00797;3412;https://ilico.iledefrance-mobilites.fr/uploads/plans/20240828T151619Z-d8d9eb7a-f49c-4c7f-b521-c426a4783e73.pdf;PLAN;3412
C00798;Plan de ligne 46;https://ilico.iledefrance-mobilites.fr/uploads/plans/20250904T090933Z-58fa539c-0fe3-4a8f-be20-a627eae4e141.pdf;PLAN;Express 46 (future 7706)
C00799;Horaires ligne 3439 à partir du 1er Septembre 2025;https://ilico.iledefrance-mobilites.fr/uploads/fiches/20250819T134203Z-95cc3dac-1aaf-4fd2-95d3-f8e8843126f0.pdf;HORAIRE;3439
C00799;Horaires ligne 3439 valables à partir du 1er septembre 2026;https://ilico.iledefrance-mobilites.fr/uploads/fiches/20260806T094819Z-01eca25e-2859-4123-8692-ebc4f54288dd.pdf;HORAIRE;3439
C00803;Dépliant_3106 au 09032026;https://ilico.iledefrance-mobilites.fr/uploads/fiches/20260225T112258Z-74975174-993d-40ba-ba9e-53bf72779be9.pdf;HORAIRE;3106
C00813;3443;https://ilico.iledefrance-mobilites.fr/uploads/plans/20240828T143322Z-1506dd9d-1b6b-402a-ad65-962065a8a0fd.pdf;PLAN;3443
C00822;Horaires Ligne 3503 du 01/09/2025 au 30/08/2026;https://ilico.iledefrance-mobilites.fr/uploads/fiches/20251008T100547Z-f8d38459-6644-41e8-842c-5799e417fab8.pdf;HORAIRE;3540
C00830;Horaires Ligne 3536 du 01/09/2025 au 04/07/2026;https://ilico.iledefrance-mobilites.fr/uploads/fiches/20251008T100740Z-d7e9a627-b26d-42c1-b821-4bb17323e060.pdf;HORAIRE;3536
C00830;3536;https://ilico.iledefrance-mobilites.fr/uploads/plans/20260730T153445Z-e0f1e51f-b19e-459c-8e50-dcf013f2a05a.pdf;PLAN;3536
C00832;Horaires Ligne 3501 du 01/09/2025 au 30/08/2026;https://ilico.iledefrance-mobilites.fr/uploads/fiches/20251008T100816Z-d92bd3c3-1b3d-4677-abcc-4cc4c8931843.pdf;HORAIRE;3501
C00845;Fiche horaires ligne 3711 du 24 aout 2026 au 11 juillet 2027;https://ilico.iledefrance-mobilites.fr/uploads/fiches/20260805T131150Z-9f1cb1dc-5e1f-4aee-96e0-9d6f072cbb35.pdf;HORAIRE;3711
C00846;Plan de bus 3712;https://ilico.iledefrance-mobilites.fr/uploads/plans/20250103T093928Z-48bc21c0-8924-4495-86a3-f50a1c969964.pdf;PLAN;3712
C00847;Fiche horaires lignes 3712-3713 du 24 aout 2026 au 11 juillet 2027;https://ilico.iledefrance-mobilites.fr/uploads/fiches/20260805T131437Z-92e73740-1b38-4479-97e8-952313da0175.pdf;HORAIRE;3713
C00850;Fiche horaires ligne 3734 du 13 juillet 2026 au 23 août 2026;https://ilico.iledefrance-mobilites.fr/uploads/fiches/20260624T102953Z-aa96abbd-6988-4dd8-9991-a484b812e352.pdf;HORAIRE;3734
C00851;Fiche horaires ligne 3736 du 24 aout 2026 au 11 juillet 2027;https://ilico.iledefrance-mobilites.fr/uploads/fiches/20260805T133336Z-f9286c34-c738-4d12-a362-10bb39adea63.pdf;HORAIRE;3736
C00851;Plan de bus ligne 3736;https://ilico.iledefrance-mobilites.fr/uploads/plans/20260109T123019Z-580f45e7-e482-4ca1-93b9-2ed55ac63818.pdf;PLAN;3736
C00855;Fiche horaires ligne 3743 du 24 aout 2026 au 11 juillet 2027;https://ilico.iledefrance-mobilites.fr/uploads/fiches/20260805T133706Z-99121d30-1543-43be-8ba2-0eb0c10bfe65.pdf;HORAIRE;3743
C00855;Fiche horaires ligne 3743 du 13 juillet 2026 au 23 août 2026;https://ilico.iledefrance-mobilites.fr/uploads/fiches/20260624T103227Z-c219e76c-7f24-4ee8-9cf3-8a76f3a3ede6.pdf;HORAIRE;3743
C00860;Ligne 3774 du 1er septembre 2026 au 4 juillet 2027;https://ilico.iledefrance-mobilites.fr/uploads/fiches/20260805T140430Z-2630f803-2625-422e-bdb8-ec1386e2a310.pdf;HORAIRE;3774
C00860;Plan de bus ligne 3774;https://ilico.iledefrance-mobilites.fr/uploads/plans/20250103T101439Z-851a6992-10a9-4d6d-a1b7-cd213a894cf8.pdf;PLAN;3774
C00863;Plan de ligne 3722.;https://ilico.iledefrance-mobilites.fr/uploads/plans/20250326T124959Z-ae760702-b834-4a99-8738-3cdfc25cae50.pdf;PLAN;3722
C00864;Fiche horaires lignes 3724-3725 du 24 aout 2026 au 11 juillet 2027;https://ilico.iledefrance-mobilites.fr/uploads/fiches/20260805T132158Z-2c4b2c2c-b80c-4bfb-8a53-ec49a1f60dd3.pdf;HORAIRE;3725
C00869;Plan de bus 3735;https://ilico.iledefrance-mobilites.fr/uploads/plans/20260105T094813Z-1a418654-55fb-4f4c-9bec-a16216192894.pdf;PLAN;3735
C00876;Plan de ligne 3609;https://ilico.iledefrance-mobilites.fr/uploads/plans/20260615T155014Z-395c7c54-9ce1-481e-adf5-4950cc4e2dd6.pdf;PLAN;3609
C00877;Horaires été 2026;https://ilico.iledefrance-mobilites.fr/uploads/fiches/20260616T081359Z-07126fb0-4000-4be1-a0ec-70adc731de05.pdf;HORAIRE;3607
C00880;Plan de ligne 3603;https://ilico.iledefrance-mobilites.fr/uploads/plans/20250822T084118Z-b8b70485-c186-4ceb-af8f-5d7d5a3f10c0.pdf;PLAN;3603
C00881;Horaires été 2026;https://ilico.iledefrance-mobilites.fr/uploads/fiches/20260616T083109Z-bc28d56a-b7c2-4d49-a812-d9eaf4815cd4.pdf;HORAIRE;3601
C00885;Horaires été 2026;https://ilico.iledefrance-mobilites.fr/uploads/fiches/20260616T083703Z-fd83f864-1bc3-4740-9d54-5ec64ed9fcd9.pdf;HORAIRE;3610
C00886;Horaires du 1er septembre 2025 au 5 juillet 2026;https://ilico.iledefrance-mobilites.fr/uploads/fiches/20250902T142437Z-6543ef88-bfff-4eca-9ae9-90c33e6cad0b.pdf;HORAIRE;3656
C00898;Ligne 2315 (Ex ligne J) - A partir du 1er septembre 2025;https://ilico.iledefrance-mobilites.fr/uploads/fiches/20250903T134851Z-af823978-9d5f-404e-8074-46c63e4924bc.pdf;HORAIRE;2315
C00905;Fiche horaires 01.09.2025;https://ilico.iledefrance-mobilites.fr/uploads/fiches/20250826T121544Z-e3530f9c-20b2-4995-acdd-f5d80fb42eb4.pdf;HORAIRE;2412
C00912;Ligne 2312 (ex ligne L) - A partir du 1er septembre 2025;https://ilico.iledefrance-mobilites.fr/uploads/fiches/20250829T170250Z-2ca941eb-7a7d-40ab-a927-fd68a8810506.pdf;HORAIRE;2312
C00914;Plan ligne 2319 (ex ligne 19);https://ilico.iledefrance-mobilites.fr/uploads/plans/20250915T124756Z-14d48fad-3c15-4f46-be61-a4f7e5c55094.pdf;PLAN;2319
C00916;Ligne 2321 - A partir du 4 mai;https://ilico.iledefrance-mobilites.fr/uploads/fiches/20260427T133910Z-e2a25549-8fd2-4930-badb-41a553fb5055.pdf;HORAIRE;2321
C00916;Plan ligne 2321 (ex ligne 21);https://ilico.iledefrance-mobilites.fr/uploads/plans/20251030T110242Z-227701e3-e1ee-4e46-a3b9-a97c2cd47942.pdf;PLAN;2321
C00922;Ligne 2420;https://ilico.iledefrance-mobilites.fr/uploads/plans/20250915T134552Z-a322c8af-2ec7-4444-8220-d4d84a65c351.pdf;PLAN;2420
C00925;Fiche Horaires 09.03.2026;https://ilico.iledefrance-mobilites.fr/uploads/fiches/20260219T140320Z-f77bc98e-0a26-4a92-b253-21da6293b598.pdf;HORAIRE;2483
C00929;Ligne 2342 (ex ligne 42) - a partir du 15 septembre 2025;https://ilico.iledefrance-mobilites.fr/uploads/fiches/20250916T153358Z-690ec4d5-3fb3-487d-bd08-33fae5078c0f.pdf;HORAIRE;2342
C00934;Plan ligne 2428;https://ilico.iledefrance-mobilites.fr/uploads/plans/20260109T141622Z-cf885992-3022-4ec6-aab1-aa846922d583.pdf;PLAN;2428
C00940;Ligne 2364 - A partir du 4 mai;https://ilico.iledefrance-mobilites.fr/uploads/fiches/20260423T112842Z-060a1408-b2d7-4690-b102-d4038161b050.pdf;HORAIRE;2364
C00943;Fiche horaire été ligne 2261 du 20 juillet au 23 août 2026;https://ilico.iledefrance-mobilites.fr/uploads/fiches/20260707T141631Z-204dc89a-fd8d-4a02-baeb-f103dc8b2bc5.pdf;HORAIRE;2261
C00949;Plan ligne 2311 (ex K);https://ilico.iledefrance-mobilites.fr/uploads/plans/20250917T082051Z-08e6404e-ab4a-46e6-9002-709b9f843da2.pdf;PLAN;2311
C00953;Ligne 2302 - A partir du 5 janvier 2026;https://ilico.iledefrance-mobilites.fr/uploads/fiches/20251229T154748Z-d076ad2e-b214-48d6-93d4-6714d2af9f1e.pdf;HORAIRE;2302
C00953;Plan ligne 2302;https://ilico.iledefrance-mobilites.fr/uploads/plans/20250917T084450Z-d995cd04-47d9-4e5f-a120-f7a1f3de5eb8.pdf;PLAN;2302
C00958;Ligne 2304 - A partir du 9 mars 2026;https://ilico.iledefrance-mobilites.fr/uploads/fiches/20260227T142202Z-ac69885e-3fc7-4290-8131-23b9f32e289a.pdf;HORAIRE;2304
C00959;Ligne 2309 (ex I) - A partir du 1er septembre 2025;https://ilico.iledefrance-mobilites.fr/uploads/fiches/20250829T170044Z-ca99f060-5064-48b4-a370-4e22195f9ddd.pdf;HORAIRE;2309
C00963;Horaires Ligne 4552 - du 13 juillet 2026 au 31 décembre 2027;https://ilico.iledefrance-mobilites.fr/uploads/fiches/20260611T130906Z-4673eaa5-d2da-48fd-ab64-167ec061571a.pdf;HORAIRE;4552
C00965;Plan Ligne 4576 (maj 06/01/2025);https://ilico.iledefrance-mobilites.fr/uploads/plans/20250106T111135Z-ebc047aa-4958-4820-a36a-07753d3af412.pdf;PLAN;4576
C00969;Ligne 4438 - été 2026;https://ilico.iledefrance-mobilites.fr/uploads/fiches/20260722T073352Z-c39e1bca-1f9e-4ccc-9033-040a82bf1911.pdf;HORAIRE;4438
C00971;Horaires Ligne 4570 - A compter du 1er septembre 2026 au 3 juillet 2027;https://ilico.iledefrance-mobilites.fr/uploads/fiches/20260806T101739Z-b2d4b625-0447-4f7d-a2b2-c193b16421e3.pdf;HORAIRE;4570
C00971;Plan Ligne 4570 (maj 06/01/2025);https://ilico.iledefrance-mobilites.fr/uploads/plans/20250106T111306Z-f43dd3bf-9383-4a2d-a62d-ab9b8fd4ef58.pdf;PLAN;4570
C00974;Ligne 4412;https://ilico.iledefrance-mobilites.fr/uploads/plans/20260226T102348Z-0ba4791b-4d45-4bf4-a99f-b14b92d70fa1.pdf;PLAN;4412
C00982;Ligne 4403;https://ilico.iledefrance-mobilites.fr/uploads/plans/20240901T093229Z-0b5ff590-4797-49ba-bab1-90f5302cc689.pdf;PLAN;4403
C00984;Ligne 4409 - Horaires valables du 1er septembre 2026 au 4 juillet 2027;https://ilico.iledefrance-mobilites.fr/uploads/fiches/20260807T152914Z-2415b1af-5f1d-4a76-98b1-369158f7d62c.pdf;HORAIRE;4409
C00985;Horaires ligne 4231 - Du 25 août 2025 au 12 juillet 2026;https://ilico.iledefrance-mobilites.fr/uploads/fiches/20260320T124842Z-9db0fc08-0f89-4aac-a680-d4a5201390ca.pdf;HORAIRE;4231
C00990;Horaires ligne 4276 - Du 1er septembre 2025 au 4 juillet 2026;https://ilico.iledefrance-mobilites.fr/uploads/fiches/20260323T152509Z-5cb175e7-00b2-4376-b7b2-cb3d384390cc.pdf;HORAIRE;4276
C01002;Horaires ligne 3451 valables du 1er septembre 2026 au 3 juillet 2027;https://ilico.iledefrance-mobilites.fr/uploads/fiches/20260806T132944Z-55b927a8-ba54-49c5-bdc7-3c0b8596c07e.pdf;HORAIRE;3451
C01004;3550;https://ilico.iledefrance-mobilites.fr/uploads/plans/20260730T153749Z-9ddf4064-d0bc-4b03-a870-3a1abfe7e2ec.pdf;PLAN;3550
C01011;Horaires ligne 3455 à partir du 1er Septembre 2025;https://ilico.iledefrance-mobilites.fr/uploads/fiches/20250819T135513Z-eab8f3fc-cb71-4e05-b6b7-765cfee6d74d.pdf;HORAIRE;3455
C01012;Horaires Ligne 3454 à partir du 1er Septembre 2025;https://ilico.iledefrance-mobilites.fr/uploads/fiches/20250819T135549Z-47e49fe5-8459-4dbb-9cba-8708b01f469e.pdf;HORAIRE;3454
C01012;3454;https://ilico.iledefrance-mobilites.fr/uploads/plans/20240828T144247Z-fdaffb9d-69d8-43e7-b266-cd6ef595fa1d.pdf;PLAN;3454
C01014;Horaires été 2026;https://ilico.iledefrance-mobilites.fr/uploads/fiches/20260625T115109Z-18f79676-f965-495d-84f5-756e935a0dd3.pdf;HORAIRE;4342
C01017;Plan de Bus ligne 4346;https://ilico.iledefrance-mobilites.fr/uploads/plans/20250821T150836Z-ae5f5403-15d4-4319-b116-87b9d09e7a53.pdf;PLAN;4346
C01033;Plan de ligne 5435;https://ilico.iledefrance-mobilites.fr/uploads/plans/20250901T102805Z-927966dd-4a67-4f9b-827e-4f98e3914a8b.pdf;PLAN;5435
C01035;Horaires valables du 01 septembre 2026 au 04 juillet 2027 inclus (ne circule pas l'été);https://ilico.iledefrance-mobilites.fr/uploads/fiches/20260730T135535Z-aa6b18ec-5896-4500-b51c-65e6c215f261.pdf;HORAIRE;5474
C01036;Horaires valables du 06 juillet au 31 août 2026;https://ilico.iledefrance-mobilites.fr/uploads/fiches/20260610T074019Z-0eb814e8-eee1-4f1d-beda-968f58e63944.pdf;HORAIRE;5432
C01036;Plan de ligne 5432;https://ilico.iledefrance-mobilites.fr/uploads/plans/20250901T101828Z-4e31028a-bd5f-4755-a76f-8c290603e39f.pdf;PLAN;5432
C01040;Plan ligne 2460;https://ilico.iledefrance-mobilites.fr/uploads/plans/20251001T091338Z-769f0619-9838-4bf9-b3cd-b9b55836098d.pdf;PLAN;2460
C01043;Horaires Ligne 3204 du 31 Août 2026 au 29 Août 2027;https://ilico.iledefrance-mobilites.fr/uploads/fiches/20260721T061611Z-4974c23d-a84c-4f33-a08b-04d6eaae2547.pdf;HORAIRE;3204
C01044;Fiche horaire 3120 au 01092025;https://ilico.iledefrance-mobilites.fr/uploads/fiches/20250731T145702Z-f43e201d-9bee-4b12-b965-8817ddfb6dbd.pdf;HORAIRE;3120
C01044;Plan 3120;https://ilico.iledefrance-mobilites.fr/uploads/plans/20250731T145702Z-525c47d9-2d72-434d-bb1a-8d4c1da96a65.pdf;PLAN;3120
C01045;Fiche internet_3124 au 06042026;https://ilico.iledefrance-mobilites.fr/uploads/fiches/20260326T091907Z-fd10c706-57b9-4c55-b69f-360f100665d4.pdf;HORAIRE;3124
C01052;Plan de la ligne 3132;https://ilico.iledefrance-mobilites.fr/uploads/plans/20251007T081041Z-0fc44210-3bda-49b6-b1b7-8538a5c90596.pdf;PLAN;3132
C01063;Plan Ligne 7717;https://ilico.iledefrance-mobilites.fr/uploads/plans/20260702T075723Z-111f56b3-5cdb-4e9f-8f77-80b18e97c502.pdf;PLAN;7717
C01075;Plan Ligne 24;https://www.ratp.fr/sites/default/files/lines-assets/plan-de-ligne/busratp/plan-de-ligne_busratp_ligne-24.pdf;PLAN;24
C01076;Plan Ligne 26;https://www.ratp.fr/sites/default/files/lines-assets/plan-de-ligne/busratp/plan-de-ligne_busratp_ligne-26.pdf;PLAN;26
C01083;Horaires Ligne 38;https://www.ratp.fr/sites/default/files/lines-assets/fiche-horaire/busratp/fiche-horaire_busratp_ligne-38.pdf;HORAIRE;38
C01084;Horaires Ligne 39;https://www.ratp.fr/sites/default/files/lines-assets/fiche-horaire/busratp/fiche-horaire_busratp_ligne-39.pdf;HORAIRE;39
C01085;Plan de ligne 42;https://ilico.iledefrance-mobilites.fr/uploads/plans/20260611T094249Z-c7a84b8a-a50c-48b5-92e1-7e78b4391507.pdf;PLAN;42
C01086;Plan de ligne 43;https://ilico.iledefrance-mobilites.fr/uploads/plans/20260611T094340Z-af670099-5e2b-4ae8-84fd-d8f3f0b5d816.pdf;PLAN;43
C01088;Horaire valables à partir du 16 juillet au 16 août 2026;https://ilico.iledefrance-mobilites.fr/uploads/fiches/20260804T092513Z-fa3c934c-f762-4153-a48c-01b1c986fb2f.pdf;HORAIRE;47
C01092;Horaires ligne 54;https://ilico.iledefrance-mobilites.fr/uploads/fiches/20260805T113856Z-89055ea4-1cf0-49db-bee2-e46fb4b2063c.pdf;HORAIRE;54
C01095;Horaires Ligne 58;https://www.ratp.fr/sites/default/files/lines-assets/fiche-horaire/busratp/fiche-horaire_busratp_ligne-58.pdf;HORAIRE;58
C01096;Horaires Ligne 60;https://www.ratp.fr/sites/default/files/lines-assets/fiche-horaire/busratp/fiche-horaire_busratp_ligne-60.pdf;HORAIRE;60
C01097;Plan ligne 61;https://ilico.iledefrance-mobilites.fr/uploads/plans/20260422T111748Z-4cb22353-e565-410d-9d56-9a3d46104976.pdf;PLAN;61
C01098;Horaires valables à partir du 16 juillet au 16 août 2026;https://ilico.iledefrance-mobilites.fr/uploads/fiches/20260731T172545Z-a6e6ad83-7484-4e0e-82a5-58356921f961.pdf;HORAIRE;62
C01105;Plan Ligne 69;https://www.ratp.fr/sites/default/files/lines-assets/plan-de-ligne/busratp/plan-de-ligne_busratp_ligne-69.pdf;PLAN;69
C01107;Fiches horaires ligne 72;https://ilico.iledefrance-mobilites.fr/uploads/fiches/20260810T125349Z-ea954a0b-876e-46a4-adaf-e328ffb07636.pdf;HORAIRE;72
C01109;Horaires ligne 74;https://ilico.iledefrance-mobilites.fr/uploads/fiches/20260706T140603Z-4ad6df2b-9c60-4b07-8f9b-da7349e66550.pdf;HORAIRE;74
C01111;Plan Ligne 76;https://www.ratp.fr/sites/default/files/lines-assets/plan-de-ligne/busratp/plan-de-ligne_busratp_ligne-76.pdf;PLAN;76
C01114;Plan Ligne 82;https://www.ratp.fr/sites/default/files/lines-assets/plan-de-ligne/busratp/plan-de-ligne_busratp_ligne-82.pdf;PLAN;82
C01118;Plan Ligne 86;https://www.ratp.fr/sites/default/files/lines-assets/plan-de-ligne/busratp/plan-de-ligne_busratp_ligne-86.pdf;PLAN;86
C01121;Plan de ligne 89;https://ilico.iledefrance-mobilites.fr/uploads/plans/20260801T164443Z-272df728-43d6-402d-a67e-c0c645be526e.pdf;PLAN;89
C01127;Plan Ligne 96;https://www.ratp.fr/sites/default/files/lines-assets/plan-de-ligne/busratp/plan-de-ligne_busratp_ligne-96.pdf;PLAN;96
C01130;Horaires Ligne 101 du 13/07 au 16/08/2026;https://ilico.iledefrance-mobilites.fr/uploads/fiches/20260728T082559Z-a37b3f32-ec31-4384-9ed2-1e8584dac305.pdf;HORAIRE;101
C01132;Horaires Ligne 103;https://ilico.iledefrance-mobilites.fr/uploads/fiches/20260722T084132Z-fa0c706c-fdcd-4355-8e10-320ea600d289.pdf;HORAIRE;103
C01135;Plan ligne 106;https://ilico.iledefrance-mobilites.fr/uploads/plans/20260211T085603Z-df1fe503-ca4e-4ae1-a22d-f652a47aca45.pdf;PLAN;106
C01136;Horaires Ligne 107 du 13/07 au 23/08/2026;https://ilico.iledefrance-mobilites.fr/uploads/fiches/20260728T083811Z-8c7cbaf7-3a06-4c92-a662-984e6c18965f.pdf;HORAIRE;107
C01139;Plan Ligne 110;https://ilico.iledefrance-mobilites.fr/uploads/plans/20260211T085802Z-a783c298-92f9-4760-b386-52641ab83826.pdf;PLAN;110
C01140;Horaires Ligne 111 du 13/07 au 23/08/2026;https://ilico.iledefrance-mobilites.fr/uploads/fiches/20260728T084956Z-57fdb507-91ed-4e74-9bc4-4a54b576244e.pdf;HORAIRE;111
C01141;Horaires Ligne 112 du 13/07 au 16/08/2026;https://ilico.iledefrance-mobilites.fr/uploads/fiches/20260728T085232Z-ecd285e2-0456-444f-8b82-5bd7d950594b.pdf;HORAIRE;112
C01142;Horaires Ligne 113 du 13/07 au 16/08/2026;https://ilico.iledefrance-mobilites.fr/uploads/fiches/20260728T085656Z-433209d3-dc22-4bba-9479-7513f9d4c5e9.pdf;HORAIRE;113
C01143;Plan Ligne 114;https://ilico.iledefrance-mobilites.fr/uploads/plans/20260211T090039Z-bb5822e2-fadd-493b-9749-3dba742609cd.pdf;PLAN;114
C01144;Horaires Ligne 115;https://www.ratp.fr/sites/default/files/lines-assets/fiche-horaire/busratp/fiche-horaire_busratp_ligne-115.pdf;HORAIRE;115
C01144;Plan Ligne 115;https://www.ratp.fr/sites/default/files/lines-assets/plan-de-ligne/busratp/plan-de-ligne_busratp_ligne-115.pdf;PLAN;115
C01145;Horaires Ligne 116 du 13/07 au 16/08/2026;https://ilico.iledefrance-mobilites.fr/uploads/fiches/20260728T085935Z-8af3b9af-e527-4251-9c08-ab32f13c63d8.pdf;HORAIRE;116
C01146;Plan de ligne 117;https://ilico.iledefrance-mobilites.fr/uploads/plans/20260722T084429Z-5ab1444c-bbf3-4eec-a4b1-0586a4acd05f.pdf;PLAN;117
C01148;Fiche horaire ligne 119;https://ilico.iledefrance-mobilites.fr/uploads/fiches/20260417T130612Z-07aec531-7d8e-4e30-9de9-cbf17129ecda.pdf;HORAIRE;119
C01148;Plan de ligne 119;https://ilico.iledefrance-mobilites.fr/uploads/plans/20260416T143017Z-5d695b0b-0319-4c7c-a5a8-e9fb00a681ca.pdf;PLAN;119
C01149;Plan Ligne 120;https://ilico.iledefrance-mobilites.fr/uploads/plans/20260211T090356Z-24ad7400-6570-4e93-b536-30b1e6cdf77e.pdf;PLAN;120
C01151;Horaires Ligne 122;https://www.ratp.fr/sites/default/files/lines-assets/fiche-horaire/busratp/fiche-horaire_busratp_ligne-122.pdf;HORAIRE;122
C01153;Horaires Ligne 124 du 13/07 au 16/08/2026;https://ilico.iledefrance-mobilites.fr/uploads/fiches/20260728T090213Z-7f94b51d-ec91-40b0-9038-bc75ecdd4b17.pdf;HORAIRE;124
C01153;Plan Ligne 124;https://ilico.iledefrance-mobilites.fr/uploads/plans/20260211T090531Z-bb1bd60b-7b4a-408c-a395-30e209396c2d.pdf;PLAN;124
C01154;Horaires valables à partir du 16 juillet au 16 août 2026;https://ilico.iledefrance-mobilites.fr/uploads/fiches/20260731T173113Z-29576c57-ac15-4f62-b10a-1dbf674f7d41.pdf;HORAIRE;125
C01156;Horaires Ligne 127 du 13/07 au 16/08/2026;https://ilico.iledefrance-mobilites.fr/uploads/fiches/20260728T090341Z-8ba25b3d-a8e6-4e40-b8ab-3bcda1ddc5a7.pdf;HORAIRE;127
C01158;Plan Ligne 129;https://www.ratp.fr/sites/default/files/lines-assets/plan-de-ligne/busratp/plan-de-ligne_busratp_ligne-129.pdf;PLAN;129
C01161;Fiche horaire 133 - Offre d'été 2026;https://ilico.iledefrance-mobilites.fr/uploads/fiches/20260729T095753Z-bd9e46c2-043a-48e0-acb9-495ea2738d68.pdf;HORAIRE;133
C01161;Plan ligne 133;https://ilico.iledefrance-mobilites.fr/uploads/plans/20260422T112805Z-1c4c5069-ebf7-45b1-ba73-f8b2e87be2f9.pdf;PLAN;133
C01164;Plan ligne 138;https://ilico.iledefrance-mobilites.fr/uploads/plans/20260702T092546Z-8a12e5a8-f697-442c-a84e-b5a583c80dbc.pdf;PLAN;138
C01166;Horaires ligne 140;https://ilico.iledefrance-mobilites.fr/uploads/fiches/20260706T140921Z-c722ebec-424a-42db-b547-99e2dd9713b7.pdf;HORAIRE;140
C01167;Fiches horaires ligne 141;https://ilico.iledefrance-mobilites.fr/uploads/fiches/20260810T125812Z-3f14b9cf-01fb-4c53-a7fb-18ab027c2b64.pdf;HORAIRE;141
C01168;Fiche horaire 143 - Offre d'été 2026;https://ilico.iledefrance-mobilites.fr/uploads/fiches/20260729T100126Z-d678beff-97de-4ca4-bd92-306b5619092b.pdf;HORAIRE;143
C01171;Fiche horaire 146 - Offre d'été 2026;https://ilico.iledefrance-mobilites.fr/uploads/fiches/20260729T100620Z-787c3d2c-4f43-4cb0-8979-273eb8d451c7.pdf;HORAIRE;146
C01171;Plan ligne 146;https://ilico.iledefrance-mobilites.fr/uploads/plans/20260422T113321Z-4c1ffdc4-1d30-4781-bbb0-b98f84b8f08c.pdf;PLAN;146
C01173;Fiche horaire 148 - Offre d'été 2026;https://ilico.iledefrance-mobilites.fr/uploads/fiches/20260729T100818Z-4aa5a6d7-0f21-49f1-83fa-6c7a59f60fc3.pdf;HORAIRE;148
C01177;Plan ligne 153;https://ilico.iledefrance-mobilites.fr/uploads/plans/20260708T170258Z-043a6db9-01d7-4924-82be-2f08831dbb5f.pdf;PLAN;153
C01181;Fiches horaires ligne 158;https://ilico.iledefrance-mobilites.fr/uploads/fiches/20260810T125945Z-88f8ad95-0ec5-41ce-bbff-66d5537b4ff4.pdf;HORAIRE;158
C01182;Plan de ligne 159;https://ilico.iledefrance-mobilites.fr/uploads/plans/20260611T095634Z-fb954f51-ea3f-4867-b4d6-ba8698b670f4.pdf;PLAN;159
C01183;Plan de ligne 160;https://ilico.iledefrance-mobilites.fr/uploads/plans/20260611T100854Z-70c7a21a-c59b-4c6a-9f94-635daaf996ce.pdf;PLAN;160
C01188;Plan ligne 166;https://ilico.iledefrance-mobilites.fr/uploads/plans/20260702T093811Z-25a4fbc4-e490-4b8c-8332-f0a9a8f855f6.pdf;PLAN;166
C01192;Horaires Ligne 171;https://www.ratp.fr/sites/default/files/lines-assets/fiche-horaire/busratp/fiche-horaire_busratp_ligne-171.pdf;HORAIRE;171
C01193;Plan de ligne 172;https://ilico.iledefrance-mobilites.fr/uploads/plans/20260801T171855Z-a64be560-1108-4667-9abd-9528fe45f807.pdf;PLAN;172
C01194;Horaires ligne 173;https://ilico.iledefrance-mobilites.fr/uploads/fiches/20260805T120810Z-736325ad-7f7d-43d6-a902-aaa3958fc98a.pdf;HORAIRE;173
C01200;Plan de ligne 179;https://ilico.iledefrance-mobilites.fr/uploads/plans/20260408T132901Z-f57c6e55-bd78-4514-8b69-8b399f88a723.pdf;PLAN;179
C01201;Plan de ligne 180;https://ilico.iledefrance-mobilites.fr/uploads/plans/20260801T172015Z-ebc202df-e7c6-4fe5-9783-0c2d4f243535.pdf;PLAN;180
C01202;Plan de ligne 181;https://ilico.iledefrance-mobilites.fr/uploads/plans/20260722T084641Z-0032aeb1-b8d8-454f-89a6-8e3f017ee359.pdf;PLAN;181
C01209;Horaires Ligne 188;https://www.ratp.fr/sites/default/files/lines-assets/fiche-horaire/busratp/fiche-horaire_busratp_ligne-188.pdf;HORAIRE;188
C01213;Horaires ligne 192;https://ilico.iledefrance-mobilites.fr/uploads/fiches/20260722T090127Z-3f6c56c3-6544-4f64-b815-58c30c985e4e.pdf;HORAIRE;192
C01217;Plan de ligne 197;https://ilico.iledefrance-mobilites.fr/uploads/plans/20260416T143832Z-383e5921-31a0-4fd7-9f5f-85628718e0aa.pdf;PLAN;197
C01221;Ligne 206 - Plans de ligne;https://ilico.iledefrance-mobilites.fr/uploads/plans/20260710T085026Z-84ff1bf3-b4be-4d77-8659-ffcb08733da5.pdf;PLAN;206
C01222;Ligne 207 - Plan de ligne;https://ilico.iledefrance-mobilites.fr/uploads/plans/20260710T085105Z-f48215fd-b97e-4172-bc78-3e2bb726330f.pdf;PLAN;207
C01223;Horaires ligne 208;https://ilico.iledefrance-mobilites.fr/uploads/fiches/20260722T090331Z-4165b800-f182-4070-a429-4878dc99ed34.pdf;HORAIRE;208
C01224;Plan Ligne 210;https://ilico.iledefrance-mobilites.fr/uploads/plans/20260211T090812Z-b97eeed8-d50b-4dea-ba9e-e71a67249a23.pdf;PLAN;210
C01227;Ligne 213 - Horaires valables du 13 juillet au 23 août 2026;https://ilico.iledefrance-mobilites.fr/uploads/fiches/20260612T090748Z-69239f06-ca93-4d74-8d58-d286a7201d02.pdf;HORAIRE;213
C01229;Plan Ligne 215;https://www.ratp.fr/sites/default/files/lines-assets/plan-de-ligne/busratp/plan-de-ligne_busratp_ligne-215.pdf;PLAN;215
C01231;Plan de ligne 217;https://ilico.iledefrance-mobilites.fr/uploads/plans/20260722T090436Z-f82d3fa2-f0e7-4798-ab2d-b57cd3123731.pdf;PLAN;217
C01232;Ligne 220 - (Direction Gare de Torcy)  - Horaires valables du 13 juillet au 23 août 2026;https://ilico.iledefrance-mobilites.fr/uploads/fiches/20260713T084959Z-41511a5c-53bd-4bcf-b014-5cf73e2ab4ee.pdf;HORAIRE;220
C01233;Horaires Ligne 221 du 13/07 au 16/08/2026;https://ilico.iledefrance-mobilites.fr/uploads/fiches/20260728T090715Z-b13e21ce-8f36-4956-b406-8c8b712e4331.pdf;HORAIRE;221
C01234;Fiche horaire 234 - Offre d'été 2026;https://ilico.iledefrance-mobilites.fr/uploads/fiches/20260729T101531Z-40b63da2-151d-4491-b5af-32563a4b8a31.pdf;HORAIRE;234
C01235;Plan ligne 235;https://ilico.iledefrance-mobilites.fr/uploads/plans/20260702T092911Z-5ce22bd0-21e4-4823-9670-6e738601f6b6.pdf;PLAN;235
C01236;Horaires ligne 237;https://ilico.iledefrance-mobilites.fr/uploads/fiches/20260706T141436Z-0ce248c3-f767-4171-9815-911bffee3359.pdf;HORAIRE;237
C01239;Plan de ligne 241;https://ilico.iledefrance-mobilites.fr/uploads/plans/20260611T100543Z-f94375e3-370f-4a8d-9e1f-6e86964ff5e0.pdf;PLAN;241
C01243;Fiche horaire 251 - Offre d'été 2026;https://ilico.iledefrance-mobilites.fr/uploads/fiches/20260729T101934Z-e459f885-30c1-4ecf-81a4-4c5d91fc07eb.pdf;HORAIRE;251
C01244;Horaires ligne 252;https://ilico.iledefrance-mobilites.fr/uploads/fiches/20260805T114315Z-16dee54d-4c89-44ff-bf20-13547e1a9d96.pdf;HORAIRE;252
C01245;Plan ligne 253;https://ilico.iledefrance-mobilites.fr/uploads/plans/20260708T165143Z-bde88aa3-2c80-4049-b845-bf77a0048534.pdf;PLAN;253
C01248;Plan de ligne 258;https://ilico.iledefrance-mobilites.fr/uploads/plans/20260611T101102Z-f99c89e4-754c-4054-a4f4-e19d8b7200a5.pdf;PLAN;258
C01250;Plan Ligne 6419;https://ilico.iledefrance-mobilites.fr/uploads/plans/20260703T063135Z-53b6ec8d-c943-494b-9821-ef22c94cc921.pdf;PLAN;6419
C01252;Horaires ligne 269;https://ilico.iledefrance-mobilites.fr/uploads/fiches/20260805T114650Z-ecd97a71-6d41-4582-91d2-c2eb25934c99.pdf;HORAIRE;269
C01253;Plan ligne 270;https://ilico.iledefrance-mobilites.fr/uploads/plans/20260708T165539Z-6537b259-da07-44b5-8528-db48bdaa2e3e.pdf;PLAN;270
C01255;Plan ligne 274;https://ilico.iledefrance-mobilites.fr/uploads/plans/20260702T093108Z-cc1226ad-2711-4bdc-9e06-3f1f887b64c7.pdf;PLAN;274
C01256;Plan de ligne 275;https://ilico.iledefrance-mobilites.fr/uploads/plans/20260611T101233Z-865e9cfb-5a40-4d9e-8e25-d4f4e4e5f898.pdf;PLAN;275
C01258;Fiches horaires ligne 278;https://ilico.iledefrance-mobilites.fr/uploads/fiches/20260810T130614Z-8d6d1119-1080-4b03-8982-24cd889d0808.pdf;HORAIRE;278
C01260;Horaires ligne 281;https://ilico.iledefrance-mobilites.fr/uploads/fiches/20260722T090531Z-56f19534-4b48-4b3a-9c38-2158345c0158.pdf;HORAIRE;281
C01260;Plan de ligne 281;https://ilico.iledefrance-mobilites.fr/uploads/plans/20260722T090531Z-3df42fcb-1178-4a5d-a904-47cca9da92f0.pdf;PLAN;281
C01263;Horaires ligne 286;https://ilico.iledefrance-mobilites.fr/uploads/fiches/20260722T090624Z-8b5c0de8-81dc-4dc6-8c39-3a10de3561dd.pdf;HORAIRE;286
C01268;Plan de ligne 294;https://ilico.iledefrance-mobilites.fr/uploads/plans/20260416T145732Z-ebfe8bbf-d85f-4953-b040-da3038600142.pdf;PLAN;294
C01277;Horaires ligne 308;https://ilico.iledefrance-mobilites.fr/uploads/fiches/20260722T090721Z-21bdae99-fa6a-4e55-a0c7-734bd54a282f.pdf;HORAIRE;308
C01279;Ligne 312 - Horaires valables du 13 juillet au 23 août 2026;https://ilico.iledefrance-mobilites.fr/uploads/fiches/20260612T090930Z-50d51ac5-6356-45f8-b809-44bb0a9afbca.pdf;HORAIRE;312
C01280;Plan de ligne 317;https://ilico.iledefrance-mobilites.fr/uploads/plans/20260722T090918Z-7d19b7cb-2900-4735-8968-c11024b863e8.pdf;PLAN;317
C01288;Plan de ligne 325;https://ilico.iledefrance-mobilites.fr/uploads/plans/20260801T172535Z-53acc70a-9bb1-44c3-8f32-57cb13541071.pdf;PLAN;325
C01295;Plan ligne 346;https://ilico.iledefrance-mobilites.fr/uploads/plans/20260422T115520Z-07d54b56-afdc-44e7-bb86-0fdb823fb860.pdf;PLAN;346
C01305;Horaires ligne 361;https://ilico.iledefrance-mobilites.fr/uploads/fiches/20260805T115002Z-3bd3eb55-b753-4971-b884-f214de0d3a4f.pdf;HORAIRE;361
C01305;Plan ligne 361;https://ilico.iledefrance-mobilites.fr/uploads/plans/20260708T165739Z-8f15095a-13cb-4fee-995f-abd0569d4a34.pdf;PLAN;361
C01308;Plan ligne 368;https://ilico.iledefrance-mobilites.fr/uploads/plans/20260708T165823Z-5d67ea67-0db7-4d7f-b3ac-6473d8b8299a.pdf;PLAN;368
C01311;Fiches horaires ligne 278;https://ilico.iledefrance-mobilites.fr/uploads/fiches/20260810T130824Z-652703d0-edbe-4700-8b80-c8ed8de0e51d.pdf;HORAIRE;378
C01311;Plan de ligne 378;https://ilico.iledefrance-mobilites.fr/uploads/plans/20260611T101854Z-d1f5653a-58d3-4f6a-a887-66db0c5b3bcd.pdf;PLAN;378
C01313;Fiche horaire ligne 385;https://ilico.iledefrance-mobilites.fr/uploads/fiches/20260417T132324Z-6f6d88f5-0496-4b5b-9a86-0bb52e32daf3.pdf;HORAIRE;385
C01314;Horaires Ligne 388;https://www.ratp.fr/sites/default/files/lines-assets/fiche-horaire/busratp/fiche-horaire_busratp_ligne-388.pdf;HORAIRE;388
C01323;Ligne 421 - Plan de ligne;https://ilico.iledefrance-mobilites.fr/uploads/plans/20260710T085738Z-268c5940-7fcb-4b08-b18f-a1d1e310dac1.pdf;PLAN;421
C01327;Fiche horaire ligne 488;https://ilico.iledefrance-mobilites.fr/uploads/fiches/20260417T130051Z-554af09e-29c2-46c7-afc3-1ec106eab05f.pdf;HORAIRE;488
C01327;Plan de ligne 488;https://ilico.iledefrance-mobilites.fr/uploads/plans/20260416T153857Z-b5c51e5b-125d-4876-9acc-a7fc75478fec.pdf;PLAN;488
C01331;Horaires Ligne 515;https://ilico.iledefrance-mobilites.fr/uploads/fiches/20260423T083059Z-b1f0f6d7-797e-45b2-a5df-4be60c4645c6.pdf;HORAIRE;TILLBUS
C01332;Horaires Ligne LA TRAVERSE BATIGNOLLES BICHAT;https://www.ratp.fr/sites/default/files/lines-assets/fiche-horaire/busratp/fiche-horaire_busratp_ligne-518.pdf;HORAIRE;La Traverse Batignolles-Bichat
C01334;Horaires Ligne 520 du 13/07 au 16/08/2026;https://ilico.iledefrance-mobilites.fr/uploads/fiches/20260728T091112Z-c1fa8005-b2cb-48e5-b5f6-b8eeac652aea.pdf;HORAIRE;520
C01334;Plan Ligne 520;https://ilico.iledefrance-mobilites.fr/uploads/plans/20260211T091110Z-53a1b0a5-d5fe-4c3e-a4b2-c1c3e759c105.pdf;PLAN;520
C01336;FH MONTBUS;https://ilico.iledefrance-mobilites.fr/uploads/fiches/20260204T155949Z-603c467c-318b-46d7-94a0-ea4aee1be6a6.pdf;HORAIRE;MONTBUS
C01338;Plan Ligne 541 Eolien;https://ilico.iledefrance-mobilites.fr/uploads/plans/20260423T083455Z-2b390c64-c579-4b42-b5b1-2cd9891a2de1.pdf;PLAN;EOLIEN
C01352;Horaires Ligne TIM;https://www.ratp.fr/sites/default/files/lines-assets/fiche-horaire/busratp/fiche-horaire_busratp_ligne-569.pdf;HORAIRE;TIM
C01353;Horaires Ligne SUBB;https://www.ratp.fr/sites/default/files/lines-assets/fiche-horaire/busratp/fiche-horaire_busratp_ligne-571.pdf;HORAIRE;SUBB Boucle Nord
C01356;Horaires ligne 577;https://ilico.iledefrance-mobilites.fr/uploads/fiches/20260706T142354Z-5d074918-495b-4e54-b2ff-db3d9d018df0.pdf;HORAIRE;RIVER PLAZA
C01359;Horaires Ligne V3;https://www.ratp.fr/sites/default/files/lines-assets/fiche-horaire/busratp/fiche-horaire_busratp_ligne-581.pdf;HORAIRE;V3
C01359;Plan Ligne V3;https://www.ratp.fr/sites/default/files/lines-assets/plan-de-ligne/busratp/plan-de-ligne_busratp_ligne-581.pdf;PLAN;V3
C01361;Fiche_Horaires_V2;https://www.ratp.fr/sites/default/files/lines-assets/fiche-horaire/busratp/fiche-horaire_busratp_ligne-583.pdf;HORAIRE;V2
C01361;Plan Ligne V2;https://www.ratp.fr/sites/default/files/lines-assets/plan-de-ligne/busratp/plan-de-ligne_busratp_ligne-583.pdf;PLAN;V2
C01363;Plan Ligne V7;https://www.ratp.fr/sites/default/files/lines-assets/plan-de-ligne/busratp/plan-de-ligne_busratp_ligne-585.pdf;PLAN;V7
C01365;Horaires Ligne TUVIM;https://www.ratp.fr/sites/default/files/lines-assets/fiche-horaire/busratp/fiche-horaire_busratp_ligne-589.pdf;HORAIRE;TUVIM Centre-Ville
C01376;Plan Métro 6;https://www.ratp.fr/sites/default/files/lines-assets/plan-de-ligne/metro/plan-de-ligne_metro_ligne-6.pdf;PLAN;6
C01390;Horaires Ligne T2;https://www.ratp.fr/sites/default/files/lines-assets/fiche-horaire/tram/fiche-horaire_tram_ligne-t2.pdf;HORAIRE;T2
C01394;Horaires Ligne N51;https://www.ratp.fr/sites/default/files/lines-assets/fiche-horaire/noctilien/fiche-horaire_noctilien_ligne-n51.pdf;HORAIRE;N51
C01395;Horaires Ligne N44;https://www.ratp.fr/sites/default/files/lines-assets/fiche-horaire/noctilien/fiche-horaire_noctilien_ligne-n44.pdf;HORAIRE;N44
C01396;Plan Ligne N42;https://www.ratp.fr/sites/default/files/lines-assets/plan-de-ligne/noctilien/plan-de-ligne_noctilien_ligne-n42.pdf;PLAN;N42
C01397;Horaire valables à partir du 16 juillet au 16 août 2026;https://ilico.iledefrance-mobilites.fr/uploads/fiches/20260801T161642Z-21c2d19c-5c49-4dca-8442-89cbfe2d2318.pdf;HORAIRE;N23
C01398;Horaires N34;https://ilico.iledefrance-mobilites.fr/uploads/fiches/20260527T060206Z-42749722-430a-4b9d-8103-8eb886b25f2b.pdf;HORAIRE;N34
C01402;Fiche Horaire N61;https://ilico.iledefrance-mobilites.fr/uploads/fiches/20260713T074505Z-1afad85e-90d4-42e6-866e-57101a40c084.pdf;HORAIRE;N61
C01402;Plan de ligne N61;https://ilico.iledefrance-mobilites.fr/uploads/plans/20260408T133930Z-2daa96ee-5967-47bb-9d54-08090bff15b7.pdf;PLAN;N61
C01404;Plan ligne N32;https://ilico.iledefrance-mobilites.fr/uploads/plans/20251022T140413Z-c6d7355b-08b2-4722-be6a-3a78cc71cd02.pdf;PLAN;N32
C01407;Plan de ligne N22;https://ilico.iledefrance-mobilites.fr/uploads/plans/20260801T173244Z-3acbb080-b616-4d58-8631-dd3acce414e5.pdf;PLAN;N22
C01411;Plan Ligne N41;https://www.ratp.fr/sites/default/files/lines-assets/plan-de-ligne/noctilien/plan-de-ligne_noctilien_ligne-n41.pdf;PLAN;N41
C01412;Horaires N35;https://ilico.iledefrance-mobilites.fr/uploads/fiches/20260527T060244Z-08ce2def-5ff0-447a-beda-85aae77b2737.pdf;HORAIRE;N35
C01417;Horaires valables à partir du 16 juillet au 16 août 2026;https://ilico.iledefrance-mobilites.fr/uploads/fiches/20260801T162147Z-7b59eb02-ab67-4205-9d5f-2302566e6c9b.pdf;HORAIRE;N15
C01423;Ligne 701 - Horaires valables du 13 juillet au 23 août 2026;https://ilico.iledefrance-mobilites.fr/uploads/fiches/20260612T083751Z-fb8e8129-aea8-41f1-93c0-3e5deb68157d.pdf;HORAIRE;701 (ex 1)
C01427;Ligne 705 - Plan de ligne;https://ilico.iledefrance-mobilites.fr/uploads/plans/20260710T090820Z-83553058-5fb8-4adf-8b01-4b2634df3108.pdf;PLAN;705 (ex 5)
C01428;Horaires valables du 1er septembre2026 au 04 juillet 2027 inclus;https://ilico.iledefrance-mobilites.fr/uploads/fiches/20260803T144718Z-b835d7a1-a05c-4b63-86d6-45ce1455ffe3.pdf;HORAIRE;5410
C01433;Horaires Ligne Fileo Villiers le Bel;https://ilico.iledefrance-mobilites.fr/uploads/fiches/20250305T135820Z-b027285f-475f-4e0b-860c-a972f287983d.pdf;HORAIRE;Filéo Villiers (future TàD Roissy Villiers-le-Bel)
C01440;Horaires ligne 3311 du 01/09/2025 au 31/08/2026;https://ilico.iledefrance-mobilites.fr/uploads/fiches/20250825T063644Z-76ac26f2-8dcd-4d66-855b-f06680f74462.pdf;HORAIRE;3311
C01442;Horaires ligne 3307 du 05/01/2026 au 31/08/2026;https://ilico.iledefrance-mobilites.fr/uploads/fiches/20251211T115809Z-ce17fe2e-b136-40aa-a14d-45413e488eb0.pdf;HORAIRE;3307
C01443;Horaires ligne 3302 du 01/09/2025 au 31/08/2026;https://ilico.iledefrance-mobilites.fr/uploads/fiches/20250826T082330Z-ea02df61-2eb5-4123-b07f-6abada45b144.pdf;HORAIRE;3302
C01444;Horaires ligne 3438;https://ilico.iledefrance-mobilites.fr/uploads/fiches/20260428T081004Z-6b75748a-51b9-4946-89ac-cadb5c86a38c.pdf;HORAIRE;3438
C01444;3438;https://ilico.iledefrance-mobilites.fr/uploads/plans/20240828T144332Z-d4ef3ddf-cfb4-4298-832a-9da90bafa212.pdf;PLAN;3438
C01446;Horaires ligne 3435 à partir du 1er Septembre 2025;https://ilico.iledefrance-mobilites.fr/uploads/fiches/20250819T135801Z-e569d8bb-dbae-420a-979f-4bfbd29ebc0f.pdf;HORAIRE;3435
C01452;Horaires Ligne 3240 du 31 Août 2026 au 29 Août 2027;https://ilico.iledefrance-mobilites.fr/uploads/fiches/20260721T063351Z-b0aa4b76-39b6-4923-86d6-8d9e926a6c81.pdf;HORAIRE;3240
C01454;Horaires Ligne 3243 du 01 Septembre2025 au 30 Août 2026;https://ilico.iledefrance-mobilites.fr/uploads/fiches/20251211T095328Z-9afb0551-d6f6-4e4b-bbc7-b4c77ec9b98a.pdf;HORAIRE;3243
C01455;Horaires Ligne 3244 du 31 Août 2026 au 29 Août 2027;https://ilico.iledefrance-mobilites.fr/uploads/fiches/20260721T063534Z-a2428b44-a831-4129-8f63-c3d12ebad0ca.pdf;HORAIRE;3244
C01456;Horaires Ligne 3201 du 31 Août 2026 au 29 Août 2027;https://ilico.iledefrance-mobilites.fr/uploads/fiches/20260721T061732Z-f4e80a0e-ad7f-4bfd-8924-9f0598a6de7e.pdf;HORAIRE;3201
C01467;Horaires Ligne 3252 du 31 Août 2026 au 29 Août 2027;https://ilico.iledefrance-mobilites.fr/uploads/fiches/20260721T063931Z-3eb844a7-f21e-4d1d-abd6-a0e77c5561b3.pdf;HORAIRE;3252
C01468;Horaires Ligne 3253 du 01 Septembre2025 au 30 Août 2026;https://ilico.iledefrance-mobilites.fr/uploads/fiches/20251211T095719Z-bd41925b-df81-4e87-94b3-cd2d806cc5e1.pdf;HORAIRE;3253
C01475;Horaires valables du 6 juillet 2026 au 30 août 2026;https://ilico.iledefrance-mobilites.fr/uploads/fiches/20260702T125154Z-d095bac7-2347-4489-9dcd-00e0b5e0aa75.pdf;HORAIRE;1205
C01477;Plan ligne 1231;https://ilico.iledefrance-mobilites.fr/uploads/plans/20250818T104118Z-36d508aa-b9cc-461b-8a8d-4df74f1c4098.pdf;PLAN;1231
C01491;Plan ligne 6451 - Ville d'Avray - Rueil-Malmaison Danielou;https://ilico.iledefrance-mobilites.fr/uploads/plans/20260703T063618Z-67b60462-cd67-4c33-be56-0737a8c9cc5d.pdf;PLAN;6451
C01492;Plan Ligne 6452  - Rueil-Malmaison Danielou - Suresnes;https://ilico.iledefrance-mobilites.fr/uploads/plans/20260703T063655Z-5ae3abe8-7824-4521-a13e-a868dc9ba087.pdf;PLAN;6452
C01495;Horaires Ligne 4531 - du 13 juillet au 23 août 2026;https://ilico.iledefrance-mobilites.fr/uploads/fiches/20260611T130307Z-d7791c02-376b-445c-a13a-afe2aee13143.pdf;HORAIRE;4531
C01500;Horaires Ligne 7705 du 06 Juillet 2026 au 30 Août 2026;https://ilico.iledefrance-mobilites.fr/uploads/fiches/20260615T094258Z-f54b797b-ea4d-4094-b2ec-c43d8f3cba7f.pdf;HORAIRE;7705
C01501;Thermomètre ligne 3251;https://ilico.iledefrance-mobilites.fr/uploads/plans/20260721T064304Z-a96b2301-8f5f-4579-a781-886036b398fb.pdf;PLAN;3251
C01502;Horaires Ligne 3262 du 31 Août 2026 au 29 Août 2027;https://ilico.iledefrance-mobilites.fr/uploads/fiches/20260721T062147Z-e248f316-9869-4d4b-95b5-7fe52cf65c96.pdf;HORAIRE;3262
C01504;Horaires Ligne 3261 du 05 Janvier 2026 au 30 Août 2026;https://ilico.iledefrance-mobilites.fr/uploads/fiches/20251211T100108Z-e5397487-0a7d-4cb9-bb4b-c84bd341c057.pdf;HORAIRE;3261
C01504;Horaires Ligne 3204 du 31 Août 2026 au 29 Août 2027;https://ilico.iledefrance-mobilites.fr/uploads/fiches/20260721T062240Z-644bd3f0-9782-47e0-9db1-15996aea5a35.pdf;HORAIRE;3261
C01505;Plan ligne 7707;https://ilico.iledefrance-mobilites.fr/uploads/plans/20250926T114808Z-5c63ed30-f201-4230-bed0-af136665741e.pdf;PLAN;7707
C01508;Horaires Ligne 3212 du 31 Août 2026 au 29 Août 2027;https://ilico.iledefrance-mobilites.fr/uploads/fiches/20260721T062429Z-1cfdbc5d-87c8-4de5-a9be-7d76be409bde.pdf;HORAIRE;3212
C01509;Thermomètre ligne 3213;https://ilico.iledefrance-mobilites.fr/uploads/plans/20260721T064606Z-6e8dd809-2df5-4a98-8c96-760d28fa9349.pdf;PLAN;3213
C01519;Plan ligne 3209;https://ilico.iledefrance-mobilites.fr/uploads/plans/20250926T114323Z-347f5d14-ac76-48d2-b2cd-12de00c096da.pdf;PLAN;3209
C01521;Horaires valables du 27 juillet au 23 août 2026;https://ilico.iledefrance-mobilites.fr/uploads/fiches/20260709T143920Z-914a8780-32c5-4619-8767-dd9d8d07cae4.pdf;HORAIRE;5134
C01523;Schéma de ligne 5132;https://ilico.iledefrance-mobilites.fr/uploads/plans/20260717T082342Z-765eb87b-24cf-4009-84de-b8df2fd40a1c.pdf;PLAN;5132
C01524;Horaires valables du 24 août 2026 au 11 juillet 2027 (sauf du 28 décembre 2026 au 3 janvier 2027);https://ilico.iledefrance-mobilites.fr/uploads/fiches/20260804T132129Z-fd603c05-1a59-47dd-8440-32dc316cd655.pdf;HORAIRE;5120
C01526;Horaires valables du 13 juillet au 23 août 2026;https://ilico.iledefrance-mobilites.fr/uploads/fiches/20260702T103850Z-690ac5b5-cbf2-420e-a2ff-6cec0ffe8950.pdf;HORAIRE;5122
C01530;Horaires valables du 24 août 2026 au 11 juillet 2027 (sauf du 28 décembre 2026 au 3 janvier 2027);https://ilico.iledefrance-mobilites.fr/uploads/fiches/20260804T131444Z-bebb5df1-e251-4aa6-ac76-887e9d9c3f4b.pdf;HORAIRE;5107
C01535;Schéma de ligne 5142;https://ilico.iledefrance-mobilites.fr/uploads/plans/20250715T115044Z-0c863feb-68f7-4fb3-9464-fe47ed76a940.pdf;PLAN;5142
C01541;Horaires valables du 13 juillet au 23 août 2026;https://ilico.iledefrance-mobilites.fr/uploads/fiches/20260702T113754Z-dd3b5d6d-5270-47e0-8f42-eeb56b10fad9.pdf;HORAIRE;5150
C01543;Horaires valables à compter du 6 juillet au 31 août 2026;https://ilico.iledefrance-mobilites.fr/uploads/fiches/20260724T145256Z-0194daaa-8074-42af-b944-5c72d02039e2.pdf;HORAIRE;7805
C01546;Informations Magical Shuttle;https://magicalshuttle.fr/;HORAIRE;Magical Shuttle Orly
C01548;Ligne 710 - Horaires valables du 13 juillet au 23 août 2026;https://ilico.iledefrance-mobilites.fr/uploads/fiches/20260612T110302Z-f678b74d-4820-49cd-b3df-de584fa87664.pdf;HORAIRE;710 (ex 701)
C01553;Horaires valables du 05 janvier 2026;https://ilico.iledefrance-mobilites.fr/uploads/fiches/20260219T144052Z-55f415d1-67cf-4151-afea-db8285cb2c2a.pdf;HORAIRE;1111
C01556;Horaires valables du 9 mars au 12 juillet 2026;https://ilico.iledefrance-mobilites.fr/uploads/fiches/20260223T144416Z-9f0bf11f-3ac1-4793-a618-50e967aab6f8.pdf;HORAIRE;1138
C01557;Plan de ligne 1139;https://ilico.iledefrance-mobilites.fr/uploads/plans/20260123T091056Z-7e2503c7-58ab-4757-83b0-e7edc29144cd.pdf;PLAN;1139
C01559;Horaires valables à compter du 05 janvier 2026;https://ilico.iledefrance-mobilites.fr/uploads/fiches/20251212T153221Z-49029e95-0393-4796-bcbb-72c69e959bd6.pdf;HORAIRE;1141
C01559;Plan de ligne 1141;https://ilico.iledefrance-mobilites.fr/uploads/plans/20251215T154433Z-b69de617-da07-41a0-b0cc-1705f08c3c62.pdf;PLAN;1141
C01566;Fiche WEB ligne 9105 Été 2026 V0, du lundi 13 juillet au dimanche 23 août 2026;https://portail-idfm-operateurs.cdn.prismic.io/portail-idfm-operateurs/ajUSAI1P9HI4UuFt_FicheWEBligne9105%C3%89t%C3%A92026V0%2Cdulundi13juilletaudimanche23ao%C3%BBt2026.pdf;HORAIRE;9105
C01569;Plan de ligne 9108;https://ilico.iledefrance-mobilites.fr/uploads/plans/20251020T074351Z-ec245263-278f-46ea-89d0-ebcf63d3e670.pdf;PLAN;9108
C01570;Plan de la ligne de Bus 4122;https://ilico.iledefrance-mobilites.fr/uploads/plans/20260212T155326Z-bc5879fa-0d49-4a27-b2e4-487d6119fcad.pdf;PLAN;4122
C01571;Horaires valables à compter du 6 juillet au 31 août 2026;https://ilico.iledefrance-mobilites.fr/uploads/fiches/20260701T145440Z-d297a94e-31aa-492f-8034-98ff0482cb29.pdf;HORAIRE;5154
C01571;Plan de la ligne 5154;https://ilico.iledefrance-mobilites.fr/uploads/plans/20250321T160134Z-9823b860-cc4d-4e60-914f-6826aaac5290.pdf;PLAN;5154
C01577;Ligne 605 Horaires valables du 13 juillet au 23 août 2026;https://ilico.iledefrance-mobilites.fr/uploads/fiches/20260612T091709Z-156bf0fe-44db-46f6-ab2b-301749564a28.pdf;HORAIRE;605
C01580;Plan de la ligne 610;https://ilico.iledefrance-mobilites.fr/uploads/plans/20240602T141936Z-d3e7984f-071c-4e80-ab93-facf70b087fd.pdf;PLAN;610
C01583;Fiche horaires ligne 615 du 5 janvier au 12 juillet 2026 et du 24 août au 20 décembre 2026;https://ilico.iledefrance-mobilites.fr/uploads/fiches/20260703T125427Z-b832c901-470c-4bf0-9e8a-9abb6fdc18b3.pdf;HORAIRE;615
C01584;Fiche horaires ligne 616 du 4 mai 2026 au 3 janvier 2027;https://ilico.iledefrance-mobilites.fr/uploads/fiches/20260502T091805Z-0aad7ce4-818e-40ad-80ab-64b0f4f168db.pdf;HORAIRE;616
C01585;Fiche horaires ligne 617 du 4 mai 2026 au 3 janvier 2027;https://ilico.iledefrance-mobilites.fr/uploads/fiches/20260502T091406Z-39889850-0867-4a66-9c41-ebefa83d570f.pdf;HORAIRE;617
C01595;Ligne 644 - Horaires valables du 25 août 2025 au 12 juillet 2026;https://ilico.iledefrance-mobilites.fr/uploads/fiches/20260324T161357Z-3bfc2823-147a-4f09-ada5-5b7c1f7afe83.pdf;HORAIRE;644
C01603;Horaires valables du 06 juillet au 31 août 2026;https://ilico.iledefrance-mobilites.fr/uploads/fiches/20260610T074216Z-2bc35890-feeb-45c4-b7e6-99afc72a04a4.pdf;HORAIRE;5405
C01606;Horaires valables du 1er septembre 2026 au 04 juillet 2027 inclus;https://ilico.iledefrance-mobilites.fr/uploads/fiches/20260804T095543Z-575becf1-e3fc-436e-a8ba-ea1d5e330613.pdf;HORAIRE;5407
C01606;Plan de ligne 5407;https://ilico.iledefrance-mobilites.fr/uploads/plans/20250901T102236Z-34fcf441-f559-4cb6-badf-9d31489bdcd9.pdf;PLAN;5407
C01613;Horaires valables du 06 juillet au 31 août 2026;https://ilico.iledefrance-mobilites.fr/uploads/fiches/20260610T074346Z-2631802d-f103-4385-8f62-5639b9bb1724.pdf;HORAIRE;5427
C01613;Plan de ligne 5427;https://ilico.iledefrance-mobilites.fr/uploads/plans/20250901T102400Z-c2f1d32d-96d9-4996-9776-0eb9c9ffd2f5.pdf;PLAN;5427
C01615;Plan lignes 4221-4222;https://ilico.iledefrance-mobilites.fr/uploads/plans/20260706T074229Z-58a02b18-45fd-4de0-b4a9-a572ed32ed4c.pdf;PLAN;4221
C01619;Plan ligne 4204;https://ilico.iledefrance-mobilites.fr/uploads/plans/20260706T080410Z-f4818d0b-5391-4bbc-ada0-78b05cfc5eb2.pdf;PLAN;4204
C01623;Horaires ligne 4217 - Du 13 juillet au 23 août 2026;https://ilico.iledefrance-mobilites.fr/uploads/fiches/20260706T081438Z-9db32011-6ec4-4b41-a35a-c15e05d89c19.pdf;HORAIRE;4217
C01626;Plan ligne 4213;https://ilico.iledefrance-mobilites.fr/uploads/plans/20260706T081652Z-fce9b3ea-8b02-4765-a130-5d6109c0a1ac.pdf;PLAN;4213
C01627;Horaires ligne 4214 - Du 25 août 2025 au 12 juillet 2026;https://ilico.iledefrance-mobilites.fr/uploads/fiches/20260121T081605Z-14dc5d60-0de7-4472-98b1-9939a98e7f46.pdf;HORAIRE;4214
C01629;Horaires ligne 4218 - Du 13 juillet au 23 août 2026;https://ilico.iledefrance-mobilites.fr/uploads/fiches/20260706T082323Z-c4a78a3e-c109-451b-a156-9070e925d7e9.pdf;HORAIRE;4218
C01629;Plan ligne 4218;https://ilico.iledefrance-mobilites.fr/uploads/plans/20260706T082226Z-c7dfc51d-4aac-41de-b0b1-74d5c894d491.pdf;PLAN;4218
C01633;Horaires N132;https://ilico.iledefrance-mobilites.fr/uploads/fiches/20250506T150649Z-667a67f5-cb07-487c-bede-8953f0e8c9a0.pdf;HORAIRE;N132
C01637;Horaires valables à compter du 05 janvier 2026;https://ilico.iledefrance-mobilites.fr/uploads/fiches/20260129T112120Z-f8159c3d-0613-48d2-b09f-305f8730bc7f.pdf;HORAIRE;N150
C01639;Ligne N141 - A partir du 9 mars 2026;https://ilico.iledefrance-mobilites.fr/uploads/fiches/20260227T135149Z-34303043-f95a-47c5-8504-988dd6c2ce7c.pdf;HORAIRE;N141
C01640;Fiche internet_N142;https://ilico.iledefrance-mobilites.fr/uploads/fiches/20260612T122236Z-289bab70-f556-4e44-a023-e0a43135ca7a.pdf;HORAIRE;N142
C01640;Plan de ligne N142;https://ilico.iledefrance-mobilites.fr/uploads/plans/20260612T122445Z-50955e26-d701-4fd6-8f2b-866f918e1a68.pdf;PLAN;N142
C01647;Plan de ligne;https://ilico.iledefrance-mobilites.fr/uploads/plans/20260522T083251Z-d61b365b-f192-4a29-af31-022702bed23e.pdf;PLAN;N154
C01648;Horaires du 20 juillet au 23 août 2026;https://ilico.iledefrance-mobilites.fr/uploads/fiches/20260717T091526Z-b6fbf7d3-4fc5-4286-9ba4-779f86b7e332.pdf;HORAIRE;N133
C01657;Schéma ligne 418 à partir du 26 juin 2023;https://ilico.iledefrance-mobilites.fr/uploads/plans/64b7f2bf0fe4c_Schema-418.pdf;PLAN;418
C01662;Plan de ligne 1356;https://ilico.iledefrance-mobilites.fr/uploads/plans/20240405T171031Z-d4b1e2eb-afa3-4753-aaef-d6cf34d638c5.pdf;PLAN;1356
C01664;Horaires Ligne 3203 du 31 Août 2026 au 29 Août 2027;https://ilico.iledefrance-mobilites.fr/uploads/fiches/20260721T061850Z-e76393cb-b46e-4f8e-8d34-d02d03f32120.pdf;HORAIRE;3203
C01669;Plan de bus ligne 3705;https://ilico.iledefrance-mobilites.fr/uploads/plans/20250103T104349Z-be3aeb65-0af2-4745-8e1e-a4e69cdcdd8a.pdf;PLAN;3705
C01672;Horaires ligne 4216 - Du 25 août 2025 au 12 juillet 2026;https://ilico.iledefrance-mobilites.fr/uploads/fiches/20260322T144807Z-433847a0-3be4-42d6-8856-1a49f3c9a844.pdf;HORAIRE;4216
C01674;Horaires valables du 6 juillet 2026 au 30 août 2026;https://ilico.iledefrance-mobilites.fr/uploads/fiches/20260702T123449Z-762ea657-174c-4c31-82de-b31a7d4d4a9e.pdf;HORAIRE;1222
C01675;Fiche horaire EX100;https://ilico.iledefrance-mobilites.fr/uploads/fiches/20251029T094807Z-7d764023-7365-4a2e-aa30-3d0c7f29b823.pdf;HORAIRE;100
C01688;Horaires HIVER valables du 01/09/26 au 02/07/2027;https://ilico.iledefrance-mobilites.fr/uploads/fiches/20260804T130518Z-31d21569-177d-4ffc-bb81-1fa60791c844.pdf;HORAIRE;6177
C01689;Horaires valables du 01/09/25 au 03/07/26;https://ilico.iledefrance-mobilites.fr/uploads/fiches/20250828T064302Z-5ae975b1-6e62-4ba1-ba87-8144a9185e74.pdf;HORAIRE;6184
C01689;Schéma ligne 6184;https://ilico.iledefrance-mobilites.fr/uploads/plans/20250828T064302Z-78121f96-13b2-4fbb-95d4-bcd698a871af.pdf;PLAN;6184
C01691;Horaires valables du 01/09/25 au 03/07/26;https://ilico.iledefrance-mobilites.fr/uploads/fiches/20250828T064827Z-00da8c26-c32c-445a-869e-943c582bb753.pdf;HORAIRE;6180
C01691;Horaires HIVER valables du 01/09/26 au 02/07/2027;https://ilico.iledefrance-mobilites.fr/uploads/fiches/20260730T144029Z-ec9a3a2f-ea17-4778-8ef3-5bc8e4cb42a5.pdf;HORAIRE;6180
C01693;Horaires HIVER valables du 01/09/26 au 02/07/2027;https://ilico.iledefrance-mobilites.fr/uploads/fiches/20260804T130233Z-196bb60c-c492-471b-a94d-c708d32b0c04.pdf;HORAIRE;6182
C01693;Schéma ligne 6182;https://ilico.iledefrance-mobilites.fr/uploads/plans/20250828T065047Z-0b485b36-f95c-44ae-89d0-873fa9858622.pdf;PLAN;6182
C01695;Plan ligne 247;https://ilico.iledefrance-mobilites.fr/uploads/plans/20260422T114409Z-963d40c9-7444-4749-a416-e8817ef99db4.pdf;PLAN;247
C01697;Fiche WEB ligne 4602 Été 2026 V0, du lundi 13 juillet au dimanche 23 août 2026;https://portail-idfm-operateurs.cdn.prismic.io/portail-idfm-operateurs/ajJh5I1P9HI4UmyW_FicheWEBligne4602%C3%89t%C3%A92026V0%2Cdulundi13juilletaudimanche23ao%C3%BBt2026.pdf;HORAIRE;4602
C01703;Plan Gare Routière SGDB (Place) - A compter du 22/12/25;https://ilico.iledefrance-mobilites.fr/uploads/fiches/20251217T132935Z-a3a6a2b3-8ef1-4fa3-b6cb-7762c0a5f97b.pdf;HORAIRE;4571
C01703;Plan Ligne 4571 (maj 06/01/2025);https://ilico.iledefrance-mobilites.fr/uploads/plans/20250106T103957Z-c41bf9d8-fff8-4b7e-93a1-2d5a72720512.pdf;PLAN;4571
C01706;Plan Ligne 4574 (maj 06/01/2025);https://ilico.iledefrance-mobilites.fr/uploads/plans/20250106T104211Z-fa79948f-cb84-4901-9d44-e2d7dc67db19.pdf;PLAN;4574
C01710;Plan de ligne 487;https://ilico.iledefrance-mobilites.fr/uploads/plans/20260608T115318Z-81497e03-1ae6-4be7-a1e4-0778bcacc1b0.pdf;PLAN;487
C01714;Plan ligne 4240;https://ilico.iledefrance-mobilites.fr/uploads/plans/20260706T073137Z-dcf57fc0-5448-4b79-be3a-d923ae27c8e0.pdf;PLAN;4240
C01721;Plan de ligne 5307 à partir du 1er Septembre 2026;https://ilico.iledefrance-mobilites.fr/uploads/plans/20260625T160543Z-b03d4995-5592-406a-968b-67d5b100fc05.pdf;PLAN;5307
C01726;Thermomètre ligne 3259;https://ilico.iledefrance-mobilites.fr/uploads/plans/20260721T064836Z-a7a12736-e72c-433f-a93d-4e2bc81fd4b2.pdf;PLAN;3259
C01727;Plan RER C;https://www.transilien.com/fr/page-lignes/ligne-c;PLAN;C
C01731;Horaires ligne R;https://www.transilien.com/fr/page-lignes/ligne-r#content-section-1184-part-2-tab;HORAIRE;R
C01735;Fiche Horaire 1305;https://ilico.iledefrance-mobilites.fr/uploads/fiches/20251021T153954Z-025ca065-6028-44bc-ad8b-e48dc1242320.pdf;HORAIRE;1305
C01748;Site TER Normandie;https://ter.sncf.com/normandie;HORAIRE;TER Normandie
C01751;Ligne 430 du 6 juillet au 30 aout 2026;https://ilico.iledefrance-mobilites.fr/uploads/fiches/20260623T133801Z-3d65a726-7d21-48be-81d3-9ab08710890b.pdf;HORAIRE;430
C01752;Fiche WEB ligne 17 (4617) et S17 (4657) Hiver 2025-2026, à partir du lundi 5 janvier 2026;https://portail-idfm-operateurs.cdn.prismic.io/portail-idfm-operateurs/aTrwqXNYClf9oEmd_FicheWEBligne17-4617-etS17-4657-Hiver2025-2026%2C%C3%A0partirdulundi5janvier2026.pdf;HORAIRE;4657
C01752;Fiche WEB ligne S17 (4657) Hiver 2025-2026, à partir du lundi 5 janvier 2026;https://portail-idfm-operateurs.cdn.prismic.io/portail-idfm-operateurs/aTrvtnNYClf9oEkI_FicheWEBligneS17-4657-Hiver2025-2026%2C%C3%A0partirdulundi5janvier2026.pdf;HORAIRE;4657
C01755;Plan ligne 6421  - Gare de Chatou-Croissy - Le Chesnay Parly 2 Dutartre;https://ilico.iledefrance-mobilites.fr/uploads/plans/20260702T141541Z-b87dbdaa-3426-4221-a088-ed01d8f4f869.pdf;PLAN;6421
C01756;Plan ligne 337;https://ilico.iledefrance-mobilites.fr/uploads/plans/20260708T170010Z-6ae31d25-69ff-469b-b979-93b85b38010d.pdf;PLAN;337
C01763;Horaires Ligne 4554 - du 13 juillet au 23 août 2026;https://ilico.iledefrance-mobilites.fr/uploads/fiches/20260611T130945Z-4888ac59-ce8e-464b-9824-30801aee9d33.pdf;HORAIRE;4554
C01765;Plan ligne 4322;https://ilico.iledefrance-mobilites.fr/uploads/plans/64a3d6726d6ed_ligne%204322.pdf;PLAN;4322
C01784;Fiche horaires 6504 - 6 juillet au 23 août 2026;https://ilico.iledefrance-mobilites.fr/uploads/fiches/20260622T122159Z-e017fec0-8aae-4c34-88de-1f6173ed1617.pdf;HORAIRE;6504
C01785;Plan de ligne 1110;https://ilico.iledefrance-mobilites.fr/uploads/plans/20260123T151901Z-cb2f2a2d-8ef1-4fd6-8e84-04c6f0782ffc.pdf;PLAN;1110
C01786;Horaires valables du 6 juillet au 31 août 2026;https://ilico.iledefrance-mobilites.fr/uploads/fiches/20260612T101323Z-7f1696ea-e8e6-49bf-8b3a-36f266ba1214.pdf;HORAIRE;1112
C01788;Plan de ligne 1133;https://ilico.iledefrance-mobilites.fr/uploads/plans/20251215T161414Z-5c19e647-17f6-46bb-ac11-95df55f4e745.pdf;PLAN;1133
C01790;Plan de ligne 1135;https://ilico.iledefrance-mobilites.fr/uploads/plans/20251215T161530Z-6b9b7216-c500-4c45-8c9a-2580111725bb.pdf;PLAN;1135
C01791;Horaires valables à compter du 05 janvier 2026;https://ilico.iledefrance-mobilites.fr/uploads/fiches/20251212T154925Z-b6eee132-8feb-4b4c-8630-4d77d09d553e.pdf;HORAIRE;1136
C01795;Plan Tramway T8;https://www.ratp.fr/sites/default/files/lines-assets/plan-de-ligne/tram/plan-de-ligne_tram_ligne-t8.pdf;PLAN;T8
C01797;Horaires renforts Juillet 2026;https://ilico.iledefrance-mobilites.fr/uploads/fiches/20260630T084144Z-f39c9667-911e-472f-b038-7c43ad9906e2.pdf;HORAIRE;5412
C01797;Renforts août 2026;https://ilico.iledefrance-mobilites.fr/uploads/fiches/20260729T144207Z-cab6f3d1-3cd3-41a1-a984-ce0b6dcc8f12.pdf;HORAIRE;5412
C01797;Plan de ligne 5412;https://ilico.iledefrance-mobilites.fr/uploads/plans/20250829T115655Z-466736bb-d474-40d1-80c9-9367f5d031d5.pdf;PLAN;5412
C01798;Plan de ligne 5462;https://ilico.iledefrance-mobilites.fr/uploads/plans/20250805T080447Z-dc55f573-5544-4824-8a05-ab512974d9f1.pdf;PLAN;5462
C01799;Horaire été valables du 13/07 au 21/08/26;https://ilico.iledefrance-mobilites.fr/uploads/fiches/20260703T101431Z-8ee55916-96db-407d-aac8-08dd19a22475.pdf;HORAIRE;6160
C01799;Schéma ligne 6160;https://ilico.iledefrance-mobilites.fr/uploads/plans/20250826T150059Z-5dd829f7-0087-49b5-8324-378707e5cc27.pdf;PLAN;6160
C01801;Plan de ligne 2113;https://ilico.iledefrance-mobilites.fr/uploads/plans/20250805T124236Z-8f77c988-4f75-4223-8c1e-8507acc17a57.pdf;PLAN;2113
C01802;Fiche horaire été;https://ilico.iledefrance-mobilites.fr/uploads/fiches/20260616T102120Z-10493f94-c3c2-4c36-9f50-09143f13e416.pdf;HORAIRE;1516
C01809;Horaires valables à partir du 16 juillet au 16 août 2026;https://ilico.iledefrance-mobilites.fr/uploads/fiches/20260804T095357Z-fc4b6d12-05e6-4863-985b-a74c4bac7a51.pdf;HORAIRE;380
C01810;Horaires Ligne 9118 - A compter du 24 août 2026 au 11 juillet 2027;https://ilico.iledefrance-mobilites.fr/uploads/fiches/20260806T101149Z-e13d25b6-f3fb-435d-a893-4e07f241f211.pdf;HORAIRE;EXPRESS 9118
C01821;Fiche horaire ligne 486;https://ilico.iledefrance-mobilites.fr/uploads/fiches/20260417T125824Z-b1e3461e-7842-43e6-8639-711c0f16d409.pdf;HORAIRE;486
C01823;Plan Ligne Fileo Saint-Pathus (sur réservation);https://www.datocms-assets.com/56495/1640343970-fileo-st-pathus.jpg;PLAN;Filéo Saint-Pathus (future TàD Roissy Saint-Pathus)
C01836;Plan;https://www.paris-saclay.com/app/uploads/2025/07/fiche_horaires_navette_G_2024.pdf;PLAN;G
C01839;Plan ligne 538;https://ilico.iledefrance-mobilites.fr/uploads/plans/20260702T093357Z-6946178a-7cee-41aa-915f-c0af431dbd27.pdf;PLAN;Le Bus du port
C01867;Plan Ligne 20;https://ilico.iledefrance-mobilites.fr/uploads/plans/20250828T080444Z-4053154b-2930-49cd-91ca-16fdfdcff158.pdf;PLAN;20 (future 1620)
C01868;Plan ligne 6240;https://ilico.iledefrance-mobilites.fr/uploads/plans/20260413T144415Z-1d634c05-8704-46a6-8304-089739d371ff.pdf;PLAN;6240
C01869;Horaires valables du 24 août 2026 au 11 juillet 2027 (sauf du 28 décembre 2026 au 3 janvier 2027);https://ilico.iledefrance-mobilites.fr/uploads/fiches/20260804T130711Z-c8c6bc55-be44-41c5-bdbc-17946585cc45.pdf;HORAIRE;5102
C01871;Ligne 5111 - Schéma de ligne;https://ilico.iledefrance-mobilites.fr/uploads/plans/20240513T152238Z-8fc7677a-c85e-453c-8f52-20061d95de86.pdf;PLAN;5111
C01872;Horaires d'été 2026 - L6243 du 13 juillet au 22 août 2026;https://ilico.iledefrance-mobilites.fr/uploads/fiches/20260703T144740Z-ec5066ee-2c0b-4f86-867b-5c7de3c1dcfb.pdf;HORAIRE;6243
C01873;Horaires d'été 2026 - L6251 du 13 juillet au 22 août 2026;https://ilico.iledefrance-mobilites.fr/uploads/fiches/20260703T144702Z-9363ab00-b373-42d8-919d-6f5d3d904518.pdf;HORAIRE;6251
C01886;Horaires du 20 juillet au 23 août 2026;https://ilico.iledefrance-mobilites.fr/uploads/fiches/20260717T090740Z-6023d279-ce32-4ea8-9fb4-3c826e31d672.pdf;HORAIRE;4112
C01902;Fiche horaire;https://www.paris-saclay.com/app/uploads/2025/07/fiche_horaires_navette_F_Janv_2024.pdf;HORAIRE;F
C01902;Plan;https://www.paris-saclay.com/app/uploads/2025/07/fiche_horaires_navette_F_Janv_2024.pdf;PLAN;F
C01937;Fiche horaires 6516 - 25 août 2025;https://ilico.iledefrance-mobilites.fr/uploads/fiches/20260625T133049Z-489e89d3-92b0-4436-8cc3-548972538d56.pdf;HORAIRE;6516
C01949;Plan de ligne 5401;https://ilico.iledefrance-mobilites.fr/uploads/plans/20250901T102531Z-19b94ab5-24de-492a-8d1a-d18a69615248.pdf;PLAN;5401
C01950;Horaires Ligne 4532 - A compter du 24 août 2026 au 11 juillet 2027;https://ilico.iledefrance-mobilites.fr/uploads/fiches/20260806T133022Z-739dea5f-19ef-454b-afb4-3320a3eaaca3.pdf;HORAIRE;4532
C01950;Horaires Ligne 4532 - du 13 juillet au 23 août 2026;https://ilico.iledefrance-mobilites.fr/uploads/fiches/20260611T130329Z-5bfcaaea-ec1d-4b78-b414-4fa7d4f4a0db.pdf;HORAIRE;4532
C01953;Plan de ligne 5249;https://ilico.iledefrance-mobilites.fr/uploads/plans/20250312T172237Z-5b7f5f8f-0eed-4557-a74a-fbecd351d307.pdf;PLAN;5249
C01963;Horaires Ligne 3506 du 01/09/2025 au 30/08/2026;https://ilico.iledefrance-mobilites.fr/uploads/fiches/20251008T101231Z-8f41e9c4-14f8-49d2-a5bc-a25e22f14f81.pdf;HORAIRE;3506
C01964;3542;https://ilico.iledefrance-mobilites.fr/uploads/plans/20260730T154213Z-494fb200-293f-4425-82cc-c8f5e68de408.pdf;PLAN;3542
C01966;Horaires Ligne 3512 du 01/09/2025 au 04/07/2026;https://ilico.iledefrance-mobilites.fr/uploads/fiches/20251008T101330Z-0663dda9-f37c-4a2d-a172-2fb52421928d.pdf;HORAIRE;3512
C01966;3512;https://ilico.iledefrance-mobilites.fr/uploads/plans/20260730T154320Z-de147b27-b991-4ade-bd92-253b158eeb34.pdf;PLAN;3512
C01970;3517;https://ilico.iledefrance-mobilites.fr/uploads/plans/20260730T154451Z-72f2d815-a115-40c0-9d82-376604f223e8.pdf;PLAN;3517
C01971;Horaires Ligne 3519 du 01/09/2025 au 30/08/2026;https://ilico.iledefrance-mobilites.fr/uploads/fiches/20260707T151015Z-1280fc8f-dd28-4583-b130-0171a4c3c27d.pdf;HORAIRE;3519
C01973;Horaires Ligne 3537 du 01/09/2025 au 04/07/2026;https://ilico.iledefrance-mobilites.fr/uploads/fiches/20251008T101507Z-3bbf60fb-a32e-42f2-b6ef-19f7085e2e51.pdf;HORAIRE;3537
C01976;Ligne 4431 - Horaires valables du 1er septembre 2026 au 4 juillet 2027;https://ilico.iledefrance-mobilites.fr/uploads/fiches/20260807T153858Z-e1ed2c03-4918-4314-af62-84507098954b.pdf;HORAIRE;4431
C01977;Ligne 4432 - Horaires valables du 1er septembre 2026 au 4 juillet 2027;https://ilico.iledefrance-mobilites.fr/uploads/fiches/20260807T153931Z-797cbc5f-2772-4a52-90ab-f2497d1fa202.pdf;HORAIRE;4432
C01977;Ligne 4432 - été 2026;https://ilico.iledefrance-mobilites.fr/uploads/fiches/20260722T073259Z-d2aae448-624b-4451-957a-ce3cee351fc8.pdf;HORAIRE;4432
C01977;Ligne 4432;https://ilico.iledefrance-mobilites.fr/uploads/plans/20240901T095044Z-66e5816f-d285-4f62-8989-62561c577455.pdf;PLAN;4432
C01981;Ligne 5342 - Horaires à partir du 6 juillet 2026;https://ilico.iledefrance-mobilites.fr/uploads/fiches/20260617T152225Z-23629b48-d5f9-4d92-bfff-1a2370e25410.pdf;HORAIRE;5342
C01984;Ligne 5338 - Horaires à partir du 6 juillet 2026;https://ilico.iledefrance-mobilites.fr/uploads/fiches/20260617T151318Z-cbc45555-d5be-4a3c-a455-552964ac4d90.pdf;HORAIRE;5338
C01991;Plan de ligne 5298;https://ilico.iledefrance-mobilites.fr/uploads/plans/20250312T105709Z-99e47f64-13cb-47cd-8a6f-7a8dab16bc6f.pdf;PLAN;5298
C01993;Plan de ligne 2427;https://ilico.iledefrance-mobilites.fr/uploads/plans/20250915T140651Z-b7b27fe9-3704-47a2-aa91-459f0d2de3ad.pdf;PLAN;2427
C01994;Plan ligne 2351;https://ilico.iledefrance-mobilites.fr/uploads/plans/20250917T091754Z-c02c1f5d-6122-4e82-a37f-90b638193fe8.pdf;PLAN;2351
C02005;1427 - Horaires valables du 24 août 2026 au 11 juillet 2027 inclus.;https://ilico.iledefrance-mobilites.fr/uploads/fiches/20260810T100727Z-4654502b-21a1-4a47-9239-12043c63e448.pdf;HORAIRE;1427 (ex 30-03)
C02008;Horaires ligne 353;https://ilico.iledefrance-mobilites.fr/uploads/fiches/20260805T115955Z-339cf2c6-57c8-431b-856d-beb64a2b06ed.pdf;HORAIRE;353
C02016;Plan de ligne 2231;https://ilico.iledefrance-mobilites.fr/uploads/plans/20250815T160950Z-2b27e44f-6225-41f3-a912-e5e991f146f0.pdf;PLAN;2231
C02020;Horaires été 2026;https://ilico.iledefrance-mobilites.fr/uploads/fiches/20260626T125010Z-a7d1ec51-961f-4875-8997-b07b1aa37be4.pdf;HORAIRE;4307
C02021;Horaires hiver 2026 / 2027;https://ilico.iledefrance-mobilites.fr/uploads/fiches/20260730T095524Z-afa09150-994e-4a05-9aa3-b5ba43c0df39.pdf;HORAIRE;4308
C02022;Plan ligne 4327;https://ilico.iledefrance-mobilites.fr/uploads/plans/20250821T152835Z-07b333cf-3dd0-4189-87cf-e7c767056cbb.pdf;PLAN;4327
C02023;Horaires hiver 2026 / 2027;https://ilico.iledefrance-mobilites.fr/uploads/fiches/20260730T100012Z-a3ac1998-9125-4211-9dcd-be119032d443.pdf;HORAIRE;4328
C02024;Plan de Bus ligne 4329;https://ilico.iledefrance-mobilites.fr/uploads/plans/20260730T130212Z-1aa172b8-1224-408a-b8a1-8b9efd23ede2.pdf;PLAN;4329
C02026;Horaires hiver 2026 / 2027;https://ilico.iledefrance-mobilites.fr/uploads/fiches/20260730T095834Z-be647e7b-40c5-4ce5-b301-b89d6629c544.pdf;HORAIRE;4331
C02027;Horaires Ligne 260;https://www.ratp.fr/sites/default/files/lines-assets/fiche-horaire/busratp/fiche-horaire_busratp_ligne-260.pdf;HORAIRE;260
C02036;Plan Ligne 2402;https://ilico.iledefrance-mobilites.fr/uploads/plans/20251001T091713Z-a65fbff6-7d2d-46b4-a10b-09101f3cf005.pdf;PLAN;2402
C02040;Ligne 1434 - Horaires valables du 3 aout 2026 au 29 aout 2027 inclus.;https://ilico.iledefrance-mobilites.fr/uploads/fiches/20260717T164741Z-44dd1596-acf1-4360-a3ea-9c50be6236ee.pdf;HORAIRE;1434 (ex CitéVal Cormeilles-en-Parisis)
C02049;Ligne 1432 - Horaires valables du 3 aout 2026 au 29 aout 2027 inclus.;https://ilico.iledefrance-mobilites.fr/uploads/fiches/20260717T165356Z-53e1325a-5d97-4946-b544-782e46f58c66.pdf;HORAIRE;1432 (ex 30-21 Ouest)
C02049;Ligne 1432;https://ilico.iledefrance-mobilites.fr/uploads/plans/20260731T152948Z-a6c97490-0a2a-4a4c-9563-98995e81a54c.pdf;PLAN;1432 (ex 30-21 Ouest)
C02056;Horaires Ligne 3245 du 31 Août 2026 au 29 Août 2027;https://ilico.iledefrance-mobilites.fr/uploads/fiches/20260721T063559Z-8b3cb638-95a4-4cf2-b9cc-a6c9ef3313dd.pdf;HORAIRE;3245
C02057;Ligne 4406;https://ilico.iledefrance-mobilites.fr/uploads/plans/20260226T102428Z-19bebb7b-5322-41c2-8f13-43bec05b356a.pdf;PLAN;4406
C02059;Ligne 27 -Horaires valables à partir du 25 août 2025;https://ilico.iledefrance-mobilites.fr/uploads/fiches/20260316T095716Z-7acf12f1-9ad4-4f47-84d3-00811d8d91b7.pdf;HORAIRE;27 (future 1627)
C02060;Horaire du service Filéo Roissy Sud;https://ilico.iledefrance-mobilites.fr/uploads/fiches/20250305T140425Z-2a89915b-a663-4531-a74a-c83c141a4acd.pdf;HORAIRE;Filéo Roissy Sud (future TàD Roissy Sud)
C02061;Ligne 32 Horaires valables à partir du 25 août 2025;https://ilico.iledefrance-mobilites.fr/uploads/fiches/20250826T123217Z-f2d93948-c0db-4f76-94a4-7befe9e4be61.pdf;HORAIRE;32
C02065;Plan Ligne 4581 (maj 06/01/2025);https://ilico.iledefrance-mobilites.fr/uploads/plans/20250106T110902Z-680d597f-c789-45ee-aa6e-0bb2774f6082.pdf;PLAN;4581
C02066;Ligne 4416;https://ilico.iledefrance-mobilites.fr/uploads/plans/20240901T094430Z-c1e9ed57-4725-427a-a006-c93e656b4874.pdf;PLAN;4416
C02067;Ligne 4417 - été 2026;https://ilico.iledefrance-mobilites.fr/uploads/fiches/20260722T073119Z-c7a74c9c-fcca-4a72-ab2b-4cec54d02ab7.pdf;HORAIRE;4417
C02069;Plan Ligne 2403;https://ilico.iledefrance-mobilites.fr/uploads/plans/20251001T091143Z-7888af8b-43c1-4103-a1c4-b682525bb977.pdf;PLAN;2403
C02070;Plan Ligne 2411;https://ilico.iledefrance-mobilites.fr/uploads/plans/20260420T092040Z-7c59afdc-fd02-42a1-88df-b7c6ee7a684b.pdf;PLAN;2411
C02071;Fiche horaires 01.09.2025;https://ilico.iledefrance-mobilites.fr/uploads/fiches/20250728T140518Z-8277aa19-5382-49e8-8d6e-c97c7e318bf3.pdf;HORAIRE;2456
C02073;Fiche horaires 01.09.2025;https://ilico.iledefrance-mobilites.fr/uploads/fiches/20250728T142420Z-bda21bdf-9ad7-4956-abc9-2ece8238d604.pdf;HORAIRE;2461
C02073;Plan Ligne 2461;https://ilico.iledefrance-mobilites.fr/uploads/plans/20251001T123409Z-ffb7b6c8-cc73-4934-9607-1aec23c25881.pdf;PLAN;2461
C02074;Fiche horaires 01.09.2025;https://ilico.iledefrance-mobilites.fr/uploads/fiches/20250728T142526Z-ba58d525-ba2c-4243-accd-a388a671264c.pdf;HORAIRE;2462
C02086;Horaires valables du 6 juillet 2026 au 30 août 2026;https://ilico.iledefrance-mobilites.fr/uploads/fiches/20260702T123651Z-437eceaf-fa9c-4644-bc53-8a0741d1025f.pdf;HORAIRE;1225
C02094;Plan Ligne 2451;https://ilico.iledefrance-mobilites.fr/uploads/plans/20251001T122528Z-ba866ea6-ead9-4e8a-af64-82e6897938a0.pdf;PLAN;2451
C02097;Plan Ligne 2454;https://ilico.iledefrance-mobilites.fr/uploads/plans/20251001T122851Z-86ea9ded-08a1-41eb-bd3b-14a3a18073f3.pdf;PLAN;2454
C02098;Plan Ligne 2455;https://ilico.iledefrance-mobilites.fr/uploads/plans/20251001T123004Z-2c706d92-0d37-4d8d-af8c-53a10db259e2.pdf;PLAN;2455
C02104;Horaires valables à compter du 25 août 2025;https://ilico.iledefrance-mobilites.fr/uploads/fiches/20250821T075542Z-bc6700db-8cbe-4299-b1da-f2376755a1a1.pdf;HORAIRE;4156
C02109;Dépliant_3143au 01092025;https://ilico.iledefrance-mobilites.fr/uploads/fiches/20250908T080050Z-5e40b0f2-f005-4e82-a98d-3aefe1f99ea9.pdf;HORAIRE;3143
C02112;Ligne 444 du 1 septembre au 5 juillet 2026;https://ilico.iledefrance-mobilites.fr/uploads/fiches/20250818T112724Z-e20fac9a-362c-4960-b206-97142f4a59fe.pdf;HORAIRE;444
C02120;Fiche internet_3126 au 09032026;https://ilico.iledefrance-mobilites.fr/uploads/fiches/20260224T093442Z-958b5aaa-9b44-4026-a0a4-d14830efc167.pdf;HORAIRE;3126
C02121;Dépliant_3130 été au 04072026;https://ilico.iledefrance-mobilites.fr/uploads/fiches/20260526T131032Z-70d484b0-961b-4c2f-9095-e1664bc66888.pdf;HORAIRE;3130
C02122;Fiche internet_3127;https://ilico.iledefrance-mobilites.fr/uploads/fiches/20260612T121144Z-b0829bbb-ec2f-4826-8618-b90523b20409.pdf;HORAIRE;3127
C02127;Fiche internet_3136 au 01092025;https://ilico.iledefrance-mobilites.fr/uploads/fiches/20250723T092846Z-82f3a278-1564-4649-a547-e94c56a711a7.pdf;HORAIRE;3136
C02130;Ligne 3s - Horaires valables du 25 août 2025 au 12 juillet 2026;https://ilico.iledefrance-mobilites.fr/uploads/fiches/20260325T103931Z-bbfe331f-7227-4fdf-a16b-6a375ef2f1f8.pdf;HORAIRE;713 (ex 3S)
C02130;Plan de ligne - Ligne 713;https://ilico.iledefrance-mobilites.fr/uploads/plans/20260710T084759Z-d8c77232-6c29-44e5-b928-c6c21b1a9e4d.pdf;PLAN;713 (ex 3S)
C02132;Ligne 719 - Plan de ligne;https://ilico.iledefrance-mobilites.fr/uploads/plans/20260710T092259Z-b0ddd835-e31d-4407-96bb-7e201d361ed0.pdf;PLAN;719 (ex 9S)
C02136;Ligne 707 - Plan de ligne;https://ilico.iledefrance-mobilites.fr/uploads/plans/20260710T090217Z-8608322c-05a3-4c80-b4f8-56590924f584.pdf;PLAN;707 (ex 7)
C02138;Ligne 714 - Plan de ligne;https://ilico.iledefrance-mobilites.fr/uploads/plans/20260710T090532Z-0a99bfb7-8df6-4c6d-88f0-f4b423ec4510.pdf;PLAN;714 (ex 4S)
C02139;Ligne 718 - Plan de ligne;https://ilico.iledefrance-mobilites.fr/uploads/plans/20260710T091911Z-08e395a5-4349-4766-ae02-35f64ba558f7.pdf;PLAN;718 (ex 8S)
C02141;Plan ligne 1229;https://ilico.iledefrance-mobilites.fr/uploads/plans/20250818T103809Z-d990768d-648d-4942-96a9-5b05464f8904.pdf;PLAN;1229
C02148;Plan ligne S471 - Sartrouville - Collège Pablo Picasso;https://ilico.iledefrance-mobilites.fr/uploads/plans/20260702T143811Z-ba081a4b-4b95-4676-822a-8bdfa2b9a373.pdf;PLAN;6471
C02149;Plan ligne 6417 - Gare de Rueil-Malmaison - Gare de Sartrouville;https://ilico.iledefrance-mobilites.fr/uploads/plans/20260702T144200Z-3fa235bb-3e12-4f9a-bc55-2e4e79f0ae12.pdf;PLAN;6417
C02151;Plan Ligne 6455 - Piscine - Collège des Amandiers;https://ilico.iledefrance-mobilites.fr/uploads/plans/20260702T143550Z-03caff63-b627-487d-9479-1a64a5e27ac3.pdf;PLAN;6455
C02154;Plan de ligne 2426;https://ilico.iledefrance-mobilites.fr/uploads/plans/20251001T124018Z-f8dac533-8b1a-47a9-9ff5-39e2dda23d3e.pdf;PLAN;2426
C02156;3429;https://ilico.iledefrance-mobilites.fr/uploads/plans/20240828T143037Z-d3a7d19d-03e3-4221-9f5c-c3b00433c463.pdf;PLAN;3429
C02159;Ligne 3421 à partir du 31 Aout 2026;https://ilico.iledefrance-mobilites.fr/uploads/fiches/20260724T113629Z-dcffec53-21fb-4606-a289-13b3693f0df7.pdf;HORAIRE;3421
C02161;Horaires valables du 1er septembre 2026 au 04 juillet 2027 inclus;https://ilico.iledefrance-mobilites.fr/uploads/fiches/20260804T094819Z-1ec2c8e1-2e9f-46c1-8523-85918455b354.pdf;HORAIRE;5431
C02162;Plan de ligne 5436;https://ilico.iledefrance-mobilites.fr/uploads/plans/20250805T075341Z-66220723-dc43-411b-8c14-0cf856e8b1c5.pdf;PLAN;5436
C02164;Ligne 34 - Horaires valables à partir du 25 août 2025;https://ilico.iledefrance-mobilites.fr/uploads/fiches/20250826T123423Z-831b190d-5902-46e2-b0f8-25cd5d47b353.pdf;HORAIRE;34 (future 1634)
C02165;Plan de la ligne 11.5;https://ilico.iledefrance-mobilites.fr/uploads/plans/65143543a4a72_KEOLIS%20CIF%20DSP%206%20-%20Ligne%2011.5-repaired.pdf;PLAN;11.5 (future 1651)
C02166;Plan de la ligne 12 ZI;https://ilico.iledefrance-mobilites.fr/uploads/plans/20241014T134350Z-d9b3d4d3-b4d7-4181-b9f6-33ac36f216c4.pdf;PLAN;12 ZI (future 1618)
C02167;plan de ligne 1352;https://ilico.iledefrance-mobilites.fr/uploads/plans/20240405T171329Z-7b53711f-bf3e-4909-b1f5-a285ea330d68.pdf;PLAN;1352
C02168;Fiche Horaire 1354;https://ilico.iledefrance-mobilites.fr/uploads/fiches/20250910T153912Z-b64e8011-d0c9-412a-9076-552dd398f13e.pdf;HORAIRE;1354
C02169;Horaires valables du 24 août 2026 au 11 juillet 2027 (sauf du 28 décembre 2026 au 3 janvier 2027);https://ilico.iledefrance-mobilites.fr/uploads/fiches/20260804T131955Z-344f8808-f4b3-447a-8dfd-d34c98bb73d5.pdf;HORAIRE;5114
C02171;Ligne 5183 - schéma de ligne;https://ilico.iledefrance-mobilites.fr/uploads/plans/20240702T142845Z-5f8c3610-2fa2-4fec-8db3-3c98aa68f5d0.pdf;PLAN;5183
C02172;Horaires valables du 6 juillet 2026 au 31 août 2027 (sauf du 06/07/2026 au 31/08/2026 et du 05/07/2027 au 31/08/2027);https://ilico.iledefrance-mobilites.fr/uploads/fiches/20260722T123652Z-f594581f-1744-47e2-a70d-fdcf36e1976f.pdf;HORAIRE;5184
C02175;Schéma de Ligne 5187;https://ilico.iledefrance-mobilites.fr/uploads/plans/20251210T164518Z-b84ad13d-9788-4b4a-8094-5b01dc59fe16.pdf;PLAN;5187
C02185;Ligne 4462 - Horaires valables du 1er septembre 2026 au 4 juillet 2027;https://ilico.iledefrance-mobilites.fr/uploads/fiches/20260807T155521Z-b3cf279e-d09e-45b7-be46-50b3698f4fa2.pdf;HORAIRE;4462
C02195;Fiche horaires 01.09.2025;https://ilico.iledefrance-mobilites.fr/uploads/fiches/20250728T150049Z-e12445d8-223c-408f-a456-a337155b5683.pdf;HORAIRE;2480
C02201;Horaires valables à compter du 6 juillet au 31 août 2026;https://ilico.iledefrance-mobilites.fr/uploads/fiches/20260701T145244Z-4384e367-b966-4f33-ab93-a127dea55e3d.pdf;HORAIRE;9111
C02201;Plan de la ligne 9111;https://ilico.iledefrance-mobilites.fr/uploads/plans/20250321T160150Z-eeaabc40-5992-4d4e-b277-572f72526122.pdf;PLAN;9111
C02209;Horaires du 1er septembre 2025 au 5 juillet 2026;https://ilico.iledefrance-mobilites.fr/uploads/fiches/20250822T091641Z-6187b524-2db1-4c56-ba4f-12a7310c11a2.pdf;HORAIRE;3659
C02221;Horaires été 2026;https://ilico.iledefrance-mobilites.fr/uploads/fiches/20260626T125638Z-05634adf-14fd-4ea8-991f-79995b12f173.pdf;HORAIRE;4309
C02221;Plan de Bus ligne 4309;https://ilico.iledefrance-mobilites.fr/uploads/plans/20240523T091214Z-f3b99ab0-edfe-4843-a79b-49ee72148584.pdf;PLAN;4309
C02222;Plan de ligne 6563;https://ilico.iledefrance-mobilites.fr/uploads/plans/20250910T080540Z-b9502aa2-ca4c-4b75-a88c-6cd7affe42bd.pdf;PLAN;6563
C02224;Plan de ligne 4659;https://ilico.iledefrance-mobilites.fr/uploads/plans/20250914T204920Z-77a46a23-5dd6-4525-a960-5d1619b4bdcd.pdf;PLAN;4659
C02225;Horaires valables du 06 juillet au 30 août 2026;https://ilico.iledefrance-mobilites.fr/uploads/fiches/20260703T084006Z-f85edf1e-31ca-439c-badd-ea8cfad31ef0.pdf;HORAIRE;1255
C02230;Ligne 2326 - à partir du 9 mars 2026;https://ilico.iledefrance-mobilites.fr/uploads/fiches/20260219T153659Z-3c00beed-e0ae-4fd4-a666-c22f008167f1.pdf;HORAIRE;2326
C02233;Ligne 2348 ( ex Os) - A partir du 1er septembre 2025;https://ilico.iledefrance-mobilites.fr/uploads/fiches/20250829T212510Z-44eaa9c5-31eb-4a03-84ac-db7102c76eaf.pdf;HORAIRE;2348
C02233;Plan ligne 2348;https://ilico.iledefrance-mobilites.fr/uploads/plans/20250917T093721Z-3bc9af56-0a15-4028-9c43-13ea0a248b09.pdf;PLAN;2348
C02234;Plan ligne 2314;https://ilico.iledefrance-mobilites.fr/uploads/plans/20250917T090641Z-ea833a35-4177-4aee-b5f3-ebb1ee805ea9.pdf;PLAN;2314
C02239;Plan de la ligne  6246;https://ilico.iledefrance-mobilites.fr/uploads/plans/20250812T082120Z-eff675d1-c7b6-470e-b3da-cd8de93f86a2.pdf;PLAN;6246
C02240;Ligne 500 - Horaires valables du 25 août 2025 au 12 juillet 2026;https://ilico.iledefrance-mobilites.fr/uploads/fiches/20260203T112516Z-842fe3c0-5588-4725-9dd7-056a8946000d.pdf;HORAIRE;731 (ex 500)
C02244;Plan ligne 45;https://ilico.iledefrance-mobilites.fr/uploads/plans/20260708T170141Z-1f1133c4-361a-4c4b-b55b-c07fdf0f5f86.pdf;PLAN;45
C02248;Horaires valables du 1er septembre 2026 au 04 juillet 2027 inclus;https://ilico.iledefrance-mobilites.fr/uploads/fiches/20260804T094148Z-336e6291-3cfe-41c9-ace7-44694d9571ac.pdf;HORAIRE;7823
C02248;Plan de ligne 7823;https://ilico.iledefrance-mobilites.fr/uploads/plans/20250901T102954Z-74b263cc-e785-4922-b44e-36315c9036c4.pdf;PLAN;7823
C02249;Renforts juillet 2026;https://ilico.iledefrance-mobilites.fr/uploads/fiches/20260708T075324Z-6155f678-4301-499e-aebb-120d7d6be23b.pdf;HORAIRE;7820
C02249;Horaires valables du 1er septembre2026 au 04 juillet 2027 inclus;https://ilico.iledefrance-mobilites.fr/uploads/fiches/20260804T093733Z-21d9661f-d1a4-46a6-a080-3f7e18346a3c.pdf;HORAIRE;7820
C02257;Ligne 1421 - Horaires valables du 24 août 2026 au 11 juillet 2027 inclus.;https://ilico.iledefrance-mobilites.fr/uploads/fiches/20260810T095723Z-0597e992-a429-421f-8f5b-ff30f029885e.pdf;HORAIRE;1421 (ex 95-29)
C02258;horaires ligne 3440 à partir du 1er Septembre 2025;https://ilico.iledefrance-mobilites.fr/uploads/fiches/20250819T140246Z-c05823c2-05cf-4b76-9577-7ff594ea14eb.pdf;HORAIRE;3440
C02258;3440;https://ilico.iledefrance-mobilites.fr/uploads/plans/20241219T113430Z-21e1cf1b-49ba-450e-a3bb-776164976d89.pdf;PLAN;3440
C02264;Plan ligne 6420 - Gare du Vésinet-Le Pecq - Gare du Vésinet Centre;https://ilico.iledefrance-mobilites.fr/uploads/plans/20260702T142140Z-ad7d4336-11c5-45de-b3de-4a14f6fb5d82.pdf;PLAN;6420
C02269;Plan de la ligne 7824;https://ilico.iledefrance-mobilites.fr/uploads/plans/20260714T124850Z-d939bfdf-6196-4852-988f-3ee1fb32b503.pdf;PLAN;7824 (ex Express A14)
C02270;Ligne 4434 - Horaires valables du 1er septembre 2026 au 4 juillet 2027;https://ilico.iledefrance-mobilites.fr/uploads/fiches/20260807T154032Z-f24ff398-c258-4b5e-b8ef-d5c23a595d6a.pdf;HORAIRE;4434
C02270;Ligne 4434;https://ilico.iledefrance-mobilites.fr/uploads/plans/20240901T095145Z-07eeab2b-d9f7-4dc6-be76-ef78014d7f99.pdf;PLAN;4434
C02271;Ligne 4435 - Horaires valables du 1er septembre 2026 au 4 juillet 2027;https://ilico.iledefrance-mobilites.fr/uploads/fiches/20260807T154109Z-3c5756dd-439d-4ce3-8ac5-70d09cec71ba.pdf;HORAIRE;4435
C02272;Horaires du 1er septembre 2025 au 5 juillet 2026;https://ilico.iledefrance-mobilites.fr/uploads/fiches/20250822T095526Z-d8ef86e0-fae0-4de9-ac81-3f303f13a616.pdf;HORAIRE;3661
C02273;Plan de ligne 3662;https://ilico.iledefrance-mobilites.fr/uploads/plans/20250822T102410Z-e3534311-3ded-4e44-bb06-ceaa1dfaae5f.pdf;PLAN;3662
C02276;Horaires été 2026;https://ilico.iledefrance-mobilites.fr/uploads/fiches/20260616T083743Z-4f09379d-d8aa-45c8-8eae-da3900e4bdfc.pdf;HORAIRE;3631
C02277;Horaires ligne 3424 valables à partir du 1er septembre 2026;https://ilico.iledefrance-mobilites.fr/uploads/fiches/20260805T134131Z-4986c4d2-82bc-4697-9740-0a950d693123.pdf;HORAIRE;3424
C02279;Horaires ligne 3423 valables du 1er septembre 2026 au 3 juillet 2027;https://ilico.iledefrance-mobilites.fr/uploads/fiches/20260805T133520Z-9179130f-1774-4165-8b2c-7ee2a2fa1a9a.pdf;HORAIRE;3423
C02282;TàD Melun nord;https://ilico.iledefrance-mobilites.fr/uploads/fiches/20250822T092849Z-24d02736-6f31-40cb-b58f-210aadff354d.pdf;HORAIRE;3613
C02283;Plan de ligne 3657;https://ilico.iledefrance-mobilites.fr/uploads/plans/20250822T095353Z-ff65ccc4-bc1d-4b40-9f6e-ccc2dff91bdd.pdf;PLAN;3657
C02284;Plan de ligne 3658;https://ilico.iledefrance-mobilites.fr/uploads/plans/20250822T094918Z-407c0adf-b7f7-489f-bee2-bec43ddaa997.pdf;PLAN;3658
C02288;Plan de ligne 193;https://ilico.iledefrance-mobilites.fr/uploads/plans/20260722T090226Z-daf76815-a6db-476c-869f-17e95314c0ca.pdf;PLAN;193
C02289;Horaires ligne 3427 valables du 1er septembre 2026 au 3 juillet 2027;https://ilico.iledefrance-mobilites.fr/uploads/fiches/20260805T134644Z-64091345-15d6-4e3f-830d-78c21829f9ba.pdf;HORAIRE;3427
C02290;Horaires ligne 3426 valables du 1er septembre 2026 au 3 juillet 2027;https://ilico.iledefrance-mobilites.fr/uploads/fiches/20260805T134718Z-ad2622de-a64a-4c4d-9e70-51b96ecd63ed.pdf;HORAIRE;3426
C02294;Horaires Ligne 3216 du 31 Août 2026 au 29 Août 2027;https://ilico.iledefrance-mobilites.fr/uploads/fiches/20260721T062651Z-9360a97e-da04-4fb4-959b-d1c16645a949.pdf;HORAIRE;3216
C02295;Horaires Ligne TàD Nangis / Saint-Just;https://ilico.iledefrance-mobilites.fr/uploads/fiches/20250425T111750Z-13a3f292-8aa6-476b-afac-0e184e5781cf.pdf;HORAIRE;TàD Nangis / Saint-Just
C02298;Fiche Horaire du 24 août 2026 au 18 juillet 2027;https://ilico.iledefrance-mobilites.fr/uploads/fiches/20260810T154920Z-3aaa7b36-6c28-4fdf-afb0-94efbf7fba38.pdf;HORAIRE;2245
C02301;Horaires GPSO Bus;https://ilico.iledefrance-mobilites.fr/uploads/fiches/643ff5ec10d94_GPSO_BUS_2023%20VF%20WEB.pdf;HORAIRE;GPSO Bus
C02313;Ligne 5310 - Horaire à partir du 6 juillet 2026;https://ilico.iledefrance-mobilites.fr/uploads/fiches/20260617T145301Z-03d1b4bc-deff-4378-9077-17374e677ddb.pdf;HORAIRE;5310
C02313;Plan de ligne 5310;https://ilico.iledefrance-mobilites.fr/uploads/plans/20250311T162703Z-18821820-4599-4d23-824a-7d379cd0cf42.pdf;PLAN;5310
C02317;Horaire valables à partir du 13 juillet au 15 août 2026;https://ilico.iledefrance-mobilites.fr/uploads/fiches/20260710T081143Z-75b802d9-49a8-4d2e-a73d-491e727fed91.pdf;HORAIRE;T9
C02317;Plan du T9;https://ilico.iledefrance-mobilites.fr/uploads/plans/20260720T061331Z-5a596f07-ae3a-4854-a70c-1e02297b2520.pdf;PLAN;T9
C02318;Plan Ligne 2470;https://ilico.iledefrance-mobilites.fr/uploads/plans/20251001T094446Z-cd2fbf59-1517-49ed-9666-0fe1e68357a0.pdf;PLAN;2470
C02344;Fiche horaire allégé;https://ilico.iledefrance-mobilites.fr/uploads/fiches/20260804T100756Z-28fc97b1-7def-460c-bbf9-4fe236ccfe0f.pdf;HORAIRE;T13
C02355;Fiche WEB ligne 4618 et 4619 Été 2026 V0, du lundi 13 juillet au dimanche 23 août 2026;https://portail-idfm-operateurs.cdn.prismic.io/portail-idfm-operateurs/ajOt6I1P9HI4UqtK_FicheWEBligne4618et4619%C3%89t%C3%A92026V0%2Cdulundi20juilletaudimanche23ao%C3%BBt2026.pdf;HORAIRE;4618
C02365;Fiche horaires 01.09.2025;https://ilico.iledefrance-mobilites.fr/uploads/fiches/20250728T155856Z-4efa05a8-1b52-4830-9b04-ab4e149536c9.pdf;HORAIRE;2405
C02366;Horaires Ligne 3219 du 01 Septembre2025 au 30 Août 2026;https://ilico.iledefrance-mobilites.fr/uploads/fiches/20251211T095228Z-6367b132-fa00-4303-902c-7919e685e766.pdf;HORAIRE;3219
C02382;Fiche WEB ligne S2 (4662) Hiver 2025-2026, à partir du lundi 5 janvier 2026;https://portail-idfm-operateurs.cdn.prismic.io/portail-idfm-operateurs/aTmxPHNYClf9oBo6_FicheWEBligneS2-4662-Hiver2025-2026%2C%C3%A0partirdulundi5janvier2026.pdf;HORAIRE;4662
C02396;Fiche WEB ligne DM151S (4651) Hiver 2025-2026, à partir du lundi 5 janvier 2026;https://portail-idfm-operateurs.cdn.prismic.io/portail-idfm-operateurs/aTmwh3NYClf9oBor_FicheWEBligneDM151S-4651-Hiver2025-2026%2C%C3%A0partirdulundi5janvier2026.pdf;HORAIRE;4651
C02397;Horaires Ligne 4520 - A compter du 25 août au 12 juillet 2026;https://ilico.iledefrance-mobilites.fr/uploads/fiches/20250731T080824Z-4e50b306-b316-451f-baf0-e724e5f951d4.pdf;HORAIRE;4520
C02404;Bus remplacement Tram T1;https://ilico.iledefrance-mobilites.fr/uploads/plans/20260428T074657Z-f41de8d7-5fa8-46a9-bac3-427bb3d83094.pdf;PLAN;Remplacement Tram T1
C02406;Bus remplacement Tram T3a;https://ilico.iledefrance-mobilites.fr/uploads/plans/20260428T075126Z-91bdb56b-4258-4b30-a5fe-1a7f5526c218.pdf;PLAN;Remplacement Tram T3a
C02408;Bus remplacement Tram T5;https://ilico.iledefrance-mobilites.fr/uploads/plans/20260428T075339Z-b495d314-53d1-4f69-b627-6cd89e6fe104.pdf;PLAN;Remplacement Tram T5
C02411;Bus remplacement Tram T8;https://ilico.iledefrance-mobilites.fr/uploads/plans/20260428T075737Z-aac25f07-a011-4939-a0d5-ea6542f5e3ca.pdf;PLAN;Remplacement Tram T8
C02422;Fiche horaire à partir du 4 mai 2026;https://ilico.iledefrance-mobilites.fr/uploads/fiches/20260422T081153Z-8d9c63c1-ebd1-4545-9b82-191d710a045a.pdf;HORAIRE;TàD Eaubonne Domont
C02423;Fiche horaire;https://www.paris-saclay.com/app/uploads/2025/09/fiche_horaires_navette-MO-2025.pdf;HORAIRE;M
C02425;Plan;https://www.paris-saclay.com/app/uploads/2025/09/fiche_horaires_navette-MO-2025.pdf;PLAN;O
C02433;Thermomètre ligne 3255;https://ilico.iledefrance-mobilites.fr/uploads/plans/20260721T065148Z-5954c1bd-edac-4308-ac9a-6646f70b0bc4.pdf;PLAN;3255
C02436;Horaires Ligne 3248 du 04 Juin 2026 au 30 Août 2026;https://ilico.iledefrance-mobilites.fr/uploads/fiches/20260529T092421Z-bc34c9af-66f4-49ae-be9b-94b3a3dbaee2.pdf;HORAIRE;3248
C02436;Thermomètre ligne 3248;https://ilico.iledefrance-mobilites.fr/uploads/plans/20260721T065249Z-f3157042-ca50-4ec0-adcc-59937ad4cdcb.pdf;PLAN;3248
C02439;Plan;https://www.paris-saclay.com/app/uploads/2025/07/fiche_horaires_navette_K.pdf;PLAN;K
C02440;Fiche horaire;https://www.paris-saclay.com/app/uploads/2025/07/fiche_horaires_navette_PYZ_2024.pdf;HORAIRE;P
C02443;Ligne 5237 - Horaire rentrée Septembre 2025;https://ilico.iledefrance-mobilites.fr/uploads/fiches/20260413T111750Z-dc7af00a-c7bd-4c57-98f2-a53901f53ca4.pdf;HORAIRE;5237
C02444;Ligne 5328 - Horaires à partir du 6 juillet 2026;https://ilico.iledefrance-mobilites.fr/uploads/fiches/20260617T150620Z-1148e4fa-d7ee-4f41-8bcb-18df6253105d.pdf;HORAIRE;5328
C02450;Ligne 4452 - Horaires valables du 1 Août 2026 au 31 Août 2026 inclus;https://ilico.iledefrance-mobilites.fr/uploads/fiches/20260806T162414Z-d5fe0333-fb62-471d-bc13-6bcd680a79e7.pdf;HORAIRE;4452
C02451;Ligne 4453 - été 2026;https://ilico.iledefrance-mobilites.fr/uploads/fiches/20260722T073600Z-ee25b403-cf90-4ce1-8962-e88b55482c3a.pdf;HORAIRE;4453
C02453;Ligne 4455 - été 2026;https://ilico.iledefrance-mobilites.fr/uploads/fiches/20260722T073656Z-403ed488-ff90-4f6e-8169-1e312ea1e3e1.pdf;HORAIRE;4455
C02453;Ligne 4455;https://ilico.iledefrance-mobilites.fr/uploads/plans/20240901T093958Z-8a457b82-0283-482f-adf1-0f5c862fbc32.pdf;PLAN;4455
C02462;Plan Ligne 1517;https://ilico.iledefrance-mobilites.fr/uploads/plans/64df294017487_Ligne_VALMY_1517.pdf;PLAN;1517
C02463;Plan ligne 1527;https://ilico.iledefrance-mobilites.fr/uploads/plans/20260602T070418Z-ec507e03-1841-495c-9544-d16ca2a72869.pdf;PLAN;1527
C02464;Plan Ligne Soir Domont;https://ilico.iledefrance-mobilites.fr/uploads/plans/64df29ad31289_Ligne_VALMY_BUS%20SOIR%20DOMONT.pdf;PLAN;Soir Domont
C02465;Fiches Horaires LSoir Ecouen Ezanville 2023-2024;https://ilico.iledefrance-mobilites.fr/uploads/fiches/64df2a1629f47_AFFICHE%20A4%20BUS%20SOIR%20ECOUEN%20VARIANTE%20POINTS%20DARRETS.pdf;HORAIRE;Soir Écouen Ézanville
C02466;Horaires TàD 4591 - A compter du 25 août 2025;https://ilico.iledefrance-mobilites.fr/uploads/fiches/20250731T090636Z-89b483f4-f40d-4667-bded-05dd7170003a.pdf;HORAIRE;TàD 4591
C02470;Ligne 4411;https://ilico.iledefrance-mobilites.fr/uploads/plans/20240901T095212Z-05821ed7-9328-4e52-b38d-0602a115ba94.pdf;PLAN;4411
C02472;Ligne 4414 - été 2026;https://ilico.iledefrance-mobilites.fr/uploads/fiches/20260722T073024Z-7a05ae73-31e0-4568-a66d-0dd29d62dc60.pdf;HORAIRE;4414
C02473;Ligne 4415;https://ilico.iledefrance-mobilites.fr/uploads/plans/20240901T095356Z-b5ed3eeb-aa32-4b65-bbce-60096bcdfda0.pdf;PLAN;4415
C02474;Plan Bus de soirée d'Etampes;https://ilico.iledefrance-mobilites.fr/uploads/plans/20250820T080310Z-21e2b679-72cd-48c8-8e84-341fc1a700b2.pdf;PLAN;Soir Etampes
C02476;Horaires bus de soirée Villeparisis;https://ilico.iledefrance-mobilites.fr/uploads/fiches/65096922a8ad4_BS%20Villeparisis.pdf;HORAIRE;Soir Villeparisis
C02480;Horaires valables du 06 juillet au 31 août 2026;https://ilico.iledefrance-mobilites.fr/uploads/fiches/20260610T074455Z-4d04072f-a7a1-4833-a182-4881ade74fa7.pdf;HORAIRE;5411
C02481;Ligne 5322 - Horaires à partir du 6 juillet 2026;https://ilico.iledefrance-mobilites.fr/uploads/fiches/20260617T150218Z-7a9fef95-98ff-4e73-8e02-190dda770e39.pdf;HORAIRE;5322
C02481;Plan ligne 5322;https://ilico.iledefrance-mobilites.fr/uploads/plans/20250312T132414Z-46788c08-08cd-4b34-b2d6-754e69496a29.pdf;PLAN;5322
C02485;Horaires été valables du 13/07 au 22/08/26;https://ilico.iledefrance-mobilites.fr/uploads/fiches/20260703T115442Z-e1eea1c7-a2b0-45be-8df1-a7de2a85d798.pdf;HORAIRE;TàD 6131
C02485;Schéma ligne TAD;https://ilico.iledefrance-mobilites.fr/uploads/plans/20250828T065154Z-d192b1f1-79c5-4ef0-8941-0fcd21a25df3.pdf;PLAN;TàD 6131
C02489;Soir Meaux Nord;https://ilico.iledefrance-mobilites.fr/uploads/fiches/20250128T092040Z-0524968b-df82-4558-bd97-81fe2d2039ed.pdf;HORAIRE;Soir Meaux Nord
C02489;Soir Meaux Nord;https://ilico.iledefrance-mobilites.fr/uploads/plans/20250912T150108Z-6df15729-b46c-4289-b161-363a6cb5a110.pdf;PLAN;Soir Meaux Nord
C02493;TAD COURTABOEUF;https://ilico.iledefrance-mobilites.fr/uploads/fiches/20260721T144902Z-23228dcc-ec01-429f-b013-d38a6b325d0e.pdf;HORAIRE;TàD Courtaboeuf
C02496;Horaires hiver 2026 / 2027;https://ilico.iledefrance-mobilites.fr/uploads/fiches/20260730T100521Z-18af1763-b24f-44ab-a0b4-6a576afbc4c2.pdf;HORAIRE;TàD 4301/4530
C02503;Horaires valables du 13 juillet au 23 août 2026;https://ilico.iledefrance-mobilites.fr/uploads/fiches/20260531T201516Z-924a2e9a-afb0-4f4c-bed8-43cab87e4a38.pdf;HORAIRE;TàD Aigremont - Chambourcy
C02517;Ligne 1442;https://ilico.iledefrance-mobilites.fr/uploads/plans/20260731T152634Z-c1506c54-1e64-4184-b5cf-2b7702cc40c5.pdf;PLAN;1442 (ex CitéVal Ermont)
C02518;Fiche internet_3112;https://ilico.iledefrance-mobilites.fr/uploads/fiches/20260612T120432Z-0d810142-a905-4a52-b259-79aa8a11d93b.pdf;HORAIRE;3112
C02520;Plan 3116;https://ilico.iledefrance-mobilites.fr/uploads/plans/20250731T145308Z-fc31d611-aaa9-478b-a0e4-216712f37ac7.pdf;PLAN;3116
C02536;Fiche horaires 6595 - 5 janvier 2026;https://ilico.iledefrance-mobilites.fr/uploads/fiches/20260622T125102Z-d0c023ba-2c43-4ab0-8e90-fc9a13a84f79.pdf;HORAIRE;6595
C02537;Plan de ligne 6515;https://ilico.iledefrance-mobilites.fr/uploads/plans/20250819T130240Z-aa58861d-1792-4964-92a6-bd10fc92e7c9.pdf;PLAN;6515
C02545;Plan de ligne 6594;https://ilico.iledefrance-mobilites.fr/uploads/plans/20260319T083527Z-e837ab1b-888a-48c9-a342-9bd8579939db.pdf;PLAN;6594
C02548;Plan de ligne 6552;https://ilico.iledefrance-mobilites.fr/uploads/plans/20250819T133743Z-9df242dd-3fa8-4b22-bf9c-8e0678e3afd7.pdf;PLAN;6552
C02549;Plan de ligne 6553;https://ilico.iledefrance-mobilites.fr/uploads/plans/20251226T124447Z-e5a24bcf-e601-48c5-95b2-11d017f032a5.pdf;PLAN;6553
C02551;Fiche horaires 6555 - 5 janvier 2026;https://ilico.iledefrance-mobilites.fr/uploads/fiches/20260309T123947Z-10cf3f3e-5409-4f48-9df2-12e1b1c16e03.pdf;HORAIRE;6555
C02552;Fiche horaires 6556 - 1er septembre 2025;https://ilico.iledefrance-mobilites.fr/uploads/fiches/20251013T124206Z-de226e6f-3fd2-4533-aa1b-6431d81b85e7.pdf;HORAIRE;6556
C02553;Plan de ligne 6557;https://ilico.iledefrance-mobilites.fr/uploads/plans/20250819T133332Z-6bdb86bb-cea0-41f8-9a2d-e92485dd784e.pdf;PLAN;6557
C02557;Plan de ligne 6565;https://ilico.iledefrance-mobilites.fr/uploads/plans/20250819T133045Z-a61f2b2a-5d93-415d-86fa-e274bb1bdf8f.pdf;PLAN;6565
C02558;Fiche horaires 6566 - 1er septembre 2025;https://ilico.iledefrance-mobilites.fr/uploads/fiches/20251013T125140Z-fea91acb-dceb-4abb-9e07-f2700eac92f0.pdf;HORAIRE;6566
C02559;Fiche horaires 6567 - 1er septembre 2025;https://ilico.iledefrance-mobilites.fr/uploads/fiches/20251104T090904Z-5e24c206-8ba2-43e9-8f29-9f90b5c74d5f.pdf;HORAIRE;6567
C02562;Fiche horaires 6572 - 1er septembre 2025;https://ilico.iledefrance-mobilites.fr/uploads/fiches/20251013T125628Z-e8406b3e-a74d-4ead-82d2-c18e01b12166.pdf;HORAIRE;6572
C02565;Fiche horaires 6501 - 6 juillet au 23 août 2026;https://ilico.iledefrance-mobilites.fr/uploads/fiches/20260622T121807Z-b06c9fbd-1ac7-4007-864b-bd3ac87ad32e.pdf;HORAIRE;6501
C02566;Plan de ligne 6502;https://ilico.iledefrance-mobilites.fr/uploads/plans/20251226T122705Z-3d9466df-a8c0-4a04-87e8-5825fc70b811.pdf;PLAN;6502
C02568;Plan de ligne 6506;https://ilico.iledefrance-mobilites.fr/uploads/plans/20250819T135256Z-c8e96a7d-85fb-4f30-82de-ab385a78ee0b.pdf;PLAN;6506
C02571;Plan de ligne 6514;https://ilico.iledefrance-mobilites.fr/uploads/plans/20250819T135025Z-f0fc4c61-01e9-4053-8557-d6151dc8290a.pdf;PLAN;6514
C02574;TàD MONTEREAU Ouest;https://ilico.iledefrance-mobilites.fr/uploads/plans/20240726T065351Z-cb33d260-223d-4648-b8ad-3c2191ebaebb.pdf;PLAN;TàD Montereau Ouest
C02587;Plan TàD Meulan - Les Mureaux;https://ilico.iledefrance-mobilites.fr/uploads/plans/20260311T123106Z-1eaeadf0-d399-4292-b3d9-e52237cadc7f.pdf;PLAN;TàD Nord Meulan - Les Mureaux
C02589;Dépliant bus Soir Poissy Est / Ouest;https://ilico.iledefrance-mobilites.fr/uploads/fiches/20260306T152215Z-0f21b026-9e43-4cbe-a0de-81ae287a5a70.pdf;HORAIRE;Soir Poissy
C02596;Bus de soirée Moret;https://www.iledefrance-mobilites.fr/medias/portail-idfm-operateurs/c3277d9c-f8e9-4c99-a5da-1732cf3d13b4_IDFM-2033-DSP16-D%C3%A9pliant-200-200-Moret-sur-Loing-Busdesoir%C3%A9e_EXE.pdf;HORAIRE;Soir Moret - Veneux les Sablons
C02598;Plan;https://www.paris-saclay.com/app/uploads/2025/07/fiche_horaires_navette_R_vf.pdf;PLAN;R
C02599;Plan ligne 4318;https://ilico.iledefrance-mobilites.fr/uploads/plans/20260626T125927Z-7902b6ba-7bfd-4e82-9e7c-4b8f5f25113d.pdf;PLAN;4318
C02608;Horaires hiver 2026 / 2027;https://ilico.iledefrance-mobilites.fr/uploads/fiches/20260730T100637Z-6b83a986-d26b-4758-99b9-4814e2c35ea3.pdf;HORAIRE;4348
C02609;Plan de Bus ligne 4349;https://ilico.iledefrance-mobilites.fr/uploads/plans/20240523T094615Z-9f6bfd12-971e-4fd0-a785-cf41ff1c4e49.pdf;PLAN;4349
C02612;Horaires ligne 3452 valables du 1er septembre 2026 au 3 juillet 2027;https://ilico.iledefrance-mobilites.fr/uploads/fiches/20260806T133926Z-e6d38754-ebd1-40e1-8611-f4fbe035fa14.pdf;HORAIRE;3452
C02612;3452;https://ilico.iledefrance-mobilites.fr/uploads/plans/20240913T160029Z-9ca42f2c-84b1-48ad-a9ed-9be2311f1cf0.pdf;PLAN;3452
C02613;Horaires Ligne TàD Balade en Provinois;https://ilico.iledefrance-mobilites.fr/uploads/fiches/20260609T090717Z-64dd5dc0-da8f-4a77-84c5-68a94e12b03b.pdf;HORAIRE;TàD Balade en Provinois
C02615;Plan de la ligne 6311;https://ilico.iledefrance-mobilites.fr/uploads/plans/20260714T130038Z-6c9d1b51-c1e9-4395-bf9c-4ae8fb895959.pdf;PLAN;6311 (ex 11)
C02617;Dépliant_3102 été au 04072026;https://ilico.iledefrance-mobilites.fr/uploads/fiches/20260522T131055Z-da5f09f9-b837-49f7-98a4-9b1eb802c113.pdf;HORAIRE;3102
C02620;Fiche internet_3141 au 01092025;https://ilico.iledefrance-mobilites.fr/uploads/fiches/20250723T093147Z-e9d69787-71f0-4139-b298-d5b74bfd7ccc.pdf;HORAIRE;3141
C02621;Fiche internet_3142 au 01092025;https://ilico.iledefrance-mobilites.fr/uploads/fiches/20250723T093233Z-60d97755-4634-4d31-ada2-4817f9ea68d7.pdf;HORAIRE;3142
C02621;Plan de ligne 3142;https://ilico.iledefrance-mobilites.fr/uploads/plans/20250129T150053Z-c5fda4ee-78ea-4f70-99b1-2915e5e58ccc.pdf;PLAN;3142
C02628;Dépliant bus Soir Carrières-sous-Poissy;https://ilico.iledefrance-mobilites.fr/uploads/fiches/20260306T152348Z-b97c8307-2af2-4ffc-a34b-0a654841c74d.pdf;HORAIRE;Soir Carrières-sous-Poissy
C02632;Horaires ligne 4251 - Valables toute l'année à compter du 1er janvier 2026;https://ilico.iledefrance-mobilites.fr/uploads/fiches/20260323T140339Z-c73725b6-cd61-490b-8e25-5d3e64e081f9.pdf;HORAIRE;4251
C02634;Ligne N162 - Horaire rentrée Septembre 2025;https://ilico.iledefrance-mobilites.fr/uploads/fiches/20250804T143934Z-401f36a0-cc72-415e-8e0a-0309581ba7b0.pdf;HORAIRE;N162
C02659;Plan Ligne N123 à compter du 5 janvier 2026;https://ilico.iledefrance-mobilites.fr/uploads/plans/20260107T104234Z-9e854f33-28cf-4c70-9ee8-d684be2bca41.pdf;PLAN;N123
C02661;Horaire bus soir Brétigny - Le Plessis-Pâté - A compter du 3 novembre 2025;https://ilico.iledefrance-mobilites.fr/uploads/fiches/20251103T080114Z-8a3e9dc1-e958-46ed-ba3d-062753eb7b0e.pdf;HORAIRE;Soir Brétigny
C02668;Plan de ligne N72;https://ilico.iledefrance-mobilites.fr/uploads/plans/20251210T093837Z-58bdba61-cc44-4eec-861b-d65f83914b9d.pdf;PLAN;N72
C02671;Fiche Horaire du 24 août 2026 au 18 juillet 2027;https://ilico.iledefrance-mobilites.fr/uploads/fiches/20260810T155302Z-7c9aeaf1-364b-4da3-a26b-25ac5b297086.pdf;HORAIRE;2283
C02675;Fiche horaire - Soirée Persan-Beaumont;https://ilico.iledefrance-mobilites.fr/uploads/fiches/20250210T142245Z-fa2d472b-b10b-480f-90a8-9c21e5d3f567.pdf;HORAIRE;Soir Persan-Beaumont
C02676;Plan de ligne 2376;https://ilico.iledefrance-mobilites.fr/uploads/plans/20250917T094423Z-44061cac-bba0-4d75-b375-967873052789.pdf;PLAN;2376
C02677;Fiche horaire;https://www.aerobus.fr/d/horaires-aeroport-paris-beauvais-saint-denis;HORAIRE;A02 Saint Denis Université
C02681;Fiche horaires ligne 3752 du 25 aout 2025 au 23 aout 2026;https://ilico.iledefrance-mobilites.fr/uploads/fiches/20260127T093443Z-a3950648-78b1-4eb5-8a92-bf06fe7ed07b.pdf;HORAIRE;3752
C02681;Plan de bus ligne 3752;https://ilico.iledefrance-mobilites.fr/uploads/plans/20250116T134829Z-39f91d5b-7651-4693-9326-02deb47d7235.pdf;PLAN;3752
C02688;Bus de soirée Lagny;https://ilico.iledefrance-mobilites.fr/uploads/fiches/20260609T150316Z-132c8589-fc2f-439b-a6f9-f6232877e276.pdf;HORAIRE;Soir Lagny - Thorigny
C02688;Plan Bus de soirée Gare de Lagny Thorigny;https://ilico.iledefrance-mobilites.fr/uploads/plans/20240826T124205Z-432e0965-419f-46b4-8a7a-f1cf7ee1a68b.pdf;PLAN;Soir Lagny - Thorigny
C02689;Plan Bus de soirée Gare de Bussy-St-Georges;https://ilico.iledefrance-mobilites.fr/uploads/plans/20240826T124014Z-68fd9b61-dd2a-43ac-8fd3-ecb577d56ef4.pdf;PLAN;Soir Bussy-st-Georges
C02690;Plan Bus de soirée Gare de Val d'Europe;https://ilico.iledefrance-mobilites.fr/uploads/plans/20240826T124244Z-c5bc5ee2-fd28-4bc0-ba38-fa4e80e5d6be.pdf;PLAN;Soir Val d'Europe
C02693;Horaires valables à partir du 1er septembre 2025;https://ilico.iledefrance-mobilites.fr/uploads/fiches/20250813T140524Z-0c347ec6-1e6e-47b5-9e56-bf22db955043.pdf;HORAIRE;2151
C02698;Horaires valables à partir du 1er septembre 2025;https://ilico.iledefrance-mobilites.fr/uploads/fiches/20250813T140728Z-dc2d71dd-01c3-42cd-8774-a6f50dc01e11.pdf;HORAIRE;2156
C02699;Horaires valables à partir du 09 mars 2026;https://ilico.iledefrance-mobilites.fr/uploads/fiches/20260305T103619Z-764e8a57-c4e7-4173-9e49-36fcb0c2372c.pdf;HORAIRE;2158
C02700;Plan de ligne;https://ilico.iledefrance-mobilites.fr/uploads/plans/20250805T125326Z-06ab4f13-ca01-43f4-b328-4042ad4bedd1.pdf;PLAN;2159
C02703;Horaires valables à partir du 22 septembre 2025;https://ilico.iledefrance-mobilites.fr/uploads/fiches/20250919T101849Z-86faebd2-2fdf-48ea-8be2-f5c2a670b5d4.pdf;HORAIRE;2162
C02704;Plan de ligne;https://ilico.iledefrance-mobilites.fr/uploads/plans/20250805T125631Z-11d6270e-e813-482c-aa17-4a61d65b1700.pdf;PLAN;2164
C02720;Horaires ligne 3447 valables à partir du 1er septembre 2026;https://ilico.iledefrance-mobilites.fr/uploads/fiches/20260806T095518Z-26e0b99d-7c5f-4c2b-b4be-58a29f1c2d08.pdf;HORAIRE;3447
C02720;Ligne 3447;https://ilico.iledefrance-mobilites.fr/uploads/plans/20241024T142645Z-f6d89b2e-7b00-49ea-9145-0ae1780611b3.pdf;PLAN;3447
C02721;Horaires ligne 3418 valables à partir du 1er septembre 2026;https://ilico.iledefrance-mobilites.fr/uploads/fiches/20260805T114541Z-97db2dbd-3bb9-4931-a72f-887c60f2c8ea.pdf;HORAIRE;3418
C02724;Horaires ligne 4242 - Du 25 août 2025 au 12 juillet 2026;https://ilico.iledefrance-mobilites.fr/uploads/fiches/20260423T093410Z-e1c383bf-59c9-45e9-b189-c8d693ed367d.pdf;HORAIRE;4242
C02731;Plan ligne 6425  - Gare De Sartrouville;https://ilico.iledefrance-mobilites.fr/uploads/plans/20260702T144100Z-9a1aba17-2a12-4e9e-9ee1-2c53d1457184.pdf;PLAN;6425
C02735;TAD POINCY;https://ilico.iledefrance-mobilites.fr/uploads/fiches/20250919T112109Z-204abcbb-d3f7-4065-8be6-f1ad6f8cfff8.pdf;HORAIRE;TàD ZI Poincy
C02738;Horaires ligne 4278 - Du 1er septembre 2025 au 4 juillet 2026;https://ilico.iledefrance-mobilites.fr/uploads/fiches/20250820T105804Z-7799a755-9083-447d-a1d5-c6e8d2ea1fd5.pdf;HORAIRE;4278
C02739;Horaires ligne 4279 - Du 1er septembre 2025 au 4 juillet 2026;https://ilico.iledefrance-mobilites.fr/uploads/fiches/20250820T105345Z-6de38072-ee03-4c41-96b3-0936aefc2227.pdf;HORAIRE;4279
C02772;Plan de la ligne Bus Soirée Quincy-sous-Sénart;https://ilico.iledefrance-mobilites.fr/uploads/plans/20250226T102457Z-02d901d0-6e30-4535-8889-8190a589c352.pdf;PLAN;Soir Quincy-sous-Sénart
C02776;TAD Bois le Roi;https://ilico.iledefrance-mobilites.fr/uploads/fiches/20260414T161820Z-435a8502-2be5-433f-9339-17ac4e4d1dee.pdf;HORAIRE;TàD Bois-le-Roi Chartrettes
C02781;TAD Boissise-le-Roi Pringy;https://ilico.iledefrance-mobilites.fr/uploads/fiches/20250822T105059Z-c7bc06af-b5db-43c1-bc2c-342b9461ec0a.pdf;HORAIRE;TàD Boissise-le-Roi - Pringy
C02782;Plan de la ligne de Bus 4157;https://ilico.iledefrance-mobilites.fr/uploads/plans/20251121T101016Z-fb7b1a70-1aa7-45b2-8081-a7ae22b5ce04.pdf;PLAN;4157
C02791;Plan TàD zonal Dourdan;https://ilico.iledefrance-mobilites.fr/uploads/plans/20250820T075815Z-e712520b-3dee-4874-bcf4-a998d4b66982.pdf;PLAN;TàD Zonal Dourdan
C02795;Ligne 1433 - Horaires valables du 24 août 2026 au 29 août 2027 inclus.;https://ilico.iledefrance-mobilites.fr/uploads/fiches/20260810T103400Z-b56793b0-d979-4cb7-bafc-ca7a92be3ec4.pdf;HORAIRE;1433
C02798;Fiche horaires 6535 - 6 juillet au 23 août 2026;https://ilico.iledefrance-mobilites.fr/uploads/fiches/20260622T124238Z-d9f86f06-a4f7-4f7b-9756-80a4af32875d.pdf;HORAIRE;6535
C02798;Plan de ligne 6535;https://ilico.iledefrance-mobilites.fr/uploads/plans/20251226T124326Z-4d4ebef2-928c-4309-be78-d0f100f02cc7.pdf;PLAN;6535
C02799;Plan de ligne 6550;https://ilico.iledefrance-mobilites.fr/uploads/plans/20250704T081940Z-963ca0b2-b0bb-4a13-88ce-a5121314aecd.pdf;PLAN;6550
C02801;Plan de ligne 6578;https://ilico.iledefrance-mobilites.fr/uploads/plans/20250704T082802Z-4dba6475-2726-4dae-b01c-5e126faad3b8.pdf;PLAN;6578
C02803;Plan de ligne 6580;https://ilico.iledefrance-mobilites.fr/uploads/plans/20251226T131339Z-fa253d88-ab2e-4741-bfe5-a5141d45b889.pdf;PLAN;6580
C02804;Plan de ligne 6581;https://ilico.iledefrance-mobilites.fr/uploads/plans/20251226T131409Z-74a3cf69-79a2-415f-8ec6-7d14ec4b3bfb.pdf;PLAN;6581
C02806;Horaires valables du 1er septembre 2026 au 04 juillet 2027 inclus;https://ilico.iledefrance-mobilites.fr/uploads/fiches/20260804T095252Z-56308339-925d-46ba-a7b5-c5dead241be0.pdf;HORAIRE;5404
C02807;Horaires valables à partir du 01 septembre 2026 (ne circule pas l'été);https://ilico.iledefrance-mobilites.fr/uploads/fiches/20260804T114824Z-3dd2e370-3dd1-404b-a92c-d942227d9af6.pdf;HORAIRE;5463
C02811;Fiche WEB ligne 4666 (ancienne variante DM10A via Villejust) Hiver 2025-2026, à partir du lundi 15 septembre 2025;https://portail-idfm-operateurs.cdn.prismic.io/portail-idfm-operateurs/aKd7UKTt2nPbamfs_FicheWEBligne4666-anciennevarianteDM10AviaVillejust-Hiver2025-2026%2C%C3%A0partirdulundi15septembre2025.pdf;HORAIRE;4666
C02815;Fiche WEB ligne DM152S (467...) Hiver 2025-2026, à partir du lundi 5 janvier 2026;https://portail-idfm-operateurs.cdn.prismic.io/portail-idfm-operateurs/aTrjJHNYClf9oEbj_FicheWEBligneDM152S-467...-Hiver2025-2026%2C%C3%A0partirdulundi5janvier2026.pdf;HORAIRE;4672
C02817;Plan de ligne 4654;https://ilico.iledefrance-mobilites.fr/uploads/plans/20250825T082344Z-e6061c79-2743-41e6-b929-5e1acb382d6f.pdf;PLAN;4654
C02818;Plan de ligne 4652;https://ilico.iledefrance-mobilites.fr/uploads/plans/20250825T115410Z-120acf78-e062-4cd0-902b-9a937806de92.pdf;PLAN;4652
C02820;Plan Bus TàD 4318;https://ilico.iledefrance-mobilites.fr/uploads/plans/20250821T154416Z-92a6bc51-7585-4e87-b150-453bdf1a79a7.pdf;PLAN;TàD 4318
C02823;Horaires hiver 2026 / 2027;https://ilico.iledefrance-mobilites.fr/uploads/fiches/20260730T101058Z-6d375e54-9b52-4736-96df-a9ebe58fcc5c.pdf;HORAIRE;TàD 4343
C02824;Plan Bus TàD 4344;https://ilico.iledefrance-mobilites.fr/uploads/plans/20250821T150756Z-0df53bc8-99d0-407e-b463-c20a9945d101.pdf;PLAN;TàD 4344
C02830;Horaires valables du 6 juillet au 31 août 2026;https://ilico.iledefrance-mobilites.fr/uploads/fiches/20260623T123902Z-95282e9d-a007-431e-abf6-dcf9a3345699.pdf;HORAIRE;9514
C02832;Plan de ligne 9509;https://ilico.iledefrance-mobilites.fr/uploads/plans/20251103T162333Z-53d00b47-7df8-4d5b-82c9-32bd5198ae35.pdf;PLAN;9509
C02837;Ligne Soir - Ermont Eaubonne;https://ilico.iledefrance-mobilites.fr/uploads/plans/20260731T153836Z-ecd25a12-f5fa-4859-a2be-583e0ca31311.pdf;PLAN;Soir Ermont-Eaubonne
C02840;Ligne Soir Montigny Beauchamp - Horaires valables du 03 aout 2026 au 02 juillet 2027;https://ilico.iledefrance-mobilites.fr/uploads/fiches/20260731T154610Z-ee175a70-5628-4449-a424-6af058df3c66.pdf;HORAIRE;Soir Montigny-Beauchamp
C02844;Plan de ligne - 1411;https://ilico.iledefrance-mobilites.fr/uploads/plans/20260717T162607Z-58959b2b-3adb-40fd-b426-f44acded4ac5.pdf;PLAN;1411
C02847;Plan de ligne - 1430;https://ilico.iledefrance-mobilites.fr/uploads/plans/20260717T170001Z-569ed831-f545-48dd-b64f-6a532a612d63.pdf;PLAN;1430
C02850;Plan de ligne - 1424;https://ilico.iledefrance-mobilites.fr/uploads/plans/20260717T170501Z-8c2ed5f4-6a45-4768-8002-c4236c0c0ccd.pdf;PLAN;1424
C02851;Ligne 1425 - Horaires valables du 24 août 2026 au 29 août 2027 inclus.;https://ilico.iledefrance-mobilites.fr/uploads/fiches/20260810T100042Z-0d614f85-438d-4546-9cee-8553b4f92389.pdf;HORAIRE;1425
C02856;Dépliant du TàD de la Vallée de Chevreuse;https://ilico.iledefrance-mobilites.fr/uploads/fiches/20260513T122521Z-b5f834bf-a9fd-4631-b3c0-73c148812955.pdf;HORAIRE;TàD Vallée de Chevreuse
C02864;Plan de ligne - 762;https://ilico.iledefrance-mobilites.fr/uploads/plans/20260608T092627Z-22f5715f-04b1-4cfa-8fd0-2ccdb1ba3012.pdf;PLAN;762 (ex 502)
C02868;Plan de ligne - 729;https://ilico.iledefrance-mobilites.fr/uploads/plans/20260608T092802Z-2819d71d-79bf-4427-a996-4f09f00b1e64.pdf;PLAN;729 (ex 9S)
C02882;3450;https://ilico.iledefrance-mobilites.fr/uploads/plans/20260728T134440Z-0d77b772-5caf-4305-a944-ef810b7fa776.pdf;PLAN;3450
C00092;Horaires hiver 2026 / 2027;https://ilico.iledefrance-mobilites.fr/uploads/fiches/20260730T092451Z-67566438-d524-4c99-9d2a-ec32b37a4a90.pdf;HORAIRE;4305
C00092;Horaires été 2026;https://ilico.iledefrance-mobilites.fr/uploads/fiches/20260625T111754Z-5e02d69b-25f7-4c09-b023-62c7ca637a1a.pdf;HORAIRE;4305
C00093;Fiche WEB ligne 4634 PVS été du 25 août 2025 au 12 juillet 2026 et du 24 août au 31 août 2026;https://portail-idfm-operateurs.cdn.prismic.io/portail-idfm-operateurs/eWkR4tcs6Pwcs_2m_FicheWEBligne4634PVS%C3%A9t%C3%A9du25ao%C3%BBt2025au12juillet2026etdu24ao%C3%BBtau31ao%C3%BBt2026.pdf;HORAIRE;4634
C00094;Horaires Ligne 4515 - du 13 juillet au 23 août 2026;https://ilico.iledefrance-mobilites.fr/uploads/fiches/20260611T125253Z-78de66bd-2d12-4ace-88e8-f9dff1a0e330.pdf;HORAIRE;4515
C00097;Ligne 4442 - été 2026;https://ilico.iledefrance-mobilites.fr/uploads/fiches/20260722T073536Z-ec4c6a90-4e35-40a3-b146-6f956514baca.pdf;HORAIRE;4442
C00097;Ligne 4442;https://ilico.iledefrance-mobilites.fr/uploads/plans/20240901T094747Z-17a0788c-88a4-423c-9986-4830893f3a4e.pdf;PLAN;4442
C00098;Ligne 4441;https://ilico.iledefrance-mobilites.fr/uploads/plans/20240901T085847Z-2cb29dcf-8893-47ef-a1cd-48b774a4ca77.pdf;PLAN;4441
C00102;Horaires hiver 2026 / 2027;https://ilico.iledefrance-mobilites.fr/uploads/fiches/20260730T092723Z-f96b1921-293b-4e16-9583-292cbe40c085.pdf;HORAIRE;4325
C00102;Plan de Bus ligne 4325;https://ilico.iledefrance-mobilites.fr/uploads/plans/20240523T084651Z-81036e92-bc99-4b66-bd88-ca78b899f80a.pdf;PLAN;4325
C00103;Horaires Ligne 4510 - A compter du 24 août 2026 au 11 juillet 2027;https://ilico.iledefrance-mobilites.fr/uploads/fiches/20260806T095703Z-a891f795-41d3-4879-a4bd-2450db5be6a3.pdf;HORAIRE;4510
C00103;Horaires Ligne 4510 - du 13 juillet au 23 août 2026;https://ilico.iledefrance-mobilites.fr/uploads/fiches/20260611T125050Z-a5e8c1d4-03f9-4be1-953d-12520bac8b9c.pdf;HORAIRE;4510
C00109;Plan de ligne 5445;https://ilico.iledefrance-mobilites.fr/uploads/plans/20250829T115438Z-f31671b0-17c8-4451-abfc-5af7ccd1ad02.pdf;PLAN;5445
C00111;Plan de ligne 6511;https://ilico.iledefrance-mobilites.fr/uploads/plans/20251226T123014Z-7526bba5-91d5-4330-8f93-f1c22fcd1b53.pdf;PLAN;6511
C00112;Ligne 5314 - Horaire à partir du 6 juillet 2026;https://ilico.iledefrance-mobilites.fr/uploads/fiches/20260617T145740Z-24416fd7-eae7-40d5-ada6-8da515f4ad6a.pdf;HORAIRE;5314
C00112;Plan de ligne 5314;https://ilico.iledefrance-mobilites.fr/uploads/plans/20250417T092002Z-99ad6385-4364-4193-98c0-182b61200fa7.pdf;PLAN;5314
C00113;Horaires d'été - L6217 - du 13 juillet au 23 août 2026;https://ilico.iledefrance-mobilites.fr/uploads/fiches/20260713T092102Z-2c5fef57-47c4-4950-b014-cb8fc792e3b5.pdf;HORAIRE;6217
C00121;Horaires valables du 1er septembre 2026 au 04 juillet 2027 inclus;https://ilico.iledefrance-mobilites.fr/uploads/fiches/20260804T100318Z-3afe43b9-326c-41a4-bd75-8dbcfc8535d4.pdf;HORAIRE;5443
C00125;Ligne 5271 - Horaire rentrée Septembre 2025;https://ilico.iledefrance-mobilites.fr/uploads/fiches/20260428T103503Z-aca80ce1-7937-4c6a-8c9e-08e19e042bb4.pdf;HORAIRE;5271
C00125;Plan de ligne 5271;https://ilico.iledefrance-mobilites.fr/uploads/plans/20250804T123659Z-40e8dee1-4fa3-496f-aa53-3f66b392fc05.pdf;PLAN;5271
C00126;plan ligne 5299;https://ilico.iledefrance-mobilites.fr/uploads/plans/20250804T124640Z-a0b04190-0a52-43a6-9ead-ba097ef4ccba.pdf;PLAN;5299
C00128;Fiche horaires 6560 - 5 janvier 2026;https://ilico.iledefrance-mobilites.fr/uploads/fiches/20251219T152819Z-b7cd3006-37ad-4012-8fd9-d43548e8bab3.pdf;HORAIRE;6560
C00129;Plan de ligne 6561;https://ilico.iledefrance-mobilites.fr/uploads/plans/20251226T130522Z-8d8d62f6-5816-4f61-896b-20ef76224b4b.pdf;PLAN;6561
C00130;Fiche horaires 6562 - 5 janvier 2026;https://ilico.iledefrance-mobilites.fr/uploads/fiches/20260306T150228Z-fab7d99e-784f-4012-8180-9c0e897a4e1e.pdf;HORAIRE;6562
C00130;Plan de ligne 6562;https://ilico.iledefrance-mobilites.fr/uploads/plans/20251226T130553Z-ba7270a5-da7b-4670-812f-15f10e88b231.pdf;PLAN;6562
C00138;Ligne 5212-Horaires à partir de Septembre 2025;https://ilico.iledefrance-mobilites.fr/uploads/fiches/20260413T110108Z-0c37368c-f56a-4ee4-8c26-1e4d94d958ad.pdf;HORAIRE;5212
C00140;Plan de ligne 1115;https://ilico.iledefrance-mobilites.fr/uploads/plans/20251215T152458Z-0685c187-47e2-424c-a5fb-a41e24e10a61.pdf;PLAN;1115
C00141;Horaires valables à compter du 05 janvier 2026;https://ilico.iledefrance-mobilites.fr/uploads/fiches/20251212T152614Z-472cef3c-b22b-42c3-8fe3-fc8f133ce94f.pdf;HORAIRE;1130
C00142;Horaires valables à compter du 05 janvier 2026;https://ilico.iledefrance-mobilites.fr/uploads/fiches/20251212T152735Z-9c9363ae-eaa0-436f-8140-70dfab45d6a9.pdf;HORAIRE;1131
C00143;Plan de la ligne 7826;https://ilico.iledefrance-mobilites.fr/uploads/plans/20260714T122013Z-89a5e790-4332-4516-ae86-019e6bed6c77.pdf;PLAN;7826 (ex Express 1)
C00144;8 > 6308 - Horaires valables du 13 juillet au 23 août 2026;https://ilico.iledefrance-mobilites.fr/uploads/fiches/20260531T200053Z-634174fc-d0cc-41be-a83c-e72f6d286442.pdf;HORAIRE;6308 (ex 8)
C00150;15 > 6315 - Horaires valables du 13 juillet au 23 août 2026;https://ilico.iledefrance-mobilites.fr/uploads/fiches/20260531T200252Z-71dd7b31-d58a-4b13-a4f6-301928d138ed.pdf;HORAIRE;6315 (ex 15)
C00151;Plan de la ligne 7816;https://ilico.iledefrance-mobilites.fr/uploads/plans/20250321T155831Z-12145f19-03a1-422e-acf8-7ef6d032d794.pdf;PLAN;7816
C00154;21 > 6321 - Horaires valables du 13 juillet au 23 août 2026;https://ilico.iledefrance-mobilites.fr/uploads/fiches/20260531T200335Z-aeb953bd-b162-474a-8fb0-54f53f1c076f.pdf;HORAIRE;6321 (ex 21)
C00154;Plan de la ligne 6321;https://ilico.iledefrance-mobilites.fr/uploads/plans/20260714T123344Z-563d87f6-746c-4ac7-b321-09a77862a193.pdf;PLAN;6321 (ex 21)
C00157;Plan de la ligne 6307;https://ilico.iledefrance-mobilites.fr/uploads/plans/20260714T124016Z-4d18d4f4-d544-4c77-b42d-37f9501d4d09.pdf;PLAN;6307
C00160;Plan de la ligne 6301;https://ilico.iledefrance-mobilites.fr/uploads/plans/20260714T124432Z-1c2300ec-891a-41a2-b2a6-29ed837ccecb.pdf;PLAN;6301
C00167;Ligne 4461 - Horaires valables du 1er septembre 2026 au 4 juillet 2027;https://ilico.iledefrance-mobilites.fr/uploads/fiches/20260807T155324Z-399d0ed4-f6b0-4900-8407-c98a311f0f03.pdf;HORAIRE;4461
C00170;Plan ligne 7810;https://ilico.iledefrance-mobilites.fr/uploads/plans/20250228T191802Z-0625c5c1-6eca-4951-b251-89391051befc.pdf;PLAN;7810
C00171;Plan de ligne 7811;https://ilico.iledefrance-mobilites.fr/uploads/plans/20250321T165419Z-58a7cfca-5729-42f1-b1d5-35030ead0116.pdf;PLAN;7811
C00179;plan ligne 5226;https://ilico.iledefrance-mobilites.fr/uploads/plans/20250228T144439Z-d8ffb07f-d828-4da8-8ca2-5e8b1518a4e5.pdf;PLAN;5226
C00182;plan ligne 5301;https://ilico.iledefrance-mobilites.fr/uploads/plans/20260615T140913Z-b835c57b-ea1a-42b5-8646-5e9ec0c32717.pdf;PLAN;5301
C00183;Ligne 5302 - Horaire à partir du 6 juillet 2026;https://ilico.iledefrance-mobilites.fr/uploads/fiches/20260617T144424Z-849143e7-d4c9-4f5d-befe-e3c8bb6f713b.pdf;HORAIRE;5302
C00183;plan ligne 5302;https://ilico.iledefrance-mobilites.fr/uploads/plans/20250228T133625Z-315e55a8-eb41-40fd-bf84-f6f05628d5ba.pdf;PLAN;5302
C00187;Plan de la ligne 5333 à partir de septembre 2026;https://ilico.iledefrance-mobilites.fr/uploads/plans/20260625T154352Z-844a0099-7487-49cc-a022-dd149903f5dd.pdf;PLAN;5333
C00197;Plan de la ligne 15;https://ilico.iledefrance-mobilites.fr/uploads/plans/20240903T073208Z-ded15164-ff2d-40fb-90c2-583529e59baa.pdf;PLAN;15
C00198;Horaires valables à partir du 22 septembre 2025;https://ilico.iledefrance-mobilites.fr/uploads/fiches/20250919T101725Z-b5daaccc-2637-4116-9ec9-843de25e6e6b.pdf;HORAIRE;2116
C00199;Horaires valables du 06 juillet 2026 au 23 août 2026;https://ilico.iledefrance-mobilites.fr/uploads/fiches/20260703T090208Z-556c97d6-3b33-4b66-9111-9728bcf74163.pdf;HORAIRE;2117
C00199;Horaires valables du 25 août 2025 au 05 juillet 2026;https://ilico.iledefrance-mobilites.fr/uploads/fiches/20250813T134141Z-f3b5c0a9-eedb-418f-9402-b1ff17c75a38.pdf;HORAIRE;2117
C00199;Plan de ligne;https://ilico.iledefrance-mobilites.fr/uploads/plans/20250805T124315Z-8e596251-7391-4c72-8373-56f026e95c8f.pdf;PLAN;2117
C00201;Horaires valables à partir du 04 mai 2026;https://ilico.iledefrance-mobilites.fr/uploads/fiches/20260430T135816Z-cb836aa0-5071-4474-bec1-747d70b1b3c1.pdf;HORAIRE;2119
C00202;Horaires valables à partir du 25 août 2025;https://ilico.iledefrance-mobilites.fr/uploads/fiches/20250813T135925Z-2cf8362c-f541-4592-9c8c-d658256de76d.pdf;HORAIRE;2121
C00203;Horaires valables du 06 juillet 2026 au 23 août 2026;https://ilico.iledefrance-mobilites.fr/uploads/fiches/20260703T090114Z-402e8e1d-beb5-4998-aaa2-626f9615b722.pdf;HORAIRE;2122
C00206;Ligne 30D - Horaires valables à partir du 25 août 2025;https://ilico.iledefrance-mobilites.fr/uploads/fiches/20250826T122846Z-1b9ae43f-5b59-4332-909f-f6b34b361792.pdf;HORAIRE;30 D (future 1603)
C00207;Plan de la ligne R8;https://ilico.iledefrance-mobilites.fr/uploads/plans/20241014T135418Z-30244b7e-fedf-416a-a336-10c7beef4e3c.pdf;PLAN;R8 (future 1638)
C00208;Plan de la ligne 31;https://ilico.iledefrance-mobilites.fr/uploads/plans/651437913894a_KEOLIS%20CIF%20DSP%206%20-%20Ligne%2031-repaired.pdf;PLAN;31 (future 1631)
C00213;Plan de la ligne 39;https://ilico.iledefrance-mobilites.fr/uploads/plans/20260701T092824Z-ba24bf54-94a7-4eb3-8384-7bdf55fe70bc.pdf;PLAN;39
C00218;Plan de ligne 1347;https://ilico.iledefrance-mobilites.fr/uploads/plans/20240405T161307Z-6cb53207-4be7-4801-a06c-c26d8bf0b5ee.pdf;PLAN;1347
C00220;Plan de ligne 1350;https://ilico.iledefrance-mobilites.fr/uploads/plans/20240405T161937Z-0170a0f7-fc2b-4539-ab98-f619e1384fcd.pdf;PLAN;1350
C00221;Horaires valables à partir du 05 janvier 2026;https://ilico.iledefrance-mobilites.fr/uploads/fiches/20260213T094621Z-5041e7a2-7ccc-4e2c-a604-4c18e32efda3.pdf;HORAIRE;2127
C00223;Ligne EX 93 - Horaires valables à partir du 25 août 2025;https://ilico.iledefrance-mobilites.fr/uploads/fiches/20250826T123938Z-3cf67cef-56a6-4f98-9889-96f6aab0fb8f.pdf;HORAIRE;EX 93 (future 9301)
C00233;Ligne R6 - Horaires valables à partir du 25 août 2025;https://ilico.iledefrance-mobilites.fr/uploads/fiches/20250826T124652Z-4d6c7bb9-6a53-4c66-92a8-f6744bb88c5f.pdf;HORAIRE;R6 (future 1616)
C00233;Plan de la ligne R6;https://ilico.iledefrance-mobilites.fr/uploads/plans/20241014T125424Z-cfa18513-b827-4dc8-a742-2a45837aff28.pdf;PLAN;R6 (future 1616)
C00242;Ligne R107 -  Horaires valables à partir du 1er septembre 2025 en période scolaire;https://ilico.iledefrance-mobilites.fr/uploads/fiches/20250829T163243Z-a4b44a15-7da9-418c-8b9e-1583193d3d30.pdf;HORAIRE;R107 (future 1667)
C00244;Ligne R109 -  Horaires valables à partir du 1er septembre 2025 en période scolaire;https://ilico.iledefrance-mobilites.fr/uploads/fiches/20250829T163335Z-c26a0c38-be53-44a7-918f-f6927608d327.pdf;HORAIRE;R109 (future 1669)
C00246;Plan de ligne;https://ilico.iledefrance-mobilites.fr/uploads/plans/20250805T123543Z-b7e66580-a78b-4ea4-8444-8556e2110bee.pdf;PLAN;2102
C00252;Horaires valables du 06 juillet 2026 au 23 août 2026;https://ilico.iledefrance-mobilites.fr/uploads/fiches/20260703T090653Z-9254ed79-284f-4fcc-b375-979355126214.pdf;HORAIRE;2109
C00252;Horaires valables du 04 mai 2026 au 05 juillet 2026;https://ilico.iledefrance-mobilites.fr/uploads/fiches/20260430T135423Z-0027044f-6bee-4cd0-8298-6b05f04b1ce9.pdf;HORAIRE;2109
C00254;Horaires valables du 06 juillet 2026 au 23 août 2026;https://ilico.iledefrance-mobilites.fr/uploads/fiches/20260703T090750Z-0916f814-4c24-46e8-a52d-6cb3a24c67fb.pdf;HORAIRE;2111
C00254;Plan de ligne;https://ilico.iledefrance-mobilites.fr/uploads/plans/20250805T124213Z-606f84a9-abf3-408c-8012-b8a6ec50ee2d.pdf;PLAN;2111
C00260;Horaires valables à partir du 1er septembre 2025;https://ilico.iledefrance-mobilites.fr/uploads/fiches/20250813T141234Z-7ab33bb9-3e77-4e30-8e8b-273491ddb4ef.pdf;HORAIRE;2163
C00260;Plan de ligne;https://ilico.iledefrance-mobilites.fr/uploads/plans/20250805T125603Z-2ea900a9-6045-4426-ae9c-88806118003f.pdf;PLAN;2163
C00262;Plan ligne 2377 (ex 777);https://ilico.iledefrance-mobilites.fr/uploads/plans/20250915T121249Z-cc268411-247c-4ef8-8cd6-c111f813347e.pdf;PLAN;2377
C00263;Plan Ligne Express 100;https://ilico.iledefrance-mobilites.fr/uploads/plans/658da754c8655_100%20plan.pdf;PLAN;Express 100
C00270;Plan de ligne 6540;https://ilico.iledefrance-mobilites.fr/uploads/plans/20250819T120007Z-c5e71cfa-ba6b-4f3e-807d-65ad71a91016.pdf;PLAN;6540
C00271;Plan de ligne 6591;https://ilico.iledefrance-mobilites.fr/uploads/plans/20250819T120050Z-5e5af302-d235-49ea-a89b-a2cc27b38843.pdf;PLAN;6591
C00275;Fiche horaires 6570 - 5 janvier 2026;https://ilico.iledefrance-mobilites.fr/uploads/fiches/20260302T170204Z-d2d6da2c-c23a-445b-8db5-320dfbb07674.pdf;HORAIRE;6570
C00279;Plans lignes 5295;https://ilico.iledefrance-mobilites.fr/uploads/plans/20250804T124612Z-7043e96d-d676-4a76-9843-ba29acc50e0b.pdf;PLAN;5295
C00285;Plan de ligne 6536;https://ilico.iledefrance-mobilites.fr/uploads/plans/20250819T120556Z-712c4da0-705c-4587-9e5c-bd5387608ac4.pdf;PLAN;6536
C00286;Plan de ligne 6510;https://ilico.iledefrance-mobilites.fr/uploads/plans/20250819T120635Z-66e1e73d-0ae0-4adf-a401-10d0264c018a.pdf;PLAN;6510
C00287;Horaires valables à compter du 6 juillet au 31 août 2026;https://ilico.iledefrance-mobilites.fr/uploads/fiches/20260701T151302Z-eb9b79d4-65fd-4e5f-8bf4-7fe0d879b67a.pdf;HORAIRE;7804
C00288;Horaires valables du 1er septembre 2026 au 04 juillet 2027 inclus;https://ilico.iledefrance-mobilites.fr/uploads/fiches/20260804T101632Z-f07ff52d-fc6c-4acf-887a-772074d0c015.pdf;HORAIRE;5437
C00297;Horaires valables à partir du 6 juillet 2026;https://ilico.iledefrance-mobilites.fr/uploads/fiches/20260703T093928Z-bb2f8372-1594-4aa5-9ba1-73d8adad8f27.pdf;HORAIRE;6403
C00299;Plan Ligne 1510;https://ilico.iledefrance-mobilites.fr/uploads/plans/64df23f63b3c0_Ligne_VALMY_1510_repaired.pdf;PLAN;1510
C00301;Fiche horaire été;https://ilico.iledefrance-mobilites.fr/uploads/fiches/20260616T101812Z-d08b6547-7f0c-4dca-9a80-d7da0515f3c2.pdf;HORAIRE;1512
C00301;Plan Ligne 1512;https://ilico.iledefrance-mobilites.fr/uploads/plans/64df20da52d30_Ligne_VALMY_1512.pdf;PLAN;1512
C00302;Plan Ligne 1513;https://ilico.iledefrance-mobilites.fr/uploads/plans/64df211a745a3_Ligne_VALMY_1513_repaired.pdf;PLAN;1513
C00303;Plan ligne 6418 - Argenteuil-Champagne Roussillon;https://ilico.iledefrance-mobilites.fr/uploads/plans/20260702T142026Z-2605ff1c-dfb8-40a6-8f48-809939a9822a.pdf;PLAN;6418
C00305;Fiche horaire 1533;https://ilico.iledefrance-mobilites.fr/uploads/fiches/20260313T110230Z-c31a2295-8086-45b9-8b49-d1ab991c00e0.pdf;HORAIRE;1533
C00307;Plan Ligne 1537;https://ilico.iledefrance-mobilites.fr/uploads/plans/64df21a01c75d_Ligne_VALMY_1537.pdf;PLAN;1537
C00322;Plan 4303;https://ilico.iledefrance-mobilites.fr/uploads/plans/64abbb87e5cd7_ligne%204303.pdf;PLAN;4303
C00323;Horaires Ligne 4530 - du 13 juillet au 23 août 2026;https://ilico.iledefrance-mobilites.fr/uploads/fiches/20260611T130239Z-4d880fd6-ab1d-46a9-8ff6-a1ada0a8f6bb.pdf;HORAIRE;4530
C00332;Plan ligne 6430 - Gare de Chatou-Croissy - Gare du Vésinet Centre;https://ilico.iledefrance-mobilites.fr/uploads/plans/20260703T061751Z-9395eeb9-ffd0-4838-8ebd-7af6e4217a09.pdf;PLAN;6430
C00334;Horaires valables à partir du 6 juillet 2026;https://ilico.iledefrance-mobilites.fr/uploads/fiches/20260703T083026Z-8a4d5e36-aab5-4120-bf35-c0aa42dfdee3.pdf;HORAIRE;6436
C00334;Plan ligne 6436  - Gare de Houilles-Carrières (Circuit);https://ilico.iledefrance-mobilites.fr/uploads/plans/20260703T063305Z-cc4f62f0-29c7-430e-a491-17bf3071469a.pdf;PLAN;6436
C00337;Horaires valables à partir 6 juillet 2026;https://ilico.iledefrance-mobilites.fr/uploads/fiches/20260703T082831Z-d9b253a3-567e-4687-a65c-e1351c7f5658.pdf;HORAIRE;6429
C00339;Schéma de ligne 401 à compter du 28 avril 2025;https://ilico.iledefrance-mobilites.fr/uploads/plans/20250422T071418Z-287f7478-fed8-457c-9963-abb7e1911f83.pdf;PLAN;401
C00340;Schéma de ligne 402 à compter du 1er juillet 2026;https://ilico.iledefrance-mobilites.fr/uploads/plans/20260803T071326Z-710a1fc1-9656-464d-84ee-570a936b0b2f.pdf;PLAN;402
C00343;FH ligne 6;https://ilico.iledefrance-mobilites.fr/uploads/fiches/20260204T155418Z-dc469695-b39d-4081-84a2-e9ea723bb852.pdf;HORAIRE;6
C00344;Plan ligne 7;https://ilico.iledefrance-mobilites.fr/uploads/plans/20260204T155532Z-1443ecc1-533b-466b-bdd0-393f5bf913df.pdf;PLAN;7
C00346;Ligne 409 Horaires à compter du 1er sept. 2026;https://ilico.iledefrance-mobilites.fr/uploads/fiches/20260731T085450Z-b3dcb5c3-032a-4ee6-adc7-23b34ebd5b65.pdf;HORAIRE;409
C00350;Horaires ligne 14 à partir du  01 décembre 2025;https://www.valleesudbus.fr/api/1.0/timetablefile/860414840/raw/fh_14_vsgp_hiv_24-25_web.pdf;HORAIRE;14
C00355;Plan de la ligne Bus 4113;https://ilico.iledefrance-mobilites.fr/uploads/plans/20250717T102920Z-b0dfa7c5-550f-4983-ad63-b2e51708accc.pdf;PLAN;4113
C00374;Horaires valables à compter du 25 août 2025;https://ilico.iledefrance-mobilites.fr/uploads/fiches/20250821T073629Z-22685deb-6220-4633-8950-6a721162ef64.pdf;HORAIRE;4151
C00374;Plan de la ligne de Bus 4151;https://ilico.iledefrance-mobilites.fr/uploads/plans/20250227T164724Z-55a8ea61-1457-43cc-95b2-63b94d6b195d.pdf;PLAN;4151
C00376;Plan de la ligne de bus 4116;https://ilico.iledefrance-mobilites.fr/uploads/plans/20260120T135315Z-141f6630-0790-461a-8d19-8d7c1addeb72.pdf;PLAN;4116
C00380;Horaires ligne 4277 - Du 1er septembre 2025 au 4 juillet 2026;https://ilico.iledefrance-mobilites.fr/uploads/fiches/20260323T154648Z-387fcc07-f0bd-4c40-89ac-940cfda421aa.pdf;HORAIRE;4277
C00385;Horaires lignes 4203 - Du 13 juillet au 23 août 2026;https://ilico.iledefrance-mobilites.fr/uploads/fiches/20260706T073547Z-1add7148-d1c1-4f73-b892-d332b227fddc.pdf;HORAIRE;4203
C00388;Horaires ligne 4243 - Du 25 août 2025 au 12 juillet 2026;https://ilico.iledefrance-mobilites.fr/uploads/fiches/20260323T112231Z-79315e0c-687f-40ef-bbdd-00d287390d07.pdf;HORAIRE;4243
C00388;Plan ligne 4243;https://ilico.iledefrance-mobilites.fr/uploads/plans/20260706T073401Z-d4d89efc-1b73-4ab6-a5b6-05a4a939d331.pdf;PLAN;4243
C00391;Plan ligne 4334;https://ilico.iledefrance-mobilites.fr/uploads/plans/20241028T145620Z-deb8e28a-d5b5-4cd6-99bd-53e180489232.pdf;PLAN;4334
C00399;Horaires valables du 6 juillet au 31 août 2026;https://ilico.iledefrance-mobilites.fr/uploads/fiches/20260623T123827Z-6d1043bb-ffe4-4f09-b13c-f2e4785f8825.pdf;HORAIRE;1113
C00403;Ligne 5110 - Schéma de ligne;https://ilico.iledefrance-mobilites.fr/uploads/plans/20260109T164257Z-d0b3a74e-14db-41d1-abe7-28eb6cf96c9b.pdf;PLAN;5110
C00411;Horaires de la ligne 7815;https://ilico.iledefrance-mobilites.fr/uploads/fiches/20251222T152541Z-5d8f3716-7fcb-4f9f-b5bf-35666f928035.pdf;HORAIRE;7815
C00411;Plan de la ligne 7815;https://ilico.iledefrance-mobilites.fr/uploads/plans/20250321T155859Z-e6ba88e9-a695-4a49-b5c0-f161443e844d.pdf;PLAN;7815
C00420;Plan de la ligne 6287;https://ilico.iledefrance-mobilites.fr/uploads/plans/20260811T064559Z-1efa132c-398d-4ba8-975b-16e565206e7b.pdf;PLAN;6287
C00425;Plan de la ligne 6241;https://ilico.iledefrance-mobilites.fr/uploads/plans/20260811T064735Z-cab093bf-bec9-4338-9d8a-76bf46b8abd8.pdf;PLAN;6241
C00426;Horaires valables à compter du 6 juillet au 31 août 2026;https://ilico.iledefrance-mobilites.fr/uploads/fiches/20260701T150005Z-f9c6654f-71fc-40ea-9e3a-c0c5a94406ca.pdf;HORAIRE;7818
C00446;Plan ligne 1518;https://ilico.iledefrance-mobilites.fr/uploads/plans/20260605T135847Z-3d1ff9c4-1daa-4371-a1d7-9070be506133.pdf;PLAN;1518
C00454;Fiche horaires 6576 - 1er septembre 2025;https://ilico.iledefrance-mobilites.fr/uploads/fiches/20251013T130508Z-05275ef8-c865-440c-bac4-ec2d746a0766.pdf;HORAIRE;6576
C00454;Plan de ligne 6576;https://ilico.iledefrance-mobilites.fr/uploads/plans/20250819T120712Z-3b787134-e47b-4647-a22e-799bf7eb12f3.pdf;PLAN;6576
C00455;Ligne 1451 - Horaires valables du 31 août 2026 au 3 juillet 2027 inclus.;https://ilico.iledefrance-mobilites.fr/uploads/fiches/20260810T105349Z-bed1f687-afa9-4b8b-99fb-05c114014f06.pdf;HORAIRE;1451 (ex 30-28)
C00456;Plan de ligne 1351;https://ilico.iledefrance-mobilites.fr/uploads/plans/20240405T163628Z-69e0813c-3c46-435a-ac58-8b220d005a9c.pdf;PLAN;1351
C00460;Plan de ligne - 1454;https://ilico.iledefrance-mobilites.fr/uploads/plans/20260717T163335Z-2980b09b-2091-4fdc-b3af-985702e2d8ac.pdf;PLAN;1454 (ex 30-33)
C00462;Fiche horaire 1316;https://ilico.iledefrance-mobilites.fr/uploads/fiches/20250716T074743Z-3b4727bb-0434-48bf-a490-c972ae032d60.pdf;HORAIRE;1316
C00465;Fiche horaire été;https://ilico.iledefrance-mobilites.fr/uploads/fiches/20260616T102013Z-9d89e666-520b-4a03-94b3-8e7dfada53bd.pdf;HORAIRE;1519
C00472;Ligne 1412- Horaires valables du 3 aout 2026 au 23 aout 2026 inclus.;https://ilico.iledefrance-mobilites.fr/uploads/fiches/20260717T165119Z-5c1aa499-899f-4ca1-a8ae-263721eeee47.pdf;HORAIRE;1412 (ex 95-03B)
C00479;Fiche horaires valables du 1er septembre 2025 au 30 août 2026;https://ilico.iledefrance-mobilites.fr/uploads/fiches/20251031T141914Z-16249fc9-f2c4-48ca-be9c-5f840f74622f.pdf;HORAIRE;Navette de Bouffemont
C00480;Ligne 1435 - Horaires valables du 24 août 2026 au 29 août 2027 inclus.;https://ilico.iledefrance-mobilites.fr/uploads/fiches/20260810T103721Z-b7bb77ac-e8a1-4940-a593-8cb998eee097.pdf;HORAIRE;1435 (ex CitéVal Nord Herblay)
C00481;Ligne 1436;https://ilico.iledefrance-mobilites.fr/uploads/plans/20260731T153138Z-b2dfa6b6-99fb-4d9f-962d-006b51701d61.pdf;PLAN;1436 (ex CitéVal Sud Herblay)
C00485;Plan Ligne 1520;https://ilico.iledefrance-mobilites.fr/uploads/plans/20260227T142241Z-8f590207-29eb-438e-a36b-a17092465a0e.pdf;PLAN;1520
C00486;Plan Ligne 1521;https://ilico.iledefrance-mobilites.fr/uploads/plans/64df25cb9b13c_Ligne_VALMY_1521_repaired.pdf;PLAN;1521
C00487;Ligne 1441;https://ilico.iledefrance-mobilites.fr/uploads/plans/20260731T151043Z-39d112f1-5348-4711-a869-205f6381dbd7.pdf;PLAN;1441 (ex 38-04)
C00498;Ligne 5363 - Nouveaux Horaires à partir du 1er Septembre 2026;https://ilico.iledefrance-mobilites.fr/uploads/fiches/20260625T155432Z-6b408f81-a862-4b52-a43a-379ae7cba5c2.pdf;HORAIRE;5363
C00498;Ligne 5363 - Horaires à partir du 6 juillet 2026;https://ilico.iledefrance-mobilites.fr/uploads/fiches/20260617T153009Z-3c17c350-b6c3-4370-81e2-bec0357ee4c6.pdf;HORAIRE;5363
C00498;Plan de la ligne 5363 à partir de septembre 2026;https://ilico.iledefrance-mobilites.fr/uploads/plans/20260626T085004Z-9823c5f5-02c5-4ded-b7d0-2e02811fff2f.pdf;PLAN;5363
C00503;Fiche WEB ligne 4612 du 25 août 2025 au 12 juillet 2026 et du 24 août au 31 août 2026;https://portail-idfm-operateurs.cdn.prismic.io/portail-idfm-operateurs/YbsG7xFRLZcmgDOl_FicheWEBligne4612du25ao%C3%BBt2025au12juiller2026etdu24ao%C3%BBtau31ao%C3%BBt2026.pdf;HORAIRE;4612
C00503;Plan de ligne 4612;https://ilico.iledefrance-mobilites.fr/uploads/plans/20251020T073215Z-e5ff9fc6-10c8-456a-8eb8-10f6f3cd8499.pdf;PLAN;4612
C00506;Plan de ligne 5283;https://ilico.iledefrance-mobilites.fr/uploads/plans/20250328T091906Z-02c823b1-bde3-4315-a26b-2e5c8f0cc807.pdf;PLAN;5283
C00508;Plan de ligne 5285;https://ilico.iledefrance-mobilites.fr/uploads/plans/20250328T093615Z-08167e47-6718-4ad2-95f3-6408e9021bdd.pdf;PLAN;5285
C00511;Ligne 5291- Horaire rentrée Septembre 2025;https://ilico.iledefrance-mobilites.fr/uploads/fiches/20260424T153907Z-4c18c6df-fc3b-432f-a6b5-e95dba6f74c8.pdf;HORAIRE;5291
C00513;Plan de ligne 5293 (ex 39-29-3);https://ilico.iledefrance-mobilites.fr/uploads/plans/20250312T102433Z-78002f7d-4164-4ef8-a02b-0ccef6ac736f.pdf;PLAN;5293
C00516;Plan de la ligne 5242 à partir du 1er Septembre 2026;https://ilico.iledefrance-mobilites.fr/uploads/plans/20260625T161131Z-a39f6f74-c743-46dd-8f1b-8bb95cfd65e8.pdf;PLAN;5242
C00518;Plan ligne 5330;https://ilico.iledefrance-mobilites.fr/uploads/plans/20250312T153843Z-a4f3be2d-11ac-493f-a369-5d2960810e57.pdf;PLAN;5330
C00519;Ligne 5290 - Horaire rentrée Septembre 2025;https://ilico.iledefrance-mobilites.fr/uploads/fiches/20260413T122502Z-05f2c6b5-050f-43fe-988c-8096a6b663fa.pdf;HORAIRE;5290
C00520;Fiche WEB ligne 13 (4653) Hiver 2025-2026, à partir du lundi 5 janvier 2026;https://portail-idfm-operateurs.cdn.prismic.io/portail-idfm-operateurs/aTrRAHNYClf9oEGS_FicheWEBligne13-4653-Hiver2025-2026%2C%C3%A0partirdulundi5janvier2026.pdf;HORAIRE;4653
C00521;Horaires valables à compter du 6 juillet au 31 août 2026;https://ilico.iledefrance-mobilites.fr/uploads/fiches/20260701T152344Z-8d6fe9ce-df56-4bc1-bf2b-a5988740dbb1.pdf;HORAIRE;5153
C00523;plan ligne 5228;https://ilico.iledefrance-mobilites.fr/uploads/plans/20250228T184821Z-211b6dc4-dad5-45df-9cb4-96678747f35b.pdf;PLAN;5228
C00527;Schéma ligne 6183;https://ilico.iledefrance-mobilites.fr/uploads/plans/20250828T064202Z-4e932809-3d4d-42ea-965a-31d969c5e994.pdf;PLAN;6183
C00532;Horaires de la ligne 7807;https://ilico.iledefrance-mobilites.fr/uploads/fiches/20260223T114041Z-d7fe26fa-2532-4c9f-b3b4-ffa33fe9bbc4.pdf;HORAIRE;7807
C00533;Plan de ligne 5340;https://ilico.iledefrance-mobilites.fr/uploads/plans/20250328T102511Z-79689acb-af40-4d94-9d08-132ebd01319f.pdf;PLAN;5340
C00538;Ligne 5191 - schéma de ligne;https://ilico.iledefrance-mobilites.fr/uploads/plans/20240513T153054Z-42270d92-7d53-46bd-ab61-cc355abb0fa6.pdf;PLAN;5191
C00539;Horaires valables du 6 juillet 2026 au 31 août 2027 (sauf du 06/07/26 au 31/08/26 et du 05/07/27 au 31/08/27);https://ilico.iledefrance-mobilites.fr/uploads/fiches/20260702T152828Z-9a5ab219-256f-4539-8cc6-86940e84e60a.pdf;HORAIRE;5192
C00541;Horaires valables du 6 juillet 2026 au 31 août 2027 (sauf du 06/07/26 au 31/08/26 et du 05/07/27 au 31/08/27);https://ilico.iledefrance-mobilites.fr/uploads/fiches/20260702T152928Z-0482048a-f3ef-4f8f-a085-2f383080cb39.pdf;HORAIRE;5194
C00544;Horaires valables du 13 juillet au 23 août 2026;https://ilico.iledefrance-mobilites.fr/uploads/fiches/20260702T104746Z-89c3ff68-639a-42fc-add5-7f9c20acfaff.pdf;HORAIRE;5141
C00545;Ligne 5140 - schéma de ligne;https://ilico.iledefrance-mobilites.fr/uploads/plans/20240702T091612Z-b386b1a0-44d0-4da0-949d-1d7d7d502ce7.pdf;PLAN;5140
C00546;Dépliant_3101 au 01092025;https://ilico.iledefrance-mobilites.fr/uploads/fiches/20250730T132525Z-50eb60cd-a631-4316-bc28-bb0168d88bba.pdf;HORAIRE;3101
C00546;Plan 3101;https://ilico.iledefrance-mobilites.fr/uploads/plans/20250730T131436Z-4066a4d1-dbd7-4534-adc4-da3f31558f47.pdf;PLAN;3101
C00550;Dépliant 3121 été au 04072026;https://ilico.iledefrance-mobilites.fr/uploads/fiches/20260727T122610Z-4eec151f-c3a4-4b17-88f0-e11faabf183d.pdf;HORAIRE;3121
C00551;Dépliant_423 au 01092025;https://ilico.iledefrance-mobilites.fr/uploads/fiches/20250731T151037Z-47c7b143-65e1-4172-98dd-abe4a52c0d09.pdf;HORAIRE;423
C00552;Ligne 431 du 6 juilet au 30 aout 2026;https://ilico.iledefrance-mobilites.fr/uploads/fiches/20260611T100217Z-bc6b246a-db64-4061-973b-b70eb844ae9f.pdf;HORAIRE;431
C00557;Ligne 436 du 6 juillet au 30 aout 2026;https://ilico.iledefrance-mobilites.fr/uploads/fiches/20260611T102129Z-3f238477-ca38-4c06-9fa4-42c3b3402917.pdf;HORAIRE;436
C00557;Plan de ligne 436;https://ilico.iledefrance-mobilites.fr/uploads/plans/20240405T162924Z-7f99e596-8eb8-444e-9bc9-d604c923b656.pdf;PLAN;436
C00563;Plan CDG VAL;https://www.parisaeroport.fr/docs/default-source/passager-fichiers/acces/acces-routiers/edito_navettes-inter-terminaux-paris-cdg_plan-cdgval.jpg?sfvrsn=b6fc35bd_8;PLAN;CDG VAL
C00571;Horaires valables du 6 juillet 2026 au 31 août 2027 (sauf du 06/07/26 au 31/08/26 et du 05/07/27 au 31/08/27);https://ilico.iledefrance-mobilites.fr/uploads/fiches/20260702T153220Z-4d95aabe-2d35-4f14-88e5-acb0d92734bc.pdf;HORAIRE;5199
C00573;Plan de ligne 428;https://ilico.iledefrance-mobilites.fr/uploads/plans/20251210T093036Z-bcbaf0ba-f35c-4600-930c-eb760bc9bafb.pdf;PLAN;428
C00574;Plan de ligne 427;https://ilico.iledefrance-mobilites.fr/uploads/plans/20251210T091954Z-2726176a-63bd-40b1-bf58-62f1474bedda.pdf;PLAN;427
C00577;Horaires du 20 juillet au 23 août 2026;https://ilico.iledefrance-mobilites.fr/uploads/fiches/20260717T090612Z-5461ec5c-3292-4e7c-9bfe-b85902ba8151.pdf;HORAIRE;4119
C00581;ligne 450 du 6 juillet au 30 aout 2026;https://ilico.iledefrance-mobilites.fr/uploads/fiches/20260623T133856Z-982a56d4-865a-4668-b53c-ef1ec514fe37.pdf;HORAIRE;450
C00582;Plan de la ligne de Bus 4111;https://ilico.iledefrance-mobilites.fr/uploads/plans/20250227T164920Z-bd865fa9-076c-44dc-948d-92d110b6acf3.pdf;PLAN;4111
C00586;Plan de la ligne de Bus 4131;https://ilico.iledefrance-mobilites.fr/uploads/plans/20250227T170824Z-4f22dc6a-3ec3-45f2-b1d3-3c9047bf92f2.pdf;PLAN;4131
C00589;Plan de la ligne de Bus 4154;https://ilico.iledefrance-mobilites.fr/uploads/plans/20260114T140114Z-2d1b2bb4-8c75-49f3-9263-45b65e51edee.pdf;PLAN;4154
C00591;Horaires du 20 juillet au 23 août 2026;https://ilico.iledefrance-mobilites.fr/uploads/fiches/20260717T091121Z-4322b847-b761-4afc-9887-87eab1ff67db.pdf;HORAIRE;4132
C00598;Horaires du 20 juillet au 23 août 2026;https://ilico.iledefrance-mobilites.fr/uploads/fiches/20260717T091230Z-5b82f0b0-4998-483c-a551-254ebb6531db.pdf;HORAIRE;4130
C00599;Horaires du 20 juillet au 23 août 2026;https://ilico.iledefrance-mobilites.fr/uploads/fiches/20260717T093348Z-4db00334-8959-4b0b-98aa-c1ad521aa405.pdf;HORAIRE;4135
C00600;Plan de la ligne de Bus 4152;https://ilico.iledefrance-mobilites.fr/uploads/plans/20250227T152433Z-306c0f74-5ac3-4281-a949-86ed21f8cc7d.pdf;PLAN;4152
C00602;Horaires du 20 juillet au 23 août 2026;https://ilico.iledefrance-mobilites.fr/uploads/fiches/20260717T091259Z-69da2665-5d4a-4109-a88b-8e3c4772e003.pdf;HORAIRE;4120
C00606;Plan de ligne 1303;https://ilico.iledefrance-mobilites.fr/uploads/plans/20240405T164907Z-91634436-6f4a-4917-9038-ec3c69c4c852.pdf;PLAN;1303
C00609;Ligne 22 -Horaires valables à partir du 25 août 2025;https://ilico.iledefrance-mobilites.fr/uploads/fiches/20260316T095057Z-5cc9b8cc-959e-4ed7-8174-4b9ad7b6ac3f.pdf;HORAIRE;22 (future 1622)
C00609;Plan de la ligne 22;https://ilico.iledefrance-mobilites.fr/uploads/plans/20260316T095057Z-f741e44e-ac66-4a2e-b0df-29670c2af3a2.pdf;PLAN;22 (future 1622)
C00613;Ligne 24 S - Horaires valables à partir du 1 septembre 2025 en période scolaire;https://ilico.iledefrance-mobilites.fr/uploads/fiches/20250826T122416Z-3d796e3d-1a9e-4aef-9a67-f284ff2b7eb2.pdf;HORAIRE;24 S (future 1654)
C00615;Ligne 35 Horaire valable à partir du 1 septembre 2025;https://ilico.iledefrance-mobilites.fr/uploads/fiches/20250826T123503Z-85fb9d34-5668-4908-a229-a788bfc457e0.pdf;HORAIRE;35 (future 1655)
C00620;Plan de ligne 2251;https://ilico.iledefrance-mobilites.fr/uploads/plans/20250815T160653Z-c84379a4-a5d1-401f-b5e0-1e46f4ef3500.pdf;PLAN;2251
C00622;Plan de ligne 2250;https://ilico.iledefrance-mobilites.fr/uploads/plans/20240827T092008Z-1151cad6-5c89-432a-8562-c2682424d8ba.pdf;PLAN;2250
C00623;Plan de ligne 2291;https://ilico.iledefrance-mobilites.fr/uploads/plans/20250815T160551Z-c3459af9-c77d-4259-9fd5-1681eee869ea.pdf;PLAN;2291
C00626;Fiche Horaire du 24 août 2026 au 18 juillet 2027;https://ilico.iledefrance-mobilites.fr/uploads/fiches/20260810T145400Z-3c0a634e-8eda-4db1-ad5e-98d6cc542fbc.pdf;HORAIRE;2222
C00626;Plan de ligne 2222;https://ilico.iledefrance-mobilites.fr/uploads/plans/20250815T161234Z-f25d1fb1-8eb6-4ed8-ac23-81bdf931cd8b.pdf;PLAN;2222
C00628;Fiche horaire été ligne 2225 du 20 juillet au 23 août 2026;https://ilico.iledefrance-mobilites.fr/uploads/fiches/20260707T140856Z-0a381c49-4ea7-4ac1-9f36-4045d1501ae1.pdf;HORAIRE;2225
C00629;Fiche horaire été ligne 2226 du 20 juillet au 23 août 2026;https://ilico.iledefrance-mobilites.fr/uploads/fiches/20260707T140946Z-9924c0cb-30db-4772-9ce2-052eac796c48.pdf;HORAIRE;2226
C00629;Fiche Horaire du 24 août 2026 au 18 juillet 2027;https://ilico.iledefrance-mobilites.fr/uploads/fiches/20260810T151922Z-1eeada43-11ed-436d-9f95-7b1f641008f1.pdf;HORAIRE;2226
C00630;Plan de ligne 2229;https://ilico.iledefrance-mobilites.fr/uploads/plans/20240418T150351Z-bef7d73b-f0f4-441b-9550-6db39d3bfc46.pdf;PLAN;2229
C00633;Plan de ligne 2253-2254;https://ilico.iledefrance-mobilites.fr/uploads/plans/20240418T150536Z-93170899-8b34-4f6a-bd14-8b3d7aec9f98.pdf;PLAN;2253
C00634;Fiche Horaire (Ligne Scolaire) du 24 août 2026 au 18 juillet 2027;https://ilico.iledefrance-mobilites.fr/uploads/fiches/20260810T152815Z-e26d83b4-ebdd-4d6d-bb08-5dd00d4fc22a.pdf;HORAIRE;2220
C00635;Fiche horaire été ligne 2233 du 20 juillet au 23 août 2026;https://ilico.iledefrance-mobilites.fr/uploads/fiches/20260707T141330Z-3fa39715-7457-4cc6-8d46-281eca67ff51.pdf;HORAIRE;2233
C00637;Plan ligne 7718 (ex Express 18);https://ilico.iledefrance-mobilites.fr/uploads/plans/20250915T121204Z-aaeaff5e-d706-4fd1-be12-dc2b55cf9e89.pdf;PLAN;7718
C00641;Fiche horaires 6527 - 5 janvier 2025;https://ilico.iledefrance-mobilites.fr/uploads/fiches/20260625T133815Z-c0053292-7e68-4ede-b705-eb3bbab67780.pdf;HORAIRE;6527
C00642;Fiche horaires 6528 - 5 janvier 2026;https://ilico.iledefrance-mobilites.fr/uploads/fiches/20260622T123648Z-230cd04e-7040-473f-8189-52d34df69a72.pdf;HORAIRE;6528
C00643;Plan de ligne 6571;https://ilico.iledefrance-mobilites.fr/uploads/plans/20251226T130837Z-06fc05f7-3a57-4180-a6c9-e758511788d6.pdf;PLAN;6571
C00644;Fiche horaires 6543 - 6 juillet au 23 août 2026;https://ilico.iledefrance-mobilites.fr/uploads/fiches/20260622T124625Z-a3e0fb10-3fe8-4545-a96f-4af1c3c35197.pdf;HORAIRE;6543
C00652;Horaires valables du 4 mai au 5 juillet 2026_ligne 7808;https://ilico.iledefrance-mobilites.fr/uploads/fiches/20260428T152834Z-ddf2fe0e-5bfb-40d9-b9f6-c96db2819f3b.pdf;HORAIRE;7808
C00652;Plan de ligne 7808;https://ilico.iledefrance-mobilites.fr/uploads/plans/20251222T154229Z-db408fcd-501e-441f-8868-ef92cf3c3521.pdf;PLAN;7808
C00659;Horaires valables du 06 juillet 2026 au 23 août 2026;https://ilico.iledefrance-mobilites.fr/uploads/fiches/20260703T090853Z-77bc01b1-6982-414c-84a6-e669474be02a.pdf;HORAIRE;2120
C00662;Horaires Ligne 4540 - A compter du 24 août 2026 au 11 juillet 2027;https://ilico.iledefrance-mobilites.fr/uploads/fiches/20260806T100639Z-35c3761a-b70a-485c-996f-872e19d3acdf.pdf;HORAIRE;4540
C00663;Horaires Ligne 4541 - du 13 juillet au 23 août 2026;https://ilico.iledefrance-mobilites.fr/uploads/fiches/20260611T130700Z-5300799c-b28f-44ef-ab85-13206da952c3.pdf;HORAIRE;4541
C00670;Horaires Ligne 4518 - du 13 juillet au 23 août 2026;https://ilico.iledefrance-mobilites.fr/uploads/fiches/20260611T125404Z-9466224b-b291-4c58-9f69-01d97c98d78a.pdf;HORAIRE;4518
C00671;Horaires Ligne 4539 - du 13 juillet au 23 août 2026;https://ilico.iledefrance-mobilites.fr/uploads/fiches/20260611T130620Z-881203db-4b89-408f-9358-0bba022a99c5.pdf;HORAIRE;4539
C00673;Plan de ligne 4650;https://ilico.iledefrance-mobilites.fr/uploads/plans/20251020T073035Z-759b1ec7-2ca9-41fa-8262-ca6da56e2937.pdf;PLAN;4650
C00677;Horaires Ligne 4543 - du 13 juillet au 23 août 2026;https://ilico.iledefrance-mobilites.fr/uploads/fiches/20260611T130744Z-4c0e9903-f29a-43cd-8299-6e0d6df3cb8f.pdf;HORAIRE;4543
C00678;Horaires Ligne 4537 - A compter du 24 août 2026 au 11 juillet 2027;https://ilico.iledefrance-mobilites.fr/uploads/fiches/20260806T100524Z-0aa3bf4e-88e3-4b01-8208-2078a99606f1.pdf;HORAIRE;4537
C00678;Horaires Ligne 4537 - du 13 juillet au 23 août 2026;https://ilico.iledefrance-mobilites.fr/uploads/fiches/20260611T130534Z-59930a28-be1f-4f55-9ea9-2bbf852e045b.pdf;HORAIRE;4537
C00678;Plan Ligne 4537 (maj 06/01/2025);https://ilico.iledefrance-mobilites.fr/uploads/plans/20250106T105935Z-b13b3813-0c50-4026-b007-0f22a98f0c5d.pdf;PLAN;4537
C00679;Horaires Ligne 4542 - A compter du 24 août 2026 au 11 juillet 2027;https://ilico.iledefrance-mobilites.fr/uploads/fiches/20260806T100744Z-5b971c0f-7525-40ec-af88-fb3df5c1a13f.pdf;HORAIRE;4542
C00680;Fiche WEB ligne 4617 Été 2026 V0, du lundi 13 juillet au dimanche 23 août 2026;https://portail-idfm-operateurs.cdn.prismic.io/portail-idfm-operateurs/ajOpfI1P9HI4UqkN_FicheWEBligne4617%C3%89t%C3%A92026V0%2Cdulundi20juilletaudimanche23ao%C3%BBt2026.pdf;HORAIRE;4617
C00680;Fiche WEb ligne 4617 PVS été du 12 janvier au 12 juillet 2026 et du 24 août eu 31 août 2026;https://portail-idfm-operateurs.cdn.prismic.io/portail-idfm-operateurs/3wgUs0d7fQxsJD3A_FicheWEbligne4617PVS%C3%A9t%C3%A9du5janvierau12juillet2026etdu24ao%C3%BBteu31ao%C3%BBt2026.pdf;HORAIRE;4617
C00683;Horaires Ligne 4521 - du 13 juillet au 23 août 2026;https://ilico.iledefrance-mobilites.fr/uploads/fiches/20260611T130100Z-cd5ca761-6a96-4af8-8c3b-2f59a999c0bd.pdf;HORAIRE;4521
C00687;Fiche WEB ligne 4644 Été 2026 V0, du lundi 13 juillet au dimanche 23 août 2026;https://portail-idfm-operateurs.cdn.prismic.io/portail-idfm-operateurs/ajTyF41P9HI4Utxw_FicheWEBligne4644%C3%89t%C3%A92026V0%2Cdulundi13juilletaudimanche23ao%C3%BBt2026.pdf;HORAIRE;4644
C00688;Horaires Ligne 4556 - A compter du 24 août 2026 au 11 juillet 2027;https://ilico.iledefrance-mobilites.fr/uploads/fiches/20260806T101018Z-797e0abe-62e6-4daf-9d8a-11c245fcdbd9.pdf;HORAIRE;4556
C00693;Horaires d'été 2026 - L6202 du 13 juillet au 23 août 2026;https://ilico.iledefrance-mobilites.fr/uploads/fiches/20260703T135515Z-b957bb21-4d60-4f1e-8678-5cd12e447d80.pdf;HORAIRE;6202
C00693;Plan de la ligne 6202;https://ilico.iledefrance-mobilites.fr/uploads/plans/20260811T065945Z-18ad44f9-7595-4398-818c-f75e02d7db2b.pdf;PLAN;6202
C00696;Plan de la ligne 6205;https://ilico.iledefrance-mobilites.fr/uploads/plans/20250811T135705Z-9594516f-c682-4e89-9daf-ffe9849f8a4a.pdf;PLAN;6205
C00698;Horaires d'été 2026 - L6207 du 13 juillet au 22 août 2026;https://ilico.iledefrance-mobilites.fr/uploads/fiches/20260703T135852Z-e3e80d96-a809-462c-bb31-fef2845c42e9.pdf;HORAIRE;6207
C00701;Horaires d'été 2026 - L6210 du 13 juillet au 23 août 2026;https://ilico.iledefrance-mobilites.fr/uploads/fiches/20260703T140100Z-3944f930-368c-477d-bf0b-3774e421d0ae.pdf;HORAIRE;6210
C00701;Plan de la ligne 6210;https://ilico.iledefrance-mobilites.fr/uploads/plans/20250811T143656Z-4cb438dc-7a63-4764-b194-4faa68ae2393.pdf;PLAN;6210
C00702;Horaires été valables du 13/07 au 21/08/26;https://ilico.iledefrance-mobilites.fr/uploads/fiches/20260702T132930Z-e374abdf-5e84-495c-aa54-8468ff0416a8.pdf;HORAIRE;6135
C00707;Horaires valables du 01/09/25 au 03/07/26;https://ilico.iledefrance-mobilites.fr/uploads/fiches/20251013T144755Z-4f50ed8f-e018-42fa-acde-ca1663f630d3.pdf;HORAIRE;6173
C00710;Plan de la ligne 6286;https://ilico.iledefrance-mobilites.fr/uploads/plans/20250812T083414Z-16ad294c-9b42-4c02-a5eb-fa1a42f99d7c.pdf;PLAN;6286
C00725;Plan de ligne 5421;https://ilico.iledefrance-mobilites.fr/uploads/plans/20250818T092245Z-bf60f5fc-2f63-4de1-b31b-2834e2df0158.pdf;PLAN;5421
C00735;Plan de ligne 5447;https://ilico.iledefrance-mobilites.fr/uploads/plans/20250818T102116Z-c15a95fb-a203-4e76-9355-c678a847f272.pdf;PLAN;5447
C00736;Horaires valables du 01 septembre 2026 au 04 juillet 2027 inclus (ne circule pas l'été);https://ilico.iledefrance-mobilites.fr/uploads/fiches/20260629T122125Z-c05eef15-723d-4949-99a4-0a3292371cc2.pdf;HORAIRE;5478
C00737;Horaires valables du 01 septembre 2026 au 04 juillet 2027 inclus (ne circule pas l'été);https://ilico.iledefrance-mobilites.fr/uploads/fiches/20260629T122154Z-94fc4fb0-06ce-4737-aa4e-213fb33ffb5f.pdf;HORAIRE;5479
C00740;Horaires valables du 1er septembre 2026 au 04 juillet 2027 inclus;https://ilico.iledefrance-mobilites.fr/uploads/fiches/20260803T144142Z-c4cd3097-8ce2-4852-a2c8-f43d276660c2.pdf;HORAIRE;5422
C00754;Fiche horaires 7822 - 25 août 2025;https://ilico.iledefrance-mobilites.fr/uploads/fiches/20260625T134826Z-1e6c3816-93d9-43af-beda-faac8df993ec.pdf;HORAIRE;7822
C00756;Horaires valables à partir du 1er septembre 2026 (ne circule pas l'été);https://ilico.iledefrance-mobilites.fr/uploads/fiches/20260804T103048Z-895dcd6d-2984-4d9c-8b94-c5d59eb400bd.pdf;HORAIRE;5490
C00757;Plan de ligne 5448;https://ilico.iledefrance-mobilites.fr/uploads/plans/20250901T172114Z-e02c5274-5a4b-4de2-90f5-e085b10e6bd9.pdf;PLAN;5448
C00758;Horaires valables du 01 septembre 2026 au 04 juillet 2027 inclus (ne circule pas l'été);https://ilico.iledefrance-mobilites.fr/uploads/fiches/20260629T122415Z-30a4631c-282b-427c-a3a0-5f3584d992db.pdf;HORAIRE;5489
C00758;Plan de ligne 5489;https://ilico.iledefrance-mobilites.fr/uploads/plans/20250818T104503Z-2cd6c06c-1d25-4401-a666-260fe4f89064.pdf;PLAN;5489
C00760;Plan de ligne 5491;https://ilico.iledefrance-mobilites.fr/uploads/plans/20250818T104530Z-bbfebaa0-4115-4b9b-bd80-0fbeae153e80.pdf;PLAN;5491
C00763;Horaires valables du 6 juillet 2026 au 30 août 2026;https://ilico.iledefrance-mobilites.fr/uploads/fiches/20260702T123059Z-36be2e4e-27e4-4c61-8795-5ec8cc76be21.pdf;HORAIRE;1203
C00763;Plan ligne 1203;https://ilico.iledefrance-mobilites.fr/uploads/plans/20250818T101142Z-f1b53f96-8741-4ac8-8698-0351181ca9f6.pdf;PLAN;1203
C00764;Horaires valables du 6 juillet 2026 au 30 août 2026;https://ilico.iledefrance-mobilites.fr/uploads/fiches/20260702T123236Z-3ea69ace-03d5-46df-b1de-0d7fc56dc3a7.pdf;HORAIRE;1206
C00770;Horaires valables du 6 juillet 2026 au 30 août 2026;https://ilico.iledefrance-mobilites.fr/uploads/fiches/20260702T123523Z-57438d7c-214d-4fc1-a67e-35165939e3fa.pdf;HORAIRE;1223
C00778;Horaires valables du 6 juillet 2026 au 30 août 2026;https://ilico.iledefrance-mobilites.fr/uploads/fiches/20260702T123340Z-662dd351-30fa-4663-8a71-c7119800173f.pdf;HORAIRE;1208
C00782;Plan ligne 1232;https://ilico.iledefrance-mobilites.fr/uploads/plans/20250818T104217Z-ebaa492f-5e32-4d82-9489-6ce37e207c51.pdf;PLAN;1232
C00783;Horaires valables du 6 juillet 2026 au 30 août 2026;https://ilico.iledefrance-mobilites.fr/uploads/fiches/20260702T123829Z-11e2fa73-b852-415e-866c-fc379390f32b.pdf;HORAIRE;1228
C00783;Plan ligne 1228;https://ilico.iledefrance-mobilites.fr/uploads/plans/20250818T103621Z-66745d69-18ee-4599-9e40-4262986fe7e0.pdf;PLAN;1228
C00784;Horaires valables du 6 juillet 2026 au 30 août 2026;https://ilico.iledefrance-mobilites.fr/uploads/fiches/20260702T124448Z-5a85a376-fbb8-4ffb-bf6f-53fa90934693.pdf;HORAIRE;1241
C00785;Horaires valables du 6 juillet 2026 au 30 août 2026;https://ilico.iledefrance-mobilites.fr/uploads/fiches/20260702T124513Z-c3947654-eec0-4cc5-b91a-e6bac0410e76.pdf;HORAIRE;1242
C00792;3445;https://ilico.iledefrance-mobilites.fr/uploads/plans/20240913T155542Z-831276ae-9f95-450c-a8f4-f8674b89fe8e.pdf;PLAN;3445
C00794;Horaires ligne 3404 valables à partir du 1er septembre 2026;https://ilico.iledefrance-mobilites.fr/uploads/fiches/20260805T100600Z-12ee072e-c5f8-4116-b8e9-8c8dc669cfad.pdf;HORAIRE;3404
C00796;3403;https://ilico.iledefrance-mobilites.fr/uploads/plans/20240913T155645Z-77d3e867-f4d8-4c9a-b919-6d77c9095df1.pdf;PLAN;3403
C00817;Horaires ligne 3432 valables du 1er septembre 2026 au 3 juillet 2027;https://ilico.iledefrance-mobilites.fr/uploads/fiches/20260806T085345Z-1616a48d-f652-4f9d-86ca-7e13b49b7ec7.pdf;HORAIRE;3432
C00818;3431;https://ilico.iledefrance-mobilites.fr/uploads/plans/20240828T143450Z-281eeeec-3757-474f-a956-47bef52c5da2.pdf;PLAN;3431
C00819;Horaires Ligne 3503 du 01/09/2025 au 30/08/2026;https://ilico.iledefrance-mobilites.fr/uploads/fiches/20251118T080322Z-9dbb9ea9-2c1d-4a3c-8b18-3bf13758f055.pdf;HORAIRE;3503
C00821;3534;https://ilico.iledefrance-mobilites.fr/uploads/plans/20260730T153147Z-4b06ffa0-7406-4830-9d2d-88232207c660.pdf;PLAN;3534
C00833;3502;https://ilico.iledefrance-mobilites.fr/uploads/plans/20260730T153609Z-ffb9033a-ce41-4198-8566-7c023d752924.pdf;PLAN;3502
C00839;Fiche horaires ligne 3754 du 24 aout 2026 au 22 aout 2027;https://ilico.iledefrance-mobilites.fr/uploads/fiches/20260805T133937Z-df50e2f9-65a0-4558-b06f-0976c6b9109f.pdf;HORAIRE;3754
C00845;Plan de bus ligne 3711;https://ilico.iledefrance-mobilites.fr/uploads/plans/20250103T093434Z-6eb781f7-5bc5-4966-9f9f-bba8b38fa35f.pdf;PLAN;3711
C00859;Plan de bus Tzen1;https://ilico.iledefrance-mobilites.fr/uploads/plans/20250116T134554Z-29dfa544-c081-4a4e-93cd-7d77e0d0126a.pdf;PLAN;Tzen1
C00862;Fiche horaires ligne 3704 du 24 aout 2026 au 11 juillet 2027;https://ilico.iledefrance-mobilites.fr/uploads/fiches/20260805T131021Z-005883c6-b99e-450b-ad52-61a4f3736ee1.pdf;HORAIRE;3704
C00863;Fiche horaires lignes 3722-3723 du 24 aout 2026 au 11 juillet 2027;https://ilico.iledefrance-mobilites.fr/uploads/fiches/20260805T131626Z-42d4edf5-654f-4dd2-ab81-69199e5cbe15.pdf;HORAIRE;3722
C00863;Fiche horaires ligne 3722 du 13 juillet 2026 au 23 août 2026;https://ilico.iledefrance-mobilites.fr/uploads/fiches/20260624T101543Z-dc4423b6-4fa5-47ad-bedb-878a7b7a55d8.pdf;HORAIRE;3722
C00866;Fiche horaires ligne 3726 du 13 juillet 2026 au 23 août 2026;https://ilico.iledefrance-mobilites.fr/uploads/fiches/20260624T102718Z-5e7f4f63-3dd9-4823-b2cb-e6a502cb1a68.pdf;HORAIRE;3726
C00867;Fiche horaires ligne 3723 du 13 juillet 2026 au 23 août 2026;https://ilico.iledefrance-mobilites.fr/uploads/fiches/20260624T101920Z-9986c998-928a-4c03-a3f1-75e3be4754b3.pdf;HORAIRE;3723
C00868;Fiche horaires lignes 3732-3733 du 24 aout 2026 au 11 juillet 2027;https://ilico.iledefrance-mobilites.fr/uploads/fiches/20260805T133110Z-dbd0c190-d04c-433a-89c9-17f7dbf3e4f2.pdf;HORAIRE;3732
C00871;Fiche horaires lignes 3732-3733 du 24 aout 2026 au 11 juillet 2027;https://ilico.iledefrance-mobilites.fr/uploads/fiches/20260805T133145Z-e5e57026-27fb-48a6-98f1-b957f205d9ef.pdf;HORAIRE;3733
C00878;Horaires été 2026;https://ilico.iledefrance-mobilites.fr/uploads/fiches/20260616T083555Z-04d9ba71-238b-457b-abc3-5215e890c014.pdf;HORAIRE;3608
C00883;Plan de ligne 3606;https://ilico.iledefrance-mobilites.fr/uploads/plans/20250822T093829Z-4eb9e8e9-e53c-493f-8e8d-a05f17b7e6d4.pdf;PLAN;3606
C00890;Plan de ligne 3654;https://ilico.iledefrance-mobilites.fr/uploads/plans/20250822T075829Z-f2514ab1-cfc2-4c16-af01-e03210eee5d9.pdf;PLAN;3654
C00891;TàD Melun Nord;https://ilico.iledefrance-mobilites.fr/uploads/fiches/20250822T080949Z-2843b86a-0de7-48dc-8e46-49863a5b8cf0.pdf;HORAIRE;3611
C00895;TàD Saint Assise;https://ilico.iledefrance-mobilites.fr/uploads/fiches/20250822T085544Z-a593b9f9-f893-474c-b205-4958295ccd1f.pdf;HORAIRE;3634
C00895;Plan de ligne 3634;https://ilico.iledefrance-mobilites.fr/uploads/plans/20250822T085544Z-bf06a692-b92c-4334-959e-11aa48608f4e.pdf;PLAN;3634
C00900;Ligne 2306 (Ex ligne F) - A partir du 1er septembre 2025;https://ilico.iledefrance-mobilites.fr/uploads/fiches/20250829T165803Z-34382219-70d6-42db-90ec-bde9411fabd2.pdf;HORAIRE;2306
C00906;Fiche Horaires 01.09.2025;https://ilico.iledefrance-mobilites.fr/uploads/fiches/20260313T134604Z-604c40d1-23a0-4c79-a7d5-5dac8adf79e5.pdf;HORAIRE;2413
C00907;Fiche horaires 01.09.2025;https://ilico.iledefrance-mobilites.fr/uploads/fiches/20250728T141235Z-fa389dae-ab41-4c3d-bcfd-bba54f3169d4.pdf;HORAIRE;2414
C00908;Ligne 2310 (ex ligne 10) - A partir du 1er septembre 2025;https://ilico.iledefrance-mobilites.fr/uploads/fiches/20250829T170147Z-246d9a41-b86b-465a-9924-a7d7b9974106.pdf;HORAIRE;2310
C00908;Plan ligne 2310 (ex ligne 10);https://ilico.iledefrance-mobilites.fr/uploads/plans/20250915T123102Z-410215f4-31e1-4e6a-8356-7863bb9aa3a9.pdf;PLAN;2310
C00917;Plan ligne 2322 (ex ligne 22);https://ilico.iledefrance-mobilites.fr/uploads/plans/20250917T072043Z-f26cd73f-8b4d-4188-b28a-ab341d7f3351.pdf;PLAN;2322
C00924;Plan ligne 2404;https://ilico.iledefrance-mobilites.fr/uploads/plans/20250915T135400Z-5495aec1-0aa8-45dc-a713-235c2ee650dd.pdf;PLAN;2404
C00925;Plan Ligne 2483;https://ilico.iledefrance-mobilites.fr/uploads/plans/20260309T083007Z-655316ad-dde6-4597-935f-1682c5bb5a49.pdf;PLAN;2483
C00927;Ligne 2340 ( ex ligne 40) - A partir du 1er septembre 2025;https://ilico.iledefrance-mobilites.fr/uploads/fiches/20250829T212018Z-2970afaa-9bda-41fd-855c-1f7395405ac9.pdf;HORAIRE;2340
C00927;Plan ligne 2340 (ex ligne 40);https://ilico.iledefrance-mobilites.fr/uploads/plans/20250917T072134Z-352face4-d605-4e67-ad2e-f8af4d67381e.pdf;PLAN;2340
C00930;Ligne 2346 ( ex ligne 46) - A partir du 1er septembre 2025;https://ilico.iledefrance-mobilites.fr/uploads/fiches/20250829T160453Z-901ee38e-4267-48a0-87d9-9d31fbd65610.pdf;HORAIRE;2346
C00938;Plan ligne 2353;https://ilico.iledefrance-mobilites.fr/uploads/plans/20250917T072620Z-3619655d-a9ea-4fde-855e-102dd2fb4c28.pdf;PLAN;2353
C00939;Ligne 2354 - A partir du 4 mai;https://ilico.iledefrance-mobilites.fr/uploads/fiches/20260423T112805Z-beaee8f1-4bf1-4988-830b-f73f12a9ef52.pdf;HORAIRE;2354
C00940;Plan ligne 2364;https://ilico.iledefrance-mobilites.fr/uploads/plans/20250917T092143Z-038c07c1-7bc7-4b4f-910b-04039b9bc0fb.pdf;PLAN;2364
C00943;Fiche Horaire du 24 août 2026 au 18 juillet 2027;https://ilico.iledefrance-mobilites.fr/uploads/fiches/20260810T153634Z-40d09116-b599-4b86-9c92-bd10da3f1247.pdf;HORAIRE;2261
C00944;Fiche Horaires 09.03.2026;https://ilico.iledefrance-mobilites.fr/uploads/fiches/20260227T143459Z-ce70ccc0-3a7c-4429-9ef1-a4f945e31fbe.pdf;HORAIRE;2407
C00946;Ligne 2361 - A partir du 4 mai;https://ilico.iledefrance-mobilites.fr/uploads/fiches/20260424T141644Z-77ac5334-363f-4eee-a158-040dbf4614a2.pdf;HORAIRE;2361
C00946;Plan ligne 2361;https://ilico.iledefrance-mobilites.fr/uploads/plans/20250917T081925Z-6c71d62f-ebcf-421f-a324-359e1fd7a2b1.pdf;PLAN;2361
C00947;Fiche Horaires 04.05.2026;https://ilico.iledefrance-mobilites.fr/uploads/fiches/20260422T080230Z-702455be-e637-4761-adc6-79d25bd76d60.pdf;HORAIRE;7712
C00947;Plan Ligne 7712;https://ilico.iledefrance-mobilites.fr/uploads/plans/20251001T084238Z-6839d043-4a8b-4259-8bb4-c48afd681eab.pdf;PLAN;7712
C00952;Fiche horaires 01.09.2025;https://ilico.iledefrance-mobilites.fr/uploads/fiches/20250728T155208Z-524d39f1-e797-4efd-9808-90fafa841812.pdf;HORAIRE;2476
C00955;Plan ligne 2308;https://ilico.iledefrance-mobilites.fr/uploads/plans/20250917T084947Z-0c057069-5276-4c07-97a1-7ab122d110a4.pdf;PLAN;2308
C00957;Ligne 2307 (ex H) - A partir du 1er septembre 2025;https://ilico.iledefrance-mobilites.fr/uploads/fiches/20250829T165845Z-29dffd31-d253-4b63-ae30-896d46b6f0c7.pdf;HORAIRE;2307
C00957;Plan ligne 2307;https://ilico.iledefrance-mobilites.fr/uploads/plans/20250917T085037Z-25d86419-43ae-48ae-bfb0-6c15f7b86699.pdf;PLAN;2307
C00960;Plan Ligne 7708;https://ilico.iledefrance-mobilites.fr/uploads/plans/20251001T090717Z-7eb9d93e-fc27-4b19-bc27-38ec86274dd7.pdf;PLAN;7708
C00964;Horaires Ligne 4582 - A compter du 1er septembre 2026 au 3 juillet 2027;https://ilico.iledefrance-mobilites.fr/uploads/fiches/20260806T102204Z-cf3449b5-81fa-402b-ba8f-797351c5f1ad.pdf;HORAIRE;4582
C00967;Ligne 4439 - Horaires valables du 1 Août 2026 au 31 Août 2026 inclus;https://ilico.iledefrance-mobilites.fr/uploads/fiches/20260806T155500Z-1445a4a6-4b27-4f8f-ba0a-0726cb9686d0.pdf;HORAIRE;4439
C00970;Ligne 4440 - Horaires valables du 1 Août 2026 au 31 Août 2026 inclus;https://ilico.iledefrance-mobilites.fr/uploads/fiches/20260806T155730Z-63310549-d46c-4e8f-8213-2bd635c3028f.pdf;HORAIRE;4440
C00972;Horaires Ligne 4555 - A compter du 24 août 2026 au 11 juillet 2027;https://ilico.iledefrance-mobilites.fr/uploads/fiches/20260806T100955Z-b2f85523-ab14-4522-ab9a-c0de7c4398db.pdf;HORAIRE;4555
C00973;Ligne 4459;https://ilico.iledefrance-mobilites.fr/uploads/plans/20240901T092431Z-62a5798b-e7ce-417a-a214-fea11169d717.pdf;PLAN;4459
C00975;Ligne 4401 - Horaires valables du 1 Août 2026 au 31 Août 2026 inclus;https://ilico.iledefrance-mobilites.fr/uploads/fiches/20260806T160550Z-1f641334-af6c-4897-ba92-db2236a43658.pdf;HORAIRE;4401
C00976;Ligne 4402 - Horaires valables du 1 Août 2026 au 31 Août 2026 inclus;https://ilico.iledefrance-mobilites.fr/uploads/fiches/20260806T160703Z-d3c4e2b2-49c4-4ced-90e7-c0faf4360775.pdf;HORAIRE;4402
C00982;Ligne 4403 - Horaires valables du 1 Août 2026 au 31 Août 2026 inclus;https://ilico.iledefrance-mobilites.fr/uploads/fiches/20260806T161114Z-66fadec5-07b6-404b-83b0-fd7aab65ed63.pdf;HORAIRE;4403
C00983;Ligne 4405 - Horaires valables du 1er septembre 2026 au 4 juillet 2027;https://ilico.iledefrance-mobilites.fr/uploads/fiches/20260807T152532Z-8d616dc9-f0bf-4332-89f4-4a2bf7d2b0d9.pdf;HORAIRE;4405
C00983;Ligne 4405;https://ilico.iledefrance-mobilites.fr/uploads/plans/20240901T093354Z-3efb95d0-851f-4336-87a2-23d4df4dfc8b.pdf;PLAN;4405
C00986;Plan ligne 4271;https://ilico.iledefrance-mobilites.fr/uploads/plans/20260323T142345Z-90d9d0f3-0a6f-464c-b177-e80006078bfd.pdf;PLAN;4271
C01002;3451;https://ilico.iledefrance-mobilites.fr/uploads/plans/20240828T143626Z-a7fbe2b1-6f86-4aa1-90da-1fda15261dc3.pdf;PLAN;3451
C01008;Horaires ligne 3458 à partir du 1er Septembre 2025;https://ilico.iledefrance-mobilites.fr/uploads/fiches/20250819T135432Z-f763412a-efab-40ca-975d-d7454def1849.pdf;HORAIRE;3458
C01008;3458;https://ilico.iledefrance-mobilites.fr/uploads/plans/20240828T144050Z-a3bdb03e-c73f-4dc7-87c3-0f2676c8b5ca.pdf;PLAN;3458
C01015;Horaires hiver 2026 / 2027;https://ilico.iledefrance-mobilites.fr/uploads/fiches/20260730T101328Z-359e7418-1a17-4f53-b739-dd0f3a247664.pdf;HORAIRE;4343
C01017;Horaires hiver 2026 / 2027;https://ilico.iledefrance-mobilites.fr/uploads/fiches/20260730T095420Z-76670711-24af-4012-9b0c-d3b7a30ff266.pdf;HORAIRE;4346
C01033;Horaires valables du 06 juillet au 31 août 2026;https://ilico.iledefrance-mobilites.fr/uploads/fiches/20260610T074537Z-9c7b7842-3cfe-4c3b-b092-fd9204699238.pdf;HORAIRE;5435
C01040;Fiche horaires 01.09.2025;https://ilico.iledefrance-mobilites.fr/uploads/fiches/20250728T141946Z-27baa18f-0e01-43d4-966b-4111f681ce36.pdf;HORAIRE;2460
C01043;Plan ligne 3204;https://ilico.iledefrance-mobilites.fr/uploads/plans/20250926T114155Z-9c50233f-a344-4a77-a597-032e4520b563.pdf;PLAN;3204
C01045;Dépliant_3124 été au 04072026;https://ilico.iledefrance-mobilites.fr/uploads/fiches/20260526T130814Z-e16fe468-e3c7-4c44-84cd-f297f93ab993.pdf;HORAIRE;3124
C01046;Plan Ligne 2463;https://ilico.iledefrance-mobilites.fr/uploads/plans/20251001T091847Z-f249eb27-e450-4b6a-b72c-813864e71553.pdf;PLAN;2463
C01048;Plan Ligne 2465;https://ilico.iledefrance-mobilites.fr/uploads/plans/20251001T092255Z-d2168342-19e4-498c-b08d-669bc36cce64.pdf;PLAN;2465
C01053;Plan de ligne 3133;https://ilico.iledefrance-mobilites.fr/uploads/plans/20250129T144743Z-40b242db-994b-437a-be0b-6deddceefb8c.pdf;PLAN;3133
C01058;Plan de ligne 3139;https://ilico.iledefrance-mobilites.fr/uploads/plans/20250731T150811Z-869fe65a-4512-4057-be53-f434c59a71a9.pdf;PLAN;3139
C01060;Plan Ligne 2425;https://ilico.iledefrance-mobilites.fr/uploads/plans/20251001T092933Z-5b357c96-83af-4b1d-8373-77b7ca65b091.pdf;PLAN;2425
C01062;Plan ligne 7701;https://ilico.iledefrance-mobilites.fr/uploads/plans/20260702T075430Z-db5ecc18-c54d-400b-a1cc-637ba4821126.pdf;PLAN;7701
C01063;Fiche horaires 13/07 au 16/08/2026;https://ilico.iledefrance-mobilites.fr/uploads/fiches/20260702T075723Z-f93b95e0-13d9-4e10-bc9d-1ec798f55186.pdf;HORAIRE;7717
C01073;Horaires Ligne 21;https://www.ratp.fr/sites/default/files/lines-assets/fiche-horaire/busratp/fiche-horaire_busratp_ligne-21.pdf;HORAIRE;21
C01078;Plan Ligne 28;https://www.ratp.fr/sites/default/files/lines-assets/plan-de-ligne/busratp/plan-de-ligne_busratp_ligne-28.pdf;PLAN;28
C01080;Plan Ligne 30;https://www.ratp.fr/sites/default/files/lines-assets/plan-de-ligne/busratp/plan-de-ligne_busratp_ligne-30.pdf;PLAN;30
C01087;Horaires Ligne 46;https://www.ratp.fr/sites/default/files/lines-assets/fiche-horaire/busratp/fiche-horaire_busratp_ligne-46.pdf;HORAIRE;46
C01090;Plan de ligne 52;https://ilico.iledefrance-mobilites.fr/uploads/plans/20260611T094420Z-c7a497bd-03e4-4873-9334-229ec4b1f60b.pdf;PLAN;52
C01097;Fiche horaire 61 - Offre d'été 2026;https://ilico.iledefrance-mobilites.fr/uploads/fiches/20260729T094602Z-06089662-f509-499e-b7bb-e0fa0c14d4ac.pdf;HORAIRE;61
C01104;Plan Ligne 68;https://www.ratp.fr/sites/default/files/lines-assets/plan-de-ligne/busratp/plan-de-ligne_busratp_ligne-68.pdf;PLAN;68
C01106;Horaires Ligne 70;https://www.ratp.fr/sites/default/files/lines-assets/fiche-horaire/busratp/fiche-horaire_busratp_ligne-70.pdf;HORAIRE;70
C01111;Horaires Ligne 76;https://www.ratp.fr/sites/default/files/lines-assets/fiche-horaire/busratp/fiche-horaire_busratp_ligne-76.pdf;HORAIRE;76
C01112;Plan Ligne 80;https://www.ratp.fr/sites/default/files/lines-assets/plan-de-ligne/busratp/plan-de-ligne_busratp_ligne-80.pdf;PLAN;80
C01114;Horaires Ligne 82;https://www.ratp.fr/sites/default/files/lines-assets/fiche-horaire/busratp/fiche-horaire_busratp_ligne-82.pdf;HORAIRE;82
C01115;Plan de ligne 83;https://ilico.iledefrance-mobilites.fr/uploads/plans/20260801T164115Z-d88c5236-7282-4a9a-a202-a497d4240e30.pdf;PLAN;83
C01117;Horaires ligne 85;https://ilico.iledefrance-mobilites.fr/uploads/fiches/20260706T140640Z-ee2762fe-ee74-4125-bcf3-96dcb972d03e.pdf;HORAIRE;85
C01117;Plan ligne 85;https://ilico.iledefrance-mobilites.fr/uploads/plans/20260702T093849Z-e9e6f2c8-c9de-43fe-b17c-3f492f66153d.pdf;PLAN;85
C01120;Plan Ligne 88;https://www.ratp.fr/sites/default/files/lines-assets/plan-de-ligne/busratp/plan-de-ligne_busratp_ligne-88.pdf;PLAN;88
C01122;Horaires valables à partir du 16 juillet au 16 août 2026;https://ilico.iledefrance-mobilites.fr/uploads/fiches/20260731T172836Z-673dbbdb-e129-4408-a600-1c391093b4be.pdf;HORAIRE;91
C01125;Plan Ligne 94;https://www.ratp.fr/sites/default/files/lines-assets/plan-de-ligne/busratp/plan-de-ligne_busratp_ligne-94.pdf;PLAN;94
C01130;Horaires Ligne 101 du 17/08 au 31/12/2026;https://ilico.iledefrance-mobilites.fr/uploads/fiches/20260730T113913Z-d471c89b-19df-480c-b6a2-d346d028a8c9.pdf;HORAIRE;101
C01131;Horaires Ligne 102;https://www.ratp.fr/sites/default/files/lines-assets/fiche-horaire/busratp/fiche-horaire_busratp_ligne-102.pdf;HORAIRE;102
C01133;Horaires ligne 104;https://ilico.iledefrance-mobilites.fr/uploads/fiches/20260722T084305Z-c779f62f-c4a9-4275-b204-9f659c779799.pdf;HORAIRE;104
C01135;Horaires Ligne 106 du 13/07 au 23/08/2026;https://ilico.iledefrance-mobilites.fr/uploads/fiches/20260728T083146Z-c53f061c-8dc1-4050-a7db-15e7a86dc638.pdf;HORAIRE;106
C01136;Plan ligne 107;https://ilico.iledefrance-mobilites.fr/uploads/plans/20260211T085636Z-69b39a41-2e5f-47b4-8df1-2dc77a59c5d4.pdf;PLAN;107
C01138;Plan Ligne 109;https://www.ratp.fr/sites/default/files/lines-assets/plan-de-ligne/busratp/plan-de-ligne_busratp_ligne-109.pdf;PLAN;109
C01140;Plan Ligne 111;https://ilico.iledefrance-mobilites.fr/uploads/plans/20260211T085849Z-c7d42ed2-b646-4ec2-82bb-4aca1c79e7c1.pdf;PLAN;111
C01143;Horaires Ligne 114 du 13/07 au 16/08/2026;https://ilico.iledefrance-mobilites.fr/uploads/fiches/20260728T085837Z-09fb7d43-07dd-4a5b-8de6-8c2b8026c2ce.pdf;HORAIRE;114
C01159;Plan de ligne 131;https://ilico.iledefrance-mobilites.fr/uploads/plans/20260722T084528Z-e3e2b069-530e-46d7-b433-4b172f085565.pdf;PLAN;131
C01165;Horaires ligne 139;https://ilico.iledefrance-mobilites.fr/uploads/fiches/20260805T114005Z-428e5e34-5ed8-4166-8d0b-c013c7a0de23.pdf;HORAIRE;139
C01169;Fiches horaires ligne 144;https://ilico.iledefrance-mobilites.fr/uploads/fiches/20260810T125839Z-e1b01492-bafe-4505-89dd-032580c860de.pdf;HORAIRE;144
C01170;Fiche horaire 145 - Offre d'été 2026;https://ilico.iledefrance-mobilites.fr/uploads/fiches/20260729T100038Z-e12ff6a5-147e-46c8-bd51-61f392fd0550.pdf;HORAIRE;145
C01172;Plan ligne 147;https://ilico.iledefrance-mobilites.fr/uploads/plans/20260422T113533Z-27ac08c2-fcde-4cea-9531-159601f171a3.pdf;PLAN;147
C01173;Plan ligne 148;https://ilico.iledefrance-mobilites.fr/uploads/plans/20260422T113656Z-19adf904-ece8-4f54-a730-1bcf134e29cf.pdf;PLAN;148
C01174;Horaires ligne 150;https://ilico.iledefrance-mobilites.fr/uploads/fiches/20260805T114043Z-55409937-13b4-4a56-a5ce-ec4d5f82a58b.pdf;HORAIRE;150
C01176;Plan ligne 152;https://ilico.iledefrance-mobilites.fr/uploads/plans/20260422T114123Z-2e253735-8b22-471f-a1df-a670b77ef00b.pdf;PLAN;152
C01181;Plan de ligne 158;https://ilico.iledefrance-mobilites.fr/uploads/plans/20260611T095523Z-ced1133a-06e8-43a9-80ea-a48270661a25.pdf;PLAN;158
C01183;Fiches horaires ligne 160;https://ilico.iledefrance-mobilites.fr/uploads/fiches/20260810T130033Z-30d7f166-a4c5-47a7-be19-7420bfcf26da.pdf;HORAIRE;160
C01185;Fiches horaires ligne 163;https://ilico.iledefrance-mobilites.fr/uploads/fiches/20260810T130123Z-b4d0bfb7-6099-409a-a4e5-f3485d8fca93.pdf;HORAIRE;163
C01187;Fiches horaires ligne 165;https://ilico.iledefrance-mobilites.fr/uploads/fiches/20260810T130223Z-b98d00ac-5d69-4275-bf79-2e47ab31b5c0.pdf;HORAIRE;165
C01189;Fiches horaires ligne 167;https://ilico.iledefrance-mobilites.fr/uploads/fiches/20260810T130248Z-515e2e57-6ed8-437b-9e98-73509efc85d9.pdf;HORAIRE;167
C01190;Plan Ligne 169;https://www.ratp.fr/sites/default/files/lines-assets/plan-de-ligne/busratp/plan-de-ligne_busratp_ligne-169.pdf;PLAN;169
C01195;Horaires ligne 174;https://ilico.iledefrance-mobilites.fr/uploads/fiches/20260706T141055Z-a53e9eb8-bc92-412d-a99e-c12a1a49640d.pdf;HORAIRE;174
C01198;Horaires ligne 177;https://ilico.iledefrance-mobilites.fr/uploads/fiches/20260706T141222Z-827065a1-db9c-4f27-87ef-f02f5e090886.pdf;HORAIRE;177
C01206;Horaires ligne 185;https://ilico.iledefrance-mobilites.fr/uploads/fiches/20260722T085216Z-15142b0f-a3e8-405d-85e6-a44501117671.pdf;HORAIRE;185
C00001;Plan de ligne 482;https://ilico.iledefrance-mobilites.fr/uploads/plans/20260430T104118Z-43236fc5-215e-4d26-9220-32101a35e98a.pdf;PLAN;482
C00006;Horaire valables à partir du 13 juillet au 15 août 2026;https://ilico.iledefrance-mobilites.fr/uploads/fiches/20260706T131409Z-4264b07a-67a0-4dd9-8831-14659af72c0f.pdf;HORAIRE;480
C00006;Plan de ligne 480;https://ilico.iledefrance-mobilites.fr/uploads/plans/20260430T104146Z-de751168-2644-4447-a72e-e3da9dc90efa.pdf;PLAN;480
C00011;Dépliant_3105 au 06042026;https://ilico.iledefrance-mobilites.fr/uploads/fiches/20260326T090228Z-752a86f0-c42d-4428-abd4-dab03ce2cfc9.pdf;HORAIRE;3105
C00011;Plan 3105;https://ilico.iledefrance-mobilites.fr/uploads/plans/20250731T121441Z-76f8948d-a54a-4510-9ad3-0db9e614af78.pdf;PLAN;3105
C00024;Dépliant_3109 été au 04072026;https://ilico.iledefrance-mobilites.fr/uploads/fiches/20260522T131450Z-ece65551-b316-4f95-b34d-ec39a68d5c43.pdf;HORAIRE;3109
C00024;Plan 3109;https://ilico.iledefrance-mobilites.fr/uploads/plans/20250728T123933Z-86f3cf5c-f9fd-431b-a9c9-56383c26c6bc.pdf;PLAN;3109
C00025;Dépliant_3146 été au 04072026;https://ilico.iledefrance-mobilites.fr/uploads/fiches/20260526T121437Z-9122def3-3871-49e0-a2d8-3e78a52b272a.pdf;HORAIRE;3146
C00026;Dépliant_3147 été au 04072026;https://ilico.iledefrance-mobilites.fr/uploads/fiches/20260526T121546Z-defdf305-e935-48dd-8d39-6728bdc3afca.pdf;HORAIRE;3147
C00034;Ligne C - Horaires valables du 25 août 2025 au 12 juillet 2026;https://ilico.iledefrance-mobilites.fr/uploads/fiches/20260126T112109Z-38add3c2-cf9e-4676-b3c2-7c85b4bb5302.pdf;HORAIRE;750 (ex C)
C00038;Horaires été valables du 13/07 au 23/08/26;https://ilico.iledefrance-mobilites.fr/uploads/fiches/20260702T131743Z-21afcfaf-704f-44ce-9063-00a80bcb61f8.pdf;HORAIRE;6132
C00040;Schéma ligne 6178;https://ilico.iledefrance-mobilites.fr/uploads/plans/20250826T131034Z-3eb46725-3f10-4a1e-ba55-63b3b7e1a67c.pdf;PLAN;6178
C00042;Horaires été valables du 13/07 au 21/08/26;https://ilico.iledefrance-mobilites.fr/uploads/fiches/20260702T132133Z-8c03414c-c786-4704-aa75-d0ee252a7be0.pdf;HORAIRE;6133
C00043;Horaires HIVER valables du 24/08/26 au 09/07/2027;https://ilico.iledefrance-mobilites.fr/uploads/fiches/20260731T121043Z-b0e286d2-d8d7-4ec0-bae5-3e4eebd0b121.pdf;HORAIRE;6124
C00046;Fiche WEB ligne 9160 PVS été du 9 mars au 12 juillet 2026 et du 24 août au 31 août 2026;https://portail-idfm-operateurs.cdn.prismic.io/portail-idfm-operateurs/i2oRmVEj_piIwIqb_FicheWEBligne9160PVS%C3%A9t%C3%A9du9marsau12juillet2026etdu24ao%C3%BBtau31ao%C3%BBt2026.pdf;HORAIRE;9160
C00048;Horaires HIVER valables du 24/08/26 au 10/07/2027;https://ilico.iledefrance-mobilites.fr/uploads/fiches/20260804T124341Z-083ecc2d-d08d-4f7e-b381-9d3dab6e0d4b.pdf;HORAIRE;6140
C00048;Horaires été valables du 13/07 au 22/08/26;https://ilico.iledefrance-mobilites.fr/uploads/fiches/20260703T120545Z-dd1c179f-2bcb-4d3a-82f3-a1551a36278e.pdf;HORAIRE;6140
C00048;Schéma ligne 6140;https://ilico.iledefrance-mobilites.fr/uploads/plans/20260227T145750Z-d9433d95-3c5e-453c-99c0-98232a490e34.pdf;PLAN;6140
C00049;Schéma ligne 6142;https://ilico.iledefrance-mobilites.fr/uploads/plans/20260227T145829Z-f69381d6-3ce8-4987-97eb-d70dbd4ba126.pdf;PLAN;6142
C00051;Horaires été valables du 13/07 au 21/08/26;https://ilico.iledefrance-mobilites.fr/uploads/fiches/20260702T133622Z-0b787149-9e3b-4596-8c3c-0fb780fcb039.pdf;HORAIRE;6145
C00060;Plan ligne 5213;https://ilico.iledefrance-mobilites.fr/uploads/plans/20250303T150556Z-a9388a11-1768-4bc2-a1c0-b1480f4483f5.pdf;PLAN;5213
C00061;Horaires de la ligne 5116;https://ilico.iledefrance-mobilites.fr/uploads/fiches/20251222T152251Z-2b7e98ac-84d6-467f-b67e-4ba96ffd9cd6.pdf;HORAIRE;5116
C00061;Plan de la ligne 5116;https://ilico.iledefrance-mobilites.fr/uploads/plans/20250321T155820Z-d07bd3d3-be0d-44d7-b3f6-ee7a8042ee13.pdf;PLAN;5116
C00062;Ligne 7806 - Horaires à partir du 6 juillet 2026;https://ilico.iledefrance-mobilites.fr/uploads/fiches/20260617T160951Z-9d2b5cbb-9f4c-43f7-bdb6-4750efde174c.pdf;HORAIRE;7806
C00062;Plan ligne 7806;https://ilico.iledefrance-mobilites.fr/uploads/plans/20250328T135139Z-db3c6770-f32c-4eeb-98c8-dd8165c0fdc8.pdf;PLAN;7806
C00068;Fiche WEB ligne 4603 Été 2026 V0, du lundi 13 juillet au dimanche 23 août 2026;https://portail-idfm-operateurs.cdn.prismic.io/portail-idfm-operateurs/ajJi0Y1P9HI4Umzg_FicheWEBligne4603%C3%89t%C3%A92026V0%2Cdulundi13juilletaudimanche23ao%C3%BBt2026.pdf;HORAIRE;4603
C00068;Fiche WEB ligne 4603 PVS été 2026;https://portail-idfm-operateurs.cdn.prismic.io/portail-idfm-operateurs/ajP9No1P9HI4UsP7_FicheWEBligne4603PVS%C3%A9t%C3%A92026.pdf;HORAIRE;4603
C00068;Plan de ligne 4603;https://ilico.iledefrance-mobilites.fr/uploads/plans/20251020T071559Z-770660b5-737b-41c4-a116-953a52e2efb7.pdf;PLAN;4603
C00073;Fiche WEB ligne 4608 Été 2026 V1, du lundi 13 juillet au dimanche 23 août 2026 (version GUY MOQUET);https://portail-idfm-operateurs.cdn.prismic.io/portail-idfm-operateurs/ajqlV1bRV8_QfxlA_FicheWEBligne4608%C3%89t%C3%A92026V1%2Cdulundi13juilletaudimanche23ao%C3%BBt2026-versionGUYMOQUET-.pdf;HORAIRE;4608
C00074;Fiche WEB ligne 4601 PVS Été 2026 V0, du lundi 24 août au lundi 31 août 2026;https://portail-idfm-operateurs.cdn.prismic.io/portail-idfm-operateurs/mNnhLRM4a9AAyvwn_FicheWEBligne4601PVS%C3%89t%C3%A92026V0%2Cdulundi6juilletaudimanche12juillet%2Cpuisdulundi24ao%C3%BBtaulundi31ao%C3%BBt2026.pdf;HORAIRE;4601
C00075;Fiche WEB ligne 4614 Été 2026 V0, du lundi 13 juillet au dimanche 23 août 2026;https://portail-idfm-operateurs.cdn.prismic.io/portail-idfm-operateurs/ajK-LY1P9HI4UovU_FicheWEBligne4614%C3%89t%C3%A92026V0%2Cdulundi20juilletaudimanche23ao%C3%BBt2026.pdf;HORAIRE;4614
C00079;Fiche WEB ligne 4619 PVS été du 1er septembre 2025 au 12 juillet 2026 et du 24 août au 31 août 2026;https://portail-idfm-operateurs.cdn.prismic.io/portail-idfm-operateurs/EwhgXYHnRKexY13K_FicheWEBligne4619PVS%C3%A9t%C3%A9du1erseptembre2025au12juillet2026etdu24ao%C3%BBtau31ao%C3%BBt2026.pdf;HORAIRE;4619
C00084;Ligne 437 du 1 septembre 2026 au 3 juillet 2027;https://ilico.iledefrance-mobilites.fr/uploads/fiches/20260811T063927Z-7c7bf005-3485-41fc-8f96-2f778ceb9dd1.pdf;HORAIRE;437
C00085;Ligne 438 du 1 septembre 2026 au 3 juillet 2027;https://ilico.iledefrance-mobilites.fr/uploads/fiches/20260811T064112Z-948faeeb-2086-425b-9634-52c7292a8d45.pdf;HORAIRE;438
C00086;Plan Gare Routière SGDB (Place) - A compter du 22/12/25;https://ilico.iledefrance-mobilites.fr/uploads/fiches/20251217T132736Z-7bea0016-b419-491f-8111-7ef90d4a0b7d.pdf;HORAIRE;4511
C00090;Horaires Ligne 4501 - A compter du 24 août 2026 au 11 juillet 2027;https://portail-idfm-operateurs.cdn.prismic.io/portail-idfm-operateurs/4bupkzMzYSJ0r4uY_FI_4501.pdf;HORAIRE;4501
C01208;Horaires ligne 187;https://ilico.iledefrance-mobilites.fr/uploads/fiches/20260722T090029Z-04e37581-7220-4200-b55a-ce5d0aeb2cb3.pdf;HORAIRE;187
C01211;Fiche Horaire 190;https://ilico.iledefrance-mobilites.fr/uploads/fiches/20260713T074042Z-5f27a156-8f6e-42c9-80f1-418f9ee17181.pdf;HORAIRE;190
C01212;Fiche Horaire 191;https://ilico.iledefrance-mobilites.fr/uploads/fiches/20260713T074105Z-fedb2136-5631-4e63-bace-5353c1972254.pdf;HORAIRE;191
C01212;Plan de ligne 191;https://ilico.iledefrance-mobilites.fr/uploads/plans/20260408T133454Z-6e5cde0e-0b45-44d1-8a6b-7ec7ee564d78.pdf;PLAN;191
C01219;Plan Ligne 201;https://ilico.iledefrance-mobilites.fr/uploads/plans/20260211T090628Z-191af08d-e751-4492-8900-697562011213.pdf;PLAN;201
C01220;Horaires Ligne 203 du 13/07 au 16/08/2026;https://ilico.iledefrance-mobilites.fr/uploads/fiches/20260728T090510Z-850b8487-fecc-40ba-978b-949e11a97a80.pdf;HORAIRE;203
C01227;Ligne 213 - Plan de ligne;https://ilico.iledefrance-mobilites.fr/uploads/plans/20260710T085300Z-56d12bfd-8ae0-4fcd-9f53-6d60891dd333.pdf;PLAN;213
C01228;Horaires Ligne 214 du 13/07 au 16/08/2026;https://ilico.iledefrance-mobilites.fr/uploads/fiches/20260728T090632Z-139c38f8-7c3c-4fa6-865a-0d1c2ab2e3ae.pdf;HORAIRE;214
C01228;Plan Ligne 214;https://ilico.iledefrance-mobilites.fr/uploads/plans/20260211T090840Z-45a99174-853b-4461-96a3-d3b61ec9cf4f.pdf;PLAN;214
C01230;Fiche horaire ligne 216;https://ilico.iledefrance-mobilites.fr/uploads/fiches/20260219T120026Z-9e66bfec-a279-434a-9162-faf09e3baa13.pdf;HORAIRE;216
C01230;Plan de ligne 216;https://ilico.iledefrance-mobilites.fr/uploads/plans/20260416T154846Z-0f4f7f67-a1a1-4ddb-8afe-2ada0cd3fc0a.pdf;PLAN;216
C01232;Ligne 220 - (Direction Gare de Bry-sur-Marne)  - Horaires valables du 13 juillet au 23 août 2026;https://ilico.iledefrance-mobilites.fr/uploads/fiches/20260612T105026Z-e1ac191a-8f9d-4681-b434-57eeaacee55c.pdf;HORAIRE;220
C01237;Plan ligne 238;https://ilico.iledefrance-mobilites.fr/uploads/plans/20260702T093039Z-f0dc783b-04f5-4720-a3ca-d281186ea8e3.pdf;PLAN;238
C01238;Plan ligne 239;https://ilico.iledefrance-mobilites.fr/uploads/plans/20260708T164935Z-c51cc3b5-3ba7-4ef2-bc4c-583e8cf9ff54.pdf;PLAN;239
C01241;Fiche horaire 249 - Offre d'été 2026;https://ilico.iledefrance-mobilites.fr/uploads/fiches/20260729T101817Z-6381c2fc-734f-47aa-ad6a-cd7103839701.pdf;HORAIRE;249
C01242;Horaires ligne 250;https://ilico.iledefrance-mobilites.fr/uploads/fiches/20260805T114245Z-9e1dc23c-1f8b-4b09-a9cc-0fcf538cb23b.pdf;HORAIRE;250
C01246;Plan ligne 255;https://ilico.iledefrance-mobilites.fr/uploads/plans/20260708T165238Z-1fe813ba-cbab-4fa6-a232-fefa44bcd077.pdf;PLAN;255
C01247;Horaires ligne 256;https://ilico.iledefrance-mobilites.fr/uploads/fiches/20260805T114512Z-19e088e2-2efe-4b2a-b60c-8e094e734320.pdf;HORAIRE;256
C01247;Plan ligne 256;https://ilico.iledefrance-mobilites.fr/uploads/plans/20260708T165313Z-b2b08f6a-cd53-4c7b-960b-2970ad497c31.pdf;PLAN;256
C01251;Plan ligne 268;https://ilico.iledefrance-mobilites.fr/uploads/plans/20260708T165443Z-1a82810f-16f9-4517-9c7b-e8b70d6d2bb9.pdf;PLAN;268
C01252;Plan ligne 269;https://ilico.iledefrance-mobilites.fr/uploads/plans/20260708T165510Z-1740303d-9499-4962-9aa7-cfa2e4444c72.pdf;PLAN;269
C01255;Horaires ligne 274;https://ilico.iledefrance-mobilites.fr/uploads/fiches/20260706T142025Z-a1463ea4-835d-4db0-8d5a-e333b16de128.pdf;HORAIRE;274
C01265;Plan de ligne 290;https://ilico.iledefrance-mobilites.fr/uploads/plans/20260408T133631Z-805c2f51-d622-44c0-80ad-c764371e924e.pdf;PLAN;290
C01268;Fiche horaire ligne 294;https://ilico.iledefrance-mobilites.fr/uploads/fiches/20260417T134157Z-54e82c69-fb8e-429b-87f4-97dd4787cb6c.pdf;HORAIRE;294
C01270;Fiche horaire ligne 297;https://ilico.iledefrance-mobilites.fr/uploads/fiches/20260417T131211Z-c7286b6e-bcf3-411f-a9ff-4208f52d9f2e.pdf;HORAIRE;297
C01272;Fiche horaire 301 - Offre d'été 2026;https://ilico.iledefrance-mobilites.fr/uploads/fiches/20260729T102017Z-990a342c-865f-4729-afbe-c63f5e33c87f.pdf;HORAIRE;301
C01274;Plan Ligne 303;https://ilico.iledefrance-mobilites.fr/uploads/plans/20260403T152754Z-e384d780-e26e-4bdb-a3e4-a6d68389a6d8.pdf;PLAN;303
C01275;Plan de ligne 304;https://ilico.iledefrance-mobilites.fr/uploads/plans/20260611T101559Z-2ffa42ca-5b70-47f8-8d66-9e3fa12985bc.pdf;PLAN;304
C01278;Ligne 310 - Horaires valables du 13 juillet au 23 août 2026;https://ilico.iledefrance-mobilites.fr/uploads/fiches/20260612T090906Z-4285c09e-81de-4741-afbd-0e000676975a.pdf;HORAIRE;310
C01281;Plan Ligne 318;https://www.ratp.fr/sites/default/files/lines-assets/plan-de-ligne/busratp/plan-de-ligne_busratp_ligne-318.pdf;PLAN;318
C01286;Horaires Ligne 322;https://www.ratp.fr/sites/default/files/lines-assets/fiche-horaire/busratp/fiche-horaire_busratp_ligne-322.pdf;HORAIRE;322
C01299;Fiche horaire ligne 351;https://ilico.iledefrance-mobilites.fr/uploads/fiches/20260219T112752Z-b8e4b4cb-0fa7-475a-9e57-166b7928e890.pdf;HORAIRE;351
C01304;Plan de ligne 360;https://ilico.iledefrance-mobilites.fr/uploads/plans/20260611T101644Z-c7e90976-788e-4ac7-a70b-44b8750ade8c.pdf;PLAN;360
C01306;Plan de ligne 366;https://ilico.iledefrance-mobilites.fr/uploads/plans/20260611T101731Z-9d4bcfb1-6541-4810-8988-6a56ec28ab97.pdf;PLAN;366
C01307;Fiches horaires ligne 367;https://ilico.iledefrance-mobilites.fr/uploads/fiches/20260810T130758Z-1092db2a-64eb-425d-937e-3f72ea2f1c54.pdf;HORAIRE;367
C01307;Plan de ligne 367;https://ilico.iledefrance-mobilites.fr/uploads/plans/20260611T101811Z-7c5e5269-92fc-44d7-b7f5-4c290bc02733.pdf;PLAN;367
C01310;Horaires ligne 372;https://ilico.iledefrance-mobilites.fr/uploads/fiches/20260722T091017Z-1c79f243-16f3-426c-b884-243d144e51fb.pdf;HORAIRE;372
C01315;Fiche Horaire 389;https://ilico.iledefrance-mobilites.fr/uploads/fiches/20260713T074256Z-eb242ea9-e923-467e-ac37-13f71986dcf2.pdf;HORAIRE;389
C01317;Fiche Horaire 391;https://ilico.iledefrance-mobilites.fr/uploads/fiches/20260713T074338Z-c80c0ffd-f661-46fb-b9ac-bc58aa23613c.pdf;HORAIRE;391
C01322;Plan de ligne 399;https://ilico.iledefrance-mobilites.fr/uploads/plans/20260416T153527Z-e127e1b6-5d54-4ad9-809e-98f9490e5ccb.pdf;PLAN;399
C01329;Horaires Ligne LA TRAVERSE DE CHARONNE;https://www.ratp.fr/sites/default/files/lines-assets/fiche-horaire/busratp/fiche-horaire_busratp_ligne-501.pdf;HORAIRE;La Traverse de Charonne
C01330;Horaires Ligne LA TRAVERSE BIEVRE MONTSOURIS;https://www.ratp.fr/sites/default/files/lines-assets/fiche-horaire/busratp/fiche-horaire_busratp_ligne-513.pdf;HORAIRE;La Traverse Bièvre Montsouris
C01332;Plan Ligne La Traverse Batignolles - Bichat;https://www.ratp.fr/sites/default/files/lines-assets/plan-de-ligne/busratp/plan-de-ligne_busratp_ligne-518.pdf;PLAN;La Traverse Batignolles-Bichat
C01333;Plan Ligne LA TRAVERSE NEY FLANDRE;https://www.ratp.fr/sites/default/files/lines-assets/plan-de-ligne/busratp/plan-de-ligne_busratp_ligne-519.pdf;PLAN;La Traverse Ney - Flandre
C01340;Horaires Ligne 544 AS;https://ilico.iledefrance-mobilites.fr/uploads/fiches/20260423T083729Z-00d3398e-0309-482a-94fc-1565b4e07fc1.pdf;HORAIRE;AS AUTOBUS SURESNOIS
C01340;Plan Ligne 544 AS;https://ilico.iledefrance-mobilites.fr/uploads/plans/20260423T083729Z-79454122-8122-4b04-b33c-8f18dc4d8ed8.pdf;PLAN;AS AUTOBUS SURESNOIS
C01345;Horaires Ligne 559;https://ilico.iledefrance-mobilites.fr/uploads/fiches/20260423T084242Z-7870b676-9caa-4de0-9ea0-34ddfebddc38.pdf;HORAIRE;559
C01360;Horaires valables à partir du 2 juin 2025;https://ilico.iledefrance-mobilites.fr/uploads/fiches/20250528T161026Z-ddc183f1-ae26-447a-bb4b-50367465ce3c.pdf;HORAIRE;CHOISYBUS
C01360;Plan Ligne CHOISYBUS;https://ilico.iledefrance-mobilites.fr/uploads/plans/20250602T073251Z-195965e8-739d-441c-b410-f25fbbb3215f.pdf;PLAN;CHOISYBUS
C01362;Plan Ligne V5;https://www.ratp.fr/sites/default/files/lines-assets/plan-de-ligne/busratp/plan-de-ligne_busratp_ligne-584.pdf;PLAN;V5
C01366;Plan ligne AMIBUS;https://ilico.iledefrance-mobilites.fr/uploads/plans/20260204T160259Z-eedf1892-7de1-472d-9d72-db7a4d60d157.pdf;PLAN;AMIBUS
C01370;Plan HIRONDELLE;https://ilico.iledefrance-mobilites.fr/uploads/plans/20260204T160544Z-c5daaea4-0c20-4787-8127-42722ec37b24.pdf;PLAN;L'Hirondelle
C01372;Plan Métro 2;https://www.ratp.fr/sites/default/files/lines-assets/plan-de-ligne/metro/plan-de-ligne_metro_ligne-2.pdf;PLAN;2
C01377;Plan Métro 7;https://www.ratp.fr/sites/default/files/lines-assets/plan-de-ligne/metro/plan-de-ligne_metro_ligne-7.pdf;PLAN;7
C01386;Plan Métro 3B;https://www.ratp.fr/sites/default/files/lines-assets/plan-de-ligne/metro/plan-de-ligne_metro_ligne-3b.pdf;PLAN;3B
C01389;Plan Tramway T1;https://www.ratp.fr/sites/default/files/lines-assets/plan-de-ligne/tram/plan-de-ligne_tram_ligne-t1.1587654231.pdf;PLAN;T1
C01391;Plan T3a;https://www.ratp.fr/sites/default/files/lines-assets/plan-de-ligne/tram/plan-de-ligne_tram_ligne-t3a.pdf;PLAN;T3a
C01392;Horaires valables à partir du 16 juillet au 16 août 2026;https://ilico.iledefrance-mobilites.fr/uploads/fiches/20260801T161533Z-22007fd9-1e69-4c2d-aa54-f3d918159435.pdf;HORAIRE;N24
C01392;Plan de ligne N24;https://ilico.iledefrance-mobilites.fr/uploads/plans/20260801T172735Z-512b1372-7db2-479b-8886-432404663e21.pdf;PLAN;N24
C01393;Plan Ligne N52;https://www.ratp.fr/sites/default/files/lines-assets/plan-de-ligne/noctilien/plan-de-ligne_noctilien_ligne-n52.pdf;PLAN;N52
C01396;Horaires Ligne N42;https://www.ratp.fr/sites/default/files/lines-assets/fiche-horaire/noctilien/fiche-horaire_noctilien_ligne-n42.pdf;HORAIRE;N42
C01397;Plan de ligne N23;https://ilico.iledefrance-mobilites.fr/uploads/plans/20260801T172826Z-ea92d653-93ee-4cf2-9406-a087d0cb9f12.pdf;PLAN;N23
C01400;Horaires valables à partir du 16 juillet au 16 août 2026;https://ilico.iledefrance-mobilites.fr/uploads/fiches/20260801T161758Z-2e6be1ea-5111-4063-9f54-4b814aa2c945.pdf;HORAIRE;N31
C01401;Horaires valables à partir du 16 juillet au 16 août 2026;https://ilico.iledefrance-mobilites.fr/uploads/fiches/20260801T161932Z-23f11bb3-07de-452c-9290-ded453d04221.pdf;HORAIRE;N21
C01401;Plan de ligne N21;https://ilico.iledefrance-mobilites.fr/uploads/plans/20260801T173138Z-2a0d2ebf-74ec-47ef-a2a9-d07261d1523c.pdf;PLAN;N21
C01404;Horaires N32;https://ilico.iledefrance-mobilites.fr/uploads/fiches/20260527T055006Z-fa9487fb-2091-4a81-a19c-8db82b90ac35.pdf;HORAIRE;N32
C01407;Horaires valables à partir du 16 juillet au 16 août 2026;https://ilico.iledefrance-mobilites.fr/uploads/fiches/20260801T162041Z-0a0b0aff-0921-49d8-8f20-c352e63316d7.pdf;HORAIRE;N22
C01408;Fiche Horaire N63;https://ilico.iledefrance-mobilites.fr/uploads/fiches/20260713T074616Z-5f647d73-761d-483a-8ff1-af68a3d659e5.pdf;HORAIRE;N63
C01408;Plan de ligne N63;https://ilico.iledefrance-mobilites.fr/uploads/plans/20260408T134031Z-b2e12593-08e3-4ed4-8ba8-e48c38162933.pdf;PLAN;N63
C01409;Plan Ligne N53;https://www.ratp.fr/sites/default/files/lines-assets/plan-de-ligne/noctilien/plan-de-ligne_noctilien_ligne-n53.pdf;PLAN;N53
C01410;Horaires N71;https://ilico.iledefrance-mobilites.fr/uploads/fiches/20260527T060312Z-3221df3c-df8e-4996-b722-a79eaa7c17de.pdf;HORAIRE;N71
C01415;Plan ligne N11;https://ilico.iledefrance-mobilites.fr/uploads/plans/20251022T140005Z-4c83ee8f-ff02-4cd3-ab2f-24a5e7bf7b59.pdf;PLAN;N11
C01420;Fiche Horaire N12;https://ilico.iledefrance-mobilites.fr/uploads/fiches/20260713T074637Z-076db969-7319-4e9c-b730-317d5ed604fb.pdf;HORAIRE;N12
C01420;Plan de ligne N12;https://ilico.iledefrance-mobilites.fr/uploads/plans/20260408T134046Z-ec509548-2726-469b-9418-7e3bb3a59ba3.pdf;PLAN;N12
C01422;Plan de la ligne N153;https://ilico.iledefrance-mobilites.fr/uploads/plans/20260714T124709Z-2e192825-76ae-40da-89bd-20750b308583.pdf;PLAN;N153
C01426;Ligne 702 - Horaires valables du 13 juillet au 23 août 2026;https://ilico.iledefrance-mobilites.fr/uploads/fiches/20260612T084352Z-61720bec-601d-4199-ab71-8d9aedc8e780.pdf;HORAIRE;702 (ex 2)
C01432;Horaires Ligne Fileo Goussainville;https://ilico.iledefrance-mobilites.fr/uploads/fiches/20250305T135653Z-1fba4cb3-8146-48ca-acc8-d75f75db2502.pdf;HORAIRE;Filéo Goussainville (future TàD Roissy Goussainville)
C01438;Horaires ligne 3310 du 05/01/2026 au 31/08/2026;https://ilico.iledefrance-mobilites.fr/uploads/fiches/20251211T115531Z-5928aa39-2985-4d9b-bf9f-80455694e3c2.pdf;HORAIRE;3310
C01438;Horaires ligne 3310 du 09/03/2026 au 31/08/2026;https://ilico.iledefrance-mobilites.fr/uploads/fiches/20260217T122125Z-68e7a4e1-8425-4337-a3d5-0c69d6178865.pdf;HORAIRE;3310
C01439;Plan de ligne 3305;https://ilico.iledefrance-mobilites.fr/uploads/plans/20250825T063548Z-a4bf535e-db02-453a-9d7b-04ef6c1beec4.pdf;PLAN;3305
C01441;Plan de ligne 3306;https://ilico.iledefrance-mobilites.fr/uploads/plans/20250825T063720Z-2179327a-a2b5-45dd-b309-51e0855667a4.pdf;PLAN;3306
C01442;Plan de ligne 3307;https://ilico.iledefrance-mobilites.fr/uploads/plans/20250825T063753Z-ecfbbbb9-dff4-4d1f-9556-4b045830f829.pdf;PLAN;3307
C01443;Plan de ligne 3302;https://ilico.iledefrance-mobilites.fr/uploads/plans/20250825T063840Z-faf60a23-9db3-4070-a8ae-d072445dadb1.pdf;PLAN;3302
C01445;Horaires ligne 3434 valables du 1er septembre 2026 au 3 juillet 2027;https://ilico.iledefrance-mobilites.fr/uploads/fiches/20260806T092442Z-9f189739-cdc7-49d3-8b9f-5eb041a33e4f.pdf;HORAIRE;3434
C01447;3436;https://ilico.iledefrance-mobilites.fr/uploads/plans/20240828T150447Z-41104329-2ed3-40a4-b6e8-bb053ef5eddd.pdf;PLAN;3436
C01451;Horaires ligne 3319 du 05/01/2026 au 31/08/2026;https://ilico.iledefrance-mobilites.fr/uploads/fiches/20251211T115859Z-71418f0a-2185-4c05-ac54-e5737a446c04.pdf;HORAIRE;3319
C01451;Plan de ligne 3319;https://ilico.iledefrance-mobilites.fr/uploads/plans/20250825T063922Z-94177b9b-dfbb-476d-8546-5a9587ed0a34.pdf;PLAN;3319
C01452;Thermomètre ligne 3240;https://ilico.iledefrance-mobilites.fr/uploads/plans/20260721T065312Z-4e31ab46-3f00-4e56-900f-badfde1238f1.pdf;PLAN;3240
C01455;Horaires Ligne 3244 du 01 Septembre2025 au 30 Août 2026;https://ilico.iledefrance-mobilites.fr/uploads/fiches/20251211T095343Z-662351e0-1eb7-46f8-94a5-2646cc6afc8d.pdf;HORAIRE;3244
C01456;Horaires Ligne 3201 du 17 Novembre2025 au 30 Août 2026;https://ilico.iledefrance-mobilites.fr/uploads/fiches/20251211T144859Z-683a7503-cdf9-4c27-8b23-d822095d843f.pdf;HORAIRE;3201
C01467;Horaires Ligne 3252 du 01 Septembre2025 au 30 Août 2026;https://ilico.iledefrance-mobilites.fr/uploads/fiches/20251211T095702Z-0273b3f9-9d6f-4d46-8d1b-4d81e418d299.pdf;HORAIRE;3252
C01467;Thermomètre ligne 3252;https://ilico.iledefrance-mobilites.fr/uploads/plans/20260721T065849Z-579f9e06-d4bb-46c6-bbe9-4a626afafa86.pdf;PLAN;3252
C01473;Horaires valables à partir du 6 juillet 2026;https://ilico.iledefrance-mobilites.fr/uploads/fiches/20260702T141257Z-933cd308-6e19-4d2d-8d7e-4ae8888aae5f.pdf;HORAIRE;6412
C01476;Plan ligne 6428  - Maisons Laffitte-Le Mesnil Le Roi;https://ilico.iledefrance-mobilites.fr/uploads/plans/20260703T061945Z-da49b318-ffb7-4568-95d8-1a7a730d2508.pdf;PLAN;6428
C01479;Plan ligne 1234;https://ilico.iledefrance-mobilites.fr/uploads/plans/20250818T104338Z-51c1f8f8-5d85-460d-a9d8-41135872bf9b.pdf;PLAN;1234
C01480;Horaires valables du 1 septembre 2025 au 5 juillet 2026;https://ilico.iledefrance-mobilites.fr/uploads/fiches/20250915T071830Z-6b2d764f-a21d-419b-8408-10644ff415da.pdf;HORAIRE;1227
C01480;Plan ligne 1227;https://ilico.iledefrance-mobilites.fr/uploads/plans/20250908T083157Z-38423248-581b-4d22-9247-e733c4457395.pdf;PLAN;1227
C01489;Horaires d'été 2026 - L6216 du 13 juillet au 23 août 2026;https://ilico.iledefrance-mobilites.fr/uploads/fiches/20260703T144327Z-32d8808e-1ef3-456c-acf3-b7a8f2321001.pdf;HORAIRE;6216
C01490;Horaires de la ligne 7803;https://ilico.iledefrance-mobilites.fr/uploads/fiches/20251222T154521Z-f3c91ef4-1ea3-4006-8478-887ce59faa61.pdf;HORAIRE;7803
C01493;Plan de la ligne 6280;https://ilico.iledefrance-mobilites.fr/uploads/plans/20250812T083509Z-607d21f9-465a-471c-bcba-329815a3f533.pdf;PLAN;6280
C01495;Horaires Ligne 4531 - A compter du 24 août 2026 au 11 juillet 2027;https://ilico.iledefrance-mobilites.fr/uploads/fiches/20260806T100334Z-40df226b-9f5d-4bbd-969d-fcbb03be4421.pdf;HORAIRE;4531
C01495;Plan Ligne 4531 (maj 06/01/2025);https://ilico.iledefrance-mobilites.fr/uploads/plans/20250106T111408Z-8e2c1cbe-a705-4ff6-827d-0fdd4b442f57.pdf;PLAN;4531
C01500;Plan ligne 7705;https://ilico.iledefrance-mobilites.fr/uploads/plans/20250926T114838Z-01c4dfd4-6164-4044-805a-ad29477e4f26.pdf;PLAN;7705
C01507;Plan ligne 3211;https://ilico.iledefrance-mobilites.fr/uploads/plans/20250926T114711Z-782ec338-e337-4a3f-b592-4558265ed528.pdf;PLAN;3211
C01508;Horaires Ligne 3212 du 01 Septembre2025 au 30 Août 2026;https://ilico.iledefrance-mobilites.fr/uploads/fiches/20251211T094908Z-1048406c-0352-445c-9d85-19138bf21488.pdf;HORAIRE;3212
C01510;Thermomètre ligne 3214;https://ilico.iledefrance-mobilites.fr/uploads/plans/20260721T064632Z-c6d3578c-dc32-4fee-bbe8-acb6d80136c1.pdf;PLAN;3214
C01512;Horaires Ligne 3249 du 31 Août 2026 au 29 Août 2027;https://ilico.iledefrance-mobilites.fr/uploads/fiches/20260721T062553Z-d3d078d2-6db5-406e-8b5e-85c0de6fc0e2.pdf;HORAIRE;3249
C01513;Horaires Ligne 3246 du 31 Août 2026 au 29 Août 2027;https://ilico.iledefrance-mobilites.fr/uploads/fiches/20260721T062620Z-fcbed776-561f-42e9-abbb-e4542cb5bd74.pdf;HORAIRE;3246
C01517;Horaires Ligne 3208 du 31 Août 2026 au 29 Août 2027;https://ilico.iledefrance-mobilites.fr/uploads/fiches/20260721T063135Z-790d8a50-23c7-4507-a1d4-461147ed58af.pdf;HORAIRE;3208
C01518;Horaires Ligne 3207 du 01 Septembre2025 au 30 Août 2026;https://ilico.iledefrance-mobilites.fr/uploads/fiches/20251211T094623Z-ecdce2ce-7c52-45ab-aa9b-9a5ce600693e.pdf;HORAIRE;3207
C01518;Horaires Ligne 3207 du 31 Août 2026 au 29 Août 2027;https://ilico.iledefrance-mobilites.fr/uploads/fiches/20260721T063224Z-ff8956e3-3d99-416e-9952-fa1a28671f40.pdf;HORAIRE;3207
C01519;Horaires Ligne 3209 du 05 Janvier 2026 au 30 Août 2026;https://ilico.iledefrance-mobilites.fr/uploads/fiches/20251211T094740Z-05296869-107c-4848-9e69-c55877c46861.pdf;HORAIRE;3209
C01522;Horaires valables du 13 juillet au 23 août 2026;https://ilico.iledefrance-mobilites.fr/uploads/fiches/20260702T103815Z-7ca69696-9b25-47c1-9055-a8b0deb17b5f.pdf;HORAIRE;5121
C01523;Horaires valables du 13 juillet au 23 août 2026;https://ilico.iledefrance-mobilites.fr/uploads/fiches/20260702T104344Z-d778c470-b76c-4ad4-86e1-5a352ccee1b3.pdf;HORAIRE;5132
C01523;Horaires valables du 24 août 2026 au 11 juillet 2027 (sauf du 28 décembre 2026 au 3 janvier 2027);https://ilico.iledefrance-mobilites.fr/uploads/fiches/20260804T133117Z-d258cc81-3010-426f-a104-b31382950ee1.pdf;HORAIRE;5132
C01524;Ligne 5120 - schéma de ligne;https://ilico.iledefrance-mobilites.fr/uploads/plans/20250826T145931Z-5e50c2d6-daab-4525-a98c-24e1de47075d.pdf;PLAN;5120
C01531;Horaires valables du 13 juillet au 23 août 2026;https://ilico.iledefrance-mobilites.fr/uploads/fiches/20260702T102852Z-40be42f0-2760-43e1-af26-6719b5c76b91.pdf;HORAIRE;5106
C01532;Horaires valables du 24 août 2026 au 11 juillet 2027 (sauf du 28 décembre 2026 au 3 janvier 2027);https://ilico.iledefrance-mobilites.fr/uploads/fiches/20260804T133513Z-fcf0e2fe-62cd-4c13-8fc4-75a800cbd1a1.pdf;HORAIRE;5143
C01532;Ligne 5143 - schéma de ligne;https://ilico.iledefrance-mobilites.fr/uploads/plans/20240513T154519Z-3a533646-7685-442b-beae-49dc624c8bbb.pdf;PLAN;5143
C01533;Horaires valables du 24 août 2026 au 11 juillet 2027 (sauf du 28 décembre 2026 au 3 janvier 2027);https://ilico.iledefrance-mobilites.fr/uploads/fiches/20260804T133546Z-c3ba11ab-a586-44eb-a511-8c098b803125.pdf;HORAIRE;5144
C01537;Schéma de ligne 5133;https://ilico.iledefrance-mobilites.fr/uploads/plans/20250715T115150Z-2de0f300-a558-4785-ae7e-36f674578c86.pdf;PLAN;5133
C01539;Horaires valables du 13 juillet au 23 août 2026;https://ilico.iledefrance-mobilites.fr/uploads/fiches/20260702T102314Z-1920d2aa-5f8b-4f91-9c9e-082937fcd3b8.pdf;HORAIRE;5103
C01540;Horaires valables du 24 août 2026 au 11 juillet 2027 (sauf du 28 décembre 2026 au 3 janvier 2027);https://ilico.iledefrance-mobilites.fr/uploads/fiches/20260804T133800Z-96ea20a4-590f-4bed-a502-fd3b770bc662.pdf;HORAIRE;5152
C01541;Ligne 5150 - schéma de ligne;https://ilico.iledefrance-mobilites.fr/uploads/plans/20250115T152328Z-58802021-4aa0-4a82-85a8-58ac9052b05f.pdf;PLAN;5150
C01542;Horaires valables du 13 juillet au 23 août 2026;https://ilico.iledefrance-mobilites.fr/uploads/fiches/20260702T113854Z-ec6eaa70-7871-45be-b441-ea64b075883d.pdf;HORAIRE;5151
C01542;Ligne 5151 - schéma de ligne;https://ilico.iledefrance-mobilites.fr/uploads/plans/20240702T140729Z-f739b4a3-b4e5-4659-8678-d7f5cb7e77f9.pdf;PLAN;5151
C01543;Plan de la ligne 7805;https://ilico.iledefrance-mobilites.fr/uploads/plans/20250321T160120Z-76cc33a0-ffbc-44a5-aaac-8ef65356a145.pdf;PLAN;7805
C01550;Fiche horaires ligne 703 du 13 juillet 2026 au 3 janvier 2027;https://ilico.iledefrance-mobilites.fr/uploads/fiches/20260707T092532Z-4fe552e3-02b2-436f-b531-875b478ac85b.pdf;HORAIRE;703
C01557;Horaires valables à compter du 26 janvier 2026;https://ilico.iledefrance-mobilites.fr/uploads/fiches/20260123T090153Z-4ae7d927-c40d-49c2-85c8-ac4928ce1c58.pdf;HORAIRE;1139
C01558;Plan de ligne 1140;https://ilico.iledefrance-mobilites.fr/uploads/plans/20251215T154340Z-383e3bcb-bb95-4a7c-8606-9b86d331e8b0.pdf;PLAN;1140
C01561;Fiche WEB ligne 4609 PVS 2026 V0, du lundi 6 juillet au dimanche 19 juillet 2026 ET du lundi 24 août au lundi 31 août 2026;https://portail-idfm-operateurs.cdn.prismic.io/portail-idfm-operateurs/8qLFmqHyFaUk4g5a_FicheWEBligne4609PVS2026V0%2Cdulundi6juilletaudimanche19juillet2026ETdulundi24ao%C3%BBtaulundi31ao%C3%BBt2026.pdf;HORAIRE;4609
C01562;Plan de la ligne de Bus 9101;https://ilico.iledefrance-mobilites.fr/uploads/plans/20250227T152233Z-b9bdb277-3211-4f3f-9f63-c70f236551b3.pdf;PLAN;9101
C01563;Ligne 9102 - Horaires valables du 1 Août 2026 au 31 Août 2026 inclus;https://ilico.iledefrance-mobilites.fr/uploads/fiches/20260806T161623Z-8083747a-baff-475e-92ea-8b5912532404.pdf;HORAIRE;9102
C01563;Ligne 9102 - Horaires valables du 1er septembre 2026 au 4 juillet 2027;https://ilico.iledefrance-mobilites.fr/uploads/fiches/20260807T155724Z-55e79cab-fc79-46cd-a4ed-2da397a56d2a.pdf;HORAIRE;9102
C01563;Plan ligne 9102;https://ilico.iledefrance-mobilites.fr/uploads/plans/62e3f9723872a_Lacroix_Savac_PL_91-02_v03.pdf;PLAN;9102
C01564;Ligne 9103 - Horaires valables du 1 Août 2026 au 31 Août 2026 inclus;https://ilico.iledefrance-mobilites.fr/uploads/fiches/20260806T161805Z-34fa7823-efdd-4d9d-80b9-7855921b61df.pdf;HORAIRE;9103
C01564;Plan ligne 9103;https://ilico.iledefrance-mobilites.fr/uploads/plans/62e3f9d12775d_Lacroix_Savac_PL_91-03_v03.pdf;PLAN;9103
C01566;Fiche WEB ligne 9105 PVS été du 4 mai au 12 juillet 2026 et du 24 août au 31 août 2026;https://portail-idfm-operateurs.cdn.prismic.io/portail-idfm-operateurs/hADJIEBRH4-txQhB_FicheWEBligne9105PVS%C3%A9t%C3%A9du4maiau12juillet2026etdu24ao%C3%BBtau31ao%C3%BBt2026.pdf;HORAIRE;9105
C01567;Fiche WEB ligne 4606 Été 2026 V0, du lundi 20 juillet au dimanche 23 août 2026;https://portail-idfm-operateurs.cdn.prismic.io/portail-idfm-operateurs/fL7LgvyIL7ZFJGe6_FicheWEBligne4606%C3%89t%C3%A92026V0%2Cdulundi20juilletaudimanche23ao%C3%BBt2026.pdf;HORAIRE;4606
C01567;Fiche WEB ligne 4606 PVS, à partir du lundi 5 janvier 2026 au dimanche 19 juillet 2026 et du lundi 24 août au lundi 31 août 2026;https://portail-idfm-operateurs.cdn.prismic.io/portail-idfm-operateurs/ajQSU41P9HI4Uso8_FicheWEBligne4606PVS%C3%A9t%C3%A9du5janviereu19juillet2026etdu24ao%C3%BBtau31ao%C3%BBt2026.pdf;HORAIRE;4606
C01568;Ligne 4457 - Horaires valables du 1 Août 2026 au 31 Août 2026 inclus;https://ilico.iledefrance-mobilites.fr/uploads/fiches/20260806T161946Z-7e391893-1ad4-4333-8e2e-d785e8f56f46.pdf;HORAIRE;4457
C01569;Fiche WEB ligne 9108 PVS été du 9 mars au 12 juillet 2026 et du 24 août au 31 août 2026;https://portail-idfm-operateurs.cdn.prismic.io/portail-idfm-operateurs/jlthV-lRnlpkG5AG_FicheWEBligne9108PVS%C3%A9t%C3%A9du9marsau12juillet2026etdu24ao%C3%BBtau31ao%C3%BBt2026.pdf;HORAIRE;9108
C01574;Ligne 602 - Plan de ligne;https://ilico.iledefrance-mobilites.fr/uploads/plans/20260710T091215Z-b4c06beb-3c20-43e9-afdb-bcfdaf4b2ccd.pdf;PLAN;602
C01575;Ligne 603 - Horaires valables du 13 juillet au 23 août 2026;https://ilico.iledefrance-mobilites.fr/uploads/fiches/20260612T091518Z-50809ddd-284a-4593-9347-669a88c53f3a.pdf;HORAIRE;603
C01576;Ligne 604 - Horaires valables du 13 juillet au 23 août 2026;https://ilico.iledefrance-mobilites.fr/uploads/fiches/20260612T091559Z-ca2afcdd-163e-489a-b39d-1dc4ef190cde.pdf;HORAIRE;604
C01580;Fiche horaires ligne 610 du 23 février 2026 au 11 juillet 2027;https://ilico.iledefrance-mobilites.fr/uploads/fiches/20260731T083923Z-343a6738-a83f-4b39-b937-ee7618e57f55.pdf;HORAIRE;610
C01581;Ligne 613 - (Direction Gare de Chelles-Gournay)  - Horaires valables du 13 juillet au 23 août 2026;https://ilico.iledefrance-mobilites.fr/uploads/fiches/20260612T104539Z-87c0c175-bd34-4cdf-b1f8-8494c9990723.pdf;HORAIRE;613
C01581;Ligne 613 - (Direction Gare d'Aulnay-sous-Bois)  - Horaires valables du 13 juillet au 23 août 2026;https://ilico.iledefrance-mobilites.fr/uploads/fiches/20260612T104643Z-0649f448-b0de-4004-98cb-27702503a862.pdf;HORAIRE;613
C01583;Plan de la ligne 615;https://ilico.iledefrance-mobilites.fr/uploads/plans/64fed9a0b70f4_Ligne_NORD-SEINE-SAINT-DENIS_615.pdf;PLAN;615
C01585;Plan de la ligne 617;https://ilico.iledefrance-mobilites.fr/uploads/plans/20240320T145952Z-46d57c5e-d5e0-4e1c-a50d-1f03dc026b53.pdf;PLAN;617
C01587;Fiche horaires ligne 619 du 13 juillet 2026 au 3 janvier 2027;https://ilico.iledefrance-mobilites.fr/uploads/fiches/20260708T083957Z-86561527-f895-41f1-bcaa-1ad8f7f67961.pdf;HORAIRE;619
C01591;Plan de la ligne 637;https://ilico.iledefrance-mobilites.fr/uploads/plans/64fef4218edcd_Ligne_NORD-SEINE-SAINT-DENIS_637.pdf;PLAN;637
C01601;Horaires valables du 06 juillet au 31 août 2026;https://ilico.iledefrance-mobilites.fr/uploads/fiches/20260610T074136Z-7477c157-ac8c-42ef-911b-d78ef7b74dba.pdf;HORAIRE;5403
C01602;Horaires valables du 1er septembre 2026 au 04 juillet 2027 inclus;https://ilico.iledefrance-mobilites.fr/uploads/fiches/20260804T093317Z-794cd8dd-a9e0-40d2-bd8b-be356a8987aa.pdf;HORAIRE;5420
C01603;Horaires valables du 1er septembre 2026 au04 juillet 2027 inclus;https://ilico.iledefrance-mobilites.fr/uploads/fiches/20260804T095656Z-30625386-2ad7-4842-8a04-0eaf11700a66.pdf;HORAIRE;5405
C01604;Horaires valables du 06 juillet au 31 août 2026;https://ilico.iledefrance-mobilites.fr/uploads/fiches/20260610T074234Z-9591f13d-8d00-418b-999d-eaccac800779.pdf;HORAIRE;5414
C01604;Plan de ligne 5414;https://ilico.iledefrance-mobilites.fr/uploads/plans/20250901T102206Z-d8e41aa7-2369-4d15-a813-f85e08c03e62.pdf;PLAN;5414
C01605;Horaires valables du 06 juillet au 31 août 2026;https://ilico.iledefrance-mobilites.fr/uploads/fiches/20260610T074428Z-d19e04ab-8c58-4cd8-aa3f-9da41ae84a93.pdf;HORAIRE;5406
C01612;Plan de ligne 5408;https://ilico.iledefrance-mobilites.fr/uploads/plans/20250901T102319Z-dc76f5f4-7c4e-4ec2-b1c1-f2385a72839d.pdf;PLAN;5408
C01613;Horaires valables du 1er septembre 2026 au 04 juillet 2027 inclus;https://ilico.iledefrance-mobilites.fr/uploads/fiches/20260804T093948Z-d4c3cfc0-618f-493f-b15f-13020ff6a692.pdf;HORAIRE;5427
C01616;Horaires ligne 4201 - Du 13 juillet au 23 août 2026;https://ilico.iledefrance-mobilites.fr/uploads/fiches/20260706T075018Z-37cbae18-e637-4587-a71c-a773b5fc5f2d.pdf;HORAIRE;4201
C01619;Horaires ligne 4204 - Du 13 juillet au 23 août 2026;https://ilico.iledefrance-mobilites.fr/uploads/fiches/20260706T080514Z-e1f0cd50-ab1b-4cf2-9561-ded9a84ff790.pdf;HORAIRE;4204
C01619;Horaires ligne 4204 - Du 25 août 2025 au 12 juillet 2026;https://ilico.iledefrance-mobilites.fr/uploads/fiches/20250820T131229Z-a43cbdab-248a-4617-ae80-ba91b44ca985.pdf;HORAIRE;4204
C01620;Plan ligne 4241;https://ilico.iledefrance-mobilites.fr/uploads/plans/20260706T080657Z-f7cf4dc9-6f07-4bee-9d2c-328a72b9fd6d.pdf;PLAN;4241
C01623;Horaires ligne 4217 - Du 25 août 2025 au 12 juillet 2026;https://ilico.iledefrance-mobilites.fr/uploads/fiches/20260423T094032Z-226f761c-a649-4fa9-8c32-bb1b47448a77.pdf;HORAIRE;4217
C01625;Plan ligne 4246;https://ilico.iledefrance-mobilites.fr/uploads/plans/20260323T125339Z-bebeb0c4-27e0-4bfd-87d0-6c60767464f8.pdf;PLAN;4246
C01626;Horaires ligne 4213 - Du 25 août 2025 au 12 juillet 2026;https://ilico.iledefrance-mobilites.fr/uploads/fiches/20260322T144013Z-aedcb44d-8b4e-4614-805b-b1bbd34a9da0.pdf;HORAIRE;4213
C01626;Horaires ligne 4213 - Du 13 juillet au 23 août 2026;https://ilico.iledefrance-mobilites.fr/uploads/fiches/20260706T081731Z-f3ff29c6-dd81-498a-9f4e-f9b68091b5b2.pdf;HORAIRE;4213
C01627;Horaires ligne 4214 - Du 13 juillet au 23 août 2026;https://ilico.iledefrance-mobilites.fr/uploads/fiches/20260706T081855Z-aaf5f5a5-8319-432a-8147-aec64cb7f9e5.pdf;HORAIRE;4214
C01635;Horaires valables à partir du 1er septembre 2025;https://ilico.iledefrance-mobilites.fr/uploads/fiches/20260721T144508Z-d7f55645-4425-40ee-8e0f-284cd0af952b.pdf;HORAIRE;N151
C01635;Plan de ligne N151;https://ilico.iledefrance-mobilites.fr/uploads/plans/20250901T102500Z-9b9e83be-afa6-4217-8b3e-dabf57d2f066.pdf;PLAN;N151
C01638;Plan;https://ilico.iledefrance-mobilites.fr/uploads/plans/65cf5f453a8bf_KEOLIS%20CIF%20DSP%206%20-%20Ligne%20N140.pdf;PLAN;N140
C01641;Plan de ligne;https://ilico.iledefrance-mobilites.fr/uploads/plans/20250418T123139Z-5568d492-cbfa-431d-b2e0-60cfced8d73e.pdf;PLAN;N152
C01642;Horaires du 20 juillet au 23 août 2026;https://ilico.iledefrance-mobilites.fr/uploads/fiches/20260717T092239Z-e561931a-09d0-4c42-b333-0ba9faa83c97.pdf;HORAIRE;N134
C01642;Plan de la ligne Bus de Nuit N134;https://ilico.iledefrance-mobilites.fr/uploads/plans/20260115T080439Z-45dee437-7e45-4b5b-985e-d34380998384.pdf;PLAN;N134
C01653;Fiche WEB ligne S3 (4663) Hiver 2025-2026, à partir du lundi 5 janvier 2026;https://portail-idfm-operateurs.cdn.prismic.io/portail-idfm-operateurs/aTmxjnNYClf9oBpI_FicheWEBligneS3-4663-Hiver2025-2026%2C%C3%A0partirdulundi5janvier2026.pdf;HORAIRE;4663
C01653;Plan de ligne 4663;https://ilico.iledefrance-mobilites.fr/uploads/plans/20250826T074716Z-1675cc26-c3b5-4687-92a5-89f33f71d09a.pdf;PLAN;4663
C01654;Plan de ligne 4664;https://ilico.iledefrance-mobilites.fr/uploads/plans/20250826T074802Z-c504e240-c4f7-4a54-bff3-8da1e6522562.pdf;PLAN;4664
C01658;Schéma ligne 415 à partir du 26 juin 2023;https://ilico.iledefrance-mobilites.fr/uploads/plans/64b7f2a20dc69_Schema-415.pdf;PLAN;415
C01668;Ligne 5197 - schéma de ligne;https://ilico.iledefrance-mobilites.fr/uploads/plans/20240513T153235Z-6c85adc7-bf7b-4393-84d9-9dd49927811f.pdf;PLAN;5197
C01674;Plan ligne 1222;https://ilico.iledefrance-mobilites.fr/uploads/plans/20250818T102410Z-971a3463-164a-4e88-8de8-50f89ae24012.pdf;PLAN;1222
C01677;Horaires valables du 13 juillet au 23 août 2026;https://ilico.iledefrance-mobilites.fr/uploads/fiches/20260702T104237Z-0d41b47d-dbc4-4361-97c6-4f316a1b9dc7.pdf;HORAIRE;5130
C01679;Plan T3b;https://www.ratp.fr/sites/default/files/lines-assets/plan-de-ligne/tram/plan-de-ligne_tram_ligne-t3b.pdf;PLAN;T3b
C01684;Horaires Ligne T5;https://www.ratp.fr/sites/default/files/lines-assets/fiche-horaire/tram/fiche-horaire_tram_ligne-t5.pdf;HORAIRE;T5
C01684;Plan Tramway T5;https://www.ratp.fr/sites/default/files/lines-assets/plan-de-ligne/tram/plan-de-ligne_tram_ligne-t5.pdf;PLAN;T5
C01687;Horaires HIVER valables du 24/08/26 au 09/07/2027;https://ilico.iledefrance-mobilites.fr/uploads/fiches/20260731T121150Z-ba6a3c66-cd07-406a-ac25-4d3b8b36ee2c.pdf;HORAIRE;6131
C01687;Horaires été valables du 13/07 au 21/08/26;https://ilico.iledefrance-mobilites.fr/uploads/fiches/20260702T131406Z-d921c82a-f8d8-4d47-a510-758a288fb14a.pdf;HORAIRE;6131
C01687;Schéma ligne 6131;https://ilico.iledefrance-mobilites.fr/uploads/plans/20260702T131406Z-26b10ba5-434d-41ea-8ea9-7356523d6e4e.pdf;PLAN;6131
C01688;Schéma ligne 6177;https://ilico.iledefrance-mobilites.fr/uploads/plans/20250826T132815Z-e53556a7-499a-4b77-89fe-51db13524344.pdf;PLAN;6177
C01689;Horaires HIVER valables du 01/09/26 au 02/07/2027;https://ilico.iledefrance-mobilites.fr/uploads/fiches/20260731T121946Z-38e320ea-d976-424d-96eb-dfb8de4b0b15.pdf;HORAIRE;6184
C01690;Horaires valables du 01/09/25 au 03/07/26;https://ilico.iledefrance-mobilites.fr/uploads/fiches/20250828T064459Z-b550d055-26ae-4b36-9841-966f7166d4f7.pdf;HORAIRE;6179
C01692;Horaires HIVER valables du 01/09/26 au 02/07/2027;https://ilico.iledefrance-mobilites.fr/uploads/fiches/20260804T125937Z-a8961ed3-398f-4f5f-b257-afba17fcf496.pdf;HORAIRE;6181
C01695;Fiche horaire 247 - Offre d'été 247;https://ilico.iledefrance-mobilites.fr/uploads/fiches/20260729T102354Z-636cca98-fcbb-472b-ae1e-8a30a7ef6f88.pdf;HORAIRE;247
C01698;Fiche WEB ligne 4621 PVS été du 9 mars au 12 juillet 2026 et du 24 août au 31 août 2026;https://portail-idfm-operateurs.cdn.prismic.io/portail-idfm-operateurs/OCf5ZH2P2IrQ40Ch_FicheWEBligne4621PVS%C3%A9t%C3%A9du9marsau12juillet2026etdu24ao%C3%BBtau31ao%C3%BBt2026.pdf;HORAIRE;4621
C01698;Fiche WEB ligne 4621 Été 2026 V0, du lundi 13 juillet au dimanche 23 août 2026;https://portail-idfm-operateurs.cdn.prismic.io/portail-idfm-operateurs/ajOziI1P9HI4Uq9B_FicheWEBligne4621%C3%89t%C3%A92026V0%2Cdulundi20juilletaudimanche23ao%C3%BBt2026.pdf;HORAIRE;4621
C01700;Horaires été valables du 13/07 au 22/08/26;https://ilico.iledefrance-mobilites.fr/uploads/fiches/20260702T134358Z-b3d7ecda-6506-4e7d-bd9c-083c6a6046f5.pdf;HORAIRE;6164
C01700;Horaires HIVER valables du 24/08/26 au 10/07/2027;https://ilico.iledefrance-mobilites.fr/uploads/fiches/20260804T125342Z-55ed56a5-fb9c-4bd0-a5a0-cee2104affda.pdf;HORAIRE;6164
C01700;Schéma ligne 6164;https://ilico.iledefrance-mobilites.fr/uploads/plans/20250828T063459Z-86dc2e9c-8b49-4305-92f4-b7e973a77be8.pdf;PLAN;6164
C01701;Horaires été valables du 13/07 au 22/08/26;https://ilico.iledefrance-mobilites.fr/uploads/fiches/20260702T134004Z-335badbb-36b1-470a-b822-ea97ef49dede.pdf;HORAIRE;6161
C01702;Schéma ligne 6162;https://ilico.iledefrance-mobilites.fr/uploads/plans/20250826T135835Z-64f8a8fa-9677-4006-8209-89ec373dec7e.pdf;PLAN;6162
C01704;Horaires Ligne 4572 - A compter du 1er septembre 2026 au 3 juillet 2027;https://ilico.iledefrance-mobilites.fr/uploads/fiches/20260806T101828Z-5f7f53f0-2e21-4e91-a23e-34c789eb4e81.pdf;HORAIRE;4572
C01711;Fiche WEB ligne 4641-4642-4643 PVS été;https://portail-idfm-operateurs.cdn.prismic.io/portail-idfm-operateurs/DVlMwfqzU0S8jWTI_FicheWEBligne4641-4642-4643PVS%C3%A9t%C3%A9.pdf;HORAIRE;4642
C01715;Fiche horaires 01.09.2025;https://ilico.iledefrance-mobilites.fr/uploads/fiches/20250728T142637Z-91cd8bbf-72a4-4d24-8238-dc9d06221243.pdf;HORAIRE;2416
C01716;Plan Ligne 2471;https://ilico.iledefrance-mobilites.fr/uploads/plans/20251001T120852Z-8a198f7f-4172-40d8-82ca-e70ddf31852f.pdf;PLAN;2471
C01719;Plan de la ligne 5267 à partir de septembre 2026;https://ilico.iledefrance-mobilites.fr/uploads/plans/20260625T154659Z-9d8c8082-c57e-4915-9d6d-d5c0dcd4b412.pdf;PLAN;5267
C01720;Ligne 5277- Horaire rentrée Septembre 2025;https://ilico.iledefrance-mobilites.fr/uploads/fiches/20250804T145022Z-b23f6ed4-f9c0-48fd-b766-d32b5c5faa45.pdf;HORAIRE;5277
C01721;Ligne 5307 - Horaire à partir du 6 juillet 2026;https://ilico.iledefrance-mobilites.fr/uploads/fiches/20260617T144904Z-c06ee2d3-4629-4a93-bc3a-7637b8081525.pdf;HORAIRE;5307
C01724;Plan ligne 3210;https://ilico.iledefrance-mobilites.fr/uploads/plans/20250926T114648Z-ad2cd20f-4f02-4415-a211-3a3082bdb109.pdf;PLAN;3210
C01731;Plan de la ligne Transilien R;https://www.transilien.com/fr/page-lignes/ligne-r;PLAN;R
C01736;Horaires de la ligne Transilien N;https://www.transilien.com/fr/page-lignes/ligne-n#content-section-1172-part-2-tab;HORAIRE;N
C01737;Plan Transilien H;https://www.transilien.com/fr/page-lignes/ligne-h;PLAN;H
C01738;Horaires et Plan Transilien;https://www.transilien.com/fr/page-lignes/ligne-k#content-section-1164-part-2-tab;HORAIRE;K
C01739;Horaires et Plan Transilien;https://www.transilien.com/fr/page-lignes/ligne-j#content-section-1160-part-2-tab;HORAIRE;J
C01740;Horaires Transilien L;https://www.transilien.com/fr/page-lignes/ligne-l#content-section-1168-part-2-tab;HORAIRE;L
C01740;Plan Transilien L;https://www.transilien.com/fr/page-lignes/ligne-l;PLAN;L
C01744;Site TER Centre Val-de-Loire;https://ter.sncf.com/centre-val-de-loire;HORAIRE;TER Centre - Val de Loire
C01747;Site TER Grand Est;https://ter.sncf.com/grand-est;HORAIRE;TER Grand-Est
C01756;Horaires ligne 337;https://ilico.iledefrance-mobilites.fr/uploads/fiches/20260805T115858Z-770c9b2d-67f2-4322-ac31-dc0e29455156.pdf;HORAIRE;337
C01763;Horaires Ligne 4554 - A compter du 24 août 2026 au 11 juillet 2027;https://ilico.iledefrance-mobilites.fr/uploads/fiches/20260806T100920Z-3c2ebac6-fc03-4fcf-a0f3-65e1ad7415db.pdf;HORAIRE;4554
C01764;Horaires hiver 2026 / 2027;https://ilico.iledefrance-mobilites.fr/uploads/fiches/20260730T092344Z-6392da2d-4780-4386-ace2-efa05b624ea7.pdf;HORAIRE;4321
C01764;Plan ligne 4321;https://ilico.iledefrance-mobilites.fr/uploads/plans/20250821T145917Z-a173f89c-fc02-4e4a-9efe-4d73470c4358.pdf;PLAN;4321
C01766;Fiche WEB ligne 4636 PVS été du 25 août 2025 au 12 juillet 2026 et du 24 août au 31 août 2026;https://portail-idfm-operateurs.cdn.prismic.io/portail-idfm-operateurs/GEJBjEz1KdTCQvxb_FicheWEBligne4636PVS%C3%A9t%C3%A9du25ao%C3%BBt2025au12juillet2026etdu24ao%C3%BBtau31ao%C3%BBt2026.pdf;HORAIRE;4636
C01766;Plan de ligne 4636;https://ilico.iledefrance-mobilites.fr/uploads/plans/20251020T074912Z-2b7bc4e2-93ab-446c-b633-68d34171df31.pdf;PLAN;4636
C01773;Fiche horaires 6534 - 5 janvier 2026;https://ilico.iledefrance-mobilites.fr/uploads/fiches/20260622T123858Z-2d06c494-c364-42ef-bd4c-f602efa45d76.pdf;HORAIRE;6534
C01773;Plan de ligne 6534;https://ilico.iledefrance-mobilites.fr/uploads/plans/20251226T124231Z-75006e7a-5754-400e-987c-1e5b3e59b744.pdf;PLAN;6534
C01774;Horaires Ligne T7;https://www.ratp.fr/sites/default/files/lines-assets/fiche-horaire/tram/fiche-horaire_tram_ligne-t7.pdf;HORAIRE;T7
C01785;Horaires valables du 6 juillet au 31 août 2026;https://ilico.iledefrance-mobilites.fr/uploads/fiches/20260615T144645Z-8ef9900c-4d40-4e6d-80ca-5bf499d2b0ea.pdf;HORAIRE;1110
C01786;Plan de ligne 1112;https://ilico.iledefrance-mobilites.fr/uploads/plans/20251215T154746Z-c035fb5b-b6c8-416c-b103-19606e9f9ef1.pdf;PLAN;1112
C01790;Horaires valables à compter du 05 janvier 2026;https://ilico.iledefrance-mobilites.fr/uploads/fiches/20251212T154759Z-daac688e-a1a2-402e-999f-d135a3809598.pdf;HORAIRE;1135
C01791;Plan de ligne 1136;https://ilico.iledefrance-mobilites.fr/uploads/plans/20251215T161627Z-ffe6faf1-5d57-4de8-b18b-762acfcf5799.pdf;PLAN;1136
C01796;Horaires valables du 06 juillet au 31 août 2026;https://ilico.iledefrance-mobilites.fr/uploads/fiches/20260610T075225Z-66603f6e-1348-4287-abeb-d42609c10fbb.pdf;HORAIRE;5413
C01798;Horaires valables du 01 septembre 2026 au 04 juillet 2027 inclus (ne circule pas l'été);https://ilico.iledefrance-mobilites.fr/uploads/fiches/20260629T121700Z-4670ee58-b995-450c-9125-982e870f661a.pdf;HORAIRE;5462
C01805;Horaires HIVER valables du 24/08/26 au 11/07/2027;https://ilico.iledefrance-mobilites.fr/uploads/fiches/20260731T121239Z-394a872b-18b3-44bc-97a5-2b6d1329f26f.pdf;HORAIRE;6134
C01810;Horaires Ligne 9118 - du 13 juillet au 23 août 2026;https://ilico.iledefrance-mobilites.fr/uploads/fiches/20260611T131139Z-6046ebdb-3e63-4da4-9ac8-fbe983fdfc9b.pdf;HORAIRE;EXPRESS 9118
C01811;Horaires été 2026;https://ilico.iledefrance-mobilites.fr/uploads/fiches/20260625T111909Z-31f43cf3-d57c-404c-972d-a0cf739c154b.pdf;HORAIRE;4306
C01811;Plan de ligne 4306;https://ilico.iledefrance-mobilites.fr/uploads/plans/20250821T150032Z-591f8e7a-a8a2-48ba-afc8-c294e7ecae3f.pdf;PLAN;4306
C01812;Horaires hiver 2026 / 2027;https://ilico.iledefrance-mobilites.fr/uploads/fiches/20260730T100705Z-a5a0375f-58db-4a09-907f-ac58f47316a4.pdf;HORAIRE;4316
C01812;Plan Bus ligne 4316;https://ilico.iledefrance-mobilites.fr/uploads/plans/20250821T153731Z-d42f0994-88c2-454b-ba37-ba48b399ffc5.pdf;PLAN;4316
C01815;Ligne 32ZA - Horaires valables à partir du 25 août 2025;https://ilico.iledefrance-mobilites.fr/uploads/fiches/20250826T123306Z-ae75cb6d-3b93-41f3-899e-90af92bf3df9.pdf;HORAIRE;32 ZA (future 1635)
C01830;Fiche horaire;https://www.paris-saclay.com/app/uploads/2025/09/fiche_horaires_navette-ABC-2025.pdf;HORAIRE;A
C01831;Plan;https://www.paris-saclay.com/app/uploads/2025/09/fiche_horaires_navette-ABC-2025.pdf;PLAN;B
C01836;Fiche horaire;https://www.paris-saclay.com/app/uploads/2025/07/fiche_horaires_navette_G_2024.pdf;HORAIRE;G
C01866;Horaires valables à partir du 25 août 2025;https://ilico.iledefrance-mobilites.fr/uploads/fiches/20250813T140117Z-f5b454b3-c8f8-449a-a20a-efc0c2c3898c.pdf;HORAIRE;2124
C01870;Horaires valables du 24 août 2026 au 11 juillet 2027 (sauf du 28 décembre 2026 au 3 janvier 2027);https://ilico.iledefrance-mobilites.fr/uploads/fiches/20260804T132054Z-94831077-2932-4168-868f-cc08a9c4e7a1.pdf;HORAIRE;5115
C01879;Fiche Horaire du 24 août 2026 au 18 juillet 2027;https://ilico.iledefrance-mobilites.fr/uploads/fiches/20260810T154314Z-0937fef1-23e9-49ba-b099-6ecf4a0a4922.pdf;HORAIRE;2224
C01896;Plan ligne TàD Bassée;https://ilico.iledefrance-mobilites.fr/uploads/plans/20250429T081105Z-dcdac06e-d430-4713-b8cf-eceef5c5791a.pdf;PLAN;TàD Bassée
C01900;Fiche horaires P'tit Bus du Pré;https://ilico.iledefrance-mobilites.fr/uploads/fiches/651c1b1cddf1d_fiche-horaire_busratp_ligne-573.pdf;HORAIRE;Le P'tit Bus du Pré
C01903;Plan;https://www.paris-saclay.com/app/uploads/2025/07/fiche_horaires_navette_HQ_2024.pdf;PLAN;H
C01904;Plan;https://www.paris-saclay.com/app/uploads/2025/07/fiche_horaires_navette_DL.pdf;PLAN;L
C01934;Plan ligne 6284;https://ilico.iledefrance-mobilites.fr/uploads/plans/20250828T074117Z-a3b20dfe-c071-4eb8-8f5c-d5bd495bb459.pdf;PLAN;6284
C01949;Horaires valables du 1er septembre 2026 au 04 juillet 2027 inclus;https://ilico.iledefrance-mobilites.fr/uploads/fiches/20260803T143314Z-b98974da-52f4-432d-91b9-91a12e1e6687.pdf;HORAIRE;5401
C01955;Plan de ligne 5379;https://ilico.iledefrance-mobilites.fr/uploads/plans/20250328T101639Z-e1a3545a-20f0-48a3-a353-32caa3f37d08.pdf;PLAN;5379
C01956;Horaires ligne 4220 - Du 25 août 2025 au 12 juillet 2026;https://ilico.iledefrance-mobilites.fr/uploads/fiches/20260320T104627Z-af4668ea-20a4-4f09-9377-b4c2c15d4416.pdf;HORAIRE;4220
C01956;Horaires ligne 4220 - Du 13 juillet au 23 août 2026;https://ilico.iledefrance-mobilites.fr/uploads/fiches/20260706T083925Z-593c4292-02c2-41e8-9a47-72492319aeba.pdf;HORAIRE;4220
C01958;3531;https://ilico.iledefrance-mobilites.fr/uploads/plans/20260730T153931Z-d7c489fa-759e-443a-a359-b8cc1c906af1.pdf;PLAN;3531
C01963;3506;https://ilico.iledefrance-mobilites.fr/uploads/plans/20240920T092207Z-ea7be9eb-3579-44ff-a891-9915d5b25201.pdf;PLAN;3506
C01964;Horaires Ligne 3542 du 01/09/2025 au 04/07/2026;https://ilico.iledefrance-mobilites.fr/uploads/fiches/20251008T101252Z-7a05c16d-e7ee-4686-b5b6-7249179c7585.pdf;HORAIRE;3542
C01965;3511;https://ilico.iledefrance-mobilites.fr/uploads/plans/20260730T154245Z-b360b353-3bc1-4317-aef0-ca3f49b1f2c9.pdf;PLAN;3511
C01969;Horaires Ligne 3516 du 01/09/2025 au 30/08/2026;https://ilico.iledefrance-mobilites.fr/uploads/fiches/20251008T101409Z-35ef04ce-dc33-4b0c-8284-224553e17510.pdf;HORAIRE;3516
C01973;3537;https://ilico.iledefrance-mobilites.fr/uploads/plans/20260730T154555Z-592da540-9050-496a-be6d-df7325adb1ab.pdf;PLAN;3537
C01975;Ligne 4430 - été 2026;https://ilico.iledefrance-mobilites.fr/uploads/fiches/20260722T073213Z-79c19fcb-4651-4731-afb0-f8d39a4ed3e8.pdf;HORAIRE;4430
C01978;Ligne 4433;https://ilico.iledefrance-mobilites.fr/uploads/plans/20240901T095120Z-d3216753-f22d-4298-9d25-3ede0c2c43a7.pdf;PLAN;4433
C01982;Ligne 5231 - Horaire rentrée Septembre 2025;https://ilico.iledefrance-mobilites.fr/uploads/fiches/20260428T102020Z-cc7c1758-4134-4b77-8be6-824f4fadd4df.pdf;HORAIRE;5231
C01983;Plan ligne 5235;https://ilico.iledefrance-mobilites.fr/uploads/plans/20250303T163955Z-d4b774b3-7030-4bbf-9fa6-d545e74cd991.pdf;PLAN;5235
C01985;Plan ligne 5240;https://ilico.iledefrance-mobilites.fr/uploads/plans/20250304T113207Z-cb09ee76-d888-499a-b9b4-3407c26e1051.pdf;PLAN;5240
C01986;Ligne 5241 - Horaire rentrée Septembre 2025;https://ilico.iledefrance-mobilites.fr/uploads/fiches/20250804T135706Z-d61281cc-ec2a-4bb7-aa94-b3c34b46a2e7.pdf;HORAIRE;5241
C01987;Ligne 5245 - Horaire rentrée Septembre 2025;https://ilico.iledefrance-mobilites.fr/uploads/fiches/20260428T102733Z-9cdfc43b-6ee1-44a0-a834-3455ce87d309.pdf;HORAIRE;5245
C01989;Ligne 5251- Horaire rentrée Septembre 2025;https://ilico.iledefrance-mobilites.fr/uploads/fiches/20260424T152638Z-8534b4f3-7974-4ba9-8e86-cc322785c297.pdf;HORAIRE;5251
C01993;Fiche horaires 01.09.2025;https://ilico.iledefrance-mobilites.fr/uploads/fiches/20250728T154137Z-9285889c-f537-43d9-a070-7034daf12779.pdf;HORAIRE;2427
C02005;Ligne 1427;https://ilico.iledefrance-mobilites.fr/uploads/plans/20260731T144640Z-636dcf6e-16b4-47e1-b586-70f09ada2dad.pdf;PLAN;1427 (ex 30-03)
C02006;Ligne 1429;https://ilico.iledefrance-mobilites.fr/uploads/plans/20260731T151331Z-865bf9c8-6203-4342-8e56-a7b0fb7847c7.pdf;PLAN;1429 (ex 30-49)
C02015;Fiche Horaire du 24 août 2026 au 18 juillet 2027;https://ilico.iledefrance-mobilites.fr/uploads/fiches/20260810T154459Z-def05040-93f7-4745-897f-34a4119ad141.pdf;HORAIRE;2235
C02021;Horaires été 2026;https://ilico.iledefrance-mobilites.fr/uploads/fiches/20260626T125224Z-26c7c268-cae0-41bb-86e2-f5ed927bec9e.pdf;HORAIRE;4308
C02025;Plan de Bus ligne 4330;https://ilico.iledefrance-mobilites.fr/uploads/plans/20240523T091804Z-fd090383-6bef-4483-9a9e-4aa5461ce793.pdf;PLAN;4330
C02030;Bus de soirée Louvres Horaires valables à partir du 25 août 2025;https://ilico.iledefrance-mobilites.fr/uploads/fiches/20250826T125126Z-5914dd99-d807-4eb0-af5a-00d693965b76.pdf;HORAIRE;Soir Louvres
C02030;Plan de la ligne de Soirée Louvres;https://ilico.iledefrance-mobilites.fr/uploads/plans/20241014T134154Z-d5aaf5d5-b37e-410d-91e0-2047916fa352.pdf;PLAN;Soir Louvres
C02035;Plan Ligne 2401;https://ilico.iledefrance-mobilites.fr/uploads/plans/20260710T084249Z-dd8ecf64-24c2-4277-a4d4-3f12f6183bb8.pdf;PLAN;2401
C02036;Fiche Horaires 09.03.2026;https://ilico.iledefrance-mobilites.fr/uploads/fiches/20260226T145915Z-a05282dd-bd91-4ec5-9033-3c8f0c825193.pdf;HORAIRE;2402
C02039;Horaires Ligne 4580 - A compter du 1er septembre 2026 au 3 juillet 2027;https://ilico.iledefrance-mobilites.fr/uploads/fiches/20260806T102124Z-47b03319-580d-4f6a-aeff-85b8bd4f7e09.pdf;HORAIRE;4580
C02039;Plan Ligne 4580 (maj 06/01/2025);https://ilico.iledefrance-mobilites.fr/uploads/plans/20250106T110113Z-8b1356e2-3d60-4a66-a596-94ce3b1f9119.pdf;PLAN;4580
C02040;Ligne 1434;https://ilico.iledefrance-mobilites.fr/uploads/plans/20260731T151831Z-707b7e02-7689-421e-add3-12ae3357dd4e.pdf;PLAN;1434 (ex CitéVal Cormeilles-en-Parisis)
C02056;Thermomètre ligne 3245;https://ilico.iledefrance-mobilites.fr/uploads/plans/20250124T103929Z-9e964509-8754-4921-879f-1c6a15c55066.pdf;PLAN;3245
C02057;Ligne 4406 - Horaires valables du 1 Août 2026 au 31 Août 2026 inclus;https://ilico.iledefrance-mobilites.fr/uploads/fiches/20260806T162237Z-5b03612e-424f-450d-b50c-39cd2d59ae75.pdf;HORAIRE;4406
C02062;Ligne 700 - Horaires valables 13 juillet au 18 juillet 2027;https://ilico.iledefrance-mobilites.fr/uploads/fiches/20260612T090934Z-00c5297c-1cb4-4edb-92cd-758eb4714176.pdf;HORAIRE;700 (ex Express 100)
C02062;Ligne 700 - Plan de ligne;https://ilico.iledefrance-mobilites.fr/uploads/plans/20260710T091134Z-8af76d36-3e16-4a59-ad96-0c276a04e742.pdf;PLAN;700 (ex Express 100)
C02067;Ligne 4417 - Horaires valables du 1er septembre 2026 au 4 juillet 2027;https://ilico.iledefrance-mobilites.fr/uploads/fiches/20260807T153736Z-4f928b3d-5c37-48c8-9afd-bb9b9d464f4d.pdf;HORAIRE;4417
C02067;Ligne 4417;https://ilico.iledefrance-mobilites.fr/uploads/plans/20240901T094640Z-7daf3c07-bb9e-48d5-b89a-f79de55e2d7c.pdf;PLAN;4417
C02069;Fiche horaires 13/07 au 16/08/2026;https://ilico.iledefrance-mobilites.fr/uploads/fiches/20260702T075551Z-3d362f2a-d7fd-4978-8179-34fa158bf0d8.pdf;HORAIRE;2403
C02074;Plan Ligne 2462;https://ilico.iledefrance-mobilites.fr/uploads/plans/20251001T123451Z-c5f4b2ba-4caa-49c3-8373-6ccd9b5452db.pdf;PLAN;2462
C02079;Plan_Ligne_2473;https://ilico.iledefrance-mobilites.fr/uploads/plans/20251001T123937Z-337a1a47-3c91-49e8-a84a-8dab675b7858.pdf;PLAN;2473
C02086;Plan ligne 1225;https://ilico.iledefrance-mobilites.fr/uploads/plans/20250818T102800Z-ff2569eb-3d05-4d55-89e1-da36b1e8b0c7.pdf;PLAN;1225
C02088;Plan de ligne 3129;https://ilico.iledefrance-mobilites.fr/uploads/plans/20250129T144854Z-0e0e0181-3dad-4632-bb83-292f8463d50e.pdf;PLAN;3129
C02089;Plan de ligne 3128;https://ilico.iledefrance-mobilites.fr/uploads/plans/20250129T145510Z-61d667ba-311a-475e-8e6b-b983f0ff32e3.pdf;PLAN;3128
C02090;Fiche internet_3122 au 01092025;https://ilico.iledefrance-mobilites.fr/uploads/fiches/20250904T185512Z-656c18ff-225d-40bf-ae50-a55fbd23665f.pdf;HORAIRE;3122
C02097;Fiche horaires 01.09.2025;https://ilico.iledefrance-mobilites.fr/uploads/fiches/20250728T135757Z-41c2eb7b-9bef-4816-9a72-37a5a6796ff8.pdf;HORAIRE;2454
C02098;Fiche horaires 01.09.2025;https://ilico.iledefrance-mobilites.fr/uploads/fiches/20250728T135938Z-46bfae1d-9bc8-4549-9376-85f0497fdd25.pdf;HORAIRE;2455
C02108;Fiche internet_3140 au 01092025;https://ilico.iledefrance-mobilites.fr/uploads/fiches/20251007T080035Z-d9cc9214-6352-4762-825d-fc985811a6e8.pdf;HORAIRE;3140
C02108;Plan de la ligne 3140;https://ilico.iledefrance-mobilites.fr/uploads/plans/20251007T075811Z-78b61cba-c442-4c84-893d-4de581f2a066.pdf;PLAN;3140
C02109;Plan de ligne 3143;https://ilico.iledefrance-mobilites.fr/uploads/plans/20250129T145347Z-0f714ccc-4fa7-414d-967e-eb8c69ec9d7b.pdf;PLAN;3143
C02117;Fiche horaires 01.09.2025;https://ilico.iledefrance-mobilites.fr/uploads/fiches/20250728T141641Z-6de212f8-2884-4a23-9ec3-f93c7efa7e72.pdf;HORAIRE;2458
C02117;Plan Ligne 2458;https://ilico.iledefrance-mobilites.fr/uploads/plans/20251001T123247Z-e11a0722-d5e9-4105-884c-1b10f7e67453.pdf;PLAN;2458
C02122;Plan de ligne 3127;https://ilico.iledefrance-mobilites.fr/uploads/plans/20250129T144632Z-0d6a0eb6-633a-400f-9dc8-eee4dab5f412.pdf;PLAN;3127
C02124;Dépliant_3148 au 01092025;https://ilico.iledefrance-mobilites.fr/uploads/fiches/20250731T150951Z-fb675f97-a8c3-4f23-b4d3-c25c2c18a713.pdf;HORAIRE;3148
C02124;Plan de ligne 3148;https://ilico.iledefrance-mobilites.fr/uploads/plans/20250731T150951Z-93753a5c-bdce-46fa-a988-50a7ee317a9e.pdf;PLAN;3148
C02126;Fiche internet_3135 au 01092025;https://ilico.iledefrance-mobilites.fr/uploads/fiches/20250723T092759Z-de426fa9-a38e-4e08-b98e-f07d61c946af.pdf;HORAIRE;3135
C02126;Plan de ligne 3135;https://ilico.iledefrance-mobilites.fr/uploads/plans/20250129T145047Z-a3c21f60-34f8-48ed-a9eb-ccf1414f7388.pdf;PLAN;3135
C02128;Fiche internet_3138 au 01092025;https://ilico.iledefrance-mobilites.fr/uploads/fiches/20250723T093001Z-93dd3050-ebe4-4b90-9ec7-069762f66699.pdf;HORAIRE;3138
C02128;Plan de ligne 3138;https://ilico.iledefrance-mobilites.fr/uploads/plans/20250129T145142Z-12802c3c-09d8-4b53-b7e7-25f85040c192.pdf;PLAN;3138
C02137;Ligne 704 - Horaires valables du 13 juillet au 23 août 2026;https://ilico.iledefrance-mobilites.fr/uploads/fiches/20260612T090608Z-dd1adceb-5194-4ec1-841d-1252c72104d8.pdf;HORAIRE;704 (ex 4)
C02138;Ligne 4s - Horaires valables du 25 août 2025 au 12 juillet 2026;https://ilico.iledefrance-mobilites.fr/uploads/fiches/20260407T135504Z-3b0ce531-7963-4203-baef-9c67f7470cbf.pdf;HORAIRE;714 (ex 4S)
C02150;Plan de bus ligne 6415 - La Tour - Gare du Vésinet-Le Pecq;https://ilico.iledefrance-mobilites.fr/uploads/plans/20260702T141411Z-4c43a10b-879b-401a-b575-c3093d0d1557.pdf;PLAN;6415
C02155;Fiche WEB ligne 4615 PVS été du 1er septembre 2025 au 12 juillet 2026 et du 24 août et du 31 août 2026;https://portail-idfm-operateurs.cdn.prismic.io/portail-idfm-operateurs/gnxRZtbUIP1Lnk8J_FicheWEBligne4615PVS%C3%A9t%C3%A9du1erseptembre2025au12juillet2026etdu24ao%C3%BBtetdu31ao%C3%BBt2026.pdf;HORAIRE;4615
C02155;Ligne 4615 et 4655 - Voussoire;https://portail-idfm-operateurs.cdn.prismic.io/portail-idfm-operateurs/aTBKfXNYClf9nxWW_Ligne4615et4655-Voussoire.pdf;PLAN;4615
C02156;Horaires ligne 3429 valables jusqu'au 31 août 2026;https://ilico.iledefrance-mobilites.fr/uploads/fiches/20260421T100924Z-ceb9478b-331e-44b6-91aa-23e8db421feb.pdf;HORAIRE;3429
C02162;Horaires valables du 1er septembre 2026 au 04 juillet 2027 inclus (circule en TàD l'été);https://ilico.iledefrance-mobilites.fr/uploads/fiches/20260804T114502Z-46ffb7a0-4c26-4325-9fc5-870b3fc1afe8.pdf;HORAIRE;5436
C02167;Fiche Horaire 1352;https://ilico.iledefrance-mobilites.fr/uploads/fiches/20260126T104714Z-6ed283b2-fbb6-4bc6-b056-9239db038838.pdf;HORAIRE;1352
C02169;Horaires valables du 13 juillet au 23 août 2026;https://ilico.iledefrance-mobilites.fr/uploads/fiches/20260702T103616Z-c9d85087-9861-4eb8-8ebf-1790622b1562.pdf;HORAIRE;5114
C02170;Horaires valables du 24 août 2026 au 11 juillet 2027 (sauf du 28 décembre 2026 au 3 janvier 2027);https://ilico.iledefrance-mobilites.fr/uploads/fiches/20260804T131917Z-299779bd-9dba-484f-8e83-855d14c37f74.pdf;HORAIRE;5113
C02172;Ligne 5184 - schéma de ligne;https://ilico.iledefrance-mobilites.fr/uploads/plans/20240702T143017Z-66534fa2-a34b-447c-b6f5-a8fbdfa34dec.pdf;PLAN;5184
C02186;Ligne 4463 - Horaires valables du 1er septembre 2026 au 4 juillet 2027;https://ilico.iledefrance-mobilites.fr/uploads/fiches/20260807T155651Z-ecbe780a-8222-429b-91f7-ea8bbe47bde0.pdf;HORAIRE;4463
C02207;Fiche horaires 01.09.2025;https://ilico.iledefrance-mobilites.fr/uploads/fiches/20250728T155047Z-23891ac3-91eb-4470-813d-82fd2fd527e7.pdf;HORAIRE;2475
C02207;Plan Ligne 2475;https://ilico.iledefrance-mobilites.fr/uploads/plans/20251001T094030Z-9c545328-fa2a-4526-b0af-c03552403b4e.pdf;PLAN;2475
C02209;Plan de ligne 3659;https://ilico.iledefrance-mobilites.fr/uploads/plans/20250822T091641Z-e7ad19a0-c5cb-42ce-b226-9c0383b6d6a0.pdf;PLAN;3659
C02216;Horaires valables du 24 août 2026 au 11 juillet 2027 (sauf du 28 décembre 2026 au 3 janvier 2027);https://ilico.iledefrance-mobilites.fr/uploads/fiches/20260804T132310Z-8c576086-df1f-4e2a-955d-9d0724521fe8.pdf;HORAIRE;5123
C02218;Ligne 5125 - schéma de ligne;https://ilico.iledefrance-mobilites.fr/uploads/plans/20240513T153843Z-ae7c0d3f-f91b-4cd8-8520-3d9bb62264d2.pdf;PLAN;5125
C02221;Horaires hiver 2026 / 2027;https://ilico.iledefrance-mobilites.fr/uploads/fiches/20260730T100204Z-1529e958-ba97-4e36-92e8-d539dda520ac.pdf;HORAIRE;4309
C02222;Fiche horaires 6563 - 1er septembre 2025;https://ilico.iledefrance-mobilites.fr/uploads/fiches/20251013T124616Z-e188c779-6c99-4eda-af98-d520a6287361.pdf;HORAIRE;6563
C02234;Ligne 2314 (ex N) - A partir du 1er septembre 2025;https://ilico.iledefrance-mobilites.fr/uploads/fiches/20250829T152446Z-63b1be35-461a-488b-81ba-b1454e54e68f.pdf;HORAIRE;2314
C02236;Ligne 2305 - A partir du 9 mars 2026;https://ilico.iledefrance-mobilites.fr/uploads/fiches/20260227T135428Z-f55dfa69-453f-4ea8-8190-c3d80d76aeec.pdf;HORAIRE;2305
C02246;Plan ligne 71;https://ilico.iledefrance-mobilites.fr/uploads/plans/20260422T112036Z-73e54a62-0313-47b1-a397-0f1f1cf78b62.pdf;PLAN;71
C02249;Plan de ligne 7820;https://ilico.iledefrance-mobilites.fr/uploads/plans/20250901T101933Z-c4e97e97-34c7-4962-82b8-2b65214082df.pdf;PLAN;7820
C02255;Plan de la ligne de Soirée Survilliers - Fosses;https://ilico.iledefrance-mobilites.fr/uploads/plans/20241014T133243Z-b147fb2d-6a24-423f-a508-d56b858996f4.pdf;PLAN;Soir Survilliers-Fosses
C02267;Fiche horaires ligne T'bus 3 du 4 mai 2026 au 3 janvier 2027;https://ilico.iledefrance-mobilites.fr/uploads/fiches/20260502T091648Z-bb709ac2-d8a0-4623-802f-48cb0e251767.pdf;HORAIRE;T'bus 3
C02269;Express A14 > 7824 - Horaires valables du 13 juillet au 23 août 2026;https://ilico.iledefrance-mobilites.fr/uploads/fiches/20260531T201250Z-e585ab3b-a761-4ab7-90ed-72b043ced4f3.pdf;HORAIRE;7824 (ex Express A14)
C02270;Ligne 4434 - été 2026;https://ilico.iledefrance-mobilites.fr/uploads/fiches/20260722T073417Z-66b5a50f-0501-4337-8a73-33c8f1bb2ba9.pdf;HORAIRE;4434
C02273;Horaires du 1er septembre 2025 au 5 juillet 2026;https://ilico.iledefrance-mobilites.fr/uploads/fiches/20250822T102411Z-cffad290-64e3-4348-a0eb-e240f858cfc7.pdf;HORAIRE;3662
C02278;3420;https://ilico.iledefrance-mobilites.fr/uploads/plans/20240828T143210Z-36dfde22-6c72-4214-8638-2b7900573521.pdf;PLAN;3420
C02279;3423;https://ilico.iledefrance-mobilites.fr/uploads/plans/20240828T151506Z-a801ac5d-e2cd-4ecb-83f9-352e80c2a312.pdf;PLAN;3423
C02289;3427;https://ilico.iledefrance-mobilites.fr/uploads/plans/20240828T151048Z-130ca84f-36a8-41d9-95ca-a4f547f30351.pdf;PLAN;3427
C02293;Horaires du 1er septembre 2025 au 5 juillet 2026;https://ilico.iledefrance-mobilites.fr/uploads/fiches/20250822T074803Z-0b8abecf-c3d4-46a8-a84c-713a32687ff7.pdf;HORAIRE;3660
C02293;Plan de ligne 3660;https://ilico.iledefrance-mobilites.fr/uploads/plans/20250822T075349Z-a05e46d7-24ef-4b8c-a2c7-fb5831217501.pdf;PLAN;3660
C02295;Plan ligne TàD Nangis / Saint-Just;https://ilico.iledefrance-mobilites.fr/uploads/plans/64ccbdb43d3e9_Francilite_Briard_TAD_Nangis_St_Just_v04.pdf;PLAN;TàD Nangis / Saint-Just
C02296;Ligne 4456 - été 2026;https://ilico.iledefrance-mobilites.fr/uploads/fiches/20260722T073725Z-d1c528bf-179d-4944-9f9d-ed4aee56a851.pdf;HORAIRE;4456
C02296;Ligne 4456;https://ilico.iledefrance-mobilites.fr/uploads/plans/20240901T094257Z-9e2656d5-06e0-4c21-83c8-a144a9c66a42.pdf;PLAN;4456
C02298;Plan de ligne 2245;https://ilico.iledefrance-mobilites.fr/uploads/plans/20240418T151700Z-a3b16dbe-1c5b-4585-ad3a-9585a37be43f.pdf;PLAN;2245
C02300;Plan 469;https://www.seineouest.fr/app/uploads/2025/10/469_SEPT2025_VF-16-10.pdf;PLAN;469
C02311;Plan de ligne 3144;https://ilico.iledefrance-mobilites.fr/uploads/plans/20250129T145853Z-936b3432-7496-4a14-ac31-a99857e17dda.pdf;PLAN;3144
C02360;Plan ligne 56 - Bougival - Croissy - Saint-Germain-en-Laye Lycée International;https://ilico.iledefrance-mobilites.fr/uploads/plans/20250828T124750Z-28679936-118c-4086-8c44-1eff42fc4fa8.pdf;PLAN;6456
C02361;Plan ligne 6457 - Port Marly - Le Chesnay-Rocquencourt;https://ilico.iledefrance-mobilites.fr/uploads/plans/20260703T064835Z-6a029e71-c9f2-42f0-8a62-a3c3fc50382d.pdf;PLAN;6457
C02366;Horaires Ligne 3219 du 31 Août 2026 au 29 Août 2027;https://ilico.iledefrance-mobilites.fr/uploads/fiches/20260721T062747Z-7573a6ac-93b1-482e-8337-6041b3816f64.pdf;HORAIRE;3219
C02395;Plan Ligne 9114 (maj 06/01/2025);https://ilico.iledefrance-mobilites.fr/uploads/plans/20250106T110541Z-3c47c054-d4f4-4304-bf83-9938445016fc.pdf;PLAN;EXPRESS 9114
C02399;Plan gare routière Saint-Michel-s/o;https://ilico.iledefrance-mobilites.fr/uploads/fiches/20251218T130754Z-7ccc5150-228d-45c5-b09b-2da43f76e62b.pdf;HORAIRE;4579
C02399;Plan Ligne 4579 (maj 06/01/2025);https://ilico.iledefrance-mobilites.fr/uploads/plans/20250106T105839Z-1674c150-a179-4d5f-8e63-cf4da856732c.pdf;PLAN;4579
C02409;Bus remplacement Tram T6;https://ilico.iledefrance-mobilites.fr/uploads/plans/20260428T075447Z-7231ba30-fbfa-43b4-bd6b-31ff8cba5fd6.pdf;PLAN;Remplacement Tram T6
C02414;Plan de ligne 1118;https://ilico.iledefrance-mobilites.fr/uploads/plans/20260521T145901Z-7f6feb82-9319-4d1a-aa7f-b2703e84d833.pdf;PLAN;1118
C02426;Ligne 441 du 1 septembre au 5 juillet 2026;https://ilico.iledefrance-mobilites.fr/uploads/fiches/20250818T104502Z-13d21c65-304e-4661-9f8c-28d1616b9b6b.pdf;HORAIRE;441
C02428;Plan de ligne 446;https://ilico.iledefrance-mobilites.fr/uploads/plans/20240405T160125Z-e39e24ec-115a-48d8-a9c1-d84d90d212ce.pdf;PLAN;446
C02429;Ligne 447 1er septembre 2026 au 3 juillet 2027;https://ilico.iledefrance-mobilites.fr/uploads/fiches/20260811T065907Z-1d75c14b-7019-4590-870c-5bcd79e316ef.pdf;HORAIRE;447
C02429;Ligne 447 du 1 septembre au 5 juillet 2026;https://ilico.iledefrance-mobilites.fr/uploads/fiches/20250818T121938Z-8b58b847-ed42-4bc9-8508-c232ac717ed3.pdf;HORAIRE;447
C02430;Ligne 448 du 1 septembre au 5 juillet 2026;https://ilico.iledefrance-mobilites.fr/uploads/fiches/20250818T123219Z-bbdde97a-f907-4b25-84ba-022289812d64.pdf;HORAIRE;448
C02432;Thermomètre ligne 3254;https://ilico.iledefrance-mobilites.fr/uploads/plans/20260721T065126Z-d606d15a-150f-46e5-a5d4-f0b490360ecd.pdf;PLAN;3254
C02433;Horaires Ligne 3255 du 31 Août 2026 au 29 Août 2027;https://ilico.iledefrance-mobilites.fr/uploads/fiches/20260721T063110Z-f4db04aa-dca4-40cc-8a61-cc49a58f3820.pdf;HORAIRE;3255
C02433;Horaires Ligne 3255 du 05 Janvier 2026 au 30 Août 2026;https://ilico.iledefrance-mobilites.fr/uploads/fiches/20251211T095834Z-59b33ab8-25cf-4f91-a959-39c0e1661bf1.pdf;HORAIRE;3255
C02435;Horaires Ligne 3247 du 04 Juin 2026 au 30 Août 2026;https://ilico.iledefrance-mobilites.fr/uploads/fiches/20260529T092333Z-bfddc006-d5f1-43d6-b153-c8bfc5f9c68b.pdf;HORAIRE;3247
C02435;Horaires Ligne 3247 du 31 Août 2026 au 29 Août 2027;https://ilico.iledefrance-mobilites.fr/uploads/fiches/20260723T112042Z-835ed58b-093d-4e7f-9f53-0e347f61486b.pdf;HORAIRE;3247
C02435;Thermomètre ligne 3247;https://ilico.iledefrance-mobilites.fr/uploads/plans/20260721T065222Z-33c4b183-1984-415f-8ef6-77bcc184d2e5.pdf;PLAN;3247
C02439;Fiche horaire;https://www.paris-saclay.com/app/uploads/2025/07/fiche_horaires_navette_K.pdf;HORAIRE;K
C02444;Plan ligne 5328;https://ilico.iledefrance-mobilites.fr/uploads/plans/20250312T153201Z-1ff4e2c5-5068-4814-aabb-fcf7ec8ec202.pdf;PLAN;5328
C02446;Plan ligne 5371;https://ilico.iledefrance-mobilites.fr/uploads/plans/20250321T164009Z-5c73a835-6bc5-45ee-8d2f-6cc2e69ae8e5.pdf;PLAN;5371
C02450;Ligne 4452;https://ilico.iledefrance-mobilites.fr/uploads/plans/20240901T093822Z-cf4e1faa-5104-4ba1-8689-36569a3f36fd.pdf;PLAN;4452
C02452;Ligne 4454;https://ilico.iledefrance-mobilites.fr/uploads/plans/20240901T093928Z-f4d81b24-eac0-4c42-94f9-6c033487cbd4.pdf;PLAN;4454
C02453;Ligne 4455 - Horaires valables du 1er septembre 2026 au 4 juillet 2027;https://ilico.iledefrance-mobilites.fr/uploads/fiches/20260807T155022Z-79d052b8-fb96-4080-9d39-46affdafa34f.pdf;HORAIRE;4455
C02455;Fiche Horaire du 24 août 2026 au 18 juillet 2027;https://ilico.iledefrance-mobilites.fr/uploads/fiches/20260810T154609Z-8a548bd5-e84f-4c75-bb67-2f371662d711.pdf;HORAIRE;2280
C02456;Ligne 439 du 6 juillet au 30 aout 2026;https://ilico.iledefrance-mobilites.fr/uploads/fiches/20260611T103029Z-d81301a4-0809-42a6-9f16-cc46a461e409.pdf;HORAIRE;439
C02460;Plan Ligne TàD 4597 (maj 06/01/2025);https://ilico.iledefrance-mobilites.fr/uploads/plans/20250103T144935Z-cbc62dc6-81f4-4fc4-a62b-1d555614af0a.pdf;PLAN;TàD 4597
C02463;Fiche horaire scolaire à partir du 9 mars;https://ilico.iledefrance-mobilites.fr/uploads/fiches/20260306T150659Z-23f5e750-afdd-41ad-8948-ad72a1b38ab9.pdf;HORAIRE;1527
C02467;Plan Gare Routière SGDB (Place) - A compter du 22/12/25;https://ilico.iledefrance-mobilites.fr/uploads/fiches/20251217T133148Z-4cc2daf5-a450-456e-946c-2417c63050d8.pdf;HORAIRE;TàD 4592
C02468;Horaires TàD 4595 à compter du 25 août 2025;https://ilico.iledefrance-mobilites.fr/uploads/fiches/20250822T063658Z-7422d9ec-41fd-47df-9c2b-fec403fbb66e.pdf;HORAIRE;TàD 4595
C02472;Ligne 4414 - Horaires valables du 1er septembre 2026 au 4 juillet 2027;https://ilico.iledefrance-mobilites.fr/uploads/fiches/20260807T153346Z-4b9507eb-22ff-4322-966c-9e14dfdf34d8.pdf;HORAIRE;4414
C02474;Dépliant horaires Bus Soirée Etampes - Horaires valables à partir du 1er septembre 2025;https://ilico.iledefrance-mobilites.fr/uploads/fiches/20250819T165903Z-f501178f-4867-4674-80ac-847db50de69e.pdf;HORAIRE;Soir Etampes
C02478;Horaires valables du 01/09/25 au 03/07/26;https://ilico.iledefrance-mobilites.fr/uploads/fiches/20250826T131755Z-aafe50c7-cbec-4a63-a17d-5ece456febf9.pdf;HORAIRE;6185
C02486;Horaires été 2026;https://ilico.iledefrance-mobilites.fr/uploads/fiches/20260626T131101Z-c64f69af-efa0-4a88-976c-721f7f9752bf.pdf;HORAIRE;Soir Bouray
C02489;Soir Meaux Nord à partir du 1er septembre 2025;https://ilico.iledefrance-mobilites.fr/uploads/fiches/20250829T224223Z-f378c5cd-5420-44c6-b3fb-3a8e863dfbd3.pdf;HORAIRE;Soir Meaux Nord
C02490;Soir Meaux Sud;https://ilico.iledefrance-mobilites.fr/uploads/fiches/20250128T091934Z-6f93a29c-3ee0-490a-8e65-f3a7494703f8.pdf;HORAIRE;Soir Meaux Sud
C02491;Horaires valables du 13 juillet au 23 août 2026;https://ilico.iledefrance-mobilites.fr/uploads/fiches/20260531T201318Z-6032d7c5-e4a4-4936-b4ee-425a051bfbac.pdf;HORAIRE;Soir Saint-Germain-en-Laye
C02498;Fiche horaire;https://www.paris-saclay.com/app/uploads/2025/07/fiche_horaires_navette_PYZ_2024.pdf;HORAIRE;Y
C02501;Fiche horaire;https://www.paris-saclay.com/app/uploads/2025/07/fiche_horaires_navette_TU_-_Sept_2023.pdf;HORAIRE;U
C02501;Plan;https://www.paris-saclay.com/app/uploads/2025/07/fiche_horaires_navette_TU_-_Sept_2023.pdf;PLAN;U
C02502;Plan;https://www.paris-saclay.com/app/uploads/2025/07/fiche_horaires_navette_V.pdf;PLAN;V
C02508;Plan de la ligne Bus Soirée Boussy-Saint-Antoine;https://ilico.iledefrance-mobilites.fr/uploads/plans/20250225T192428Z-1275d98f-a1ae-4e2a-80ba-a68b3d7299d7.pdf;PLAN;Soir Boussy-Saint-Antoine
C02511;Fiche horaire;https://www.paris-saclay.com/app/uploads/2025/07/fiche_horaires_navette_HQ_2024.pdf;HORAIRE;Q
C02513;Horaires HIVER valables du 24/08/26 au 11/07/2027;https://ilico.iledefrance-mobilites.fr/uploads/fiches/20260731T122213Z-017fa765-70fb-433c-9099-ea6cf4c293a8.pdf;HORAIRE;Soir Versailles-Chantiers
C02513;Horaires été valables du 13/07 au 23/08/26;https://ilico.iledefrance-mobilites.fr/uploads/fiches/20260702T134517Z-84402cc1-e151-43e4-91d6-e38c1128a394.pdf;HORAIRE;Soir Versailles-Chantiers
C02517;Ligne 1442 - Horaires valables du 3 aout 2026 au 29 aout 2027 inclus.;https://ilico.iledefrance-mobilites.fr/uploads/fiches/20260717T165240Z-43e5dcb1-6ecb-4cc9-9713-9c9490ac57a3.pdf;HORAIRE;1442 (ex CitéVal Ermont)
C02518;Plan 3112;https://ilico.iledefrance-mobilites.fr/uploads/plans/20250728T124300Z-58510b78-00a2-448d-ba68-97ba47172945.pdf;PLAN;3112
C02519;Fiche internet_3113;https://ilico.iledefrance-mobilites.fr/uploads/fiches/20260612T120938Z-ff476bf2-56b3-4eb0-b61f-0149bfb6d9e5.pdf;HORAIRE;3113
C02519;Plan 3113;https://ilico.iledefrance-mobilites.fr/uploads/plans/20250728T124501Z-ecdaaf7a-a3ce-48de-aa37-fed34c581493.pdf;PLAN;3113
C02522;Fiche internet_SOIR Gretz;https://ilico.iledefrance-mobilites.fr/uploads/fiches/20260612T122040Z-b1b00c09-200b-42bb-9aad-c8fb68f0b684.pdf;HORAIRE;Soir Gretz-Armainvilliers
C02523;Fiche internet_SOIR Ozoir;https://ilico.iledefrance-mobilites.fr/uploads/fiches/20260612T121925Z-66adda88-69ea-48e7-8856-0cd54cb3caf9.pdf;HORAIRE;Soir Ozoir-la-Ferrière
C02526;Plan N155;https://portail-idfm-operateurs.cdn.prismic.io/portail-idfm-operateurs/Zth5PLzzk9ZrW_XS_KEO_A02_Ligne_N155_V02.pdf;PLAN;N155
C02529;Plan T12;https://ilico.iledefrance-mobilites.fr/uploads/plans/20251215T083140Z-fd56a79e-2d36-4ec9-8da7-ef4952f0d79a.pdf;PLAN;T12
C02536;Plan de ligne 6595;https://ilico.iledefrance-mobilites.fr/uploads/plans/20251226T131611Z-d1def471-6499-44ab-97bd-ce635060b488.pdf;PLAN;6595
C02540;Plan de ligne 6519;https://ilico.iledefrance-mobilites.fr/uploads/plans/20250819T134945Z-908eee51-1120-478b-b727-d9e22d70a37c.pdf;PLAN;6519
C02541;Fiche horaires 6525 - 6 juillet au 23 août 2026;https://ilico.iledefrance-mobilites.fr/uploads/fiches/20260622T123508Z-61a8cd96-d603-4159-b321-33aafe744f8e.pdf;HORAIRE;6525
C02547;Plan de ligne 6551;https://ilico.iledefrance-mobilites.fr/uploads/plans/20260319T083436Z-96b2d78d-70f8-4068-b7e1-cc163ffabbd9.pdf;PLAN;6551
C02553;Fiche horaires 6557 - 1er septembre 2025;https://ilico.iledefrance-mobilites.fr/uploads/fiches/20251013T124239Z-92771862-850d-4bd2-a194-577f3edc68f6.pdf;HORAIRE;6557
C02556;Fiche horaires 6564 - 1er septembre 2025;https://ilico.iledefrance-mobilites.fr/uploads/fiches/20251013T124649Z-c58cfa03-fe4a-4d93-bb3c-1a6f131eb10d.pdf;HORAIRE;6564
C02557;Fiche horaires 6565 - 1er septembre 2025;https://ilico.iledefrance-mobilites.fr/uploads/fiches/20251013T124812Z-79595cfb-7e36-413c-b48a-251a1d13d19e.pdf;HORAIRE;6565
C02560;Plan de ligne 6568;https://ilico.iledefrance-mobilites.fr/uploads/plans/20250819T132703Z-a899d384-ca3c-4639-a3c6-f49c1a5ea206.pdf;PLAN;6568
C02561;Fiche horaires 6569 - 1er septembre 2025;https://ilico.iledefrance-mobilites.fr/uploads/fiches/20251013T125424Z-1cc1e381-b5c9-4fca-8148-2c78774248c0.pdf;HORAIRE;6569
C02566;Fiche horaires 6502 - 6 juillet au 23 août 2026;https://ilico.iledefrance-mobilites.fr/uploads/fiches/20260622T121844Z-142ba2f9-dfb0-4740-8d0c-30c3a5fc680d.pdf;HORAIRE;6502
C02569;Plan de ligne 6507;https://ilico.iledefrance-mobilites.fr/uploads/plans/20250819T135221Z-64a5863f-2813-4772-a310-c44e02cd6bf6.pdf;PLAN;6507
C02570;Fiche horaires 6513 - 6 juillet au 23 août 2026;https://ilico.iledefrance-mobilites.fr/uploads/fiches/20260622T122644Z-2ba37676-b317-4552-a470-acc23d2ef889.pdf;HORAIRE;6513
C02574;Horaires TàD Ouest au 05/01/2026;https://ilico.iledefrance-mobilites.fr/uploads/fiches/20251211T120325Z-e194d960-231f-425f-964e-f7648e9da499.pdf;HORAIRE;TàD Montereau Ouest
C02580;Bus de soirée Montereau Sud;https://ilico.iledefrance-mobilites.fr/uploads/fiches/20260224T083910Z-749ac850-fc5d-439f-9365-a2432314ff31.pdf;HORAIRE;Soir Montereau Sud
C02582;Fiche horaire TàD Montois;https://ilico.iledefrance-mobilites.fr/uploads/fiches/20250507T083639Z-56202a28-e45d-4967-baad-5934550cf16c.pdf;HORAIRE;TàD Balade du Montois
C02594;N137;https://ilico.iledefrance-mobilites.fr/uploads/plans/20240920T134203Z-2e13c83b-db99-4420-9e1a-41d740d3c0f0.pdf;PLAN;N137
C02595;Bus de soirée Fontainebleau;https://www.iledefrance-mobilites.fr/medias/portail-idfm-operateurs/81d5229e-e6e7-4980-a2de-70a31de1cff5_IDFM-2033-DSP16-D%C3%A9pliant-200-200-PaysdeFontaineBleau-Busdesoir%C3%A9e_EXE.pdf;HORAIRE;Soir Fontainebleau Avon
C02598;Fiche horaire;https://www.paris-saclay.com/app/uploads/2025/07/fiche_horaires_navette_R_vf.pdf;HORAIRE;R
C02601;Plan de la ligne R121;https://ilico.iledefrance-mobilites.fr/uploads/plans/20241014T135505Z-2d984dc6-63c3-4229-8b60-9780113ee3e0.pdf;PLAN;R121 (future 1681)
C02605;Plan de la ligne de Soirée Gonesse;https://ilico.iledefrance-mobilites.fr/uploads/plans/20241014T140043Z-8da801b1-0225-444a-a818-86b825cd6f9a.pdf;PLAN;Soir Gonesse
C02609;Horaires hiver 2026 / 2027;https://ilico.iledefrance-mobilites.fr/uploads/fiches/20260730T100756Z-ea731d5c-1f38-4406-9faf-badd2a195842.pdf;HORAIRE;4349
C02624;Plan de ligne N147;https://ilico.iledefrance-mobilites.fr/uploads/plans/659c1359a52f7_KEO_Val_d’Oise_ligne_N147_.pdf;PLAN;N147
C02627;Schéma ligne Soir Les Mureaux;https://ilico.iledefrance-mobilites.fr/uploads/plans/20250924T143435Z-d10f099c-ffa7-4c49-9682-9a9f12e9cfa0.pdf;PLAN;Soir Les Mureaux
C02636;Plan TZEN4;https://ilico.iledefrance-mobilites.fr/uploads/plans/20260203T055927Z-a9c9ec23-aa3f-4a1c-af47-b53556fef8ce.pdf;PLAN;Tzen4
C02638;Ligne 5304 - Horaire à partir du 6 juillet 2026;https://ilico.iledefrance-mobilites.fr/uploads/fiches/20260617T144734Z-4f30a4ec-0741-4939-be97-c3ce52fc50ee.pdf;HORAIRE;5304
C02638;plan ligne 5304;https://ilico.iledefrance-mobilites.fr/uploads/plans/20250228T134018Z-11676f1c-5502-4cb2-9aa3-87d749c860b5.pdf;PLAN;5304
C02642;Ligne 7817 - Horaires à partir du 6 juillet 2026;https://ilico.iledefrance-mobilites.fr/uploads/fiches/20260617T160359Z-84d18f75-3c3a-4e92-a876-fc95444afd67.pdf;HORAIRE;7817
C02661;Plan bus de soirée;https://ilico.iledefrance-mobilites.fr/uploads/plans/20251103T075923Z-0d493c35-cd32-4f62-bd12-88d5fad14cc0.pdf;PLAN;Soir Brétigny
C02662;Horaires Ligne 4513 - du 13 juillet 2026 au 31 décembre 2027;https://ilico.iledefrance-mobilites.fr/uploads/fiches/20260611T125204Z-0fbccaec-238a-473e-8502-88f7e70e7b3d.pdf;HORAIRE;4513
C02664;Filéo Compans;https://ilico.iledefrance-mobilites.fr/uploads/fiches/20250918T121527Z-626ce25d-6d1f-4fa9-a494-9d248144b279.pdf;HORAIRE;Filéo Compans
C02666;Plan C1;https://ilico.iledefrance-mobilites.fr/uploads/plans/20260126T144101Z-8ab6d43e-6346-4311-abd1-c0ba6858fc14.pdf;PLAN;C1
C02668;Ligne N72 horaires du 6 juillet 2026 au 4 juillet 2027;https://ilico.iledefrance-mobilites.fr/uploads/fiches/20260727T122138Z-581424be-d87d-4b38-a4a9-9ea88acce575.pdf;HORAIRE;N72
C02669;Fiche Horaire du 24 août 2026 au 18 juillet 2027;https://ilico.iledefrance-mobilites.fr/uploads/fiches/20260810T155036Z-c617da1e-d0f6-4cee-81cd-8f4f10d06094.pdf;HORAIRE;2281
C02670;Fiche Horaire du 24 août 2026 au 18 juillet 2027;https://ilico.iledefrance-mobilites.fr/uploads/fiches/20260810T155013Z-fb3813ef-45c1-4e79-93da-0ecb4a600e17.pdf;HORAIRE;2282
C02673;Fiche Horaire du 24 août 2026 au 18 juillet 2027;https://ilico.iledefrance-mobilites.fr/uploads/fiches/20260810T155201Z-279e73df-4f6b-4507-b1b9-4f169f8f2845.pdf;HORAIRE;2254
C02674;Bus de Soirée Parc Haut Val d'Oise;https://ilico.iledefrance-mobilites.fr/uploads/fiches/20250210T143420Z-f1e4f088-db4e-45df-ba09-81b0611ba20b.pdf;HORAIRE;Soir Parc Haut Val d'Oise
C02679;Fiche horaire;https://www.aeroportparisbeauvais.com/acces-et-parking/navette-aerobus-paris-aeroport;HORAIRE;A05 Disneyland Paris
C02680;Ligne 2343 (ex 23s) - A partir du 1er septembre 2025;https://ilico.iledefrance-mobilites.fr/uploads/fiches/20250829T212248Z-418bd54e-5645-4697-b38c-ae38a10aa78a.pdf;HORAIRE;2343
C02681;Fiche horaires ligne 3752 du 24 aout 2026 au 22 aout 2027;https://ilico.iledefrance-mobilites.fr/uploads/fiches/20260805T133827Z-fbf36e63-f64f-43bd-a843-847e69c0a694.pdf;HORAIRE;3752
C02683;Plan des lignes 6460-6461-6462-6463;https://ilico.iledefrance-mobilites.fr/uploads/plans/20260702T143435Z-6bf7b9a0-523e-4f39-a66a-54384c18b383.pdf;PLAN;6460
C02684;Plan des lignes 60-61-62-63;https://ilico.iledefrance-mobilites.fr/uploads/plans/20250828T125016Z-3bf1ec79-1507-4d34-9c07-88225ae173ac.pdf;PLAN;6461
C02685;Plan des lignes 60-61-62-63;https://ilico.iledefrance-mobilites.fr/uploads/plans/20250828T125037Z-d567a833-3acb-4e0a-8438-33d44bf8ed74.pdf;PLAN;6462
C02689;Informations Bus de soirée Bussy-Saint-Georges;https://ilico.iledefrance-mobilites.fr/uploads/fiches/20240327T102339Z-d889cc69-6bc3-4083-b843-5a725d0a1713.pdf;HORAIRE;Soir Bussy-st-Georges
C02693;Plan de ligne;https://ilico.iledefrance-mobilites.fr/uploads/plans/20250805T124927Z-00893d5b-8c72-4510-8256-a65cbb4b9bc1.pdf;PLAN;2151
C02697;Horaires valables à partir du 1er septembre 2025;https://ilico.iledefrance-mobilites.fr/uploads/fiches/20250813T140706Z-f88f6e3d-0daa-44d6-81ef-0f01f20e2696.pdf;HORAIRE;2155
C02699;Plan de ligne;https://ilico.iledefrance-mobilites.fr/uploads/plans/20260305T103619Z-247353aa-a6d7-4d82-96b6-cfe026a99079.pdf;PLAN;2158
C02700;Horaires valables à partir du 1er septembre 2025;https://ilico.iledefrance-mobilites.fr/uploads/fiches/20250813T140842Z-96a3d921-13c1-45f8-a42d-79c68e0823d2.pdf;HORAIRE;2159
C02701;Plan de ligne;https://ilico.iledefrance-mobilites.fr/uploads/plans/20250805T125509Z-e95e90f5-4003-4967-b46e-ba6475c9e6db.pdf;PLAN;2160
C02705;Horaires valables du 06 juillet au 30 août 2026;https://ilico.iledefrance-mobilites.fr/uploads/fiches/20260703T084032Z-1bd342d6-5d9e-480c-944a-64a5a71f39aa.pdf;HORAIRE;1257
C02706;Horaires valables à partir du 24 novembre 2025;https://ilico.iledefrance-mobilites.fr/uploads/fiches/20251121T175121Z-ccc04547-01c9-4be6-924f-8117867b7ba4.pdf;HORAIRE;2165
C02709;Plan N148;https://ilico.iledefrance-mobilites.fr/uploads/plans/20250121T085441Z-6e6f3a2a-8c82-42b8-8cca-484e4b0728ca.pdf;PLAN;N148
C02711;Horaires Transilien V;https://www.transilien.com/fr/page-lignes/ligne-v#content-section-2059-part-2-tab;HORAIRE;V
C02716;Horaires valables du 06 juillet au 31 août 2026;https://ilico.iledefrance-mobilites.fr/uploads/fiches/20260610T074650Z-3264e9d6-f343-4dc0-b26e-aec56d1843ce.pdf;HORAIRE;7825
C02723;Fiche horaire;https://www.aeroportparisbeauvais.com/acces-et-parking/navette-aerobus-paris-aeroport;HORAIRE;A04 Paris La Villette
C02724;Plan ligne 4242;https://ilico.iledefrance-mobilites.fr/uploads/plans/20260706T084610Z-0c8f3db4-7ecd-482c-b2ed-4c7d33b5d31f.pdf;PLAN;4242
C02727;Plan de bus ligne 3777;https://ilico.iledefrance-mobilites.fr/uploads/plans/20241230T075751Z-b7655d78-e124-4256-8be2-e352615969bc.pdf;PLAN;3777
C02735;PLAN TAD POINCY;https://ilico.iledefrance-mobilites.fr/uploads/plans/20250919T112109Z-83111ae8-74a5-412d-a114-f34fb7ab2f9f.pdf;PLAN;TàD ZI Poincy
C02737;Horaires ligne 4270 - Du 1er septembre 2025 au 4 juillet 2026;https://ilico.iledefrance-mobilites.fr/uploads/fiches/20260323T141538Z-a59de388-3da1-40bb-a679-fbbb3e49e671.pdf;HORAIRE;4270
C02740;Horaires ligne 4222 - Du 13 juillet au 23 août 2026;https://ilico.iledefrance-mobilites.fr/uploads/fiches/20260706T074400Z-fadeb422-c420-40af-8cc4-01f66af0ea9a.pdf;HORAIRE;4222
C02740;Plan lignes 4221-4222;https://ilico.iledefrance-mobilites.fr/uploads/plans/20260706T074400Z-a744896b-f614-4c82-a4a0-36c0c6c3da53.pdf;PLAN;4222
C02744;Plan de ligne 277;https://ilico.iledefrance-mobilites.fr/uploads/plans/20260611T101422Z-f12bc0d4-597e-4188-ae72-b607d34e2997.pdf;PLAN;277
C02745;Horaires ligne 363;https://ilico.iledefrance-mobilites.fr/uploads/fiches/20260706T142451Z-c91c2f5f-68d4-4366-9365-62359a1c21fe.pdf;HORAIRE;363
C02746;Horaires valables à compter du 05 janvier 2026;https://ilico.iledefrance-mobilites.fr/uploads/fiches/20251212T155537Z-d80435cf-83eb-4548-b328-7cdc5d465da3.pdf;HORAIRE;TàD Vexin Est
C02749;Horaires valables à compter du 05 janvier 2026;https://ilico.iledefrance-mobilites.fr/uploads/fiches/20251212T155452Z-54f3822c-657d-4ca2-b691-aed7329a238e.pdf;HORAIRE;TàD Vexin Est
C02750;FH BUS SOIREE;https://ilico.iledefrance-mobilites.fr/uploads/fiches/20250704T092043Z-97144b25-5841-4b0d-a238-f1db14652ddf.pdf;HORAIRE;Soir Nemours
C02757;TAD Meaux Est;https://ilico.iledefrance-mobilites.fr/uploads/fiches/20250917T120420Z-32964b35-8dc0-4daa-b228-064c6e72e2bb.pdf;HORAIRE;TàD Meaux Est
C02768;Plan de la ligne Bus Soirée Montgeron;https://ilico.iledefrance-mobilites.fr/uploads/plans/20250226T102138Z-efd6bf53-083a-4a03-bd18-4d5dd89a33c2.pdf;PLAN;Soir Montgeron
C02770;Horaires du 20 juillet au 23 août 2026;https://ilico.iledefrance-mobilites.fr/uploads/fiches/20260717T132430Z-fb7645a9-3866-486c-ad2c-a68c15b2a78b.pdf;HORAIRE;Soir Brunoy Sud
C02771;Horaires du 20 juillet au 23 août 2026;https://ilico.iledefrance-mobilites.fr/uploads/fiches/20260717T131911Z-55fc7a63-8b21-4f49-a19d-ba6eda49ffe6.pdf;HORAIRE;Soir Crosne
C02775;Plan de la ligne Bus Soirée Villecresnes;https://ilico.iledefrance-mobilites.fr/uploads/plans/20250225T083707Z-74264ade-a5d0-48e5-b49e-c7b5417858f1.pdf;PLAN;Soir Villecresnes
C02778;TAD BIERE;https://ilico.iledefrance-mobilites.fr/uploads/fiches/20260414T161906Z-baded70f-67b4-4dbd-b8c8-ce7e9780a52b.pdf;HORAIRE;TàD Bière
C02781;Plan TAD Boissise-le-Roi Pringy;https://ilico.iledefrance-mobilites.fr/uploads/plans/20250822T105059Z-bc6b37bd-435f-40f9-a886-64b339732ce3.pdf;PLAN;TàD Boissise-le-Roi - Pringy
C02791;Dépliant horaires TàD Zonal Dourdan - Horaires valables à partir du 1er septembre 2025;https://ilico.iledefrance-mobilites.fr/uploads/fiches/20250819T163827Z-9ef581fe-08c4-4021-8124-510c5fef7ca2.pdf;HORAIRE;TàD Zonal Dourdan
C02803;Fiche horaires 6580 - 5 janvier 2026;https://ilico.iledefrance-mobilites.fr/uploads/fiches/20251219T153220Z-40cc795f-083d-49d5-ac83-e74683fde17b.pdf;HORAIRE;6580
C02804;Fiche horaires 6581 - 5 janvier 2026;https://ilico.iledefrance-mobilites.fr/uploads/fiches/20251219T153301Z-da9b2c86-fd04-4bb8-b607-b055532349cb.pdf;HORAIRE;6581
C02805;Plan de ligne 6582;https://ilico.iledefrance-mobilites.fr/uploads/plans/20250704T083318Z-50b93487-1ffd-4b52-83f1-ce9139782ae6.pdf;PLAN;6582
C02806;Horaires valables du 06 juillet au 31 août 2026;https://ilico.iledefrance-mobilites.fr/uploads/fiches/20260610T074707Z-5db9550d-75eb-41bd-8670-a6669942a4ad.pdf;HORAIRE;5404
C02807;Plan de ligne 5463;https://ilico.iledefrance-mobilites.fr/uploads/plans/20250818T104711Z-1ee4b374-f382-44ba-a639-52b5f3f9177a.pdf;PLAN;5463
C02813;Plan de ligne 4673;https://ilico.iledefrance-mobilites.fr/uploads/plans/20250825T100833Z-11c52578-c722-4536-aeae-30c6292d29da.pdf;PLAN;4673
C02814;Plan de ligne 4674;https://ilico.iledefrance-mobilites.fr/uploads/plans/20250825T101034Z-0685cab7-efbf-4e8e-88c0-dc9053324d6d.pdf;PLAN;4674
C02820;Horaires été 2026;https://ilico.iledefrance-mobilites.fr/uploads/fiches/20260626T130024Z-f41b44a3-06b4-4cde-8d50-0a4373149458.pdf;HORAIRE;TàD 4318
C02822;Plan Bus 4342;https://ilico.iledefrance-mobilites.fr/uploads/plans/20250822T073950Z-1d599eb9-5966-416b-8bdc-5f654a61be7c.pdf;PLAN;TàD 4342
C02825;Horaires Ligne SUBB;https://www.ratp.fr/sites/default/files/lines-assets/fiche-horaire/busratp/fiche-horaire_busratp_ligne-571.pdf;HORAIRE;SUBB Boucle Sud
C02826;Plan Ligne TUVIM;https://www.ratp.fr/sites/default/files/lines-assets/plan-de-ligne/busratp/plan-de-ligne_busratp_ligne-589.pdf;PLAN;TUVIM Epinettes
C02834;Horaires ligne 240;https://ilico.iledefrance-mobilites.fr/uploads/fiches/20260805T120043Z-91ce391d-d82b-451f-b7f3-367d00a03326.pdf;HORAIRE;240
C02835;Fiche horaire à partir du 20 juillet 2026;https://ilico.iledefrance-mobilites.fr/uploads/fiches/20260715T125813Z-fad9fc5e-ade8-4930-85b0-c8acdb82b801.pdf;HORAIRE;9517
C02836;Ligne Soir - Cormeilles en Parisis;https://ilico.iledefrance-mobilites.fr/uploads/plans/20260731T153450Z-a04eabf1-e0c9-4eeb-861c-41db0b35e8ae.pdf;PLAN;Soir Cormeilles-en-Parisis
C02838;Ligne Franconville Nord - Horaires valables du 03 aout 2026 au 02 juillet 2027;https://ilico.iledefrance-mobilites.fr/uploads/fiches/20260731T154156Z-45491260-99c1-4010-99b2-8a8a30c777c1.pdf;HORAIRE;Soir Franconville Nord
C02838;Plan de ligne - Soir Franconville Nord;https://ilico.iledefrance-mobilites.fr/uploads/plans/20260731T154156Z-e8085446-16cf-4b76-9640-99d6dedf798d.pdf;PLAN;Soir Franconville Nord
C02841;Ligne Soir Sannois - Horaires valables du 03 aout 2026 au 02 juillet 2027;https://ilico.iledefrance-mobilites.fr/uploads/fiches/20260731T154811Z-8b369efa-00d6-4225-836b-c80f5c3c4744.pdf;HORAIRE;Soir Sannois
C02849;Ligne 1414 - Horaires valables du 3 aout 2026 au 29 aout 2027.;https://ilico.iledefrance-mobilites.fr/uploads/fiches/20260717T170324Z-41edf4c0-a8fc-49ea-bb53-ed1f9ba0003a.pdf;HORAIRE;1414
C02849;Ligne 1414 - Horaires valables du 24 août 2026 au 29 août 2027 inclus.;https://ilico.iledefrance-mobilites.fr/uploads/fiches/20260810T095605Z-aeda8130-9d28-49ab-b4ad-74612e7b4ddc.pdf;HORAIRE;1414
C02851;Plan de ligne - 1425;https://ilico.iledefrance-mobilites.fr/uploads/plans/20260717T170632Z-8b8068c2-276e-4ac6-aaa2-760a0bdf1583.pdf;PLAN;1425
C02855;Plan de ligne 1247;https://ilico.iledefrance-mobilites.fr/uploads/plans/20260728T092358Z-12428b7a-4ffb-4058-9db4-c03f11c57bd4.pdf;PLAN;1247
C02866;Plan de ligne - 723;https://ilico.iledefrance-mobilites.fr/uploads/plans/20260608T092718Z-78be2921-edf9-4b0f-8dfe-c2fd3ea8332a.pdf;PLAN;723 (ex 3S)
C02875;Fiche horaires 6538 - 6 juillet au 30 août 2026;https://ilico.iledefrance-mobilites.fr/uploads/fiches/20260630T155219Z-3dd35afd-3604-4e5c-ab15-e2e6e6ee3a0e.pdf;HORAIRE;6538 Navette Estivale
C02881;3459;https://ilico.iledefrance-mobilites.fr/uploads/plans/20260728T132420Z-160b2026-c177-4db4-bac1-c70604e1d4bb.pdf;PLAN;3459
C00003;Horaire valables à partir du 13 juillet au 15 août 2026;https://ilico.iledefrance-mobilites.fr/uploads/fiches/20260706T131814Z-fd818a18-3573-4826-8058-c6a144bef449.pdf;HORAIRE;Licorne
C00004;Plan de ligne 483;https://ilico.iledefrance-mobilites.fr/uploads/plans/20250828T075037Z-cde46a8b-db5d-435a-8f51-b7473179ebee.pdf;PLAN;483
C00009;Dépliant_3103 été au 04072026;https://ilico.iledefrance-mobilites.fr/uploads/fiches/20260522T131158Z-b4701465-ee20-4564-9c93-3cbc2358d2a6.pdf;HORAIRE;3103
C00009;Dépliant_3103 au 01092025;https://ilico.iledefrance-mobilites.fr/uploads/fiches/20250731T120813Z-b91892eb-ff43-4eba-8f56-05b86db1caae.pdf;HORAIRE;3103
C00014;Dépliant_3110 au 01092025;https://ilico.iledefrance-mobilites.fr/uploads/fiches/20250723T085925Z-dae9266b-c630-4cd2-8578-52fa8dde0f20.pdf;HORAIRE;3110
C00015;Fiche internet_3111;https://ilico.iledefrance-mobilites.fr/uploads/fiches/20260612T120831Z-6521bece-7d01-4414-92cf-b0f000d95b00.pdf;HORAIRE;3111
C00016;Dépliant_3114 été au 04072026;https://ilico.iledefrance-mobilites.fr/uploads/fiches/20260526T123002Z-a6ad6583-6848-429c-8c13-e5d70efc1196.pdf;HORAIRE;3114
C00016;Fiche horaire_3114 au 13102025;https://ilico.iledefrance-mobilites.fr/uploads/fiches/20251008T130818Z-46adcbe9-e2d9-428a-98fe-b31c3dc7c22c.pdf;HORAIRE;3114
C00017;Fiche internet_3118;https://ilico.iledefrance-mobilites.fr/uploads/fiches/20260612T121048Z-a0e03550-3c69-4c80-aebb-253c484f3106.pdf;HORAIRE;3118
C00018;Dépliant_3119 été au 04072026;https://ilico.iledefrance-mobilites.fr/uploads/fiches/20260526T124348Z-b8548f67-5540-41a8-a597-ad80287c3ba0.pdf;HORAIRE;3119
C00019;Fiche internet_3123 au 01092025;https://ilico.iledefrance-mobilites.fr/uploads/fiches/20250731T150643Z-1fc87746-5e61-4485-bd56-c35de72aeaed.pdf;HORAIRE;3123
C00025;Dépliant_3146 au 01092025;https://ilico.iledefrance-mobilites.fr/uploads/fiches/20250723T094856Z-d9f8011c-c74b-4a08-8e49-ebb6f53778a4.pdf;HORAIRE;3146
C00028;Ligne 501B - Horaires valables du 25 août 2025 au 12 juillet 2026;https://ilico.iledefrance-mobilites.fr/uploads/fiches/20260325T111813Z-d07d74fc-dda8-4f2b-89b6-381d0804443c.pdf;HORAIRE;771 (ex 501)
C00029;Ligne 502 - Horaires valables du 25 août 2025 au 12 juillet 2026;https://ilico.iledefrance-mobilites.fr/uploads/fiches/20260410T072852Z-1d4af592-6100-4133-9d3f-d788d164b52c.pdf;HORAIRE;761 (ex 502)
C00029;Ligne 761 - Plan de ligne;https://ilico.iledefrance-mobilites.fr/uploads/plans/20260710T083806Z-1dc3fb76-dd58-4317-9c1f-987db0371e36.pdf;PLAN;761 (ex 502)
C00030;Ligne 770 - Horaires valables du 13 juillet au 23 août 2026;https://ilico.iledefrance-mobilites.fr/uploads/fiches/20260612T081948Z-5f4c02a8-b5f0-40f4-8552-c693c2d1c810.pdf;HORAIRE;770 (ex E)
C00033;Ligne 740 - Horaires valables du 13 juillet au 23 août 2026;https://ilico.iledefrance-mobilites.fr/uploads/fiches/20260612T082448Z-20285b9d-3763-4e14-a610-97db7c31d0a0.pdf;HORAIRE;740 (ex B)
C00038;Horaires HIVER valables du 24/08/26 au 11/07/2027;https://ilico.iledefrance-mobilites.fr/uploads/fiches/20260730T152158Z-d5b0e61a-4e75-4e51-a3d7-d9389ba3dafa.pdf;HORAIRE;6132
C00039;Schéma ligne 6175;https://ilico.iledefrance-mobilites.fr/uploads/plans/20250826T130916Z-b40ddc9e-71c0-4df9-bf00-314264877248.pdf;PLAN;6175
C00043;Schéma ligne 6124;https://ilico.iledefrance-mobilites.fr/uploads/plans/20250828T064045Z-472ddb49-52fc-499d-9930-4be54bbb6c67.pdf;PLAN;6124
C00046;Plan de ligne 9160;https://ilico.iledefrance-mobilites.fr/uploads/plans/20251020T071652Z-b5db297b-3912-4959-9bac-480b0a7f870b.pdf;PLAN;9160
C00050;Schéma ligne 6123;https://ilico.iledefrance-mobilites.fr/uploads/plans/20250826T131517Z-f3beb95c-c51a-4447-adb3-d99b64fea5ef.pdf;PLAN;6123
C00051;Horaires HIVER valables du 24/08/26 au 09/07/2027;https://ilico.iledefrance-mobilites.fr/uploads/fiches/20260730T143516Z-32df1c38-9ee9-4c6d-a019-0c40cf00ffce.pdf;HORAIRE;6145
C00054;plan ligne 5332;https://ilico.iledefrance-mobilites.fr/uploads/plans/20250228T150824Z-d5deb77d-59a9-465d-8759-a0c3af45eb48.pdf;PLAN;5332
C00057;5209 Horaires rentrée Septembre 2025;https://ilico.iledefrance-mobilites.fr/uploads/fiches/20260211T140149Z-aa7ff529-0f56-4352-aec1-eb796a8c3c13.pdf;HORAIRE;5209
C00057;Ligne 5209 - Horaire rentrée Septembre 2025;https://ilico.iledefrance-mobilites.fr/uploads/plans/20250804T130009Z-9b1f3aa7-d27a-41d6-ad25-47f1070ff1f3.pdf;PLAN;5209
C00061;Horaires valables à compter du 06 juillet au 31 août 2026;https://ilico.iledefrance-mobilites.fr/uploads/fiches/20260701T145025Z-5c0dd97b-236e-49f4-8424-2b093d316483.pdf;HORAIRE;5116
C00064;Ligne 5367 - Horaires à partir du 6 juillet 2026;https://ilico.iledefrance-mobilites.fr/uploads/fiches/20260617T153117Z-9566836d-fbdf-4738-a411-a0ed6f4d5286.pdf;HORAIRE;5367
C00069;Plan de ligne 4604;https://ilico.iledefrance-mobilites.fr/uploads/plans/20250914T204634Z-d460ef1f-5c18-4f03-b34d-a52fdceb04dd.pdf;PLAN;4604
C00070;Fiche WEB ligne 4605 PVS été 2026;https://portail-idfm-operateurs.cdn.prismic.io/portail-idfm-operateurs/ajQKII1P9HI4UsgF_FicheWEBligne4605PVS%C3%A9t%C3%A92026.pdf;HORAIRE;4605
C00072;Fiche WEB ligne 4607 Été 2026 V0, du lundi 13 juillet au dimanche 23 août 2026;https://portail-idfm-operateurs.cdn.prismic.io/portail-idfm-operateurs/ajKdEY1P9HI4Unom_FicheWEBligne4607%C3%89t%C3%A92026V0%2Cdulundi13juilletaudimanche23ao%C3%BBt2026.pdf;HORAIRE;4607
C00072;Plan de ligne 4607;https://ilico.iledefrance-mobilites.fr/uploads/plans/20260504T163709Z-6958067d-235d-43df-8904-ba7b37049ed5.pdf;PLAN;4607
C00074;Plan de ligne 4601;https://ilico.iledefrance-mobilites.fr/uploads/plans/20250914T205004Z-960f9667-7ad7-4808-89a1-686649a75ba8.pdf;PLAN;4601
C00075;FIche WEB ligne 4614 PVS été du 3 novembre 2025 au dimanche 12 juillet 2026 et du 24 août au 31 août 2026;https://portail-idfm-operateurs.cdn.prismic.io/portail-idfm-operateurs/MOftM5wZbQVOnqrl_FIcheWEBligne4614PVS%C3%A9t%C3%A9du3novembre2025audimanche12juillet2026etdu24ao%C3%BBtau31ao%C3%BBt2026.pdf;HORAIRE;4614
C00075;Plan de ligne 4614;https://ilico.iledefrance-mobilites.fr/uploads/plans/20251020T074500Z-cd1b25f2-4377-4863-ab3a-d9749a230190.pdf;PLAN;4614
C00076;Fiche WEB ligne 15 (4615) et S15 (4655) Hiver 2025-2026, à partir du lundi 1er septembre 2025;https://portail-idfm-operateurs.cdn.prismic.io/portail-idfm-operateurs/aKS916Tt2nPbaevy_FicheWEBligne15-4615-etS15-4655-Hiver2025-2026%2C%C3%A0partirdulundi1erseptembre2025.pdf;HORAIRE;4655
C00076;Ligne 4615 et 4655 - Voussoire;https://portail-idfm-operateurs.cdn.prismic.io/portail-idfm-operateurs/aTBKfXNYClf9nxWW_Ligne4615et4655-Voussoire.pdf;PLAN;4655
C00078;Fiche WEB ligne 4616 PVS été du 25 août 2025 au 12 juillet 2026 et du 24 août au 31 août 2026;https://portail-idfm-operateurs.cdn.prismic.io/portail-idfm-operateurs/-Vh0IdHOg_PYfU_k_FicheWEBligne4616PVS%C3%A9t%C3%A9du25ao%C3%BBt2025au12juillet2026etdu24ao%C3%BBtau31ao%C3%BBt2026.pdf;HORAIRE;4616
C00078;Fiche WEB ligne 4616 Été 2026 V0, du lundi 13 juillet au dimanche 23 août 2026;https://portail-idfm-operateurs.cdn.prismic.io/portail-idfm-operateurs/ajLD-o1P9HI4Uo1__FicheWEBligne4616%C3%89t%C3%A92026V0%2Cdulundi20juilletaudimanche23ao%C3%BBt2026.pdf;HORAIRE;4616
C00079;Plan de ligne 4619;https://ilico.iledefrance-mobilites.fr/uploads/plans/20251020T072906Z-7bddae48-d19b-405c-a24a-c3500d89ad97.pdf;PLAN;4619
C00082;Ligne 4437;https://ilico.iledefrance-mobilites.fr/uploads/plans/20240901T094854Z-4b434919-2a7d-4cff-b8f0-3e1ace6449a0.pdf;PLAN;4437
C00085;Ligne 438 du 6 juillet au 30 aout 2026;https://ilico.iledefrance-mobilites.fr/uploads/fiches/20260611T102755Z-b96e9f29-b822-4167-ad90-9a3e4dada1c1.pdf;HORAIRE;438
C00086;Horaires Ligne 4511 - A compter du 24 août 2026 au 11 juillet 2027;https://ilico.iledefrance-mobilites.fr/uploads/fiches/20260806T095741Z-9333ef10-9bfd-4da1-a073-b7fa05d919c4.pdf;HORAIRE;4511
C00086;Horaires Ligne 4511 - du 13 juillet au 23 août 2026;https://ilico.iledefrance-mobilites.fr/uploads/fiches/20260611T125117Z-3d438be2-449e-4350-924d-8fa3a80fea2e.pdf;HORAIRE;4511
C00093;Fiche WEB ligne 4634 et 4636 Été 2026 V0, du lundi 13 juillet au dimanche 23 août 2026;https://portail-idfm-operateurs.cdn.prismic.io/portail-idfm-operateurs/ajPsd41P9HI4Ur-H_FicheWEBligne4634et4636%C3%89t%C3%A92026V0%2Cdulundi13juilletaudimanche23ao%C3%BBt2026.pdf;HORAIRE;4634
C00093;Plan de ligne 4634;https://ilico.iledefrance-mobilites.fr/uploads/plans/20251020T074736Z-7770d3e7-a0c3-44c4-833f-49fd5b2fada6.pdf;PLAN;4634
C00101;Horaires hiver 2026 / 2027;https://ilico.iledefrance-mobilites.fr/uploads/fiches/20260730T092650Z-61e3e643-a0c3-4519-b904-0bb02bd150bb.pdf;HORAIRE;4324
C00101;Plan de Bus ligne 4324;https://ilico.iledefrance-mobilites.fr/uploads/plans/20250821T150417Z-8cc6bbac-f7c2-4c46-b637-0e8dc92d1765.pdf;PLAN;4324
C00104;Plan de Bus ligne 4326;https://ilico.iledefrance-mobilites.fr/uploads/plans/20240523T084019Z-05f28a44-e9bd-4443-b382-6c6d9a291ceb.pdf;PLAN;4326
C00105;Ligne 4413 - Horaires valables du 1er septembre 2026 au 4 juillet 2027;https://ilico.iledefrance-mobilites.fr/uploads/fiches/20260807T153316Z-7c881702-0fa1-4bb7-86d4-c8958ac7f439.pdf;HORAIRE;4413
C00106;Fiche horaires 6521 - 6 juillet au 23 août 2026;https://ilico.iledefrance-mobilites.fr/uploads/fiches/20260622T123330Z-6e0b4af2-6b92-493b-9eaa-324dd7201aef.pdf;HORAIRE;6521
C00108;Horaires valables du 01 septembre 2026 au 04 juillet 2027 inclus;https://ilico.iledefrance-mobilites.fr/uploads/fiches/20260730T135309Z-b00a57db-f994-42d5-9cf0-124a04c12211.pdf;HORAIRE;5444
C00108;Plan de ligne 5444;https://ilico.iledefrance-mobilites.fr/uploads/plans/20250829T115412Z-5e202ced-07ee-4ff9-aaf0-81e8f7f44096.pdf;PLAN;5444
C00111;Fiche horaires 6511 - 6 juillet au 23 août 2026;https://ilico.iledefrance-mobilites.fr/uploads/fiches/20260622T122544Z-e9006c34-c4a3-4f3d-ae51-5d220becfc66.pdf;HORAIRE;6511
C00114;Fiche horaires 7819 - 5 janvier 2026;https://ilico.iledefrance-mobilites.fr/uploads/fiches/20260622T125346Z-3e3bdfbb-7c33-4f9f-90d4-6b815cac983c.pdf;HORAIRE;7819
C00114;Plan de ligne 7819;https://ilico.iledefrance-mobilites.fr/uploads/plans/20251226T131801Z-3956025b-62bd-4e2c-8d35-6d0198477bdb.pdf;PLAN;7819
C00119;Plan de ligne 5341;https://ilico.iledefrance-mobilites.fr/uploads/plans/20250328T102756Z-097faf9e-c667-41a8-adc9-2bf672a4b40b.pdf;PLAN;5341
C00120;Plan de ligne 5442;https://ilico.iledefrance-mobilites.fr/uploads/plans/20250829T115526Z-0a944f57-fad7-4ed8-9831-b5b6c69f8c81.pdf;PLAN;5442
C00121;Horaires valables du 06 juillet au 31 août 2026;https://ilico.iledefrance-mobilites.fr/uploads/fiches/20260610T073450Z-69df02c0-5cf9-425f-abba-f9a1805a22bf.pdf;HORAIRE;5443
C00121;Plan de ligne 5443;https://ilico.iledefrance-mobilites.fr/uploads/plans/20250829T115547Z-a44de186-204d-4a44-bfad-5fc80d92edb1.pdf;PLAN;5443
C00128;Plan de ligne 6560;https://ilico.iledefrance-mobilites.fr/uploads/plans/20251226T130327Z-f1c58bff-6e35-4fa3-90eb-937ddbe3339e.pdf;PLAN;6560
C00137;5211 - horaires à partir du 9 mars 2026;https://ilico.iledefrance-mobilites.fr/uploads/fiches/20260220T162226Z-b08368a5-caa6-407c-870a-4283a6d26280.pdf;HORAIRE;5211
C00139;Horaires valables du 6 juillet au 31 août 2026;https://ilico.iledefrance-mobilites.fr/uploads/fiches/20260612T141050Z-ee6332e7-f1c0-4b6a-b314-73a198350b13.pdf;HORAIRE;1114
C00141;Plan de ligne 1130;https://ilico.iledefrance-mobilites.fr/uploads/plans/20251215T152531Z-29b730c3-c7ea-4cc5-bebd-7dd0ef41f029.pdf;PLAN;1130
C00144;Plan de la ligne 6308;https://ilico.iledefrance-mobilites.fr/uploads/plans/20260714T122256Z-1b7be3cb-0e52-4f25-9c52-98b02240f4f5.pdf;PLAN;6308 (ex 8)
C00145;Plan de la ligne 6309;https://ilico.iledefrance-mobilites.fr/uploads/plans/20260714T122427Z-fee3a9d5-1f6f-4277-93e0-d5c7a5f6d34f.pdf;PLAN;6309 (ex 9)
C00156;Horaires valables du 13 juillet 2026 au 23 août 2026;https://ilico.iledefrance-mobilites.fr/uploads/fiches/20260714T123833Z-2fb17f13-4634-45d2-b7a1-01cb465048b2.pdf;HORAIRE;6305
C00163;Ligne 5311 - Horaires à partir du 6 juillet 2026;https://ilico.iledefrance-mobilites.fr/uploads/fiches/20260617T145452Z-2bbccae9-2849-4c78-a575-23de256b6456.pdf;HORAIRE;5311
C00165;plan de ligne 5334;https://ilico.iledefrance-mobilites.fr/uploads/plans/20250328T102134Z-5d59cb8c-4e78-4d63-af4a-2a1bb2471b2d.pdf;PLAN;5334
C00166;Ligne 5325 - Horaires à partir du 6 juillet 2026;https://ilico.iledefrance-mobilites.fr/uploads/fiches/20260617T150457Z-3f301755-309b-49b5-93cb-d0c3988a9120.pdf;HORAIRE;5325
C00171;Ligne 7811 - Horaire à partir du 5 juillet 2026;https://ilico.iledefrance-mobilites.fr/uploads/fiches/20260615T153107Z-d852c32b-4e4c-4d47-8bec-c868df84d023.pdf;HORAIRE;7811
C00172;Plan ligne 5215;https://ilico.iledefrance-mobilites.fr/uploads/plans/20250303T163449Z-05efeb05-8d34-4d0f-a590-9d0fbc9ddbe4.pdf;PLAN;5215
C00173;Plan ligne 5318;https://ilico.iledefrance-mobilites.fr/uploads/plans/20250312T132233Z-3f4b31b5-3520-4ef8-9445-1ce921e053ed.pdf;PLAN;5318
C00176;Ligne 4450 - Horaires valables du 1 Août 2026 au 31 Août 2026 inclus;https://ilico.iledefrance-mobilites.fr/uploads/fiches/20260806T155353Z-ca0a2be6-39ba-4dea-8ee2-9ff60291f822.pdf;HORAIRE;4450
C00178;plan ligne 5225;https://ilico.iledefrance-mobilites.fr/uploads/plans/20250228T143447Z-f2674a4d-072a-4ab6-bc2e-fe4b24a6e540.pdf;PLAN;5225
C00184;Ligne 5303 - Horaire à partir du 6 juillet 2026;https://ilico.iledefrance-mobilites.fr/uploads/fiches/20260617T144600Z-6876a1b9-8311-498a-97da-8fb1e5c9d104.pdf;HORAIRE;5303
C00191;Plan de la ligne 11;https://ilico.iledefrance-mobilites.fr/uploads/plans/20241014T123527Z-10a7a435-b4b0-45ca-8afb-e74462e0d375.pdf;PLAN;11 (future 1611)
C00197;Fiche horaires ligne 15 du 13 juillet au 23 août 2026 et du 21 décembre 2026 au 3 janvier 2027;https://ilico.iledefrance-mobilites.fr/uploads/fiches/20260701T103514Z-74f4b946-23f3-4b95-9e75-697454290f50.pdf;HORAIRE;15
C00198;Plan de ligne;https://ilico.iledefrance-mobilites.fr/uploads/plans/20250805T124257Z-4ebd7ce7-88ee-47a8-b585-9dfe657cc8f7.pdf;PLAN;2116
C00200;Horaires valables à partir du 15 janvier 2026;https://ilico.iledefrance-mobilites.fr/uploads/fiches/20260213T101104Z-37f1662f-0113-41db-a565-956bc1e173f6.pdf;HORAIRE;2118
C00200;Plan de ligne;https://ilico.iledefrance-mobilites.fr/uploads/plans/20260114T105853Z-b7f19927-6526-4ecc-ac1e-21e73507b3ec.pdf;PLAN;2118
C00204;Plan de ligne;https://ilico.iledefrance-mobilites.fr/uploads/plans/20250805T124547Z-2fded721-872b-4d00-bffe-caaf950bafca.pdf;PLAN;2123
C00205;Plan de la ligne 30 B;https://ilico.iledefrance-mobilites.fr/uploads/plans/651436b54c688_KEOLIS%20CIF%20DSP%206%20-%20Ligne%2030%20B-repaired.pdf;PLAN;30 B (future 1630)
C00206;Plan 30D;https://ilico.iledefrance-mobilites.fr/uploads/plans/20260114T085348Z-13a448ad-afbf-42d8-a119-72e8e58f750e.pdf;PLAN;30 D (future 1603)
C00214;Fiche horaires ligne 43 du 23 février 2026 au 3 janvier 2027;https://ilico.iledefrance-mobilites.fr/uploads/fiches/20260701T093218Z-28a056c7-ac05-43ea-b7f3-c08793f0fd0c.pdf;HORAIRE;43
C00217;Plan de ligne 1346;https://ilico.iledefrance-mobilites.fr/uploads/plans/20240405T161029Z-982d7347-f078-49a7-84ea-4700524469eb.pdf;PLAN;1346
C00219;Fiche Horaire 1348;https://ilico.iledefrance-mobilites.fr/uploads/fiches/20250910T153346Z-39561311-280c-46f6-b418-98d471e3a2b9.pdf;HORAIRE;1348
C00224;Ligne Gbus - Horaires valables à partir du 25 août 2025;https://ilico.iledefrance-mobilites.fr/uploads/fiches/20250826T123901Z-2cdd66bd-ccb0-49ad-b65f-34113cdf3459.pdf;HORAIRE;Gbus (future 1639)
C00226;Plan de la ligne R117;https://ilico.iledefrance-mobilites.fr/uploads/plans/20241014T130424Z-25cc79f6-45a8-47cd-bfab-d5de7537f9bf.pdf;PLAN;R117 (future 1677)
C00230;Ligne R3 - Horaires valables à partir du 25 août 2025;https://ilico.iledefrance-mobilites.fr/uploads/fiches/20250826T124517Z-90010dc9-1aaa-4772-a1fd-c87238121942.pdf;HORAIRE;R3 (future 1613)
C00230;Plan de la ligne R3;https://ilico.iledefrance-mobilites.fr/uploads/plans/20241014T125152Z-92120d31-bd88-4ffe-809c-5042102f6b5e.pdf;PLAN;R3 (future 1613)
C00240;Ligne R105 -  Horaires valables à partir du 1er septembre 2025 en période scolaire;https://ilico.iledefrance-mobilites.fr/uploads/fiches/20260129T150828Z-e70fe566-ecc7-4957-93d1-2363bc3cd644.pdf;HORAIRE;R105 (future 1665)
C00240;Plan de la ligne R105;https://ilico.iledefrance-mobilites.fr/uploads/plans/20250902T141731Z-fa043373-d5ac-45df-b60f-1d9f7dda6406.pdf;PLAN;R105 (future 1665)
C00244;Plan de la ligne R109;https://ilico.iledefrance-mobilites.fr/uploads/plans/20241014T135232Z-fc6e2879-2f41-4240-b6ca-18151a928931.pdf;PLAN;R109 (future 1669)
C00245;Horaires valables du 06 juillet 2026 au 23 août 2026;https://ilico.iledefrance-mobilites.fr/uploads/fiches/20260703T090303Z-8e511a62-82bb-481e-8e68-f60694cde2e8.pdf;HORAIRE;2101
C00247;Plan de ligne;https://ilico.iledefrance-mobilites.fr/uploads/plans/20260430T135002Z-9e98e59d-796b-4e69-92c6-5f954f5da529.pdf;PLAN;2103
C00251;Horaires valables du 04 mai 2026 au 05 juillet 2026;https://ilico.iledefrance-mobilites.fr/uploads/fiches/20260430T135318Z-50f7676d-9a31-425d-8db8-04ef77b80847.pdf;HORAIRE;2108
C00251;Plan de ligne;https://ilico.iledefrance-mobilites.fr/uploads/plans/20250805T124045Z-914b0595-1d44-4671-982c-6970b49126e1.pdf;PLAN;2108
C00252;Plan de ligne;https://ilico.iledefrance-mobilites.fr/uploads/plans/20250805T124126Z-8385f940-1b7b-4f9b-a4d1-332d5d2521ad.pdf;PLAN;2109
C00253;Horaires valables à partir du 04 mai 2026;https://ilico.iledefrance-mobilites.fr/uploads/fiches/20260430T135602Z-97cd4ecb-8628-4ab5-a26a-2b4a22221827.pdf;HORAIRE;2110
C00261;Plan de la ligne Vitavil;https://ilico.iledefrance-mobilites.fr/uploads/plans/20241014T130031Z-75584e66-4250-498c-a32c-0e920be99dbe.pdf;PLAN;Vitavil (future 1621)
C00270;Fiche horaires 6540 - 6 juillet au 23 août 2026;https://ilico.iledefrance-mobilites.fr/uploads/fiches/20260622T124506Z-fb290b43-8fc8-41cd-8663-3ef412de3847.pdf;HORAIRE;6540
C00271;Fiche horaires 6591 - 25 août 2025;https://ilico.iledefrance-mobilites.fr/uploads/fiches/20260622T124806Z-8c30caa6-df1d-4132-8331-b4e35ae6896b.pdf;HORAIRE;6591
C00272;Fiche horaires 6517 - 25 août 2025;https://ilico.iledefrance-mobilites.fr/uploads/fiches/20260622T123019Z-bdc222a7-161b-42d1-b23b-6f10a2e6d02a.pdf;HORAIRE;6517
C00272;Plan de ligne 6517;https://ilico.iledefrance-mobilites.fr/uploads/plans/20250819T120118Z-f593bf88-98a9-4cb1-910e-6636f1cee3d6.pdf;PLAN;6517
C00274;Plan de ligne 6512;https://ilico.iledefrance-mobilites.fr/uploads/plans/20250819T120219Z-6550bfcb-fe18-4eeb-a356-712d3d8dea0e.pdf;PLAN;6512
C00281;Plan de ligne 6503;https://ilico.iledefrance-mobilites.fr/uploads/plans/20250819T120413Z-187a995b-3c89-4c9a-80ad-42258eab39ed.pdf;PLAN;6503
C00286;Fiche horaires 6510 - 6 juillet au 23 août 2026;https://ilico.iledefrance-mobilites.fr/uploads/fiches/20260622T122514Z-1b43c54f-fc19-4666-a43d-afd602245d16.pdf;HORAIRE;6510
C00287;Horaires valables du 4 mai au 5 juillet 2026_ligne 7804;https://ilico.iledefrance-mobilites.fr/uploads/fiches/20260428T152014Z-13e99095-9855-4df5-ba85-e200f9c60f9a.pdf;HORAIRE;7804
C00294;Plan ligne 6422 - Sannois-Argenteuil;https://ilico.iledefrance-mobilites.fr/uploads/plans/20260702T142235Z-4c9d8e5a-25cd-4695-8b0d-3d79078dd1b2.pdf;PLAN;6422
C00295;Plan ligne 6414  - Argenteuil - Houilles Carrières;https://ilico.iledefrance-mobilites.fr/uploads/plans/20260702T142942Z-6b3cc4c7-5a6a-4658-ada7-063a6eeb196d.pdf;PLAN;6414
C00298;Plan ligne 6401  - Argenteuil-Sartrouville;https://ilico.iledefrance-mobilites.fr/uploads/plans/20260702T144627Z-55f087d3-9f17-4d89-bb8a-495ee4c6ca2e.pdf;PLAN;6401
C00299;Fiche horaire été;https://ilico.iledefrance-mobilites.fr/uploads/fiches/20260616T101756Z-0d822e8d-f4ec-49dc-a617-a995acb49a23.pdf;HORAIRE;1510
C00308;Plan ligne 6416 - Argenteuil-Houilles Carrières;https://ilico.iledefrance-mobilites.fr/uploads/plans/20260703T062212Z-2d142a28-6e5a-4b2f-acb4-964482d7146b.pdf;PLAN;6416
C00312;Horaires valables à partir du 6 juillet 2026;https://ilico.iledefrance-mobilites.fr/uploads/fiches/20260703T062444Z-2fb4678a-3fdf-4254-8948-e03ae2ab6945.pdf;HORAIRE;6402
C00315;Fiche horaire été;https://ilico.iledefrance-mobilites.fr/uploads/fiches/20260616T101943Z-98fda593-5f63-4ece-afb1-f2b1888c25c0.pdf;HORAIRE;1514
C00316;Plan ligne 6433 - Gare de Sartrouville - Gare de Houilles-Carrières;https://ilico.iledefrance-mobilites.fr/uploads/plans/20260702T142707Z-ee9d032a-feca-4921-a181-4ece2ac01627.pdf;PLAN;6433
C00324;Plan ligne 6431 - Rueil-St Germain en Laye;https://ilico.iledefrance-mobilites.fr/uploads/plans/20260703T063439Z-3a4904ce-5a8d-410e-8212-d8e7c49a678e.pdf;PLAN;6431
C00335;Horaires valables à partir du 6 juillet 2026;https://ilico.iledefrance-mobilites.fr/uploads/fiches/20260702T145208Z-ea0cbafd-20d8-4727-a7e3-69ba7d2701e1.pdf;HORAIRE;6405
C00339;Ligne 401 Horaires du 6 au 11 juil. et du 24 au 31 août 2026;https://ilico.iledefrance-mobilites.fr/uploads/fiches/20260604T082202Z-18c7a076-30b9-465f-9ff6-cc87231bee19.pdf;HORAIRE;401
C00342;Ligne 412 Horaires du 6 au 11 juil. et du 24 au 31 août 2026;https://ilico.iledefrance-mobilites.fr/uploads/fiches/20260604T082355Z-c2a93f58-4ee6-491b-9da9-48105d8c2d5c.pdf;HORAIRE;412
C00342;Ligne 412 Horaires du 13 juil. au 22 août 2026;https://ilico.iledefrance-mobilites.fr/uploads/fiches/20260604T082834Z-0c402298-17f4-4fb4-8ac7-a102f7843be3.PDF;HORAIRE;412
C00343;Plan ligne 6;https://ilico.iledefrance-mobilites.fr/uploads/plans/20260204T155418Z-310a91bb-979a-4e9f-b770-2f573f5e2165.pdf;PLAN;6
C00345;Ligne 408 Horaires à compter du 1er sept. 2026;https://ilico.iledefrance-mobilites.fr/uploads/fiches/20260731T085422Z-ee9971f1-ba4f-4c78-b233-e40a4ed23857.pdf;HORAIRE;408
C00345;Ligne 408 Horaires du 13 juil. au 22 août 2026;https://ilico.iledefrance-mobilites.fr/uploads/fiches/20260604T082650Z-5429bbc2-bbae-4669-ad1c-7bf452da3483.PDF;HORAIRE;408
C00346;Schéma ligne 409 à partir du 26 juin 2023;https://ilico.iledefrance-mobilites.fr/uploads/plans/64b7f264eb0a1_Schema-409.pdf;PLAN;409
C00350;Plan ligne 14;https://www.valleesudbus.fr/plans-et-horaires/ligne-14;PLAN;14
C00355;Horaires du 20 juillet au 23 août 2026;https://ilico.iledefrance-mobilites.fr/uploads/fiches/20260717T085816Z-a8b67f4f-c3a5-4260-8794-351a0c8c6b57.pdf;HORAIRE;4113
C00358;Plan de la ligne 4114;https://ilico.iledefrance-mobilites.fr/uploads/plans/20260220T081347Z-424b6fb6-4ab4-452c-85e8-921f6a66d3bc.pdf;PLAN;4114
C00364;Horaires valables à compter du 25 août 2025;https://ilico.iledefrance-mobilites.fr/uploads/fiches/20250821T073400Z-8a478fec-9883-4e4f-a192-e12725b7c455.pdf;HORAIRE;4159
C00367;Plan de la ligne de Bus 4162;https://ilico.iledefrance-mobilites.fr/uploads/plans/20250227T170603Z-85b412e4-2a77-411a-89e9-1a0443c60e2a.pdf;PLAN;4162
C00378;Plan de la ligne de Bus 4117;https://ilico.iledefrance-mobilites.fr/uploads/plans/20250717T115341Z-fd5bfdda-fdae-45a3-b89f-99477dea0d87.pdf;PLAN;4117
C00385;Plan ligne 4203;https://ilico.iledefrance-mobilites.fr/uploads/plans/20260706T072900Z-f52d1a3c-be16-4a24-a666-67f7a992d26b.pdf;PLAN;4203
C00389;Horaires ligne 4273 - Du 1er septembre 2025 au 4 juillet 2026;https://ilico.iledefrance-mobilites.fr/uploads/fiches/20260323T144008Z-62d61818-f176-4688-a771-8fd74b3f27e9.pdf;HORAIRE;4273
C00389;Plan ligne 4273;https://ilico.iledefrance-mobilites.fr/uploads/plans/20260323T144008Z-d2c4fe80-683e-4a7f-930d-3195dbc1869d.pdf;PLAN;4273
C00392;Plan ligne 4233;https://ilico.iledefrance-mobilites.fr/uploads/plans/20260706T073512Z-8dfa272a-43f9-4955-8cee-fb6b5bc60568.pdf;PLAN;4233
C00393;Plan de ligne 1101;https://ilico.iledefrance-mobilites.fr/uploads/plans/20260123T091253Z-8ef11ce0-8397-47d0-a426-58849320c237.pdf;PLAN;1101
C00394;Plan de ligne 1102;https://ilico.iledefrance-mobilites.fr/uploads/plans/20251215T152830Z-9d2c25e5-430e-4e52-8428-1dd90bfdd356.pdf;PLAN;1102
C00395;Horaires valables du 6 juillet au 31 août 2026;https://ilico.iledefrance-mobilites.fr/uploads/fiches/20260612T095931Z-a34fcce3-c6a3-489a-9f03-f73c91b8a764.pdf;HORAIRE;1103
C00395;plan de ligne 1103;https://ilico.iledefrance-mobilites.fr/uploads/plans/20251215T153113Z-5ed414a0-84b0-449e-b151-1f33ace66540.pdf;PLAN;1103
C00400;Plan de ligne 1317;https://ilico.iledefrance-mobilites.fr/uploads/plans/20240405T162659Z-ec6dcb09-8cc1-4897-85cc-c17f57eeda74.pdf;PLAN;1317
C00410;Plan ligne 5324;https://ilico.iledefrance-mobilites.fr/uploads/plans/20250312T132648Z-59eef26b-b82f-4fcb-8d03-d8ae6514a76e.pdf;PLAN;5324
C00413;Plan de la ligne 5117;https://ilico.iledefrance-mobilites.fr/uploads/plans/20250321T155910Z-a45985ad-1e72-4351-83ae-b2556c1fd6ec.pdf;PLAN;5117
C00414;plan ligne 5214;https://ilico.iledefrance-mobilites.fr/uploads/plans/20250417T090156Z-f50c6dc5-7a47-476c-bf94-a75b2a2c8a68.pdf;PLAN;5214
C00416;Horaires valables du 24 août 2026 au 11 juillet 2027 (sauf du 28 décembre 2026 au 3 janvier 2027);https://ilico.iledefrance-mobilites.fr/uploads/fiches/20260804T131842Z-d10b5007-cede-4c53-a9d8-98b2c4be8509.pdf;HORAIRE;5112
C00418;Ligne 5101 - schéma de ligne;https://ilico.iledefrance-mobilites.fr/uploads/plans/20250619T092619Z-93db0e81-9820-4e57-af45-78be441f4f8c.pdf;PLAN;5101
C00422;Ligne 5219 - Horaire rentrée Septembre 2025;https://ilico.iledefrance-mobilites.fr/uploads/fiches/20260428T133148Z-345c48ca-a550-45d3-870c-68944279d101.pdf;HORAIRE;5219
C00422;plan ligne 5219;https://ilico.iledefrance-mobilites.fr/uploads/plans/20250417T090421Z-f2338c89-4422-4a85-886b-18cbe28ee5da.pdf;PLAN;5219
C00424;plan de ligne 5289;https://ilico.iledefrance-mobilites.fr/uploads/plans/20250320T143558Z-bde357a9-4e92-40e0-9f7c-d5d220a7fe6e.pdf;PLAN;5289
C00425;Horaires 6241 du 24 août 2026 au 10 juillet 2027;https://ilico.iledefrance-mobilites.fr/uploads/fiches/20260811T064735Z-7511f55e-9e2e-4301-b73b-c971cdd569d7.pdf;HORAIRE;6241
C00425;Horaires d'été 2026 - L6241 du 13 juillet au 22 août 2026;https://ilico.iledefrance-mobilites.fr/uploads/fiches/20260703T135358Z-4fce06e6-65b3-444e-8b35-02e51b70c403.pdf;HORAIRE;6241
C00436;Plan de ligne;https://ilico.iledefrance-mobilites.fr/uploads/plans/20240405T162916Z-3b6fcde8-071a-4f9a-a9e7-f98f7e482c8a.pdf;PLAN;1353
C00437;Ligne 1401 - Horaires valables du 24 août 2026 au 11 juillet 2027 inclus;https://ilico.iledefrance-mobilites.fr/uploads/fiches/20260810T093118Z-84855fa9-dee2-4559-a23e-dbe2b8bc72fb.pdf;HORAIRE;1401 (Ex 30-05)
C00459;Ligne 1453 - Horaires valables du 31 août 2026 au 3 juillet 2027 inclus.;https://ilico.iledefrance-mobilites.fr/uploads/fiches/20260810T105554Z-9717d2fd-7a64-42f6-a186-fe7d9a0c1f2d.pdf;HORAIRE;1453 (ex 30-32)
C00463;Ligne 1428 - Horaires valables du 24 août 2026 au 29 août 2027 inclus.;https://ilico.iledefrance-mobilites.fr/uploads/fiches/20260810T102529Z-942740e6-1754-4ce0-8cfb-3b3d86cb12fa.pdf;HORAIRE;1428 (ex 30-37)
C00463;Ligne 1428;https://ilico.iledefrance-mobilites.fr/uploads/plans/20260731T145920Z-ebe7572f-78d8-41e1-8d72-71fb34dfe33f.pdf;PLAN;1428 (ex 30-37)
C00473;Ligne 1420 - Horaires valables du 24 août 2026 au 11 juillet 2027 inclus.;https://ilico.iledefrance-mobilites.fr/uploads/fiches/20260810T095228Z-8175b5c7-61b4-483e-9bef-6efaed8eafe7.pdf;HORAIRE;1420 (ex 95-19)
C00484;Ligne 1440;https://ilico.iledefrance-mobilites.fr/uploads/plans/20260731T150726Z-c5ff9ed2-08fa-4aa7-8508-defc3a002c00.pdf;PLAN;1440 (ex 38-01)
C00488;Plan ligne 5232;https://ilico.iledefrance-mobilites.fr/uploads/plans/20250303T151502Z-12bbb83f-5494-4d95-8757-b9a964e868b4.pdf;PLAN;5232
C00490;Fiche WEB ligne 4610 PVS été du 13 octobre 2025 au 12 juillet 2026 et du 24 août au 31 août 2026;https://portail-idfm-operateurs.cdn.prismic.io/portail-idfm-operateurs/cgW1eC-p0BATx6-8_FicheWEBligne4610PVS%C3%A9t%C3%A9du13octobre2025au12juillet2026etdu24ao%C3%BBtau31ao%C3%BBt2026.pdf;HORAIRE;4610
C00490;Fiche WEB ligne 4610 Été 2026 V0, du lundi 13 juillet au dimanche 23 août 2026;https://portail-idfm-operateurs.cdn.prismic.io/portail-idfm-operateurs/ajK1JY1P9HI4Uoet_FicheWEBligne4610%C3%89t%C3%A92026V0%2Cdulundi20juilletaudimanche23ao%C3%BBt2026.pdf;HORAIRE;4610
C00500;Ligne 5347 - Horaires à partir du 6 juillet 2026;https://ilico.iledefrance-mobilites.fr/uploads/fiches/20260617T152430Z-de3467f1-1a2a-4440-bfc8-cababa9c37f8.pdf;HORAIRE;5347
C00512;Plan de ligne 5292;https://ilico.iledefrance-mobilites.fr/uploads/plans/20250312T102213Z-d9a3bde1-9fd4-4a56-b2f2-f8ffb0b4fd43.pdf;PLAN;5292
C00514;Ligne 5294 - Horaire rentrée Septembre 2025;https://ilico.iledefrance-mobilites.fr/uploads/fiches/20260413T123414Z-d3153724-dab0-4a67-9d27-1886122677c2.pdf;HORAIRE;5294
C00520;Ligne 13 FHD - Thermomètre;https://ilico.iledefrance-mobilites.fr/uploads/plans/20251211T141120Z-1c0aa8bb-ef79-44ad-848e-df90380381e3.pdf;PLAN;4653
C00521;Horaires valables du 4 mai au 5 juillet 2026_ligne 5153;https://ilico.iledefrance-mobilites.fr/uploads/fiches/20260428T152627Z-60b7058a-f573-4879-9144-27d4363372c8.pdf;HORAIRE;5153
C00523;Ligne 5228- Horaire rentrée Septembre 2025;https://ilico.iledefrance-mobilites.fr/uploads/fiches/20260424T152122Z-8e66d8e7-7764-4a04-89c6-1ef8bb44428d.pdf;HORAIRE;5228
C00527;Horaires HIVER valables du 01/09/26 au 02/07/2027;https://ilico.iledefrance-mobilites.fr/uploads/fiches/20260731T121831Z-3594e66d-09b4-405b-b75a-e72e554a67ba.pdf;HORAIRE;6183
C00530;Horaires HIVER valables du 24/08/26 au 09/07/2027;https://ilico.iledefrance-mobilites.fr/uploads/fiches/20260730T143546Z-3a88a94f-fd02-48ca-8704-81c921e4226c.pdf;HORAIRE;6163
C00530;Plan ligne 6163 2025;https://ilico.iledefrance-mobilites.fr/uploads/plans/20250124T151014Z-707c8be5-ff93-4128-ba23-56f8c5b194ac.pdf;PLAN;6163
C00531;5278_Horaires à partir du 9 mars;https://ilico.iledefrance-mobilites.fr/uploads/fiches/20260220T163231Z-3a7a5e0e-2793-44e9-8c78-221f41a688a6.pdf;HORAIRE;5278
C00532;Horaires valables à compter du 6 juillet au 31 août 2026;https://ilico.iledefrance-mobilites.fr/uploads/fiches/20260701T150225Z-ae9fee11-2978-43dd-928a-d8ef4f459d09.pdf;HORAIRE;7807
C00535;Horaires valables du 6 juillet 2026 au 31 août 2027 (sauf du 06/07/26 au 31/08/26 et du 05/07/27 au 31/08/27);https://ilico.iledefrance-mobilites.fr/uploads/fiches/20260702T152603Z-98aa0127-1e21-46b8-b8ac-42c603a347e8.pdf;HORAIRE;5188
C00536;Ligne 5189 - schéma de ligne;https://ilico.iledefrance-mobilites.fr/uploads/plans/20250826T150750Z-2c45d3aa-3dbe-43c7-a684-68fa0e0911dc.pdf;PLAN;5189
C00537;Ligne 5190 - schéma de ligne;https://ilico.iledefrance-mobilites.fr/uploads/plans/20250826T150806Z-766bbfb1-59d1-479d-82ca-17ff8264234b.pdf;PLAN;5190
C00538;Horaires valables du 6 juillet 2026 au 31 août 2027 (sauf du 06/07/26 au 31/08/26 et du 05/07/27 au 31/08/27);https://ilico.iledefrance-mobilites.fr/uploads/fiches/20260702T152744Z-431420f5-8e3b-4f1a-8d6c-823f7b9b2aa2.pdf;HORAIRE;5191
C00542;Ligne 5195 - schéma de ligne;https://ilico.iledefrance-mobilites.fr/uploads/plans/20240702T090928Z-84872792-2269-4c97-8da4-90ad23b43ff0.pdf;PLAN;5195
C00544;Schéma de ligne 5141;https://ilico.iledefrance-mobilites.fr/uploads/plans/20250715T113945Z-95d1a49c-713b-448a-a0a5-777ab724ac36.pdf;PLAN;5141
C00549;Fiche horaire (mise à jour 29/12/2021);https://www.transdev-idf.com/ligne-Brie%20Bus/brie-comte-robert-brie-comte-robert/040-02BRIE;HORAIRE;Brie Bus
C00550;Dépliant_3121.pdf;https://ilico.iledefrance-mobilites.fr/uploads/fiches/20260102T152045Z-33021a8a-0d70-4d31-8d70-e490fd09a5ac.pdf;HORAIRE;3121
C00551;Plan de ligne 423;https://ilico.iledefrance-mobilites.fr/uploads/plans/20250731T151037Z-7be5d2a1-3c7a-44a4-89d2-38aaa6b117b8.pdf;PLAN;423
C00571;Schéma de ligne 5199;https://ilico.iledefrance-mobilites.fr/uploads/plans/20250826T150517Z-ed4def5d-6a17-4721-a69f-3a2c6f0cd440.pdf;PLAN;5199
C00576;Plan de la ligne de Bus 4115;https://ilico.iledefrance-mobilites.fr/uploads/plans/20250717T115626Z-01cd6153-1fda-4c6a-9063-885ea1a5e0a8.pdf;PLAN;4115
C00579;Plan de la ligne de Bus 4158;https://ilico.iledefrance-mobilites.fr/uploads/plans/20250226T162819Z-375296cb-0511-4bdf-bc4b-68ad75fc9725.pdf;PLAN;4158
C00586;Horaires du 20 juillet au 23 août 2026;https://ilico.iledefrance-mobilites.fr/uploads/fiches/20260717T091012Z-dede9f6a-d119-4c54-ad49-cf698c7b7200.pdf;HORAIRE;4131
C00592;Plan de ligne 4110;https://ilico.iledefrance-mobilites.fr/uploads/plans/20260717T095410Z-719b0abb-b4cb-4905-87c9-837d829974f7.pdf;PLAN;4110
C00594;Ligne 429 du 6 juillet au 30 aout 2026;https://ilico.iledefrance-mobilites.fr/uploads/fiches/20260623T133654Z-221c4d33-0136-4711-b987-7fbd93c636a5.pdf;HORAIRE;429
C00600;Horaires valables à compter du 25 août 2025;https://ilico.iledefrance-mobilites.fr/uploads/fiches/20250821T074730Z-e855dc00-a78e-4f5e-a9a4-48729bfd0dac.pdf;HORAIRE;4152
C00601;Horaires valables à compter du 25 août 2025;https://ilico.iledefrance-mobilites.fr/uploads/fiches/20250821T074758Z-97798750-dbfe-4f6d-83cf-36aeaaeba82d.pdf;HORAIRE;4153
C00602;plan de la ligne 4120;https://ilico.iledefrance-mobilites.fr/uploads/plans/20251217T114017Z-428acc66-7c94-4523-8211-ca5dc264f399.pdf;PLAN;4120
C00607;Fiche Horaire 1309;https://ilico.iledefrance-mobilites.fr/uploads/fiches/20250709T144723Z-6d5c97ed-018f-46f1-b921-4bac95670d4c.pdf;HORAIRE;1309
C00617;Ligne 37 - Horaires valables à partir du 25 août 2025;https://ilico.iledefrance-mobilites.fr/uploads/fiches/20250826T123716Z-ba157d4e-14cb-41d3-a7e7-7e8f050eb3d2.pdf;HORAIRE;37 (future 1637)
C00621;Fiche Horaire du 24 août 2026 au 18 juillet 2027;https://ilico.iledefrance-mobilites.fr/uploads/fiches/20260810T144952Z-8a578500-e389-4c24-8082-c84bfe174520.pdf;HORAIRE;2290
C00623;Fiche horaire été ligne 2291 du 20 juillet au 23 août 2026;https://ilico.iledefrance-mobilites.fr/uploads/fiches/20260707T140129Z-42ce1afa-b520-4114-952f-2064f08e57fd.pdf;HORAIRE;2291
C00626;Fiche horaire été ligne 2222 du 20 juillet au 23 août 2026;https://ilico.iledefrance-mobilites.fr/uploads/fiches/20260707T140756Z-b648026b-b2c6-4249-92a0-7624749b11bf.pdf;HORAIRE;2222
C00627;Plan de ligne 2223;https://ilico.iledefrance-mobilites.fr/uploads/plans/20240418T150152Z-828bacfa-7be5-4167-b8f6-714e1660a6b7.pdf;PLAN;2223
C00628;Plan de ligne 2225;https://ilico.iledefrance-mobilites.fr/uploads/plans/20240418T150222Z-3b02ada0-a2c9-4942-b501-44d88f73526e.pdf;PLAN;2225
C00632;Plan de ligne 2234;https://ilico.iledefrance-mobilites.fr/uploads/plans/20240418T150500Z-29a3d529-da3f-4991-ac67-a42acfc5e55b.pdf;PLAN;2234
C00634;Fiche Horaire (Ligne Régulière) du 24 août 2026 au 18 juillet 2027;https://ilico.iledefrance-mobilites.fr/uploads/fiches/20260810T152815Z-7bad0919-7027-4b43-bbef-697e21ea7053.pdf;HORAIRE;2220
C00635;Fiche Horaire du 24 août 2026 au 18 juillet 2027;https://ilico.iledefrance-mobilites.fr/uploads/fiches/20260810T153035Z-1f6f6939-f16f-4c9b-80bd-d81f290715da.pdf;HORAIRE;2233
C00638;Fiche horaire été ligne 2263 du 20 juillet au 23 août 2026;https://ilico.iledefrance-mobilites.fr/uploads/fiches/20260707T141459Z-35b87c62-20ee-43fb-a7f6-c58de50c2f8c.pdf;HORAIRE;2263
C00638;Plan de ligne 2263;https://ilico.iledefrance-mobilites.fr/uploads/plans/20240418T150934Z-a83cc2e0-b3fd-423a-979e-5552900a454b.pdf;PLAN;2263
C00639;Ligne 7719 (Direction Gare de Torcy) - Horaires valables du 13 juillet 2026 au 18 juillet 2027;https://ilico.iledefrance-mobilites.fr/uploads/fiches/20260612T111303Z-c47c4005-2430-4356-8389-84bfdf9ae386.pdf;HORAIRE;7719 (ex Express 19)
C00639;Ligne 7719 (Direction  Gare de Roissypôle - Aéroport CDG 1  (Terminal 3) (G2)) - Horaires valables du 13 juillet 2026 au 18 juillet 2027;https://ilico.iledefrance-mobilites.fr/uploads/fiches/20260612T111340Z-f04944bd-d5b0-4000-ba33-cde0d97d1a41.pdf;HORAIRE;7719 (ex Express 19)
C00639;Ligne 7719 - Plan de ligne;https://ilico.iledefrance-mobilites.fr/uploads/plans/20260710T084933Z-c15216e5-838a-4822-a394-a76200a8fd20.pdf;PLAN;7719 (ex Express 19)
C00643;Fiche horaires 6571 - 5 janvier 2026;https://ilico.iledefrance-mobilites.fr/uploads/fiches/20251219T153004Z-e261f21b-f70a-4220-a724-018886dc62a6.pdf;HORAIRE;6571
C00652;Horaires de la ligne 7808;https://ilico.iledefrance-mobilites.fr/uploads/fiches/20251222T154229Z-8e6302f8-e783-48be-97bc-aa7fd84f01ff.pdf;HORAIRE;7808
C00652;Horaires valables à compter du 6 juillet au 31 août 2026;https://ilico.iledefrance-mobilites.fr/uploads/fiches/20260701T151632Z-aa6937f4-47c8-41af-9a11-36d2e9e1d8c9.pdf;HORAIRE;7808
C00652;Horaires valables du 01 juin au 05 juillet 2026_Ligne 7808;https://ilico.iledefrance-mobilites.fr/uploads/fiches/20260529T155701Z-2f4b5220-a7ec-4191-a1db-06794a2e92b4.pdf;HORAIRE;7808
C00654;Fiche horaires 6541 - 5 janvier 2026;https://ilico.iledefrance-mobilites.fr/uploads/fiches/20260622T124541Z-e9540352-4c18-40fa-abb1-166f4a127c81.pdf;HORAIRE;6541
C00655;Fiche horaires 7801 - 25 août 2025;https://ilico.iledefrance-mobilites.fr/uploads/fiches/20260622T125252Z-436ca111-cbf5-4bf6-b3d8-393699ef1d4e.pdf;HORAIRE;7801
C00655;Plan de ligne 7801;https://portail-idfm-operateurs.cdn.prismic.io/portail-idfm-operateurs/aMQel2GNHVfTPFuI_KEO_SOE_Ligne_7801_V02.pdf;PLAN;7801
C00660;Plan du 2169 au 22/04/2024;https://ilico.iledefrance-mobilites.fr/uploads/plans/20250829T074414Z-2c3d522f-bfd6-4a75-aa5a-0202bc3e84e8.pdf;PLAN;2169
C00661;Ligne 7720 (Ex Express20) - A partir du 03 novembre 2025;https://ilico.iledefrance-mobilites.fr/uploads/fiches/20251023T135717Z-87320a92-33f4-4a7a-b63c-e7183e663164.pdf;HORAIRE;7720
C00661;Plan ligne 7720 (Ex Express 20);https://ilico.iledefrance-mobilites.fr/uploads/plans/20250915T121546Z-e7a891ff-8e26-44fd-b7f2-5039d67f5598.pdf;PLAN;7720
C00663;Horaires Ligne 4541 - A compter du 24 août 2026 au 11 juillet 2027;https://ilico.iledefrance-mobilites.fr/uploads/fiches/20260806T100704Z-ff39847b-5e03-420d-bc5d-8b124c4b12af.pdf;HORAIRE;4541
C00664;Horaires Ligne 4523 - A compter du 24 août 2026 au 11 juillet 2027;https://ilico.iledefrance-mobilites.fr/uploads/fiches/20260806T100201Z-c8530748-29ed-4903-935a-7335af55a188.pdf;HORAIRE;4523
C00665;Horaires ligne 4205 - Du 13 juillet au 23 août 2026;https://ilico.iledefrance-mobilites.fr/uploads/fiches/20260706T073759Z-d468a1eb-fde6-4bf2-aed8-c1fd0a82daac.pdf;HORAIRE;4205
C00668;Horaires Ligne 4517 - du 13 juillet au 23 août 2026;https://ilico.iledefrance-mobilites.fr/uploads/fiches/20260611T125337Z-4bee7000-898f-4dd2-8c5f-f86475f07d04.pdf;HORAIRE;4517
C00668;Plan Ligne 4517 (maj 06/01/2025);https://ilico.iledefrance-mobilites.fr/uploads/plans/20250106T105534Z-7d860a8f-9e8e-4b6f-aaa8-3398860534c7.pdf;PLAN;4517
C00669;Horaire ligne 4280 - Du 1er septembre 2025 au 4 juillet 2026;https://ilico.iledefrance-mobilites.fr/uploads/fiches/20250820T125433Z-8c2ad608-2802-49cc-9766-af42e2438358.pdf;HORAIRE;4280
C00670;Plan Ligne 4518 (maj 06/01/2025);https://ilico.iledefrance-mobilites.fr/uploads/plans/20250106T105555Z-7abcfe24-db98-46d4-a85c-17af036edac8.pdf;PLAN;4518
C00671;Plan Ligne 4539 (maj 06/01/2025);https://ilico.iledefrance-mobilites.fr/uploads/plans/20250106T105813Z-c54881b3-3a5c-4db6-bea4-5a12a5571fbf.pdf;PLAN;4539
C00674;Fiche WEB ligne 4641-4642-4643 PVS été;https://portail-idfm-operateurs.cdn.prismic.io/portail-idfm-operateurs/DVlMwfqzU0S8jWTI_FicheWEBligne4641-4642-4643PVS%C3%A9t%C3%A9.pdf;HORAIRE;4643
C00676;Fiche WEB ligne 4613 Été 2026 V0, du lundi 13 juillet au dimanche 23 août 2026;https://portail-idfm-operateurs.cdn.prismic.io/portail-idfm-operateurs/ajK9HI1P9HI4Uouh_FicheWEBligne4613%C3%89t%C3%A92026V0%2Cdulundi20juilletaudimanche23ao%C3%BBt2026.pdf;HORAIRE;4613
C00679;Plan Ligne 4542 (maj 06/01/2025);https://ilico.iledefrance-mobilites.fr/uploads/plans/20250106T105959Z-f6cffc25-40bd-4b50-8d72-dd703073e055.pdf;PLAN;4542
C00680;Plan de ligne 4617;https://ilico.iledefrance-mobilites.fr/uploads/plans/20251020T073439Z-989d69da-3309-4523-a691-709afa13ceb6.pdf;PLAN;4617
C00681;Horaires Ligne 4538 - A compter du 24 août 2026 au 11 juillet 2027;https://ilico.iledefrance-mobilites.fr/uploads/fiches/20260806T142932Z-1507edac-0c3c-4b2e-853d-ec7e59f9c626.pdf;HORAIRE;4538
C00681;Plan Ligne 4538 (maj 06/01/2025);https://ilico.iledefrance-mobilites.fr/uploads/plans/20250106T110024Z-6d768e73-a1ab-4108-8804-aeb68b608b55.pdf;PLAN;4538
C00682;Horaires Ligne 4550 - A compter du 25 août au 12 juillet 2026;https://ilico.iledefrance-mobilites.fr/uploads/fiches/20250731T082733Z-d532740d-daaf-451f-9ac9-41b9dfbbb36e.pdf;HORAIRE;4550
C00683;Horaires Ligne 4521 - A compter du 24 août 2026 au 11 juillet 2027;https://ilico.iledefrance-mobilites.fr/uploads/fiches/20260806T100112Z-78f90cdd-0d71-4b77-9925-f7b45d241a92.pdf;HORAIRE;4521
C00684;Horaires Ligne 4522 - du 13 juillet au 23 août 2026;https://ilico.iledefrance-mobilites.fr/uploads/fiches/20260611T130123Z-b0d49960-1e67-440c-94f4-fadb2edc7a40.pdf;HORAIRE;4522
C00684;Horaires Ligne 4522 - A compter du 24 août 2026 au 11 juillet 2027;https://ilico.iledefrance-mobilites.fr/uploads/fiches/20260806T100136Z-26c067d7-2198-4497-8447-c006f82d36d8.pdf;HORAIRE;4522
C00685;Horaires ligne 4223 - Du 25 août 2025 au 12 juillet 2026;https://ilico.iledefrance-mobilites.fr/uploads/fiches/20260323T084449Z-caef9969-720a-4b9f-a1b9-052027ad5d13.pdf;HORAIRE;4223
C00687;Fiche WEB ligne 4644 PVS été du 5 janvier au 12 juillet 2026 et du 24 août au 31 août 2026;https://portail-idfm-operateurs.cdn.prismic.io/portail-idfm-operateurs/TSRU1XpUSKuevFca_FicheWEBligne4644PVS%C3%A9t%C3%A9du5janvierau12juillet2026etdu24ao%C3%BBtau31ao%C3%BBt2026.pdf;HORAIRE;4644
C00688;Horaires Ligne 4556 - du 13 juillet au 23 août 2026;https://ilico.iledefrance-mobilites.fr/uploads/fiches/20260611T131023Z-133d9f14-7b4f-4063-bff0-82497a8f0eab.pdf;HORAIRE;4556
C00688;Plan Ligne 4556 (maj 06/01/2025);https://ilico.iledefrance-mobilites.fr/uploads/plans/20250106T110248Z-d43c23e8-cff9-472c-af45-ee972d28efc6.pdf;PLAN;4556
C00691;Plan Ligne 4503 (maj 06/01/2025);https://ilico.iledefrance-mobilites.fr/uploads/plans/20250106T110606Z-02685ec8-e428-4ba6-8553-d5dd140afd4a.pdf;PLAN;4503
C00699;Plan de la ligne 6208;https://ilico.iledefrance-mobilites.fr/uploads/plans/20250811T142930Z-b1cbb65f-b5f6-4c79-98f3-ef9e69fd151a.pdf;PLAN;6208
C00700;Horaires d'été 2026 - L6209 du 13 juillet au 22 août 2026;https://ilico.iledefrance-mobilites.fr/uploads/fiches/20260703T140028Z-8b93b8ff-7da7-4e12-a14c-1f0dd0f34c83.pdf;HORAIRE;6209
C00702;Schéma ligne 6135;https://ilico.iledefrance-mobilites.fr/uploads/plans/20250828T061250Z-a66437ad-ec9e-40f9-889d-a18774ed30e7.pdf;PLAN;6135
C00705;Horaires valables du 01/09/25 au 03/07/26;https://ilico.iledefrance-mobilites.fr/uploads/fiches/20250828T061641Z-c39df838-c553-4d3b-b12f-90388e192cee.pdf;HORAIRE;6171
C00707;Schéma ligne 6173;https://ilico.iledefrance-mobilites.fr/uploads/plans/20250828T061854Z-89e8be1f-c43b-4d20-a707-bb7ada059a69.pdf;PLAN;6173
C00730;Horaires valables du 01 septembre 2026 au 04 juillet 2027 inclus (ne circule pas l'été);https://ilico.iledefrance-mobilites.fr/uploads/fiches/20260629T121905Z-19846d9d-3563-4398-b22d-0003c8d381f1.pdf;HORAIRE;5467
C00733;Horaires valables du 06 juillet au 31 août 2026;https://ilico.iledefrance-mobilites.fr/uploads/fiches/20260610T073637Z-ef9c4f6e-83cc-4bbb-bb9f-38644e9449aa.pdf;HORAIRE;5455
C00737;Plan de ligne 5479;https://ilico.iledefrance-mobilites.fr/uploads/plans/20250818T103349Z-ec589fed-b9f9-4c88-8747-492aa358f578.pdf;PLAN;5479
C00740;Horaires valables du 06 juillet au 31 août 2026;https://ilico.iledefrance-mobilites.fr/uploads/fiches/20260610T073701Z-8537f4b4-4384-48a2-8b5e-0c6553b2e11f.pdf;HORAIRE;5422
C00740;Plan de ligne 5422;https://ilico.iledefrance-mobilites.fr/uploads/plans/20250829T122303Z-72e43c24-ba3b-4ee6-b98c-790640278826.pdf;PLAN;5422
C00744;Plan de ligne 5482;https://ilico.iledefrance-mobilites.fr/uploads/plans/20250818T103628Z-58303271-626e-4290-a5fc-f9e6756a82c2.pdf;PLAN;5482
C00747;Horaires valables du 06 juillet au 31 août 2026;https://ilico.iledefrance-mobilites.fr/uploads/fiches/20260610T073725Z-0219b4db-3e91-4150-8e06-a0f0f2e8f48f.pdf;HORAIRE;5457
C00748;Plan de ligne 5451;https://ilico.iledefrance-mobilites.fr/uploads/plans/20250829T121611Z-267d7e27-400f-4229-b83c-023eada6ed32.pdf;PLAN;5451
C00749;Horaires valables du 06 juillet au 31 août 2026;https://ilico.iledefrance-mobilites.fr/uploads/fiches/20260610T074609Z-36ea8e64-79b1-4d76-966e-8fba8c88a5d2.pdf;HORAIRE;5452
C00755;Horaires valables du 1er septembre 2026 au 04 juillet 2027 inclus;https://ilico.iledefrance-mobilites.fr/uploads/fiches/20260804T094938Z-7567ccb6-c915-4055-962f-f61a01af727d.pdf;HORAIRE;5438
C00756;Plan de ligne 5490;https://ilico.iledefrance-mobilites.fr/uploads/plans/20250818T104354Z-99839e62-5040-41d2-ae1d-cc1d8cb1a66a.pdf;PLAN;5490
C00760;Horaires valables à partir du 1er septembre 2026 (ne circule pas l'été);https://ilico.iledefrance-mobilites.fr/uploads/fiches/20260804T092642Z-99bb8b0b-c8c9-461f-a757-d51b0a9519b9.pdf;HORAIRE;5491
C00761;Plan de ligne 5458;https://ilico.iledefrance-mobilites.fr/uploads/plans/20250901T101130Z-ccd2951d-616c-488f-9534-f5395ed97bc1.pdf;PLAN;5458
C00764;Plan ligne 1206;https://ilico.iledefrance-mobilites.fr/uploads/plans/20250818T102046Z-ffda06ef-da5b-487e-becb-f36426ba25a6.pdf;PLAN;1206
C00766;Horaires valables du 6 juillet 2026 au 30 août 2026;https://ilico.iledefrance-mobilites.fr/uploads/fiches/20260702T124315Z-777dc5e8-75f7-4351-a891-371f77faced2.pdf;HORAIRE;1238
C00767;Horaires valables du 6 juillet 2026 au 30 août 2026;https://ilico.iledefrance-mobilites.fr/uploads/fiches/20260702T124356Z-db4d0532-639e-4869-84bc-9bae4b65dc77.pdf;HORAIRE;1239
C00768;Horaires valables du 6 juillet 2026 au 30 août 2026;https://ilico.iledefrance-mobilites.fr/uploads/fiches/20260702T124420Z-87e22629-2225-4540-b140-9d4e9247eb4d.pdf;HORAIRE;1240
C00772;Plan ligne 1201;https://ilico.iledefrance-mobilites.fr/uploads/plans/20251128T090054Z-60fb09a6-6a5a-4aa9-9a09-badc2f31a726.pdf;PLAN;1201
C00773;Horaires valables du 06 juillet au 30 août 2026;https://ilico.iledefrance-mobilites.fr/uploads/fiches/20260703T083702Z-34390e24-1d60-40d6-946c-4cb670b04f37.pdf;HORAIRE;1237
C00773;Plan ligne 1237;https://ilico.iledefrance-mobilites.fr/uploads/plans/20250818T104542Z-bfb2201a-1fdd-4836-9d30-dbe9604d2424.pdf;PLAN;1237
C00774;Plan ligne 1207;https://ilico.iledefrance-mobilites.fr/uploads/plans/20251128T084618Z-7fd0c845-72e6-4f92-8e39-0401de63c211.pdf;PLAN;1207
C00781;Plan ligne 1226;https://ilico.iledefrance-mobilites.fr/uploads/plans/20250818T103452Z-b25b65b8-1b0d-4543-b7e7-64b2fba2b348.pdf;PLAN;1226
C00787;Horaires lignes 3405 à partir du 1er septembre 2025;https://ilico.iledefrance-mobilites.fr/uploads/fiches/20250819T132950Z-6525725b-f88f-4ce7-bf2a-af8256b2625b.pdf;HORAIRE;3405
C00789;3441;https://ilico.iledefrance-mobilites.fr/uploads/plans/20240913T155437Z-fb331feb-3157-4308-82b6-cc7710f9c6df.pdf;PLAN;3441
C00790;3442;https://ilico.iledefrance-mobilites.fr/uploads/plans/20240913T155458Z-78596218-41a5-4a00-9ed6-f4fb284da163.pdf;PLAN;3442
C00791;Horaires ligne 3444 à partir du 1er Septembre 2025;https://ilico.iledefrance-mobilites.fr/uploads/fiches/20250819T133705Z-7c17164c-dc80-423f-bdda-b357814190aa.pdf;HORAIRE;3444
C00793;3401;https://ilico.iledefrance-mobilites.fr/uploads/plans/20240913T155606Z-bcaa34e7-33a5-43bd-95c9-f67059bce32a.pdf;PLAN;3401
C00794;Horaires ligne 3404 à partir du 1er Septembre 2025;https://ilico.iledefrance-mobilites.fr/uploads/fiches/20250819T133907Z-185d0aa2-c42c-4974-b3e1-bd1dd845201c.pdf;HORAIRE;3404
C00794;3404;https://ilico.iledefrance-mobilites.fr/uploads/plans/20240913T155627Z-9e667ca1-f599-4127-bafd-8e35e0a3f6db.pdf;PLAN;3404
C00801;TàD Boissise-le-Roi Pringy;https://ilico.iledefrance-mobilites.fr/uploads/fiches/20250822T082433Z-74584176-6dfb-45db-a63c-71f2c6a7a2a1.pdf;HORAIRE;3633
C00803;Dépliant_3106 été au 04072026;https://ilico.iledefrance-mobilites.fr/uploads/fiches/20260522T131351Z-2d1ff903-25f9-4cad-9221-5382c843e478.pdf;HORAIRE;3106
C00813;Horaires ligne 3443 valables du 1er septembre 2026 au 3 juillet 2027;https://ilico.iledefrance-mobilites.fr/uploads/fiches/20260806T130817Z-d886e7b8-3b11-4959-bdbc-4b2964ce38c5.pdf;HORAIRE;3443
C00814;Horaires du 1er septembre 2025 au 5 juillet 2026;https://ilico.iledefrance-mobilites.fr/uploads/fiches/20250822T075608Z-eaa3fc7b-d5f0-42e3-9eea-e536fac7a54c.pdf;HORAIRE;3665
C00814;Plan de ligne 3665;https://ilico.iledefrance-mobilites.fr/uploads/plans/20250822T075608Z-b478b1c1-e13a-4d4a-9e5a-70f685c03c71.pdf;PLAN;3665
C00817;3432;https://ilico.iledefrance-mobilites.fr/uploads/plans/20240828T143409Z-d9fe54e1-a646-4965-9078-06bab7b1cfe3.pdf;PLAN;3432
C00818;Horaires ligne 3431 valables du 1er septembre 2026 au 3 juillet 2027;https://ilico.iledefrance-mobilites.fr/uploads/fiches/20260806T085035Z-f0bc90c9-54e3-4482-aef8-46a60d1b9c41.pdf;HORAIRE;3431
C00827;3518;https://ilico.iledefrance-mobilites.fr/uploads/plans/20260730T153418Z-8d48cede-c432-408c-a0d3-f4c91220a86e.pdf;PLAN;3518
C00831;Horaires Ligne 3544 du 01/09/2025 au 04/07/2026;https://ilico.iledefrance-mobilites.fr/uploads/fiches/20251008T100757Z-fcc21b76-7f9c-4f3a-a787-b70086c24f37.pdf;HORAIRE;3544
C00832;3501;https://ilico.iledefrance-mobilites.fr/uploads/plans/20260730T153546Z-824ba1b5-80c5-436d-b2d3-fb9c8115cf7e.pdf;PLAN;3501
C00834;3504;https://ilico.iledefrance-mobilites.fr/uploads/plans/20260730T153637Z-7e6ff12b-0346-42a6-8d58-8422b41f81d5.pdf;PLAN;3504
C00837;Plan de bus ligne 3751;https://ilico.iledefrance-mobilites.fr/uploads/plans/20250116T134926Z-339bd124-c059-47f3-8ef0-0847cae186a7.pdf;PLAN;3751
C00842;Plan de bus ligne 3775;https://ilico.iledefrance-mobilites.fr/uploads/plans/20250103T104916Z-95cb2989-e7b7-427c-abcb-57467a65e049.pdf;PLAN;3775
C00843;Fiche horaires ligne 3703 du 24 aout 2026 au 22 aout 2027;https://ilico.iledefrance-mobilites.fr/uploads/fiches/20260805T130940Z-6f4903e5-01e6-49de-ba11-ceadc8f5033d.pdf;HORAIRE;3703
C00843;Fiche horaires ligne 3703 du 5 janvier au 23 août 2026;https://ilico.iledefrance-mobilites.fr/uploads/fiches/20251209T091928Z-e762bd3f-b3b8-4e37-adcb-c38f769f2817.pdf;HORAIRE;3703
C00844;Fiche horaires ligne 3753 du 25 aout 2025 au 23 aout 2026;https://ilico.iledefrance-mobilites.fr/uploads/fiches/20250822T131705Z-7fe58f9a-78c2-41df-892e-19f1f89adaf6.pdf;HORAIRE;3753
C00846;Fiche horaires lignes 3712-3713 du 24 aout 2026 au 11 juillet 2027;https://ilico.iledefrance-mobilites.fr/uploads/fiches/20260805T131409Z-e7368cc6-c198-4318-b237-94eda35c7514.pdf;HORAIRE;3712
C00846;Fiche horaires ligne 3712 du 13 juillet 2026 au 23 août 2026;https://ilico.iledefrance-mobilites.fr/uploads/fiches/20260624T101410Z-d1b8c0fb-1a64-4d78-980c-2bbd02b13c0a.pdf;HORAIRE;3712
C00852;Fiche horaires ligne 3737 du 24 aout 2026 au 11 juillet 2027;https://ilico.iledefrance-mobilites.fr/uploads/fiches/20260805T133539Z-854f8b95-c169-4b4a-986b-beae4137a5dc.pdf;HORAIRE;3737
C00852;Plan de bus ligne 3737;https://ilico.iledefrance-mobilites.fr/uploads/plans/20250103T094813Z-69762bd5-486a-41c5-a119-a09f76eb2202.pdf;PLAN;3737
C00853;Fiche horaires ligne 3741 du 24 aout 2026 au 11 juillet 2027;https://ilico.iledefrance-mobilites.fr/uploads/fiches/20260805T133610Z-7cad306d-2172-45d8-bc3c-d5cafe5caedb.pdf;HORAIRE;3741
C00854;Fiche horaires ligne 3742 du 24 aout 2026 au 11 juillet 2027;https://ilico.iledefrance-mobilites.fr/uploads/fiches/20260805T133640Z-a29234dd-a29e-4d7b-bbea-29f41bcf14bd.pdf;HORAIRE;3742
C00861;Fiche horaires ligne 3714 du 13 juillet 2026 au 23 août 2026;https://ilico.iledefrance-mobilites.fr/uploads/fiches/20260624T101515Z-53d4711a-888e-4cce-a85f-bf4dd5ff2245.pdf;HORAIRE;3714
C00862;Fiche horaires ligne 3704 du 13 juillet 2026 au 23 août 2026;https://ilico.iledefrance-mobilites.fr/uploads/fiches/20260624T101214Z-b3cac653-990c-404f-a314-e91b245d494b.pdf;HORAIRE;3704
C00865;Fiche horaires lignes 3724-3725 du 24 aout 2026 au 11 juillet 2027;https://ilico.iledefrance-mobilites.fr/uploads/fiches/20260805T131942Z-85133f14-46cf-4028-a093-1125deed5771.pdf;HORAIRE;3724
C00865;Plan de bus ligne 3724;https://ilico.iledefrance-mobilites.fr/uploads/plans/20250116T135314Z-75eaa85d-1fa0-4ca9-b129-b3c3c252838d.pdf;PLAN;3724
C00869;Fiche horaires ligne 3735 du 5 janvier au 23 août 2026;https://ilico.iledefrance-mobilites.fr/uploads/fiches/20251209T091518Z-6ea54b28-e53c-4e75-8e64-85c59fe6fb6d.pdf;HORAIRE;3735
C00871;Plan de bus ligne 3733;https://ilico.iledefrance-mobilites.fr/uploads/plans/20250103T104728Z-f271bebe-1281-4ec1-a2e2-a88418d404e5.pdf;PLAN;3733
C00875;Horaires été 2026;https://ilico.iledefrance-mobilites.fr/uploads/fiches/20260615T152518Z-f8d31843-e21e-4385-ac3c-0cfdc570d1bb.pdf;HORAIRE;3604
C00882;Horaires été 2026;https://ilico.iledefrance-mobilites.fr/uploads/fiches/20260616T083147Z-013d8af0-8150-4c1d-9693-e4eaf435b2c4.pdf;HORAIRE;3605
C00893;Horaires du 1er septembre 2025 au 5 juillet 2026;https://ilico.iledefrance-mobilites.fr/uploads/fiches/20250822T094411Z-7c97e369-9fa6-4411-bc11-38c15bd6f6ce.pdf;HORAIRE;3652
C00893;Plan de ligne 3652;https://ilico.iledefrance-mobilites.fr/uploads/plans/20250822T094410Z-5625124e-26a3-4139-be10-1ea2607a8a4d.pdf;PLAN;3652
C00894;Horaires du 1er septembre 2025 au 5 juillet 2026;https://ilico.iledefrance-mobilites.fr/uploads/fiches/20250822T094616Z-7adf0ab0-cb44-434e-afee-f6cb41e9010c.pdf;HORAIRE;3653
C00901;Ligne 2374 - A partir du 4 mai;https://ilico.iledefrance-mobilites.fr/uploads/fiches/20260427T160556Z-01715daa-4a00-4db0-bafe-2cb7e76dafbe.pdf;HORAIRE;2374
C00902;Plan ligne 2303 (ex ligne C);https://ilico.iledefrance-mobilites.fr/uploads/plans/20250915T122601Z-340a1f32-dfb3-4eb9-87db-9989390dc205.pdf;PLAN;2303
C00903;Fiche horaire été ligne 2262 du 20 juillet au 23 août 2026;https://ilico.iledefrance-mobilites.fr/uploads/fiches/20260707T141526Z-86df0ae6-f262-4a0c-be4b-858e43ba9a9e.pdf;HORAIRE;2262
C00903;Fiche Horaire du 24 août 2026 au 18 juillet 2027;https://ilico.iledefrance-mobilites.fr/uploads/fiches/20260810T153500Z-f6b7b803-210a-4ea8-964d-c4376e5e2e90.pdf;HORAIRE;2262
C00906;Plan Ligne 2413;https://ilico.iledefrance-mobilites.fr/uploads/plans/20260313T134604Z-09a85ffa-50ff-40ee-aa4d-0800c182290e.pdf;PLAN;2413
C00911;Fiche horaire été ligne 2264 du 20 juillet au 23 août 2026;https://ilico.iledefrance-mobilites.fr/uploads/fiches/20260707T141602Z-d8f76da0-1bd8-48ed-a1ca-30109b75a345.pdf;HORAIRE;2264
C00912;Plan ligne 2312 (ex ligne L);https://ilico.iledefrance-mobilites.fr/uploads/plans/20250915T124641Z-a586c988-cea9-43c4-91da-320e1b4fddd5.pdf;PLAN;2312
C00915;Ligne 2313 (ex M) - A partir du 15 septembre 2025;https://ilico.iledefrance-mobilites.fr/uploads/fiches/20260713T083438Z-7565d8a7-d258-4c7e-a2e7-4b8e32e17f8d.pdf;HORAIRE;2313
C00915;Plan ligne 2313 (ex ligne M);https://ilico.iledefrance-mobilites.fr/uploads/plans/20260713T083518Z-bafbfed6-0b99-4368-9ea6-483d58da6fac.pdf;PLAN;2313
C00920;Ligne 2418;https://ilico.iledefrance-mobilites.fr/uploads/plans/20250915T133831Z-01b28983-0cc7-4fa8-81c0-30417d2060b5.pdf;PLAN;2418
C00923;Plan ligne 2421;https://ilico.iledefrance-mobilites.fr/uploads/plans/20250915T134919Z-e1ab2a24-4a1c-458e-bd8f-552a0878ac89.pdf;PLAN;2421
C00924;Fiche Horaires 09.03.2026;https://ilico.iledefrance-mobilites.fr/uploads/fiches/20260226T101844Z-b661b602-4b80-4af7-8e99-30f6e70a5296.pdf;HORAIRE;2404
C00926;Fiche horaires 01.09.2025;https://ilico.iledefrance-mobilites.fr/uploads/fiches/20250728T152144Z-e5414d0e-f4b1-4b82-a69a-f4a9ec333697.pdf;HORAIRE;2422
C00926;Plan Ligne 2422;https://ilico.iledefrance-mobilites.fr/uploads/plans/20250915T140018Z-d70bf5d3-21b6-451a-821e-22bed0bd8f43.pdf;PLAN;2422
C00928;Ligne 2341 - A partir du 4 mai;https://ilico.iledefrance-mobilites.fr/uploads/fiches/20260424T141607Z-681508ab-ec7e-4d15-8039-3378c0ff6b11.pdf;HORAIRE;2341
C00934;Fiche horaires 01.09.2025;https://ilico.iledefrance-mobilites.fr/uploads/fiches/20260109T141622Z-f738f0fd-f699-4f67-9c06-f07866dd228b.pdf;HORAIRE;2428
C00937;Ligne 2352 (ex 52) - A partir du 1er septembre 2025;https://ilico.iledefrance-mobilites.fr/uploads/fiches/20250829T213107Z-502227ca-2180-4caf-92e8-c684bf49b975.pdf;HORAIRE;2352
C00938;Ligne 2353 (ex 53)  - A partir du 1er septembre 2025;https://ilico.iledefrance-mobilites.fr/uploads/fiches/20250829T213250Z-cf966b72-3adf-4eaa-af62-51324b561180.pdf;HORAIRE;2353
C00941;Fiche Horaires 09.03.2026;https://ilico.iledefrance-mobilites.fr/uploads/fiches/20260227T110149Z-66af38db-4320-4446-810f-7f0abdf259b2.pdf;HORAIRE;2406
C00941;Plan Ligne 2406;https://ilico.iledefrance-mobilites.fr/uploads/plans/20250915T141220Z-ffbd2302-bc71-415d-9570-5bfabc9d96f6.pdf;PLAN;2406
C00944;Plan_Ligne_2407;https://ilico.iledefrance-mobilites.fr/uploads/plans/20260710T085824Z-0597312b-a182-4bf1-a68f-243fd3d6deb6.pdf;PLAN;2407
C00945;Fiche Horaire du 24 août 2026 au 18 juillet 2027;https://ilico.iledefrance-mobilites.fr/uploads/fiches/20260810T153737Z-a0d73863-862f-448c-a302-59a5d6667df2.pdf;HORAIRE;2260
C00945;Plan de ligne 2260;https://ilico.iledefrance-mobilites.fr/uploads/plans/20250815T160403Z-a1193ddf-8868-40fb-b361-4a8e183a0af6.pdf;PLAN;2260
C00948;Ligne 2317 - A partir du 4 mai;https://ilico.iledefrance-mobilites.fr/uploads/fiches/20260505T090618Z-d19d4a2c-45a3-4ac4-805b-9024bfd2124f.pdf;HORAIRE;2317
C00952;Plan Ligne 2476;https://ilico.iledefrance-mobilites.fr/uploads/plans/20251001T090612Z-6149e216-320d-435c-bb1d-41ef00aa67a6.pdf;PLAN;2476
C00954;Plan ligne 2301;https://ilico.iledefrance-mobilites.fr/uploads/plans/20250917T084617Z-05b55bc3-5c17-485c-8131-4a167bb25932.pdf;PLAN;2301
C00955;Ligne 2308 (ex H) - A partir du 1er septembre 2025;https://ilico.iledefrance-mobilites.fr/uploads/fiches/20250829T165952Z-b4ab96a8-c4d2-4b58-894c-ab036f606743.pdf;HORAIRE;2308
C00959;Plan ligne 2309;https://ilico.iledefrance-mobilites.fr/uploads/plans/20250917T085256Z-4bfe7a1a-1350-4b07-bcb2-14403d6f27b9.pdf;PLAN;2309
C00962;Horaires Ligne 4551 - A compter du 24 août 2026 au 11 juillet 2027;https://ilico.iledefrance-mobilites.fr/uploads/fiches/20260806T100835Z-d682103a-0b8b-4a42-8052-70e4ed8d8bd8.pdf;HORAIRE;4551
C00974;Ligne 4412 - Horaires valables du 1er septembre 2026 au 4 juillet 2027;https://ilico.iledefrance-mobilites.fr/uploads/fiches/20260807T153246Z-e8c48994-7b9f-4d72-9a7a-de2d74dafd90.pdf;HORAIRE;4412
C00974;Ligne 4412 - été 2026;https://ilico.iledefrance-mobilites.fr/uploads/fiches/20260722T072830Z-5e6829d1-7048-47b8-ade4-a5ad27910db9.pdf;HORAIRE;4412
C00977;Ligne 4407 - Horaires valables du 1er septembre 2026 au 4 juillet 2027;https://ilico.iledefrance-mobilites.fr/uploads/fiches/20260807T152807Z-ce87b2a0-bc23-4f41-9eb5-42229a5ed372.pdf;HORAIRE;4407
C00978;Ligne 4408 - Horaires valables du 1 Août 2026 au 31 Août 2026 inclus;https://ilico.iledefrance-mobilites.fr/uploads/fiches/20260806T160846Z-403e90a7-81b0-4cb2-ba25-7763d86416d3.pdf;HORAIRE;4408
C00979;Ligne 4410 - Horaires valables du 1er septembre 2026 au 4 juillet 2027;https://ilico.iledefrance-mobilites.fr/uploads/fiches/20260807T153105Z-e85460e5-8bb8-44b1-9394-6f8b3cb6b8f1.pdf;HORAIRE;4410
C00983;Ligne 4405 - Horaires valables du 1 Août 2026 au 31 Août 2026 inclus;https://ilico.iledefrance-mobilites.fr/uploads/fiches/20260806T161158Z-30709b0f-138b-418b-b2f1-3d879d27df40.pdf;HORAIRE;4405
C00984;Ligne 4409 - Horaires valables du 1 Août 2026 au 31 Août 2026 inclus;https://ilico.iledefrance-mobilites.fr/uploads/fiches/20260806T161240Z-01058e07-193e-49c3-a627-48e1ad3dfbe4.pdf;HORAIRE;4409
C00985;Plan ligne 4231;https://ilico.iledefrance-mobilites.fr/uploads/plans/20260706T074546Z-96cec5dc-354f-4b29-a6cd-0d567ca75b8f.pdf;PLAN;4231
C00987;Horaires ligne 4232 - Du 25 août 2025 au 12 juillet 2026;https://ilico.iledefrance-mobilites.fr/uploads/fiches/20260323T094557Z-b45fe32a-309f-42a8-b6c4-c64f1a18865f.pdf;HORAIRE;4232
C00987;Plan ligne 4232;https://ilico.iledefrance-mobilites.fr/uploads/plans/20260706T074817Z-f9385fa6-d4e0-482f-a3ef-48ec4fccdea7.pdf;PLAN;4232
C00989;Horaires ligne 4275 - Du 1er septembre 2025 au 4 juillet 2026;https://ilico.iledefrance-mobilites.fr/uploads/fiches/20260323T151117Z-644d5079-a442-4ab3-a358-bf208b41969d.pdf;HORAIRE;4275
C00989;Plan ligne 4275;https://ilico.iledefrance-mobilites.fr/uploads/plans/20260323T151117Z-9ca4d251-54f3-47ca-84a6-dddb5636e0e3.pdf;PLAN;4275
C00990;Plan ligne 4276;https://ilico.iledefrance-mobilites.fr/uploads/plans/20260323T152509Z-df75cb93-2100-41a6-a79e-bb3869c9a593.pdf;PLAN;4276
C01003;Horaires ligne 3453 valables du 1er septembre 2026 au 3 juillet 2027;https://ilico.iledefrance-mobilites.fr/uploads/fiches/20260806T134228Z-190e426e-ccd9-40aa-a348-c4c5de2ae83f.pdf;HORAIRE;3453
C01006;3557;https://ilico.iledefrance-mobilites.fr/uploads/plans/20260730T153903Z-a6530840-7b2a-421f-80b8-87b5c1648bd3.pdf;PLAN;3557
C01011;3455;https://ilico.iledefrance-mobilites.fr/uploads/plans/20240828T144148Z-214ed3fa-9e28-4588-a5ff-914cd0edda73.pdf;PLAN;3455
C01013;Horaires hiver 2026 / 2027;https://ilico.iledefrance-mobilites.fr/uploads/fiches/20260730T095043Z-db6df7a8-328e-4e76-bfa8-1a40ec4a2a84.pdf;HORAIRE;4341
C01013;Plan de Bus ligne 4341;https://ilico.iledefrance-mobilites.fr/uploads/plans/20250630T124838Z-7e2f7559-cc98-4456-86fa-675430bd958b.pdf;PLAN;4341
C01014;Horaires hiver 2026 / 2027;https://ilico.iledefrance-mobilites.fr/uploads/fiches/20260730T095159Z-fe305c96-bd41-4f8c-b9a7-e59be514f9ce.pdf;HORAIRE;4342
C01014;Plan Bus 4342;https://ilico.iledefrance-mobilites.fr/uploads/plans/20250822T073855Z-3f17cb1d-1bcd-42f1-a2c5-0d09ec676ec1.pdf;PLAN;4342
C01015;Plan de Bus ligne 4343;https://ilico.iledefrance-mobilites.fr/uploads/plans/20250821T152955Z-c99e85b6-277a-45e1-9073-60eedb284047.pdf;PLAN;4343
C01036;Horaires valables du 1er septembre 2026 au 04 juillet 2027 inclus;https://ilico.iledefrance-mobilites.fr/uploads/fiches/20260804T113838Z-72561e31-fd2c-49d5-b5ed-bf0b7a8e814a.pdf;HORAIRE;5432
C01043;Horaires Ligne 3204 du 01 Septembre2025 au 30 Août 2026;https://ilico.iledefrance-mobilites.fr/uploads/fiches/20251211T094501Z-ddd2194c-4299-4ca1-9422-989e64e624b1.pdf;HORAIRE;3204
C01047;Fiche horaires 01.09.2025;https://ilico.iledefrance-mobilites.fr/uploads/fiches/20250728T145535Z-483037a9-cf97-4e07-9ef9-4d7f5cc00a02.pdf;HORAIRE;2464
C01048;Fiche horaires 01.09.2025;https://ilico.iledefrance-mobilites.fr/uploads/fiches/20250728T145659Z-6aad02dc-d366-4c15-80a7-d7782f5e3aab.pdf;HORAIRE;2465
C01049;Plan ligne 2466;https://ilico.iledefrance-mobilites.fr/uploads/plans/20251001T092354Z-cd1def07-be47-4378-a426-2b87c6ee46bf.pdf;PLAN;2466
C01060;Fiche horaires 01.09.2025;https://ilico.iledefrance-mobilites.fr/uploads/fiches/20250728T152735Z-acc39b53-d31b-41f7-b149-78fbef02d41d.pdf;HORAIRE;2425
C01062;Fiche Horaires 17.08.2026;https://ilico.iledefrance-mobilites.fr/uploads/fiches/20260806T075105Z-0c392a22-81ff-4232-ab3b-6e1f918706e6.pdf;HORAIRE;7701
C01063;Fiche Horaires 17.08.2026;https://ilico.iledefrance-mobilites.fr/uploads/fiches/20260806T081256Z-ed297409-f07b-4cf6-8a7f-f985dc08b518.pdf;HORAIRE;7717
C01072;Horaires Ligne 20;https://www.ratp.fr/sites/default/files/lines-assets/fiche-horaire/busratp/fiche-horaire_busratp_ligne-20.pdf;HORAIRE;20
C01074;Fiches horaires ligne 22;https://ilico.iledefrance-mobilites.fr/uploads/fiches/20260810T125217Z-c8bb3ed8-47d6-4665-9e60-1aa6f2d069a7.pdf;HORAIRE;22
C01075;Horaires Ligne 24;https://www.ratp.fr/sites/default/files/lines-assets/fiche-horaire/busratp/fiche-horaire_busratp_ligne-24.pdf;HORAIRE;24
C01077;Horaires valables à partir du 16 juillet au 16 août 2026;https://ilico.iledefrance-mobilites.fr/uploads/fiches/20260731T172229Z-fed7ee00-9281-4baa-9c58-0e3d9fa44dbd.pdf;HORAIRE;27
C01079;Horaires Ligne 29;https://www.ratp.fr/sites/default/files/lines-assets/fiche-horaire/busratp/fiche-horaire_busratp_ligne-29.pdf;HORAIRE;29
C01079;Plan Ligne 29;https://www.ratp.fr/sites/default/files/lines-assets/plan-de-ligne/busratp/plan-de-ligne_busratp_ligne-29.pdf;PLAN;29
C01083;Plan Ligne 38;https://www.ratp.fr/sites/default/files/lines-assets/plan-de-ligne/busratp/plan-de-ligne_busratp_ligne-38.pdf;PLAN;38
C01085;Horaire Ligne 42;https://ilico.iledefrance-mobilites.fr/uploads/fiches/20260723T081755Z-bd08d9cf-b64d-4b95-8150-71a7c09f4f1f.pdf;HORAIRE;42
C01086;Fiches horaires ligne 43;https://ilico.iledefrance-mobilites.fr/uploads/fiches/20260810T125302Z-535ffeb6-92da-41e6-b179-56ed51f72cde.pdf;HORAIRE;43
C01087;Plan Ligne 46;https://www.ratp.fr/sites/default/files/lines-assets/plan-de-ligne/busratp/plan-de-ligne_busratp_ligne-46.pdf;PLAN;46
C01093;Horaires Ligne 56;https://www.ratp.fr/sites/default/files/lines-assets/fiche-horaire/busratp/fiche-horaire_busratp_ligne-56.pdf;HORAIRE;56
C01094;Horaires Ligne 57;https://www.ratp.fr/sites/default/files/lines-assets/fiche-horaire/busratp/fiche-horaire_busratp_ligne-57.pdf;HORAIRE;57
C01096;Plan Ligne 60;https://www.ratp.fr/sites/default/files/lines-assets/plan-de-ligne/busratp/plan-de-ligne_busratp_ligne-60.pdf;PLAN;60
C01099;Plan Ligne 63;https://www.ratp.fr/sites/default/files/lines-assets/plan-de-ligne/busratp/plan-de-ligne_busratp_ligne-63.pdf;PLAN;63
C01103;Horaires Ligne 67;https://www.ratp.fr/sites/default/files/lines-assets/fiche-horaire/busratp/fiche-horaire_busratp_ligne-67.pdf;HORAIRE;67
C01104;Horaires Ligne 68;https://www.ratp.fr/sites/default/files/lines-assets/fiche-horaire/busratp/fiche-horaire_busratp_ligne-68.pdf;HORAIRE;68
C01106;Plan Ligne 70;https://www.ratp.fr/sites/default/files/lines-assets/plan-de-ligne/busratp/plan-de-ligne_busratp_ligne-70.pdf;PLAN;70
C01107;Plan de ligne 72;https://ilico.iledefrance-mobilites.fr/uploads/plans/20260611T094520Z-c488fcb1-a83c-4390-ae18-7ca1d63fc75d.pdf;PLAN;72
C01108;Fiches horaires ligne 73;https://ilico.iledefrance-mobilites.fr/uploads/fiches/20260810T125421Z-9fad0d33-1b46-4e14-8414-8779e8840bfc.pdf;HORAIRE;73
C01110;Plan ligne 75;https://ilico.iledefrance-mobilites.fr/uploads/plans/20260422T112525Z-acaa3539-be7e-40d0-b115-27fe64061fd2.pdf;PLAN;75
C01112;Horaires Ligne 80;https://www.ratp.fr/sites/default/files/lines-assets/fiche-horaire/busratp/fiche-horaire_busratp_ligne-80.pdf;HORAIRE;80
C01115;Horaires valables à partir du 16 juillet au 16 août 2026;https://ilico.iledefrance-mobilites.fr/uploads/fiches/20260804T092637Z-483180d1-ddc9-40b8-97af-0b63699b14c1.pdf;HORAIRE;83
C01119;Horaires Ligne 87;https://www.ratp.fr/sites/default/files/lines-assets/fiche-horaire/busratp/fiche-horaire_busratp_ligne-87.pdf;HORAIRE;87
C01119;Plan Ligne 87;https://www.ratp.fr/sites/default/files/lines-assets/plan-de-ligne/busratp/plan-de-ligne_busratp_ligne-87.pdf;PLAN;87
C01122;Plan de ligne 91;https://ilico.iledefrance-mobilites.fr/uploads/plans/20260801T164532Z-80a96ba6-333f-4e98-8c58-83f1885df0c1.pdf;PLAN;91
C01123;Plan Ligne 92;https://www.ratp.fr/sites/default/files/lines-assets/plan-de-ligne/busratp/plan-de-ligne_busratp_ligne-92.pdf;PLAN;92
C01124;Fiches horaires ligne 93;https://ilico.iledefrance-mobilites.fr/uploads/fiches/20260810T125652Z-91e35d9a-ecda-4ffa-99c0-fb0f82cac907.pdf;HORAIRE;93
C01127;Horaires Ligne 96;https://www.ratp.fr/sites/default/files/lines-assets/fiche-horaire/busratp/fiche-horaire_busratp_ligne-96.pdf;HORAIRE;96
C01134;Plan ligne 105;https://ilico.iledefrance-mobilites.fr/uploads/plans/20260422T112418Z-dd9fe5a0-561f-40e4-bd1c-bba7fe8af229.pdf;PLAN;105
C01138;Horaires Ligne 109;https://www.ratp.fr/sites/default/files/lines-assets/fiche-horaire/busratp/fiche-horaire_busratp_ligne-109.pdf;HORAIRE;109
C01147;Plan Ligne 118;https://ilico.iledefrance-mobilites.fr/uploads/plans/20260211T090151Z-007ee2fb-a92c-41bb-8ae8-e079c7ed2a35.pdf;PLAN;118
C01150;Plan Ligne 121;https://www.ratp.fr/sites/default/files/lines-assets/plan-de-ligne/busratp/plan-de-ligne_busratp_ligne-121.pdf;PLAN;121
C01152;Plan Ligne 123;https://www.ratp.fr/sites/default/files/lines-assets/plan-de-ligne/busratp/plan-de-ligne_busratp_ligne-123.pdf;PLAN;123
C01155;Horaires Ligne 126;https://www.ratp.fr/sites/default/files/lines-assets/fiche-horaire/busratp/fiche-horaire_busratp_ligne-126.pdf;HORAIRE;126
C01155;Plan Ligne 126;https://www.ratp.fr/sites/default/files/lines-assets/plan-de-ligne/busratp/plan-de-ligne_busratp_ligne-126.pdf;PLAN;126
C01159;Horaires ligne 131;https://ilico.iledefrance-mobilites.fr/uploads/fiches/20260722T084528Z-f1debd94-9142-42b9-b00c-5d3e4af51ad4.pdf;HORAIRE;131
C01160;Horaires valables à partir du 16 juillet au 16 août 2026;https://ilico.iledefrance-mobilites.fr/uploads/fiches/20260731T173248Z-c6c99dda-eea9-4a2f-98bd-36165a6f3708.pdf;HORAIRE;132
C01160;Plan de ligne 132;https://ilico.iledefrance-mobilites.fr/uploads/plans/20260801T171643Z-5ec56d30-b738-4abb-9116-81ca68783714.pdf;PLAN;132
C01165;Plan ligne 139;https://ilico.iledefrance-mobilites.fr/uploads/plans/20260708T164257Z-f578f78d-e996-4b51-8215-5d158a6de31a.pdf;PLAN;139
C01172;Fiche horaire 147 - Offre d'été 2026;https://ilico.iledefrance-mobilites.fr/uploads/fiches/20260729T100717Z-d97d3a22-ac31-427f-8f80-ae4df633d75d.pdf;HORAIRE;147
C01175;Fiche horaire 151 - Offre d'été 2026;https://ilico.iledefrance-mobilites.fr/uploads/fiches/20260729T100955Z-ef9e4a89-ea65-4031-875a-d1ff2b60729e.pdf;HORAIRE;151
C01177;Horaires ligne 153;https://ilico.iledefrance-mobilites.fr/uploads/fiches/20260805T114121Z-def8ca5f-ca36-4c37-9f51-a9fdc4c2297e.pdf;HORAIRE;153
C01182;Fiches horaires ligne 159;https://ilico.iledefrance-mobilites.fr/uploads/fiches/20260810T130008Z-0e1900a8-9b79-43b8-b2ab-eaea192aff1e.pdf;HORAIRE;159
C01184;Horaires valables à partir du 16 juillet au 16 août 2026;https://ilico.iledefrance-mobilites.fr/uploads/fiches/20260804T092859Z-7787fc30-4a69-43d2-a8e8-ef14968e497e.pdf;HORAIRE;162
C01185;Plan de ligne 163;https://ilico.iledefrance-mobilites.fr/uploads/plans/20260810T130123Z-03e0942e-b101-4b98-9000-8294297ba62a.pdf;PLAN;163
C01186;Plan de ligne 164;https://ilico.iledefrance-mobilites.fr/uploads/plans/20260611T095923Z-8cf12802-f6c1-4c8e-9510-3e050ae6fefc.pdf;PLAN;164
C01189;Plan de ligne 167;https://ilico.iledefrance-mobilites.fr/uploads/plans/20260611T100149Z-da6ebc1b-7b51-4eab-acb3-4528defeb85e.pdf;PLAN;167
C01192;Plan Ligne 171;https://www.ratp.fr/sites/default/files/lines-assets/plan-de-ligne/busratp/plan-de-ligne_busratp_ligne-171.pdf;PLAN;171
C01195;Plan ligne 174;https://ilico.iledefrance-mobilites.fr/uploads/plans/20260702T092711Z-3eacdcc2-44a5-4458-a8ba-3391fee6199f.pdf;PLAN;174
C01196;Plan ligne 175;https://ilico.iledefrance-mobilites.fr/uploads/plans/20260702T092745Z-bb771c83-50ac-4f93-9aaa-1acd5ea4b526.pdf;PLAN;175
C01198;Plan ligne 177;https://ilico.iledefrance-mobilites.fr/uploads/plans/20260702T092813Z-82dbcb45-37d0-4361-bab1-a02292616d48.pdf;PLAN;177
C01205;Plan de ligne 184;https://ilico.iledefrance-mobilites.fr/uploads/plans/20260722T085054Z-36e12975-4d7a-4636-9cc9-04817c8a584f.pdf;PLAN;184
C01207;Horaires ligne 186;https://ilico.iledefrance-mobilites.fr/uploads/fiches/20260722T085723Z-4cd8f80c-c59f-49f7-9b14-498370ce7412.pdf;HORAIRE;186
C01207;Plan de ligne 186;https://ilico.iledefrance-mobilites.fr/uploads/plans/20260722T085723Z-c842efe6-39f4-491a-93ef-16da4ce97349.pdf;PLAN;186
C01209;Plan Ligne 188;https://www.ratp.fr/sites/default/files/lines-assets/plan-de-ligne/busratp/plan-de-ligne_busratp_ligne-188.pdf;PLAN;188
C01210;Fiche Horaire 189;https://ilico.iledefrance-mobilites.fr/uploads/fiches/20260713T074019Z-0908397e-062e-4ece-9300-d85f6a072365.pdf;HORAIRE;189
C01213;Plan de ligne 192;https://ilico.iledefrance-mobilites.fr/uploads/plans/20260722T090127Z-50320f24-702b-4388-a9be-2d81eac75059.pdf;PLAN;192
C01224;Horaires Ligne 210 du 13/07 au 16/08/2026;https://ilico.iledefrance-mobilites.fr/uploads/fiches/20260728T090552Z-58f85bb0-4f6c-4e37-87f6-b5660dc4ff53.pdf;HORAIRE;210
C01233;Plan Ligne 221;https://ilico.iledefrance-mobilites.fr/uploads/plans/20260211T090917Z-8c126419-4fe9-4198-ae93-db3e72271636.pdf;PLAN;221
C01234;Plan ligne 234;https://ilico.iledefrance-mobilites.fr/uploads/plans/20260422T114249Z-376e7556-c42b-4a82-bf19-e05c86700bb0.pdf;PLAN;234
C01237;Horaires ligne 238;https://ilico.iledefrance-mobilites.fr/uploads/fiches/20260706T141519Z-9f12d103-2bfd-4398-a988-74d4ac48ed0e.pdf;HORAIRE;238
C01242;Plan ligne 250;https://ilico.iledefrance-mobilites.fr/uploads/plans/20260708T165024Z-2bf6b7bb-b5bc-4143-bf9f-d45ae6ef9148.pdf;PLAN;250
C01246;Horaires ligne 255;https://ilico.iledefrance-mobilites.fr/uploads/fiches/20260805T114444Z-a7242147-84af-4535-b83c-3de42ad43255.pdf;HORAIRE;255
C01249;Horaires ligne 261;https://ilico.iledefrance-mobilites.fr/uploads/fiches/20260805T114543Z-0a5ee23f-245f-4deb-910d-bef84e15d277.pdf;HORAIRE;261
C01250;Horaires valables à partir du 6 juillet 2026;https://ilico.iledefrance-mobilites.fr/uploads/fiches/20260703T094139Z-4699a04c-7efb-471c-b474-b1c40f919ac1.pdf;HORAIRE;6419
C01251;Horaires ligne 268;https://ilico.iledefrance-mobilites.fr/uploads/fiches/20260805T114613Z-26c33584-720b-41c6-8e32-6f9bb3539b8d.pdf;HORAIRE;268
C01254;Plan de ligne 272;https://ilico.iledefrance-mobilites.fr/uploads/plans/20260611T101148Z-f202b2ef-6176-4643-9e73-2c514bfe2d17.pdf;PLAN;272
C01257;Plan de ligne 276;https://ilico.iledefrance-mobilites.fr/uploads/plans/20260611T101320Z-1822eeb1-8806-42e0-9c60-a664a46c3945.pdf;PLAN;276
C01262;Fiche horaire ligne 285;https://ilico.iledefrance-mobilites.fr/uploads/fiches/20260417T130143Z-fac8bccf-d0dc-4373-bc3f-50eadc94f43f.pdf;HORAIRE;285
C01264;Fiche Horaire 289;https://ilico.iledefrance-mobilites.fr/uploads/fiches/20260713T074211Z-51edbbcf-caa8-42a1-ab8f-0b9988daadc7.pdf;HORAIRE;289
C01264;Plan de ligne 289;https://ilico.iledefrance-mobilites.fr/uploads/plans/20260408T133557Z-31c7fc9d-7887-4ae7-a737-10288089b49e.pdf;PLAN;289
C01267;Fiche horaire ligne 292;https://ilico.iledefrance-mobilites.fr/uploads/fiches/20260417T133029Z-77f5b3c0-6d55-42e5-a371-f25760ecbcfd.pdf;HORAIRE;292
C01271;Plan de ligne 299;https://ilico.iledefrance-mobilites.fr/uploads/plans/20260416T153243Z-410f8af8-f9c3-4b79-b864-ae2051a0dce3.pdf;PLAN;299
C01272;Plan ligne 301;https://ilico.iledefrance-mobilites.fr/uploads/plans/20260422T115359Z-ad0a544e-b2d0-4c9e-94c8-d54aeb743ac3.pdf;PLAN;301
C01273;Horaires ligne 302;https://ilico.iledefrance-mobilites.fr/uploads/fiches/20260805T114751Z-22a5d391-ccdb-44f7-8235-12b223b4f3f3.pdf;HORAIRE;302
C01274;Horaires Ligne 303 du 13/07 au 16/08/2026;https://ilico.iledefrance-mobilites.fr/uploads/fiches/20260728T090931Z-cbc4fcc4-2efd-4e65-abd2-b459fe078e6b.pdf;HORAIRE;303
C01275;Fiches horaires ligne 304;https://ilico.iledefrance-mobilites.fr/uploads/fiches/20260810T130642Z-a69208ae-ab0f-44b2-ba95-afe0f5e1a526.pdf;HORAIRE;304
C01276;Horaires Ligne 306 du 13/07 au 16/08/2026;https://ilico.iledefrance-mobilites.fr/uploads/fiches/20260728T091033Z-01d565a7-a53e-43a3-b1c4-3ac68c10f346.pdf;HORAIRE;306
C01278;Ligne 310 - Plan de ligne;https://ilico.iledefrance-mobilites.fr/uploads/plans/20260710T092000Z-8d93ec93-f198-40e2-8a4e-ba32e4e290a5.pdf;PLAN;310
C01280;Horaires ligne 317;https://ilico.iledefrance-mobilites.fr/uploads/fiches/20260722T090918Z-7be0bcfc-22ba-440a-a021-9212e2b3d9e6.pdf;HORAIRE;317
C01282;Plan de ligne 319;https://ilico.iledefrance-mobilites.fr/uploads/plans/20260416T153317Z-240f9624-f23f-4fdf-976f-80d0838236e2.pdf;PLAN;319
C01286;Plan Ligne 322;https://www.ratp.fr/sites/default/files/lines-assets/plan-de-ligne/busratp/plan-de-ligne_busratp_ligne-322.pdf;PLAN;322
C01288;Horaires valables à partir du 16 juillet au 16 août 2026;https://ilico.iledefrance-mobilites.fr/uploads/fiches/20260801T161254Z-112efc9a-4682-4928-8cdd-e5b6d8018e3d.pdf;HORAIRE;325
C01289;Plan Ligne 330;https://ilico.iledefrance-mobilites.fr/uploads/plans/20260423T082827Z-ee03c94c-c911-4c41-adb9-bbe0a2aa1a31.pdf;PLAN;330
C01292;Horaires ligne 340;https://ilico.iledefrance-mobilites.fr/uploads/fiches/20260706T142108Z-afe88721-a7e9-4f37-884d-f243ac7f60d4.pdf;HORAIRE;340
C01295;Fiche horaire 346 - Offre d'été 2026;https://ilico.iledefrance-mobilites.fr/uploads/fiches/20260729T102109Z-ff4819c5-088f-4258-8e17-e9129559ad3a.pdf;HORAIRE;346
C01299;Plan ligne 351;https://ilico.iledefrance-mobilites.fr/uploads/plans/20260219T112752Z-2e270323-4d8d-4617-9253-7cf489af6490.pdf;PLAN;351
C01303;Horaires ligne 356;https://ilico.iledefrance-mobilites.fr/uploads/fiches/20260805T114936Z-8aa06323-b967-4dcd-9006-cbaff64e2210.pdf;HORAIRE;356
C01304;Fiches horaires ligne 360;https://ilico.iledefrance-mobilites.fr/uploads/fiches/20260810T130706Z-ad054ce0-cdeb-4460-b3e8-eccebc66da92.pdf;HORAIRE;360
C01310;Plan de ligne 372;https://ilico.iledefrance-mobilites.fr/uploads/plans/20260722T091017Z-e842b497-3758-4ccb-ae6a-3eadec854812.pdf;PLAN;372
C01313;Plan de ligne 385;https://ilico.iledefrance-mobilites.fr/uploads/plans/20260416T153417Z-99b8c669-6161-4885-b454-3b94b9062bdd.pdf;PLAN;385
C01319;Fiche Horaire 394;https://ilico.iledefrance-mobilites.fr/uploads/fiches/20260713T074357Z-9a3f94a4-c93d-4749-a7a6-78305a0c1bd7.pdf;HORAIRE;394
C01319;Plan de ligne 394;https://ilico.iledefrance-mobilites.fr/uploads/plans/20260408T133754Z-9814992b-2fbc-4861-8d47-7c0b3bc0e0d5.pdf;PLAN;394
C01320;Fiche horaire ligne 395;https://ilico.iledefrance-mobilites.fr/uploads/fiches/20260417T132440Z-3dbb7293-c140-42c9-a996-5a8df99ae382.pdf;HORAIRE;395
C01321;Horaires ligne 396;https://ilico.iledefrance-mobilites.fr/uploads/fiches/20260722T091302Z-919b62f4-7008-4166-a928-d1c2728ad2e9.pdf;HORAIRE;396
C01322;Fiche horaire ligne 399;https://ilico.iledefrance-mobilites.fr/uploads/fiches/20260417T132602Z-488ec265-eb75-423a-b4a3-eeba6937bf54.pdf;HORAIRE;399
C01323;Ligne 421 - Marché-Gare de Chelles <> Gare de Torcy (dimanches et jours feriés) - Horaires valables du 13 Juillet 2026 au 18 juillet 2027;https://ilico.iledefrance-mobilites.fr/uploads/fiches/20260612T112053Z-6cdef946-d9a3-42cc-bec5-cbcf11133640.pdf;HORAIRE;421
C01324;Fiches horaires ligne 467;https://ilico.iledefrance-mobilites.fr/uploads/fiches/20260810T130851Z-9ea9e00b-f9ba-4d3e-9198-33db8de8ad50.pdf;HORAIRE;467
C01330;Plan Ligne La Traverse  Bièvre - Montsouris;https://www.ratp.fr/sites/default/files/lines-assets/plan-de-ligne/busratp/plan-de-ligne_busratp_ligne-513.pdf;PLAN;La Traverse Bièvre Montsouris
C01331;Plan Ligne 515;https://ilico.iledefrance-mobilites.fr/uploads/plans/20260423T083059Z-b092864a-4b2d-4bb6-8e45-6e5bd55ff16b.pdf;PLAN;TILLBUS
C01334;Horaires Ligne 520 du 17/08 au 31/12/2026;https://ilico.iledefrance-mobilites.fr/uploads/fiches/20260728T091601Z-0423bdef-4fa6-4920-b3ce-61f7dd9f8125.pdf;HORAIRE;520
C01342;Horaires Ligne 546 TUB;https://ilico.iledefrance-mobilites.fr/uploads/fiches/20260423T084009Z-6d58fd0d-a2ff-4a6b-891e-a47635eab8da.pdf;HORAIRE;TRANSPORT URBAIN BONDYNOIS
C01350;Horaires Ligne 565;https://ilico.iledefrance-mobilites.fr/uploads/fiches/20260423T084626Z-bd6796f9-0846-4462-8f43-8ba5b1185201.pdf;HORAIRE;565
C01350;Plan Ligne 565;https://ilico.iledefrance-mobilites.fr/uploads/plans/20260423T084626Z-10f19e54-e42b-46e3-a6ab-4100fdeabc4c.pdf;PLAN;565
C01352;Plan Ligne TIM;https://www.ratp.fr/sites/default/files/lines-assets/plan-de-ligne/busratp/plan-de-ligne_busratp_ligne-569.pdf;PLAN;TIM
C01363;Horaires Ligne V7;https://www.ratp.fr/sites/default/files/lines-assets/fiche-horaire/busratp/fiche-horaire_busratp_ligne-585.pdf;HORAIRE;V7
C01365;Plan Ligne TUVIM;https://www.ratp.fr/sites/default/files/lines-assets/plan-de-ligne/busratp/plan-de-ligne_busratp_ligne-589.pdf;PLAN;TUVIM Centre-Ville
C01366;FH AMIBUS;https://ilico.iledefrance-mobilites.fr/uploads/fiches/20260204T160259Z-bb498f03-fc13-4d7d-8315-c6731b19edbb.pdf;HORAIRE;AMIBUS
C01368;FH LE PETIT FONTENAISIEN;https://ilico.iledefrance-mobilites.fr/uploads/fiches/20260204T160428Z-57333f73-6b80-4efc-a73f-ee02bfb69be8.pdf;HORAIRE;Le Petit Fontenaisien
C01369;Fiche Horaire 595;https://ilico.iledefrance-mobilites.fr/uploads/fiches/20260713T074430Z-b215d40a-8d09-4521-b6b0-31103605b6b4.pdf;HORAIRE;595
C01371;Plan Métro 1;https://www.ratp.fr/sites/default/files/lines-assets/plan-de-ligne/metro/plan-de-ligne_metro_ligne-1.pdf;PLAN;1
C01374;Plan Métro 4;https://www.ratp.fr/sites/default/files/lines-assets/plan-de-ligne/metro/plan-de-ligne_metro_ligne-4.pdf;PLAN;4
C01380;Plan Métro 10;https://www.ratp.fr/sites/default/files/lines-assets/plan-de-ligne/metro/plan-de-ligne_metro_ligne-10.pdf;PLAN;10
C01384;Plan Métro 14;https://www.ratp.fr/sites/default/files/lines-assets/plan-de-ligne/metro/plan-de-ligne_metro_ligne-14.pdf;PLAN;14
C01387;Plan Ligne 7B;https://www.ratp.fr/sites/default/files/lines-assets/plan-de-ligne/metro/plan-de-ligne_metro_ligne-7b.pdf;PLAN;7B
C01393;Horaires Ligne N52;https://www.ratp.fr/sites/default/files/lines-assets/fiche-horaire/noctilien/fiche-horaire_noctilien_ligne-n52.pdf;HORAIRE;N52
C01394;Plan Ligne N51;https://www.ratp.fr/sites/default/files/lines-assets/plan-de-ligne/noctilien/plan-de-ligne_noctilien_ligne-n51.pdf;PLAN;N51
C01400;Plan de ligne N31;https://ilico.iledefrance-mobilites.fr/uploads/plans/20260801T172952Z-398259fa-d99d-4086-a204-21f9b8897ba3.pdf;PLAN;N31
C01405;Plan Ligne N45;https://www.ratp.fr/sites/default/files/lines-assets/plan-de-ligne/noctilien/plan-de-ligne_noctilien_ligne-n45.pdf;PLAN;N45
C01410;Plan ligne N71;https://ilico.iledefrance-mobilites.fr/uploads/plans/20251022T141232Z-e6af0cca-2162-4ece-b83c-463bd0b28a47.pdf;PLAN;N71
C01411;Horaires Ligne N41;https://www.ratp.fr/sites/default/files/lines-assets/fiche-horaire/noctilien/fiche-horaire_noctilien_ligne-n41.pdf;HORAIRE;N41
C01412;Plan ligne N35;https://ilico.iledefrance-mobilites.fr/uploads/plans/20251022T141104Z-3868ddcb-5855-47e0-b435-30e12411e752.pdf;PLAN;N35
C01414;Horaires Ligne N02;https://www.ratp.fr/sites/default/files/lines-assets/fiche-horaire/noctilien/fiche-horaire_noctilien_ligne-n02.pdf;HORAIRE;N02
C01414;Plan Ligne N02;https://www.ratp.fr/sites/default/files/lines-assets/plan-de-ligne/noctilien/plan-de-ligne_noctilien_ligne-n02.pdf;PLAN;N02
C01416;Horaires N16;https://ilico.iledefrance-mobilites.fr/uploads/fiches/20260527T054933Z-5080ce8f-29d0-4350-b0e8-ff3eb4ac3a1e.pdf;HORAIRE;N16
C01419;Horaires Ligne N13;https://www.ratp.fr/sites/default/files/lines-assets/fiche-horaire/noctilien/fiche-horaire_noctilien_ligne-n13.pdf;HORAIRE;N13
C01421;Plan Bus Nuit N122;https://ilico.iledefrance-mobilites.fr/uploads/plans/20250228T094334Z-c4aa430d-32d3-4f41-9cf6-28b515a829f2.pdf;PLAN;N122
C01423;Ligne 701  - Plan de ligne;https://ilico.iledefrance-mobilites.fr/uploads/plans/20260710T085847Z-c7e78311-7161-4e6e-878c-3aa5d14b4eff.pdf;PLAN;701 (ex 1)
C01428;Horaires valables du 06 juillet au 31 août 2026;https://ilico.iledefrance-mobilites.fr/uploads/fiches/20260610T074041Z-d2d10602-5c76-488d-9c78-dfacae53097f.pdf;HORAIRE;5410
C01428;Plan de ligne 5410;https://ilico.iledefrance-mobilites.fr/uploads/plans/20250901T101857Z-559ae361-bb05-4f1c-b085-9372755a0e7a.pdf;PLAN;5410
C01431;Horaires Ligne Fileo Sarcelles;https://ilico.iledefrance-mobilites.fr/uploads/fiches/20250305T135447Z-bf7bca94-f226-4361-9823-7110ceabffc9.pdf;HORAIRE;Filéo Sarcelles (future TàD Roissy Sarcelles)
C01431;Plan Ligne Fileo Sarcelles (sur réservation);https://ilico.iledefrance-mobilites.fr/uploads/plans/20250312T100948Z-f7bfd959-bac8-467c-82ce-4741f818b6fc.pdf;PLAN;Filéo Sarcelles (future TàD Roissy Sarcelles)
C01432;Plan Ligne Fileo Goussainville (sur réservation);https://www.datocms-assets.com/56495/1640343988-fileo-goussainville.jpg;PLAN;Filéo Goussainville (future TàD Roissy Goussainville)
C01438;Plan de ligne 3310;https://ilico.iledefrance-mobilites.fr/uploads/plans/20250825T063443Z-6696d6fc-ce48-45c7-ae01-b52cbd943da4.pdf;PLAN;3310
C01441;Horaires ligne 3306 du 05/01/2026 au 31/08/206;https://ilico.iledefrance-mobilites.fr/uploads/fiches/20260109T110113Z-1b6c01b4-0495-46ad-b4e8-76151f4fac20.pdf;HORAIRE;3306
C01445;3434;https://ilico.iledefrance-mobilites.fr/uploads/plans/20240828T144437Z-ad1938de-8663-4efe-a011-8b340317c299.pdf;PLAN;3434
C01446;Horaires ligne 3435 valables à partir du 1er septembre 2026;https://ilico.iledefrance-mobilites.fr/uploads/fiches/20260806T092701Z-4a9efdec-eeae-428e-8d99-f2fe0f76223e.pdf;HORAIRE;3435
C01447;Horaires ligne 3436 valables du 1er septembre 2026 au 3 juillet 2027;https://ilico.iledefrance-mobilites.fr/uploads/fiches/20260806T093252Z-3ea04aa1-d4dc-4f48-b3f5-616e085e439e.pdf;HORAIRE;3436
C01448;Horaires ligne 3430 valables du 1er septembre 2026 au 3 juillet 2027;https://ilico.iledefrance-mobilites.fr/uploads/fiches/20260806T084735Z-8ec8e925-2818-49c0-8bb2-321551a999e6.pdf;HORAIRE;3430
C01455;Thermomètre ligne 3244;https://ilico.iledefrance-mobilites.fr/uploads/plans/20260721T065550Z-e62c53fa-b7ad-4a94-9451-7b057db6807a.pdf;PLAN;3244
C01457;Thermomètre ligne 3242;https://ilico.iledefrance-mobilites.fr/uploads/plans/20260721T065411Z-c4eebd99-618f-48a0-9dc1-7e2f72ac8f18.pdf;PLAN;3242
C01461;Horaires Ligne 3250 du 01 Septembre2025 au 30 Août 2026;https://ilico.iledefrance-mobilites.fr/uploads/fiches/20251211T095618Z-226fc667-dbe1-4d91-9742-3ab44f12416c.pdf;HORAIRE;3250
C01462;Horaires Ligne 3257 du 01 Septembre2025 au 30 Août 2026;https://ilico.iledefrance-mobilites.fr/uploads/fiches/20251211T095911Z-20332c4c-c562-4798-a725-601bdcc49c1a.pdf;HORAIRE;3257
C01462;Horaires Ligne 3257 du 31 Août 2026 au 29 Août 2027;https://ilico.iledefrance-mobilites.fr/uploads/fiches/20260721T063744Z-1283e83d-2346-489a-84af-c2b572126091.pdf;HORAIRE;3257
C01463;Horaires Ligne 3258 du 01 Septembre2025 au 30 Août 2026;https://ilico.iledefrance-mobilites.fr/uploads/fiches/20251211T095928Z-de946262-ac0c-4890-8458-e3d28e09d8f3.pdf;HORAIRE;3258
C01464;Horaires Ligne 3202 du 01 Septembre2025 au 30 Août 2026;https://ilico.iledefrance-mobilites.fr/uploads/fiches/20251218T141458Z-8c99721b-1ac5-4a79-ab1a-63da093e424d.pdf;HORAIRE;3202
C01472;Plan de ligne 9518;https://ilico.iledefrance-mobilites.fr/uploads/plans/20240902T155852Z-d4362d6a-c493-4d5b-a706-18a9729bf1c4.pdf;PLAN;9518
C01475;Plan ligne 1205;https://ilico.iledefrance-mobilites.fr/uploads/plans/20250818T102000Z-44dacaaa-071f-4569-94f4-0264e8b5a1f0.pdf;PLAN;1205
C01478;Horaires valables à partir du 6 juillet 2026;https://ilico.iledefrance-mobilites.fr/uploads/fiches/20260703T062039Z-d3fe91c8-d43d-4423-95aa-8c309490ef5a.pdf;HORAIRE;6432
C01478;Plan ligne 6432 - Maisons Laffitte (Circuit);https://ilico.iledefrance-mobilites.fr/uploads/plans/20260703T062115Z-19ff82d8-52bb-4843-8d5a-df22c3dcf3e8.pdf;PLAN;6432
C01479;Horaires valables du 6 juillet 2026 au 30 août 2026;https://ilico.iledefrance-mobilites.fr/uploads/fiches/20260702T124216Z-4606db18-c8f9-4edb-9ef4-592c7445de79.pdf;HORAIRE;1234
C01480;Horaires valables du 6 juillet 2026 au 30 août 2026;https://ilico.iledefrance-mobilites.fr/uploads/fiches/20260702T123804Z-25dd2fd7-793b-4e52-80e0-f3e87a2ec754.pdf;HORAIRE;1227
C01481;Plan de ligne 426;https://ilico.iledefrance-mobilites.fr/uploads/plans/20260611T101936Z-dfe875f6-e5b0-46d4-998a-aeb8ee061747.pdf;PLAN;426
C01484;Horaires d'été 2026 - L6231 du 13 juillet au 23 août 2026;https://ilico.iledefrance-mobilites.fr/uploads/fiches/20260703T144027Z-1e5826f2-2568-4021-a078-72a8dbf51f6a.pdf;HORAIRE;6231
C01494;Horaires ligne 3407 à partir du 7 Juillet 2025;https://ilico.iledefrance-mobilites.fr/uploads/fiches/20250702T135539Z-fcea89bb-c2b6-4233-b4b0-2b0fa627e490.pdf;HORAIRE;3407
C01497;Horaires Ligne 4534 - du 13 juillet au 23 août 2026;https://ilico.iledefrance-mobilites.fr/uploads/fiches/20260611T130423Z-41d0891a-bdc5-4212-be2f-c2199b8e4fec.pdf;HORAIRE;4534
C01497;Horaires Ligne 4534 - A compter du 24 août 2026 au 11 juillet 2027;https://ilico.iledefrance-mobilites.fr/uploads/fiches/20260806T100442Z-1cbfe8d9-994f-499f-8d2c-743c59fef64c.pdf;HORAIRE;4534
C01497;Plan Ligne 4534 (maj 06/01/2025);https://ilico.iledefrance-mobilites.fr/uploads/plans/20250106T111436Z-d748df90-1fd1-43d0-89c0-248a4f77aa6c.pdf;PLAN;4534
C01498;Horaires Ligne 4533 - A compter du 24 août 2026 au 11 juillet 2027;https://ilico.iledefrance-mobilites.fr/uploads/fiches/20260806T100419Z-ada9b5fb-b2fe-4499-a86c-6f7c26f20866.pdf;HORAIRE;4533
C01498;Horaires Ligne 4533 - du 13 juillet au 23 août 2026;https://ilico.iledefrance-mobilites.fr/uploads/fiches/20260611T130401Z-b36368bf-cb48-4597-9ee9-ce7f10d07e02.pdf;HORAIRE;4533
C01499;Horaires Ligne 7704 du 01 Septembre2025 au 30 Août 2026;https://ilico.iledefrance-mobilites.fr/uploads/fiches/20251211T100234Z-e7fb4b15-9d85-4df3-a43c-0fb36f8faffc.pdf;HORAIRE;7704
C01502;Horaires Ligne 3262 du 05 Janvier 2026 au 30 Août 2026;https://ilico.iledefrance-mobilites.fr/uploads/fiches/20251211T100157Z-ad2ad5f2-fd74-478c-8959-297a50127dda.pdf;HORAIRE;3262
C01502;Thermomètre ligne 3262;https://ilico.iledefrance-mobilites.fr/uploads/plans/20260721T064346Z-ffd1fcf6-4bfb-478c-a145-3178cbd2a1a3.pdf;PLAN;3262
C01503;Horaires Ligne 3215 du 09 Mars 2026 au 30 Août 2026;https://ilico.iledefrance-mobilites.fr/uploads/fiches/20260224T105221Z-90241a25-b801-4bb4-87a2-b18da0913457.pdf;HORAIRE;3215
C01505;Horaires Ligne 7707 du 31 Août 2026 au 29 Août 2027;https://ilico.iledefrance-mobilites.fr/uploads/fiches/20260721T062307Z-3018440d-197f-47c7-8553-57a53d1ae87b.pdf;HORAIRE;7707
C01507;Horaires Ligne 3211 du 01 Septembre2025 au 30 Août 2026;https://ilico.iledefrance-mobilites.fr/uploads/fiches/20251211T094851Z-30ea0067-5d2e-4e92-9465-6d96dcc23b28.pdf;HORAIRE;3211
C01509;Horaires Ligne 3213 du 04 Juin 2026 au 30 Août 2026;https://ilico.iledefrance-mobilites.fr/uploads/fiches/20260529T092201Z-0ed9b5d6-88b5-475b-8b8c-f835885b9610.pdf;HORAIRE;3213
C01513;Thermomètre ligne 3246;https://ilico.iledefrance-mobilites.fr/uploads/plans/20260721T064738Z-528df74d-8ef4-4557-94b0-607148e9e148.pdf;PLAN;3246
C01517;Horaires Ligne 3208 du 01 Septembre2025 au 30 Août 2026;https://ilico.iledefrance-mobilites.fr/uploads/fiches/20251211T094643Z-b729a591-0cbb-46f1-84d3-044a8a373a9d.pdf;HORAIRE;3208
C01518;Plan ligne 3207;https://ilico.iledefrance-mobilites.fr/uploads/plans/20250926T114225Z-900e97eb-b75b-44ce-98d9-d9f9ce614842.pdf;PLAN;3207
C01520;Horaires Ligne 3209TàD du 01 Septembre2025 au 30 Août 2026;https://ilico.iledefrance-mobilites.fr/uploads/fiches/20260223T123708Z-b88da81b-25a2-4c4e-8812-f6fb9b673ca9.pdf;HORAIRE;TàD 3209
C01520;Plan ligne TàD 3209;https://ilico.iledefrance-mobilites.fr/uploads/plans/20260223T123708Z-39c77d19-49b5-43b5-92e1-1a67e751f5bc.pdf;PLAN;TàD 3209
C01521;Ligne 5134 - schéma de ligne;https://ilico.iledefrance-mobilites.fr/uploads/plans/20260109T163915Z-cf7d9668-30fa-4604-bb40-36136f0a070d.pdf;PLAN;5134
C01526;Horaires valables du 24 août 2026 au 11 juillet 2027 (sauf du 28 décembre 2026 au 3 janvier 2027);https://ilico.iledefrance-mobilites.fr/uploads/fiches/20260804T132236Z-32c57c60-9c89-43a2-9543-62e00f65efea.pdf;HORAIRE;5122
C01527;Horaires valables du 24 août 2026 au 11 juillet 2027 (sauf du 28 décembre 2026 au 3 janvier 2027);https://ilico.iledefrance-mobilites.fr/uploads/fiches/20260804T130917Z-d7f87335-504a-46d2-b3dc-983e80e98135.pdf;HORAIRE;5104
C01528;Horaires valables du 24 août 2026 au 11 juillet 2027 (sauf du 28 décembre 2026 au 3 janvier 2027);https://ilico.iledefrance-mobilites.fr/uploads/fiches/20260804T140045Z-1456c1b9-1fcd-414a-a9b9-e1f663a35263.pdf;HORAIRE;5105
C01528;Ligne 5105 - schéma de ligne;https://ilico.iledefrance-mobilites.fr/uploads/plans/20250619T092944Z-f6ce1fdb-39af-4a0e-8348-754bd1b27c62.pdf;PLAN;5105
C01530;Horaires valables du 13 juillet au 23 août 2026;https://ilico.iledefrance-mobilites.fr/uploads/fiches/20260702T102940Z-379f3031-5dc1-438f-8440-9064b5ef3ce5.pdf;HORAIRE;5107
C01531;Horaires valables du 24 août 2026 au 11 juillet 2027 (sauf du 28 décembre 2026 au 3 janvier 2027);https://ilico.iledefrance-mobilites.fr/uploads/fiches/20260804T131357Z-e64bd1d0-23be-458f-84a8-9213fc24d119.pdf;HORAIRE;5106
C01532;Horaires valables du 27 juillet au 23 août 2026;https://ilico.iledefrance-mobilites.fr/uploads/fiches/20260709T143958Z-d1f06467-9928-4f2c-b429-44fff6cd32cc.pdf;HORAIRE;5143
C01533;Horaires valables du 27 juillet au 23 août 2026;https://ilico.iledefrance-mobilites.fr/uploads/fiches/20260709T144034Z-90373750-4069-41e5-b110-306da443a1d5.pdf;HORAIRE;5144
C01533;Ligne 5144 - schéma de ligne;https://ilico.iledefrance-mobilites.fr/uploads/plans/20260109T164027Z-72e96802-e2bf-4727-9351-a91847b9037f.pdf;PLAN;5144
C01535;Horaires valables du 24 août 2026 au 11 juillet 2027 (sauf du 28 décembre 2026 au 3 janvier 2027);https://ilico.iledefrance-mobilites.fr/uploads/fiches/20260804T133435Z-8278f6b5-ccdd-403f-8761-497a088d6585.pdf;HORAIRE;5142
C01537;Horaires valables du 24 août 2026 au 11 juillet 2027 (sauf du 28 décembre 2026 au 3 janvier 2027);https://ilico.iledefrance-mobilites.fr/uploads/fiches/20260804T133149Z-d4a99281-0912-4794-9fbd-2ac84e20ac04.pdf;HORAIRE;5133
C01537;Horaires valables du 13 juillet au 23 août 2026;https://ilico.iledefrance-mobilites.fr/uploads/fiches/20260702T104416Z-25c0b6f6-07bf-4a89-9f4a-e4559790cc0e.pdf;HORAIRE;5133
C01539;Horaires valables du 24 août 2026 au 11 juillet 2027 (sauf du 28 décembre 2026 au 3 janvier 2027);https://ilico.iledefrance-mobilites.fr/uploads/fiches/20260804T130758Z-518341e5-6e35-440d-ad46-8adaec644285.pdf;HORAIRE;5103
C01539;Ligne 5103 - schéma de ligne;https://ilico.iledefrance-mobilites.fr/uploads/plans/20240422T185724Z-a45f4290-c441-4a2a-8218-9087654609c4.pdf;PLAN;5103
C01540;Horaires valables du 13 juillet au 23 août 2026;https://ilico.iledefrance-mobilites.fr/uploads/fiches/20260702T114547Z-6fdd2f8a-48f4-407f-8d35-0895801090ac.pdf;HORAIRE;5152
C01540;Schéma de ligne 5152;https://ilico.iledefrance-mobilites.fr/uploads/plans/20260430T141244Z-fc080210-e2a2-4535-bf2b-30dc162ebab7.pdf;PLAN;5152
C01543;Horaires de la ligne 7805 (vacances d'hiver);https://ilico.iledefrance-mobilites.fr/uploads/fiches/20251222T154610Z-c33daf8c-13ce-45ef-8624-a43be3d94fa8.pdf;HORAIRE;7805
C01544;Informations Magical Shuttle;https://magicalshuttle.fr/;HORAIRE;Magical Shuttle Selected
C01545;Informations Magical Shuttle;https://magicalshuttle.fr/;HORAIRE;Magical Shuttle CDG
C01552;Horaires valables du 6 juillet au 31 août 2026;https://ilico.iledefrance-mobilites.fr/uploads/fiches/20260722T093343Z-83163385-35ec-40c7-9844-f9ec04eb95b3.pdf;HORAIRE;9504
C01555;Horaires valables du 9 mars au 12 juillet 2026;https://ilico.iledefrance-mobilites.fr/uploads/fiches/20260223T144354Z-2a9a4fa8-5248-473f-95ba-bc407e768732.pdf;HORAIRE;1137
C01560;Horaires valables à compter du 05 janvier 2026;https://ilico.iledefrance-mobilites.fr/uploads/fiches/20251222T152706Z-5d94e4dd-31f0-463c-94b4-5e82f37384b6.pdf;HORAIRE;1142
C01561;Fiche WEB ligne 4609 Été 2026 V1, du lundi 20 juillet au dimanche 23 août 2026;https://portail-idfm-operateurs.cdn.prismic.io/portail-idfm-operateurs/ajKxp41P9HI4UoWv_FicheWEBligne4609%C3%89t%C3%A92026V0%2Cdulundi20juilletaudimanche23ao%C3%BBt2026.pdf;HORAIRE;4609
C01565;Horaires Ligne 4504 - du 13 juillet au 23 août 2026;https://ilico.iledefrance-mobilites.fr/uploads/fiches/20260611T124933Z-6c05d9ae-4c08-4111-8418-9fab966be4fe.pdf;HORAIRE;4504
C01567;Plan de ligne 4606;https://ilico.iledefrance-mobilites.fr/uploads/plans/20251020T071505Z-8eff0a18-f2c2-43ad-be6c-bb1dd55a358f.pdf;PLAN;4606
C01568;Ligne 4457 - Horaires valables du 1er septembre 2026 au 4 juillet 2027;https://ilico.iledefrance-mobilites.fr/uploads/fiches/20260807T155149Z-d0feb25c-7cde-4d14-95f6-490d8b9c8bca.pdf;HORAIRE;4457
C01569;Fiche WEB ligne 9108 Été 2026 V0, du lundi 13 juillet au dimanche 23 août 2026;https://portail-idfm-operateurs.cdn.prismic.io/portail-idfm-operateurs/ajUYu41P9HI4UuP2_FicheWEBligne9108%C3%89t%C3%A92026V0%2Cdulundi13juilletaudimanche23ao%C3%BBt2026.pdf;HORAIRE;9108
C01575;Ligne 603 - Plan de ligne;https://ilico.iledefrance-mobilites.fr/uploads/plans/20260710T091247Z-b2b19883-5bcd-4486-a722-ed84ab4e1864.pdf;PLAN;603
C01579;Fiche horaires ligne 609 du 5 janvier au 12 juillet 2026 et du 24 août au 20 décembre 2026;https://ilico.iledefrance-mobilites.fr/uploads/fiches/20260701T144138Z-c9545666-170a-4adf-9640-e3cc78ca3080.pdf;HORAIRE;609
C01581;Ligne 613 - Plan de ligne;https://ilico.iledefrance-mobilites.fr/uploads/plans/20260710T091507Z-06763d2e-68ab-49c8-9e04-659199ae0761.pdf;PLAN;613
C01583;Fiches horaires ligne 615 du 13 juillet au 24 août 2026 et du 21 décembre 2026 au 3 janvier 2027;https://ilico.iledefrance-mobilites.fr/uploads/fiches/20260702T093758Z-e20fcfa1-73fb-48eb-a7fd-ff2ed6c380ff.pdf;HORAIRE;615
C01586;Fiche horaires ligne 618 du 13 juillet 2026 au 3 janvier 2027;https://ilico.iledefrance-mobilites.fr/uploads/fiches/20260707T092628Z-b005b6ff-94cd-4307-b17c-39f94d97b9ad.pdf;HORAIRE;618
C01588;Fiche horaires ligne 620 du 13 juillet 2026 au 3 janvier 2027;https://ilico.iledefrance-mobilites.fr/uploads/fiches/20260707T093224Z-5a782178-0181-469a-9432-453319114303.pdf;HORAIRE;620
C01589;Ligne 623 -  Horaires valables du 13 juillet au 23 août 2026;https://ilico.iledefrance-mobilites.fr/uploads/fiches/20260612T105305Z-bf0648f8-7b78-4389-ad11-e3d2f8f2f5f3.pdf;HORAIRE;623
C01594;Fiche horaires ligne 642 du 13 juillet 2026 au 3 janvier 2027;https://ilico.iledefrance-mobilites.fr/uploads/fiches/20260707T092927Z-603264fe-1d52-404e-94b8-c239ed6e8eec.pdf;HORAIRE;642
C01600;Horaires valables du 1er septembre 2026 au 04 juillet 2027 inclus;https://ilico.iledefrance-mobilites.fr/uploads/fiches/20260804T095949Z-50d46ec7-cce9-45c4-b208-aed5939be150.pdf;HORAIRE;5402
C01600;Plan de ligne 5402;https://ilico.iledefrance-mobilites.fr/uploads/plans/20250901T101959Z-b934a0a0-599b-415a-8bf5-45b0d3d72a14.pdf;PLAN;5402
C01601;Plan de ligne 5403;https://ilico.iledefrance-mobilites.fr/uploads/plans/20250901T102037Z-20c604d4-30bc-4998-a649-880eb922da9b.pdf;PLAN;5403
C01602;Plan de ligne 5420;https://ilico.iledefrance-mobilites.fr/uploads/plans/20250901T102116Z-de7375e9-996e-4fe6-b27b-384dbc490099.pdf;PLAN;5420
C01603;Plan de ligne 5405;https://ilico.iledefrance-mobilites.fr/uploads/plans/20250901T102142Z-e735e7fe-0b19-4352-a155-e5a1175e3864.pdf;PLAN;5405
C01605;Horaires valables du 01 septembre 2026 au 04 juillet 2027 inclus;https://ilico.iledefrance-mobilites.fr/uploads/fiches/20260810T145605Z-67e188a4-2675-4cb9-9ff2-1f0718a92280.pdf;HORAIRE;5406
C01605;Plan de ligne 5406;https://ilico.iledefrance-mobilites.fr/uploads/plans/20250901T102553Z-e231fbb5-199c-4b5f-9ca8-ff5108613aa0.pdf;PLAN;5406
C01606;Horaires valables du 06 juillet au 31 août 2026;https://ilico.iledefrance-mobilites.fr/uploads/fiches/20260610T074250Z-cd92e89e-2a40-4628-aef1-de10b17a0de8.pdf;HORAIRE;5407
C01615;Horaires ligne 4221 - Du 13 juillet au 23 août 2026;https://ilico.iledefrance-mobilites.fr/uploads/fiches/20260706T074304Z-7149917b-ad3e-47ac-868a-4ce7b9d34a1c.pdf;HORAIRE;4221
C01616;Plan ligne 4201;https://ilico.iledefrance-mobilites.fr/uploads/plans/20260706T075018Z-25fe9b5e-bce4-48d1-9acd-8e73014ad862.pdf;PLAN;4201
C01618;Horaires ligne 4212 - Du 25 août 2025 au 12 juillet 2026;https://ilico.iledefrance-mobilites.fr/uploads/fiches/20260322T142034Z-996644f2-0e6b-47f4-851d-b71167cc161a.pdf;HORAIRE;4212
C01618;Plan ligne 4212;https://ilico.iledefrance-mobilites.fr/uploads/plans/20260706T080158Z-7f7236a9-ac37-400a-9bc8-68e368c9f1ea.pdf;PLAN;4212
C01622;Horaires ligne 4202 - Du 25 août 2025 au 12 juillet 2026;https://ilico.iledefrance-mobilites.fr/uploads/fiches/20260316T160109Z-0fe3d7f8-ae88-498d-a448-54b309051285.pdf;HORAIRE;4202
C01623;Plan ligne 4217;https://ilico.iledefrance-mobilites.fr/uploads/plans/20260706T081406Z-961082ec-8e21-4fce-87ba-815b617682db.pdf;PLAN;4217
C01627;Plan ligne 4214;https://ilico.iledefrance-mobilites.fr/uploads/plans/20260706T081811Z-bef46607-ef34-47d0-b639-a70695de91ec.pdf;PLAN;4214
C01630;Horaires ligne 4219 - Du 25 août 2025 au 12 juillet 2026;https://ilico.iledefrance-mobilites.fr/uploads/fiches/20260322T160403Z-3fbbf736-6c84-44c5-8895-2621062e89be.pdf;HORAIRE;4219
C01630;Plan ligne 4219;https://ilico.iledefrance-mobilites.fr/uploads/plans/20260706T082402Z-ce11c6f4-c500-4d7f-966f-b9104f9c6940.pdf;PLAN;4219
C01636;Horaires Ligne N131 à compter du 5 janvier 2026;https://portail-idfm-operateurs.cdn.prismic.io/portail-idfm-operateurs/aTrYPnNYClf9oENA_IDFM-2025-DSP25-depliant-bus-nuit-N131-10x20.pdf;HORAIRE;N131
C01636;Plan de ligne N131 à compter du 5 janvier 2026;https://portail-idfm-operateurs.cdn.prismic.io/portail-idfm-operateurs/aTrYk3NYClf9oENd_Ligne_COEUR_D%27ESSONNE_N13150126v2.pdf;PLAN;N131
C01638;Noctilien N140 Horaires valables à partir du 25 août 2025;https://ilico.iledefrance-mobilites.fr/uploads/fiches/20250826T124209Z-0fefe1f4-c3d3-48fb-bd15-c9f66f492863.pdf;HORAIRE;N140
C01641;Horaires valables à compter du 05 janvier 2026;https://ilico.iledefrance-mobilites.fr/uploads/fiches/20260129T112146Z-09a2516e-4b0c-4133-a491-78851720d19d.pdf;HORAIRE;N152
C01643;Plan de la ligne Bus de Nuit N135;https://ilico.iledefrance-mobilites.fr/uploads/plans/20260115T080507Z-a3b24fd5-cbb5-4cde-958d-3d12b3cc0f1f.pdf;PLAN;N135
C01644;Noctilien N143 Horaires valables à partir du 25 août 2025;https://ilico.iledefrance-mobilites.fr/uploads/fiches/20250826T124245Z-0c7bf578-6f85-4eed-ace8-2340196217e8.pdf;HORAIRE;N143
C01651;Plan de ligne 4661;https://ilico.iledefrance-mobilites.fr/uploads/plans/20250826T074407Z-3cf754ca-6fbe-43cf-8e9d-079a2ad45a9b.pdf;PLAN;4661
C01654;Fiche WEB ligne S4 (4664) Hiver 2025-2026, à partir du lundi 5 janvier 2026;https://portail-idfm-operateurs.cdn.prismic.io/portail-idfm-operateurs/aTmx5HNYClf9oBpN_FicheWEBligneS4-4664-Hiver2025-2026%2C%C3%A0partirdulundi5janvier2026.pdf;HORAIRE;4664
C01658;Ligne 415 Horaires à compter du 1er sept. 2026;https://ilico.iledefrance-mobilites.fr/uploads/fiches/20260731T085554Z-b54ca688-7d99-47b2-a2fa-5b6ab00c6889.pdf;HORAIRE;415
C01659;Fiche horaire 1301;https://ilico.iledefrance-mobilites.fr/uploads/fiches/20250828T140110Z-4c4307c2-2c62-44b7-aa5c-a55628c1c79b.pdf;HORAIRE;1301
C01663;Plan Ligne 4502 (maj 06/01/2025);https://ilico.iledefrance-mobilites.fr/uploads/plans/20250106T111848Z-515a83f1-20e2-4409-b40d-71531b22e2c9.pdf;PLAN;4502
C01668;Horaires valables du 6 juillet 2026 au 31 août 2027 (sauf du 06/07/26 au 31/08/26 et du 05/07/27 au 31/08/27);https://ilico.iledefrance-mobilites.fr/uploads/fiches/20260702T153122Z-eb0c36bf-843b-42fc-bf4b-a54817c31802.pdf;HORAIRE;5197
C01672;Horaires ligne 4216 - Du 13 juillet au 23 août 2026;https://ilico.iledefrance-mobilites.fr/uploads/fiches/20260706T083033Z-f85a8505-2acc-4a7a-a186-07c71c4a3939.pdf;HORAIRE;4216
C01673;Horaires Ligne 4583 - A compter du 1er septembre 2026 au 3 juillet 2027;https://ilico.iledefrance-mobilites.fr/uploads/fiches/20260806T102225Z-c7d6d85b-5f3f-4e6a-989f-30d6bfd98746.pdf;HORAIRE;4583
C01677;Horaires valables du 24 août 2026 au 11 juillet 2027 (sauf du 28 décembre 2026 au 3 janvier 2027);https://ilico.iledefrance-mobilites.fr/uploads/fiches/20260804T133009Z-35f16f64-68db-427a-ac25-060fecf57b6c.pdf;HORAIRE;5130
C01677;Ligne 5130 - schéma de ligne;https://ilico.iledefrance-mobilites.fr/uploads/plans/20240702T141623Z-20fed8c6-951a-4c8c-a30c-4034c85df757.pdf;PLAN;5130
C01685;Plan ligne 1221;https://ilico.iledefrance-mobilites.fr/uploads/plans/20260309T160529Z-5d617f2d-a2e9-4b17-964d-4721e78ebfe8.pdf;PLAN;1221
C01690;Horaires HIVER valables du 01/09/26 au 02/07/2027;https://ilico.iledefrance-mobilites.fr/uploads/fiches/20260730T144333Z-61b0e115-b82d-464b-9cab-066e33b8fa79.pdf;HORAIRE;6179
C01690;Schéma ligne 6179;https://ilico.iledefrance-mobilites.fr/uploads/plans/20250828T064459Z-d2da262f-1452-42b4-91e0-a13d7f5edd0e.pdf;PLAN;6179
C01696;Fiche horaire 248 - Offre d'été 2026;https://ilico.iledefrance-mobilites.fr/uploads/fiches/20260729T102257Z-724d42ff-f7cc-415e-8ac3-632ecb06a6fd.pdf;HORAIRE;248
C01697;Plan ligne 4602;https://ilico.iledefrance-mobilites.fr/uploads/plans/20250418T135919Z-8d85ce95-552c-4666-b6b6-ce871ca937d0.pdf;PLAN;4602
C01699;Plan ligne 4622;https://ilico.iledefrance-mobilites.fr/uploads/plans/20250418T140509Z-17a9e298-7cba-4183-b520-69d9acd112e9.pdf;PLAN;4622
C01702;Horaires HIVER valables du 24/08/26 au 11/07/2027;https://ilico.iledefrance-mobilites.fr/uploads/fiches/20260731T121447Z-76fd318a-9506-4ea2-8958-e1d855cc098f.pdf;HORAIRE;6162
C01708;Ligne 4436;https://ilico.iledefrance-mobilites.fr/uploads/plans/20240901T093645Z-88b3ac27-4fcf-45f2-a10e-94425a7e8fc2.pdf;PLAN;4436
C01717;Ligne 708 - Plan de ligne;https://ilico.iledefrance-mobilites.fr/uploads/plans/20260710T091748Z-072c6e53-4810-4a83-abc7-25e0fef092f7.pdf;PLAN;708 (ex 8)
C01720;Plan de ligne 5277;https://ilico.iledefrance-mobilites.fr/uploads/plans/20250320T145423Z-a54497b1-7f44-4b5f-9053-ebc2bf894a49.pdf;PLAN;5277
C01721;Ligne 5307 - Nouveaux Horaires à partir du 1er Septembre 2026;https://ilico.iledefrance-mobilites.fr/uploads/fiches/20260625T160637Z-f109668f-3ad3-4d74-8748-ad957d1ad946.pdf;HORAIRE;5307
C01724;Horaires Ligne 3210 du 31 Août 2026 au 29 Août 2027;https://ilico.iledefrance-mobilites.fr/uploads/fiches/20260721T062811Z-cc5df8ae-3012-4a42-9fdd-fb1a0a535a97.pdf;HORAIRE;3210
C01724;Horaires Ligne 3210 du 01 Septembre2025 au 30 Août 2026;https://ilico.iledefrance-mobilites.fr/uploads/fiches/20251211T094831Z-2087ba30-466e-45a9-b9d7-4aedbbb3161c.pdf;HORAIRE;3210
C01726;Horaires Ligne 3259 du 31 Août 2026 au 29 Août 2027;https://ilico.iledefrance-mobilites.fr/uploads/fiches/20260721T062718Z-d6ccf3d6-f5ee-4022-a511-2ff36500a82a.pdf;HORAIRE;3259
C01726;Horaires Ligne 3259 du 01 Octobre2025 au 30 Août 2026;https://ilico.iledefrance-mobilites.fr/uploads/fiches/20251211T095959Z-f6d414c0-8720-46ad-a0da-841a9de61a29.pdf;HORAIRE;3259
C01728;Plan RER D;https://www.transilien.com/fr/page-lignes/ligne-d;PLAN;D
C01735;Plan de ligne 1305;https://ilico.iledefrance-mobilites.fr/uploads/plans/20240405T171632Z-d122ca5c-dcd8-4f7c-be46-688eae228fb8.pdf;PLAN;1305
C01737;Horaires Transilien H;https://www.transilien.com/fr/page-lignes/ligne-h#content-section-1156-part-2-tab;HORAIRE;H
C01739;Plan Transilien J;https://www.transilien.com/fr/page-lignes/ligne-j;PLAN;J
C01742;Plan RER A;https://www.ratp.fr/plans-lignes/rer/a;PLAN;A
C01746;Site TER Hauts-de-France;https://ter.sncf.com/hauts-de-france;HORAIRE;TER Hauts-de-France
C01755;Horaires valables à partir du 6 juillet 2026;https://ilico.iledefrance-mobilites.fr/uploads/fiches/20260702T141600Z-58725e95-7c0d-466c-9c79-fd70600ae0a9.pdf;HORAIRE;6421
C01763;Plan Ligne 4554 (maj 06/01/2025);https://ilico.iledefrance-mobilites.fr/uploads/plans/20250106T103500Z-a8853685-b7f2-42e1-bfd7-8876facaf9fc.pdf;PLAN;4554
C01765;Horaires hiver 2026 / 2027;https://ilico.iledefrance-mobilites.fr/uploads/fiches/20260730T100244Z-4260df92-2a8e-4946-bc74-e267d84b1b50.pdf;HORAIRE;4322
C01772;Plan de la ligne 6230;https://ilico.iledefrance-mobilites.fr/uploads/plans/20250811T145711Z-48728ad6-e30b-4300-bdcf-31faeab83874.pdf;PLAN;6230
C01776;Horaires valables à partir du 25 août 2025;https://ilico.iledefrance-mobilites.fr/uploads/fiches/20250813T140339Z-80d8f4ed-963f-4f52-bf83-7ca70a47acc4.pdf;HORAIRE;2129
C01777;Horaires valables à partir du 1er septembre 2025;https://ilico.iledefrance-mobilites.fr/uploads/fiches/20250813T141457Z-c999427f-22dd-4edc-9896-bcd23bec18cc.pdf;HORAIRE;2168
C01777;Plan du 2168 au 22/04/2024;https://ilico.iledefrance-mobilites.fr/uploads/plans/20250805T125739Z-97a86065-ea07-40c8-84e0-95ec460271e5.pdf;PLAN;2168
C01779;Horaires valables à partir du 05 janvier 2026;https://ilico.iledefrance-mobilites.fr/uploads/fiches/20260213T100832Z-3e4b4f97-d6b8-4805-bf1e-bcfe6e62d042.pdf;HORAIRE;2171
C01784;Plan de la ligne 6504;https://ilico.iledefrance-mobilites.fr/uploads/plans/20260422T094148Z-b30040e9-6d08-40af-9ae0-02d709e94092.pdf;PLAN;6504
C01787;Horaires valables à compter du 05 janvier 2026;https://ilico.iledefrance-mobilites.fr/uploads/fiches/20251212T154606Z-458b84b1-87b2-4f76-a730-efc5faf2ac16.pdf;HORAIRE;1132
C01792;Plan (mise à jour 29/12/2021);https://www.parisaeroport.fr/docs/default-source/passager-fichiers/acces/acces-routiers/edito_navettes-inter-terminaux-paris-cdg_plan-circuit-n2.jpg?sfvrsn=28fe35bd_6;PLAN;N2
C01794;Plan Tramway T6;https://www.ratp.fr/sites/default/files/lines-assets/plan-de-ligne/tram/plan-de-ligne_tram_ligne-t6.pdf;PLAN;T6
C01795;Horaires Ligne T8;https://www.ratp.fr/sites/default/files/lines-assets/fiche-horaire/tram/fiche-horaire_tram_ligne-t8.pdf;HORAIRE;T8
C01796;Horaires valables du 01 septembre 2026 au 04 juillet 2027 inclus;https://ilico.iledefrance-mobilites.fr/uploads/fiches/20260810T075421Z-3798ffc8-6195-4fda-878e-04e2748e94a5.pdf;HORAIRE;5413
C01796;Plan de ligne 5413;https://ilico.iledefrance-mobilites.fr/uploads/plans/20250901T102839Z-df69dbce-c781-417a-a607-a2be32ced746.pdf;PLAN;5413
C01801;Horaires valables à partir du 25 août 2025;https://ilico.iledefrance-mobilites.fr/uploads/fiches/20250813T134041Z-18e8e646-a0ce-460e-bd1d-9cc0c18e4c81.pdf;HORAIRE;2113
C01804;Fiche horaire été;https://ilico.iledefrance-mobilites.fr/uploads/fiches/20260616T101924Z-cff455e7-1436-4065-921a-bc3fa79c133a.pdf;HORAIRE;1515
C01806;Fiche horaires ligne 3702 du 4 mai au 23 aout 2026;https://ilico.iledefrance-mobilites.fr/uploads/fiches/20260422T091917Z-15b5d545-1bae-4dbe-9ea6-18ed1dbec027.pdf;HORAIRE;3702
C01807;Fiche Horaire N66;https://ilico.iledefrance-mobilites.fr/uploads/fiches/20260713T074654Z-39ea69b8-4196-455f-be9b-7c8aa08e07d7.pdf;HORAIRE;N66
C01807;Plan de ligne N66;https://ilico.iledefrance-mobilites.fr/uploads/plans/20260408T134111Z-229dd7a4-7fcb-4427-8295-640d66632219.pdf;PLAN;N66
C01808;Horaires ligne 254;https://ilico.iledefrance-mobilites.fr/uploads/fiches/20260805T114413Z-96f912c2-ef91-45ec-9e90-6260d9d6bbe7.pdf;HORAIRE;254
C01808;Plan ligne 254;https://ilico.iledefrance-mobilites.fr/uploads/plans/20260708T165208Z-89211fe6-b09f-4ab4-99ae-69ab5b5467f9.pdf;PLAN;254
C01809;Plan de ligne 380;https://ilico.iledefrance-mobilites.fr/uploads/plans/20260801T173612Z-15d22bbc-f684-4364-8d02-1ace864a825a.pdf;PLAN;380
C01816;Plan de la ligne R114;https://ilico.iledefrance-mobilites.fr/uploads/plans/20241014T134814Z-182f0246-bdbf-4269-b237-4aa614ed98ef.pdf;PLAN;R114 (future 1674)
C01822;Plan ligne 6437  - Parc d'activités du Val d'Argenteuil - Gare du Val d'Argenteuil;https://ilico.iledefrance-mobilites.fr/uploads/plans/20260702T144903Z-c1be9143-2dd0-409b-afe1-8dbbe83056ad.pdf;PLAN;6437
C01831;Fiche Horaire;https://www.paris-saclay.com/app/uploads/2025/09/fiche_horaires_navette-ABC-2025.pdf;HORAIRE;B
C01832;Plan;https://www.paris-saclay.com/app/uploads/2025/09/fiche_horaires_navette-ABC-2025.pdf;PLAN;C
C01856;Site TER Centre Val-de-Loire;https://m.ter.sncf.com/centre-val-de-loire;HORAIRE;Remplacement TER Centre - Val de Loire
C01863;Site TER Hauts-de-France;https://ter.sncf.com/hauts-de-france;HORAIRE;TER Hauts-de-France
C01866;Plan de ligne;https://ilico.iledefrance-mobilites.fr/uploads/plans/20250805T124610Z-f61de54a-8c8d-4669-8139-b16fe201f518.pdf;PLAN;2124
C01867;Ligne 20 - Horaires valables à partir du 1er décembre 2025;https://ilico.iledefrance-mobilites.fr/uploads/fiches/20251128T140058Z-ef321b9c-2619-4333-8941-923cba704744.pdf;HORAIRE;20 (future 1620)
C01868;Horaires d'été 2026 - L6240 du 13 juillet au 23 août 2026;https://ilico.iledefrance-mobilites.fr/uploads/fiches/20260703T144606Z-f9eb5542-49c7-4d39-ad69-5ab3525f52cf.pdf;HORAIRE;6240
C01869;Horaires valables du 13 juillet au 23 août 2026;https://ilico.iledefrance-mobilites.fr/uploads/fiches/20260702T102209Z-419270e0-f410-4042-8907-3ae26f2c9e5a.pdf;HORAIRE;5102
C01871;Horaires valables du 13 juillet au 23 août 2026;https://ilico.iledefrance-mobilites.fr/uploads/fiches/20260702T103426Z-4dbe9840-b352-4b6d-8455-e16f3d6cf1b1.pdf;HORAIRE;5111
C01872;Plan de la ligne 6243;https://ilico.iledefrance-mobilites.fr/uploads/plans/20250812T081858Z-cf49646f-1fef-492f-a0ab-b20ff96c5382.pdf;PLAN;6243
C01874;5288_Septembre 2025;https://ilico.iledefrance-mobilites.fr/uploads/fiches/20260212T153332Z-c9cbb22d-2a4b-4e97-93f8-6b75151a3493.pdf;HORAIRE;5288
C01874;plan de ligne 5288;https://ilico.iledefrance-mobilites.fr/uploads/plans/20250328T094055Z-84dd3dc5-3175-47cd-ac32-6e9132282c94.pdf;PLAN;5288
C01886;Plan de la ligne de Bus 4112;https://ilico.iledefrance-mobilites.fr/uploads/plans/20250227T164830Z-e9641db0-16a7-4c8a-a2f5-6028072f9499.pdf;PLAN;4112
C01896;Fiche horaire TàD Bassée;https://ilico.iledefrance-mobilites.fr/uploads/fiches/20250507T083310Z-611265f5-7339-4808-9b8c-7a8ab10f8e5f.pdf;HORAIRE;TàD Bassée
C01903;Fiche horaire;https://www.paris-saclay.com/app/uploads/2025/07/fiche_horaires_navette_HQ_2024.pdf;HORAIRE;H
C01904;Fiche horaire;https://www.paris-saclay.com/app/uploads/2025/07/fiche_horaires_navette_DL.pdf;HORAIRE;L
C01934;Horaires Hiver - L6284 du 1er septembre 2025 au 3 juillet 2026;https://ilico.iledefrance-mobilites.fr/uploads/fiches/20250812T083226Z-4e4cca07-b2c6-4b10-9159-2734fa1f13bc.pdf;HORAIRE;6284
C01947;Horaires ligne 3408 et 3418 à partir du 1er Septembre 2025;https://ilico.iledefrance-mobilites.fr/uploads/fiches/20260218T162912Z-162c2a56-4a92-404c-a073-b6faf6d0e160.pdf;HORAIRE;3408
C01950;Plan Ligne 4532 à compter du 3 novembre 2025;https://ilico.iledefrance-mobilites.fr/uploads/plans/20251103T075822Z-91e328a9-6cf4-48cb-b06a-47422e1aadd5.pdf;PLAN;4532
C01951;Ligne 7812 - Horaires à partir du 6 juillet 2026;https://ilico.iledefrance-mobilites.fr/uploads/fiches/20260617T153546Z-929ac0ed-40d4-481f-a9bc-d478b399bf2b.pdf;HORAIRE;7812
C01951;plan de ligne 7812;https://ilico.iledefrance-mobilites.fr/uploads/plans/20250320T180435Z-328947cc-6a66-499d-b20b-1c52abc07b08.pdf;PLAN;7812
C01952;Ligne 5349 - Horaires à partir du 6 juillet 2026;https://ilico.iledefrance-mobilites.fr/uploads/fiches/20260617T152658Z-68509161-6b1d-4e02-b707-3fad62a26318.pdf;HORAIRE;5349
C01952;Plan 5349;https://ilico.iledefrance-mobilites.fr/uploads/plans/20250303T151738Z-aed9c67a-155e-4048-b9a6-e5222a093040.pdf;PLAN;5349
C01957;Ligne 5216 - Horaire rentrée Septembre 2025;https://ilico.iledefrance-mobilites.fr/uploads/fiches/20260413T110231Z-4f23e183-d68c-4e09-9f94-4d9c16125f6c.pdf;HORAIRE;5216
C01958;Horaires Ligne 3531 du 01/09/2025 au 04/07/2026;https://ilico.iledefrance-mobilites.fr/uploads/fiches/20251008T101059Z-9c838691-8812-44d3-ba81-01d0bf2f09e1.pdf;HORAIRE;3531
C01961;Horaires Ligne 3535 du 01/09/2025 au 04/07/2026;https://ilico.iledefrance-mobilites.fr/uploads/fiches/20251008T101153Z-addbd90a-68c3-48f4-baca-3afce5fd1123.pdf;HORAIRE;3535
C01961;3535;https://ilico.iledefrance-mobilites.fr/uploads/plans/20260730T154051Z-d4abdc2f-a9b8-48ac-8531-b1d7b2a07dac.pdf;PLAN;3535
C01965;Horaires Ligne 3511 du 01/09/2025 au 04/07/2026;https://ilico.iledefrance-mobilites.fr/uploads/fiches/20251008T101312Z-3332ccd9-9d2a-4e09-a473-a806f65339b8.pdf;HORAIRE;3511
C01969;3516;https://ilico.iledefrance-mobilites.fr/uploads/plans/20260730T154424Z-fa9f2ac2-bc3b-40e1-ade3-4ecce094be09.pdf;PLAN;3516
C01970;Horaires Ligne 3517 du 01/09/2025 au 30/08/2026;https://ilico.iledefrance-mobilites.fr/uploads/fiches/20260217T090823Z-e43eafd8-0c91-44f0-b98c-b5c7354f731b.pdf;HORAIRE;3517
C01978;Ligne 4433 - Horaires valables du 1er septembre 2026 au 4 juillet 2027;https://ilico.iledefrance-mobilites.fr/uploads/fiches/20260807T153958Z-37c628b3-d03c-45a9-998a-b2863c846aad.pdf;HORAIRE;4433
C01980;plan ligne 5221;https://ilico.iledefrance-mobilites.fr/uploads/plans/20250228T150128Z-35535683-bba4-4111-8276-7c8df698572f.pdf;PLAN;5221
C01981;plan ligne 5342;https://ilico.iledefrance-mobilites.fr/uploads/plans/20250228T151840Z-7cd73787-77d5-467e-bab4-eea7461daae8.pdf;PLAN;5342
C01983;Ligne 5235- Horaire rentrée Septembre 2025;https://ilico.iledefrance-mobilites.fr/uploads/fiches/20260424T152439Z-7fba5da4-a33a-442a-829a-28d77b994af9.pdf;HORAIRE;5235
C01989;Plan de ligne 5251;https://ilico.iledefrance-mobilites.fr/uploads/plans/20250312T172343Z-ae3ec511-4de9-4f6f-baec-1ced06e6bd21.pdf;PLAN;5251
C01990;Plan de ligne 5355;https://ilico.iledefrance-mobilites.fr/uploads/plans/20250328T100507Z-26af1adc-21c4-40bb-be8a-1cd6e085a3c8.pdf;PLAN;5355
C01992;Ligne 5317 - Horaires à partir du 6 juillet 2026;https://ilico.iledefrance-mobilites.fr/uploads/fiches/20260617T145935Z-1a144036-0d87-4ae1-a8b5-c4d6ebe13dd5.pdf;HORAIRE;5317
C01992;Plan ligne 5317;https://ilico.iledefrance-mobilites.fr/uploads/plans/20250312T131929Z-dcb1c123-6194-410b-b3bf-bd89801c299c.pdf;PLAN;5317
C01994;Ligne 2351 - A partir du 4 mai;https://ilico.iledefrance-mobilites.fr/uploads/fiches/20260424T140100Z-f0636789-235f-4f11-8200-54011e93cc8f.pdf;HORAIRE;2351
C02000;Plan de ligne 259;https://ilico.iledefrance-mobilites.fr/uploads/plans/20260611T102409Z-12c04be3-ae58-4270-8616-b80ed6b49237.pdf;PLAN;259
C02005;Ligne 1427 - Horaires valables du 3 aout 2026 au 23 aout 2026 inclus;https://ilico.iledefrance-mobilites.fr/uploads/fiches/20260717T135149Z-3cf404f2-4bd4-4c02-979a-b032bebd2342.pdf;HORAIRE;1427 (ex 30-03)
C02006;Ligne 1429 - Horaires valables du 3 aout 2026 inclus au 23 aout 2026 inclus.;https://ilico.iledefrance-mobilites.fr/uploads/fiches/20260717T164542Z-0f62ece0-93e9-4c5f-a720-a9f6b519e4de.pdf;HORAIRE;1429 (ex 30-49)
C02007;Plan ligne 168;https://ilico.iledefrance-mobilites.fr/uploads/plans/20260708T170040Z-c37e8c5e-f05d-436b-a0f3-600d48c0dab3.pdf;PLAN;168
C02019;Adresses point arrêt bus de remplacement ligne T11;https://ilico.iledefrance-mobilites.fr/uploads/plans/20260701T081011Z-9fe29948-f8a0-4c84-a67d-1e7e190f475f.pdf;PLAN;Remplacement Tram T11
C02020;Plan de Bus ligne 4307;https://ilico.iledefrance-mobilites.fr/uploads/plans/20260626T125049Z-c65b10cd-f844-4048-9d0b-98a2e866b79b.pdf;PLAN;4307
C02022;Horaires hiver 2026 / 2027;https://ilico.iledefrance-mobilites.fr/uploads/fiches/20260730T095901Z-82536ebc-6025-4eb9-a37d-c1c55eaa0b5a.pdf;HORAIRE;4327
C02027;Plan Ligne 260;https://www.ratp.fr/sites/default/files/lines-assets/plan-de-ligne/busratp/plan-de-ligne_busratp_ligne-260.pdf;PLAN;260
C02031;3514;https://ilico.iledefrance-mobilites.fr/uploads/plans/20260730T153332Z-79970fb7-7e69-4679-936a-616e026ca2d6.pdf;PLAN;3514
C02032;3547;https://ilico.iledefrance-mobilites.fr/uploads/plans/20260730T154643Z-af150e4d-0c61-4006-bba0-ce3777ad92c1.pdf;PLAN;3547
C02033;Plan de ligne 1349;https://ilico.iledefrance-mobilites.fr/uploads/plans/20240405T164232Z-324913ec-cdfc-4491-aceb-98c1142e0d87.pdf;PLAN;1349
C02040;Ligne 1434 - Horaires valables du 24 août 2026 au 29 août 2027 inclus.;https://ilico.iledefrance-mobilites.fr/uploads/fiches/20260810T103551Z-5e46b58b-907e-4955-9a6f-8478454be2d2.pdf;HORAIRE;1434 (ex CitéVal Cormeilles-en-Parisis)
C02056;Horaires Ligne 3245 du 01 Septembre2025 au 30 Août 2026;https://ilico.iledefrance-mobilites.fr/uploads/fiches/20251211T095358Z-d425c5e6-685c-4b4c-a145-fb6fed8cbe6b.pdf;HORAIRE;3245
C02065;Horaires Ligne 4581 - A compter du 1er septembre 2026 au 3 juillet 2027;https://ilico.iledefrance-mobilites.fr/uploads/fiches/20260806T102144Z-ee0214c1-4473-443d-803a-8d761a054ca6.pdf;HORAIRE;4581
C02068;Ligne 4418 - Horaires valables du 1er septembre 2026 au 4 juillet 2027;https://ilico.iledefrance-mobilites.fr/uploads/fiches/20260807T153803Z-78d87d0b-a6c1-4421-9f46-35ba3a215083.pdf;HORAIRE;4418
C02068;Ligne 4418;https://ilico.iledefrance-mobilites.fr/uploads/plans/20240901T094713Z-10339568-0e54-4163-b149-79b622848367.pdf;PLAN;4418
C02069;Fiche Horaires 17.08.2026;https://ilico.iledefrance-mobilites.fr/uploads/fiches/20260806T081008Z-c2493b15-a682-4dae-ac11-5292529d2192.pdf;HORAIRE;2403
C02072;Plan Ligne 2415;https://ilico.iledefrance-mobilites.fr/uploads/plans/20251001T091452Z-5355c61a-e500-47bd-818f-d01bb7146f6d.pdf;PLAN;2415
C02076;Horaires d'été 2026 - L6276 du 13 juillet au 23 août 2026;https://ilico.iledefrance-mobilites.fr/uploads/fiches/20260703T144839Z-60da83d6-99f2-484c-b3a1-e649a7966519.pdf;HORAIRE;6276
C02076;Plan de la ligne 6276;https://ilico.iledefrance-mobilites.fr/uploads/plans/20250812T082617Z-5b2319e7-0d2b-4a54-97d4-73d95f75ebf1.pdf;PLAN;6276
C02077;Fiche horaires 01.09.2025;https://ilico.iledefrance-mobilites.fr/uploads/fiches/20250728T150636Z-d444968f-5c7e-4d1d-96ab-4e6497572bbe.pdf;HORAIRE;2419
C02079;Fiche horaires 01.09.2025;https://ilico.iledefrance-mobilites.fr/uploads/fiches/20250728T150949Z-466fa188-3f8d-4b7b-9af4-1e995721165c.pdf;HORAIRE;2473
C02085;Horaires valables du 6 juillet 2026 au 30 août 2026;https://ilico.iledefrance-mobilites.fr/uploads/fiches/20260702T124140Z-a4b82fc1-3922-4836-bd3a-800e824fa2e3.pdf;HORAIRE;1233
C02087;Plan de ligne 3134;https://ilico.iledefrance-mobilites.fr/uploads/plans/20250129T144822Z-906169c1-4664-4dd6-85f9-b22d18439b96.pdf;PLAN;3134
C02088;Dépliant_3129 au 131025;https://ilico.iledefrance-mobilites.fr/uploads/fiches/20251013T121627Z-f1cd742f-849e-4098-9441-d36d9668e040.pdf;HORAIRE;3129
C02090;Plan de ligne 3122;https://ilico.iledefrance-mobilites.fr/uploads/plans/20250129T145659Z-890ba031-e8b2-492f-a8c0-ac5063cab2e4.pdf;PLAN;3122
C02091;Fiche internet_3125 au 01092025;https://ilico.iledefrance-mobilites.fr/uploads/fiches/20251217T131338Z-1b347e7f-52d8-48ff-94f2-ae5488e0f22b.pdf;HORAIRE;3125
C02091;Plan 3125;https://ilico.iledefrance-mobilites.fr/uploads/plans/20251217T130948Z-65cbec9f-306e-466e-b553-3d701fcdf4a1.pdf;PLAN;3125
C02093;Fiche horaires 01.09.2025;https://ilico.iledefrance-mobilites.fr/uploads/fiches/20250728T134920Z-6074706d-a870-4395-875d-8676a97f1aaa.pdf;HORAIRE;2450
C02096;Plan Ligne 2453;https://ilico.iledefrance-mobilites.fr/uploads/plans/20251001T122739Z-ede8c34a-62ae-4016-a803-1eab6b102f24.pdf;PLAN;2453
C02107;Fiche internet_3137;https://ilico.iledefrance-mobilites.fr/uploads/fiches/20260612T121513Z-a86a09be-ffa5-491f-a3b4-fc18af3b04da.pdf;HORAIRE;3137
C02111;Ligne 443 du 1 septembre au 5 juillet 2026;https://ilico.iledefrance-mobilites.fr/uploads/fiches/20250818T112020Z-fd9da6ab-6af3-46d7-ac18-37447c7ab067.pdf;HORAIRE;443
C02111;Plan de ligne 443;https://ilico.iledefrance-mobilites.fr/uploads/plans/20241210T171703Z-3860978f-4d45-496b-bdbe-240fafc111ee.pdf;PLAN;443
C02116;Plan Ligne 2457;https://ilico.iledefrance-mobilites.fr/uploads/plans/20260202T093451Z-fbc6650e-86b0-40d5-86ab-51a74c78c127.pdf;PLAN;2457
C02120;Plan de la ligne 3126;https://ilico.iledefrance-mobilites.fr/uploads/plans/20251007T074940Z-3412523d-38ac-49bc-901e-9510ae0f3a69.pdf;PLAN;3126
C02121;Dépliant_3130 au 09032026;https://ilico.iledefrance-mobilites.fr/uploads/fiches/20260224T093558Z-88733f0d-a16b-4707-92d1-9a7f21cda3d4.pdf;HORAIRE;3130
C02124;Dépliant_3148 été au 04072026;https://ilico.iledefrance-mobilites.fr/uploads/fiches/20260526T131713Z-e5ca353f-7e33-46d9-bb79-ded6b3c43e70.pdf;HORAIRE;3148
C02125;Fiche internet_3131 au 01092025;https://ilico.iledefrance-mobilites.fr/uploads/fiches/20250723T092439Z-8c7df8aa-2694-424d-bccf-24e57e2c6e3a.pdf;HORAIRE;3131
C02137;Ligne 704 - Plan de ligne;https://ilico.iledefrance-mobilites.fr/uploads/plans/20260710T090345Z-d85affa4-774f-4430-a46f-6b4d6bf5c004.pdf;PLAN;704 (ex 4)
C02139;Ligne 8s - Horaires valables du 25 août 2025 au 12 juillet 2026;https://ilico.iledefrance-mobilites.fr/uploads/fiches/20250825T075608Z-19651e7e-d148-460f-ada1-4820190d53cc.pdf;HORAIRE;718 (ex 8S)
C02141;Horaires valables du 6 juillet 2026 au 30 août 2026;https://ilico.iledefrance-mobilites.fr/uploads/fiches/20260702T123912Z-bfd0c505-fb19-476a-ac03-1de6b44fce55.pdf;HORAIRE;1229
C02144;Plan ligne 6427 - Gare de Chatou-Croissy - Place du Dr Roux;https://ilico.iledefrance-mobilites.fr/uploads/plans/20260702T140404Z-98ddaa05-b368-467b-bc23-f394a45c0f7b.pdf;PLAN;6427
C02146;Plan ligne 6454 - Carrières Monceau - Collège des Amandiers;https://ilico.iledefrance-mobilites.fr/uploads/plans/20260702T143850Z-2d430cc3-c90c-4cbf-a238-ca55719afcb7.pdf;PLAN;6454
C02147;Plan ligne 6468 - Montesson - Sartrouville Lycée Evariste Galois;https://ilico.iledefrance-mobilites.fr/uploads/plans/20260702T143728Z-3073315a-f361-4a8c-a44e-a9fd36416cb4.pdf;PLAN;6468
C02153;Plan de bus ligne 6467;https://ilico.iledefrance-mobilites.fr/uploads/plans/20260702T144014Z-3d4424f4-4c6c-4c59-9dfa-88a002cd21d6.pdf;PLAN;6467
C02156;Horaires ligne 3429 valables à partir du 1er septembre 2026;https://ilico.iledefrance-mobilites.fr/uploads/fiches/20260805T135500Z-2978ccf4-6195-4acc-baaa-b4aa9698623d.pdf;HORAIRE;3429
C02160;Plan Ligne 2482;https://ilico.iledefrance-mobilites.fr/uploads/plans/20251001T121057Z-aa02177a-9d52-4151-ba6d-f193989603f7.pdf;PLAN;2482
C02161;Horaires valables du 06 juillet au 31 août 2026;https://ilico.iledefrance-mobilites.fr/uploads/fiches/20260610T073927Z-7318ffd2-f38e-4c4f-8875-d24dec5ee9e1.pdf;HORAIRE;5431
C02161;Plan de ligne 5431;https://ilico.iledefrance-mobilites.fr/uploads/plans/20250901T174153Z-5440ba1f-7eab-40ab-98bd-f7dbadb90395.pdf;PLAN;5431
C02165;Ligne 11.5 -  Horaires valables à partir du 1er septembre 2025 en période scolaire;https://ilico.iledefrance-mobilites.fr/uploads/fiches/20250829T163516Z-fcadd0c6-79d7-40e1-a460-f9a38f55c8a1.pdf;HORAIRE;11.5 (future 1651)
C02166;Ligne 12ZI - Horaires valables à partir du 25 août 2025;https://ilico.iledefrance-mobilites.fr/uploads/fiches/20250825T143531Z-530e2391-eba3-44ce-ad82-6c687b5f4025.pdf;HORAIRE;12 ZI (future 1618)
C02170;Horaires valables du 13 juillet au 23 août 2026;https://ilico.iledefrance-mobilites.fr/uploads/fiches/20260702T103544Z-5a0bb4b0-0ab6-42df-8ec2-f6be7dfd5968.pdf;HORAIRE;5113
C02183;Horaires d'été 2026 - L6253 du 13 juillet au 23 août 2026;https://ilico.iledefrance-mobilites.fr/uploads/fiches/20260703T142422Z-f990ee3d-582c-46a7-ab4f-81d1d97fa5a6.pdf;HORAIRE;6253
C02184;Plan de la ligne 6254;https://ilico.iledefrance-mobilites.fr/uploads/plans/20260413T144558Z-36f9d1ef-dd56-4257-a646-8a34bcc04492.pdf;PLAN;6254
C02193;Fiche horaires ligne 3773 du 1er septembre 2026 au 4 juillet 2027;https://ilico.iledefrance-mobilites.fr/uploads/fiches/20260805T140507Z-ca831323-3062-425e-bb45-937fc06b2698.pdf;HORAIRE;3773
C02193;Plan de bus 3773;https://ilico.iledefrance-mobilites.fr/uploads/plans/20250103T143355Z-500c2963-2d78-41ed-a148-6005766e283d.pdf;PLAN;3773
C02201;Horaires de la ligne 9111;https://ilico.iledefrance-mobilites.fr/uploads/fiches/20260219T113722Z-ef5a2467-4fee-46ce-a5e6-5af7e0e41fb3.pdf;HORAIRE;9111
C02204;Horaires valables à compter du 6 juillet au 31 août 2026;https://ilico.iledefrance-mobilites.fr/uploads/fiches/20260701T150812Z-f1a94928-1bb0-4f66-8755-3754194755cc.pdf;HORAIRE;7802
C02205;Horaires Ligne PC;https://www.ratp.fr/sites/default/files/lines-assets/fiche-horaire/busratp/fiche-horaire_busratp_ligne-98.pdf;HORAIRE;PC
C02216;Horaires valables du 13 juillet au 23 août 2026;https://ilico.iledefrance-mobilites.fr/uploads/fiches/20260702T103923Z-5aa1309c-27d4-44f3-8215-8f9a5aa97dee.pdf;HORAIRE;5123
C02217;Ligne 5124 - schéma de ligne;https://ilico.iledefrance-mobilites.fr/uploads/plans/20240422T191254Z-d64b2d22-1ef1-48e6-baac-b4d2e2236478.pdf;PLAN;5124
C02219;Horaires d'été 2026 - L6252 du 13 juillet au 23 août 2026;https://ilico.iledefrance-mobilites.fr/uploads/fiches/20260703T142239Z-fbf16211-f307-4094-a268-bd7d4ec92ca2.pdf;HORAIRE;6252
C02220;Horaires hiver 2026 / 2027;https://ilico.iledefrance-mobilites.fr/uploads/fiches/20260730T100413Z-56a5a55a-b492-4d90-a30f-eba351fb5a33.pdf;HORAIRE;Soir Mennecy
C02220;Plan Soir Mennecy;https://ilico.iledefrance-mobilites.fr/uploads/plans/20250821T154813Z-e7a4ea58-69f0-4f72-acbe-10381e461a20.pdf;PLAN;Soir Mennecy
C02226;Horaires valables du 6 juillet 2026 au 30 août 2026;https://ilico.iledefrance-mobilites.fr/uploads/fiches/20260702T123131Z-812c3f33-f43f-48db-b5cf-ee9ae324b155.pdf;HORAIRE;1204
C02229;Plan ligne 2349 (ex Qs);https://ilico.iledefrance-mobilites.fr/uploads/plans/20251015T090016Z-879bdad4-8c7a-40e6-b541-dbb0bf6fb660.pdf;PLAN;2349
C02231;Plan ligne 2332;https://ilico.iledefrance-mobilites.fr/uploads/plans/20250917T091054Z-b3f0b3b0-3c61-4254-958b-ea115da389f5.pdf;PLAN;2332
C02235;Ligne 2324 - A partir du 4 mai;https://ilico.iledefrance-mobilites.fr/uploads/fiches/20260424T140554Z-6d57b1b9-b1f9-4c8b-94e0-b80d1ff90355.pdf;HORAIRE;2324
C02237;Ligne 2325 (ex Es) - A partir du 15 septembre 2025;https://ilico.iledefrance-mobilites.fr/uploads/fiches/20250918T154947Z-5022579a-b6a8-48b1-8848-f32ba024281b.pdf;HORAIRE;2325
C02243;Plan de ligne 25;https://ilico.iledefrance-mobilites.fr/uploads/plans/20260801T173701Z-4956c3aa-756b-46f8-bfb4-3583562c1df9.pdf;PLAN;25
C02252;Ligne 2331 - A partir du 9 mars 2026;https://ilico.iledefrance-mobilites.fr/uploads/fiches/20260227T141120Z-871c1873-ef75-4b84-9f7a-3fb57798251d.pdf;HORAIRE;2331
C02257;Ligne 1421 - Horaires valables du 3 aout 2026 au 23 aout 2026 inclus.;https://ilico.iledefrance-mobilites.fr/uploads/fiches/20260717T165017Z-bae4a8a7-ef60-4b38-af42-9aab019e45f8.pdf;HORAIRE;1421 (ex 95-29)
C02264;Horaires valables à partir du 6 juillet 2026;https://ilico.iledefrance-mobilites.fr/uploads/fiches/20260702T142121Z-bbe32177-a866-44ea-a8f8-f6bb5acdb640.pdf;HORAIRE;6420
C02266;Fiche horaires ligne T'bus 2 du 13 juillet 2026 au 3 janvier 2027;https://ilico.iledefrance-mobilites.fr/uploads/fiches/20260707T093310Z-0084b940-60ba-4cdd-be62-1a1f48b1b0c6.pdf;HORAIRE;T'bus 2
C02275;Plan de ligne 3664;https://ilico.iledefrance-mobilites.fr/uploads/plans/20250822T103623Z-66187cb6-4c5c-4e29-abfb-7dc46159e102.pdf;PLAN;3664
C02281;Horaires été 2026;https://ilico.iledefrance-mobilites.fr/uploads/fiches/20260616T083446Z-b2d6d60a-154c-44aa-803a-f6dd8f36845f.pdf;HORAIRE;3632
C02282;Plan de ligne 3613;https://ilico.iledefrance-mobilites.fr/uploads/plans/20250822T092849Z-467e5e87-1cf9-447d-9968-b0e393dc4b3c.pdf;PLAN;3613
C02284;Horaires du 1er septembre 2025 au 5 juillet 2026;https://ilico.iledefrance-mobilites.fr/uploads/fiches/20250822T094918Z-5a2001d6-6328-4224-a658-b4036b28296a.pdf;HORAIRE;3658
C02288;Horaires ligne 193;https://ilico.iledefrance-mobilites.fr/uploads/fiches/20260722T090226Z-6cb272ed-e892-4f41-a4a6-2427ca8bdb75.pdf;HORAIRE;193
C02290;3426;https://ilico.iledefrance-mobilites.fr/uploads/plans/20240828T151935Z-fd682bf0-2a45-41b1-a7af-fd8e17a94bb7.pdf;PLAN;3426
C02291;Plan Ligne 2429;https://ilico.iledefrance-mobilites.fr/uploads/plans/20251001T094215Z-7b9c3493-aa5f-48f3-8762-314f60bd27c5.pdf;PLAN;TàD 2429
C02294;Horaires Ligne 3216 du 01 Septembre2025 au 30 Août 2026;https://ilico.iledefrance-mobilites.fr/uploads/fiches/20251211T095119Z-950baaf7-2ac6-4ca2-a9b0-b6fc266ea262.pdf;HORAIRE;3216
C02296;Ligne 4456 - Horaires valables du 1er septembre 2026 au 4 juillet 2027;https://ilico.iledefrance-mobilites.fr/uploads/fiches/20260807T155118Z-dbcac26b-85d6-479e-bed2-baaf9312af71.pdf;HORAIRE;4456
C02297;Ligne 4458 - été 2026;https://ilico.iledefrance-mobilites.fr/uploads/fiches/20260722T073756Z-323f9e0c-ec29-4d42-b786-79475188e960.pdf;HORAIRE;4458
C02304;Fiche horaire Chavilbus;https://ilico.iledefrance-mobilites.fr/uploads/fiches/20250902T214337Z-833c66e5-ceb8-47e1-89bd-af185ea230e6.pdf;HORAIRE;Chavilbus
C02304;Plan ChavilBus;https://ilico.iledefrance-mobilites.fr/uploads/plans/20260416T162657Z-43f3edb8-9275-4086-a140-dad538972805.pdf;PLAN;Chavilbus
C02307;Plan de la ligne 6351;https://ilico.iledefrance-mobilites.fr/uploads/plans/20260714T125629Z-66dd2ede-927d-4d5a-b274-472dbd60c0d8.pdf;PLAN;6351 (ex 21S)
C02316;Fiche WEB ligne 4626 PVS été du 25 août 2025 au 12 juillet 2026 et du 24 août 2026 au 31 août 2026;https://portail-idfm-operateurs.cdn.prismic.io/portail-idfm-operateurs/kK6sH5H71ntEca_l_FicheWEBligne4626PVS%C3%A9t%C3%A92026-1-.pdf;HORAIRE;4626
C02318;Fiche horaires 01.09.2025;https://ilico.iledefrance-mobilites.fr/uploads/fiches/20250728T140831Z-a02d2b3e-344d-4244-8aba-d074e4e0d04c.pdf;HORAIRE;2470
C02351;Plan de ligne 445;https://ilico.iledefrance-mobilites.fr/uploads/plans/20240405T162738Z-7394a5a1-1c2f-4dd3-b035-030f9efc1c28.pdf;PLAN;445
C02375;Fiche horaires;https://ter.sncf.com/normandie;HORAIRE;TER Normandie
C02382;Plan de ligne 4662;https://ilico.iledefrance-mobilites.fr/uploads/plans/20250826T074622Z-6626800a-d017-458d-9d86-c1bc3ba6f08d.pdf;PLAN;4662
C02383;Plan gare routière Marolles-en-Hurepoix;https://ilico.iledefrance-mobilites.fr/uploads/fiches/20250828T065459Z-cc50d6ba-757b-4437-b93d-6cf7139358c1.pdf;HORAIRE;TàD 4596
C02383;Plan TàD 4596 (maj 06/01/2025);https://ilico.iledefrance-mobilites.fr/uploads/plans/20250103T145439Z-7b40191f-e602-4b8b-89fb-1440250db1c3.pdf;PLAN;TàD 4596
C02393;Horaires hiver 2026 / 2027;https://ilico.iledefrance-mobilites.fr/uploads/fiches/20260730T100137Z-832e35f3-8bc0-4813-ac6f-59ace640c4ce.pdf;HORAIRE;4345
C02395;Horaires Ligne 9114- A compter du 24 août 2026 au 31 décembre 2027;https://ilico.iledefrance-mobilites.fr/uploads/fiches/20260806T101059Z-01b36375-dbe3-4a1c-a554-7675d42d70eb.pdf;HORAIRE;EXPRESS 9114
C02395;Horaires Ligne 9114 - du 13 juillet au 23 août 2026;https://ilico.iledefrance-mobilites.fr/uploads/fiches/20260611T131049Z-5a2570f6-0489-46a9-897e-f7769176a3d7.pdf;HORAIRE;EXPRESS 9114
C02397;Horaires Ligne 4520 - du 13 juillet 2026 au 31 décembre 2027;https://ilico.iledefrance-mobilites.fr/uploads/fiches/20260611T125520Z-96cd8b6f-4b3e-46ea-9949-3990227c6a54.pdf;HORAIRE;4520
C02400;Plan ligne 2484;https://ilico.iledefrance-mobilites.fr/uploads/plans/20251001T122210Z-f26549ae-e78d-4ba2-9f9f-cce3b1d3f9e5.pdf;PLAN;2484
C02401;Fiche Horaires 09.03.2026;https://ilico.iledefrance-mobilites.fr/uploads/fiches/20260226T160121Z-55ee284d-fd80-461c-b97d-936021d31ee5.pdf;HORAIRE;2485
C02403;Fiche WEB ligne DM152S Hiver 2025-2026, à partir du 1er septembre 2025;https://portail-idfm-operateurs.cdn.prismic.io/portail-idfm-operateurs/aKdVI6Tt2nPbaldv_FicheWEBligneDM152SHiver2025-2026%2C%C3%A0partirdu1erseptembre2025.pdf;HORAIRE;DM152S
C02410;Bus remplacement Tram T7;https://ilico.iledefrance-mobilites.fr/uploads/plans/20260428T075644Z-0138ae7e-4643-4204-b26e-089c141fe72c.pdf;PLAN;Remplacement Tram T7
C02413;Horaires valables à compter du 05 janvier 2026;https://ilico.iledefrance-mobilites.fr/uploads/fiches/20251222T164423Z-49216b85-eafc-4605-8521-118531d20302.pdf;HORAIRE;1143
C02414;Horaires valables du 6 juillet au 31 août 2026;https://ilico.iledefrance-mobilites.fr/uploads/fiches/20260612T144047Z-fa424e84-d7b6-4cb1-be13-dd39f49cbfcf.pdf;HORAIRE;1118
C02418;Plan Ligne 4535 (maj 06/01/2025);https://ilico.iledefrance-mobilites.fr/uploads/plans/20250106T104724Z-a600ff90-881b-4a77-bf0b-31de8ca7abee.pdf;PLAN;4535
C02425;Fiche horaire;https://www.paris-saclay.com/app/uploads/2025/09/fiche_horaires_navette-MO-2025.pdf;HORAIRE;O
C02426;Plan de ligne 441;https://ilico.iledefrance-mobilites.fr/uploads/plans/20240405T161352Z-6439071d-8df0-45b3-8027-d56f3f333807.pdf;PLAN;441
C02427;Plan de ligne 442;https://ilico.iledefrance-mobilites.fr/uploads/plans/20240405T161444Z-510d3a67-61bf-4127-9442-fb74dcb73664.pdf;PLAN;442
C02429;Plan de ligne 447;https://ilico.iledefrance-mobilites.fr/uploads/plans/20240405T160306Z-8541affd-e19a-440f-aff2-a878f61dd9f3.pdf;PLAN;447
C02430;Ligne 448 1er septembre 2026 au 3 juillet 2027;https://ilico.iledefrance-mobilites.fr/uploads/fiches/20260811T070036Z-e7f2c123-45b5-4df0-aaec-ce05d77ace73.pdf;HORAIRE;448
C02432;Horaires Ligne 3254 du 31 Août 2026 au 29 Août 2027;https://ilico.iledefrance-mobilites.fr/uploads/fiches/20260721T063036Z-dc85ccfc-09b1-4c1b-afb0-98dbd714dbed.pdf;HORAIRE;3254
C02432;Horaires Ligne 3254 du 08 Septembre2025 au 30 Août 2026;https://ilico.iledefrance-mobilites.fr/uploads/fiches/20251211T095741Z-56fc7356-815b-45c0-8b83-c9d4f13fa9bc.pdf;HORAIRE;3254
C02448;Plan de ligne 5343;https://ilico.iledefrance-mobilites.fr/uploads/plans/20250328T102954Z-06b7d842-4e5a-4f5a-8b51-26d397bf0e01.pdf;PLAN;5343
C02450;Ligne 4452 - Horaires valables du 1er septembre 2026 au 4 juillet 2027;https://ilico.iledefrance-mobilites.fr/uploads/fiches/20260807T154819Z-91cb3ae6-3ea2-408b-9167-2d92b9bc8b05.pdf;HORAIRE;4452
C02451;Ligne 4453 - Horaires valables du 1er septembre 2026 au 4 juillet 2027;https://ilico.iledefrance-mobilites.fr/uploads/fiches/20260807T154843Z-2bf534ee-f593-4a73-a86a-a0d9055f3c49.pdf;HORAIRE;4453
C02451;Ligne 4453;https://ilico.iledefrance-mobilites.fr/uploads/plans/20240901T093856Z-bd7d6982-981d-4794-853f-b736c4d5d3e0.pdf;PLAN;4453
C02459;Horaires ligne 382;https://ilico.iledefrance-mobilites.fr/uploads/fiches/20260722T091117Z-b9387ee5-0255-406f-a4ad-9fdec66bdca1.pdf;HORAIRE;382
C02459;Plan de ligne 382;https://ilico.iledefrance-mobilites.fr/uploads/plans/20260722T091117Z-ee5b618e-2563-45b0-ada3-750dd863522b.pdf;PLAN;382
C02460;Horaires TàD 4597 - A compter du 1er septembre 2025;https://ilico.iledefrance-mobilites.fr/uploads/fiches/20250731T090241Z-f92c9729-dd0a-47a8-8398-58779a4c7318.pdf;HORAIRE;TàD 4597
C02461;Horaires Ligne 4524 - du 13 juillet au 23 août 2026;https://ilico.iledefrance-mobilites.fr/uploads/fiches/20260611T130208Z-cdad9e79-0483-4c22-aae4-ef41eb22957a.pdf;HORAIRE;4524
C02467;Horaires TàD 4592 - A compter du 25 août 2025;https://ilico.iledefrance-mobilites.fr/uploads/fiches/20250731T090716Z-e0b24258-1f29-4ec3-b4f1-2a8501667ace.pdf;HORAIRE;TàD 4592
C02468;Plan TàD 4595 (maj 06/01/2025);https://ilico.iledefrance-mobilites.fr/uploads/plans/20250103T151041Z-771eefe2-6c6a-4210-9e47-19f3181c6c45.pdf;PLAN;TàD 4595
C02472;Ligne 4414;https://ilico.iledefrance-mobilites.fr/uploads/plans/20240901T095323Z-f0ec4980-3f29-44bc-b3a7-742da344377a.pdf;PLAN;4414
C02473;Ligne 4415 valable du 01/08 au 31/08/2026;https://ilico.iledefrance-mobilites.fr/uploads/fiches/20260805T140958Z-2b2f648f-e337-4d7c-af5f-5f321b206e86.pdf;HORAIRE;4415
C02478;Schéma 6185;https://ilico.iledefrance-mobilites.fr/uploads/plans/20260730T144243Z-16802025-ab95-42ca-b96c-c10f8574c094.pdf;PLAN;6185
C02479;Horaires valables à partir du 1er septembre 2025;https://ilico.iledefrance-mobilites.fr/uploads/fiches/20251021T141002Z-db22e70b-9bbf-458c-af2f-50686f717a3c.pdf;HORAIRE;5441
C02479;Plan de ligne 5441;https://ilico.iledefrance-mobilites.fr/uploads/plans/20250901T102702Z-fbc0c4a4-df7f-4478-9863-06d23b39b9ee.pdf;PLAN;5441
C02480;Horaires valables du 1er septembre 2026 au 04 juillet 2027 inclus;https://ilico.iledefrance-mobilites.fr/uploads/fiches/20260803T144515Z-1044f816-cbbc-494b-95fa-8ef5b3c11e15.pdf;HORAIRE;5411
C02480;Plan de ligne 5411;https://ilico.iledefrance-mobilites.fr/uploads/plans/20250901T102727Z-28d36672-6538-42f9-b95d-aba54da3ddb8.pdf;PLAN;5411
C02482;Plan de la ligne 6288;https://ilico.iledefrance-mobilites.fr/uploads/plans/20250812T082837Z-68c2785e-6b56-42a3-b3a8-d0e5a75a58d1.pdf;PLAN;6288
C02486;Plan Bus Soir Bouray;https://ilico.iledefrance-mobilites.fr/uploads/plans/20250821T154928Z-945b4b0e-6167-4b2e-afa1-0777a5915586.pdf;PLAN;Soir Bouray
C02500;Fiche horaire;https://www.paris-saclay.com/app/uploads/2025/07/fiche_horaires_navette_TU_-_Sept_2023.pdf;HORAIRE;T
C02503;Plan de la ligne TàD Aigremont - Chambourcy;https://ilico.iledefrance-mobilites.fr/uploads/plans/20260714T125925Z-e8335d1f-db9a-43b7-82fe-15825f8e64ca.pdf;PLAN;TàD Aigremont - Chambourcy
C02524;Fiche internet_TàD 3144;https://ilico.iledefrance-mobilites.fr/uploads/fiches/20260612T122137Z-fdaafe38-307b-4ded-9665-dc126ec176b6.pdf;HORAIRE;TàD 3144
C02529;Fiche horaire trafic allégé;https://ilico.iledefrance-mobilites.fr/uploads/fiches/20260710T135313Z-08b8c2cf-31f5-4420-9ffd-febfedb7e30e.pdf;HORAIRE;T12
C02541;Plan de ligne 6525;https://ilico.iledefrance-mobilites.fr/uploads/plans/20251226T123121Z-8d096a68-22c7-49e3-a35b-b726b19a494d.pdf;PLAN;6525
C02544;Fiche horaires 6592 - 25 août 2025;https://ilico.iledefrance-mobilites.fr/uploads/fiches/20260622T124849Z-74ca8ad8-61e6-4793-8745-6ad0f3179560.pdf;HORAIRE;6592
C02550;Fiche horaires 6554 - 5 janvier 2026;https://ilico.iledefrance-mobilites.fr/uploads/fiches/20251219T152611Z-96e29c0d-539f-43a1-a4b6-21685c1315b4.pdf;HORAIRE;6554
C02554;Fiche horaires 6558 - 1er septembre 2025;https://ilico.iledefrance-mobilites.fr/uploads/fiches/20251013T124314Z-cda9f6d8-292d-4a16-a645-112bc64eb559.pdf;HORAIRE;6558
C02555;Plan de ligne 6559;https://ilico.iledefrance-mobilites.fr/uploads/plans/20251226T130136Z-323f85df-5968-4268-afa9-992fd905484e.pdf;PLAN;6559
C02556;Plan de ligne 6564;https://ilico.iledefrance-mobilites.fr/uploads/plans/20250819T133129Z-a8b7312b-3f4c-42d4-a275-2bf6416d2bf6.pdf;PLAN;6564
C02558;Plan de ligne 6566;https://ilico.iledefrance-mobilites.fr/uploads/plans/20250819T133003Z-3b7d646a-78fa-40ea-aef7-6b452bfa59ef.pdf;PLAN;6566
C02565;Plan de ligne 6501;https://ilico.iledefrance-mobilites.fr/uploads/plans/20260319T083342Z-653cb53e-26b6-49eb-b274-84cceee92d2d.pdf;PLAN;6501
C02571;Fiche horaires 6514 - 6 juillet au 23 août 2026;https://ilico.iledefrance-mobilites.fr/uploads/fiches/20260622T122711Z-78177d78-7928-49b0-9366-b42125f2dfd7.pdf;HORAIRE;6514
C02572;TAD GATINAIS;https://ilico.iledefrance-mobilites.fr/uploads/fiches/20260414T162106Z-931e3843-0bc5-4fc7-b245-3d2b2074184f.pdf;HORAIRE;TàD Gâtinais
C02575;Horaires TàD Nord au 05/01/2026;https://ilico.iledefrance-mobilites.fr/uploads/fiches/20251211T120656Z-2dd0aa10-5c87-451c-876c-140cade645f4.pdf;HORAIRE;TàD Montereau Nord
C02576;Horaires TàD Centre au 05/01/2026;https://ilico.iledefrance-mobilites.fr/uploads/fiches/20251211T120810Z-67a04146-bc72-431b-ac7b-c723180629e2.pdf;HORAIRE;TàD Montereau Centre
C02576;TàD Montereau Centre;https://ilico.iledefrance-mobilites.fr/uploads/plans/20240726T060349Z-05910b4c-8b64-4e78-a795-814ec505dc8a.pdf;PLAN;TàD Montereau Centre
C02581;Plan ligne TàD Nangis / La Chapelle-Rablais;https://ilico.iledefrance-mobilites.fr/uploads/plans/64ccbe62a7f39_Francilite_Briard_TAD_Nangis_La_Chapelle_Rabelais_v06.pdf;PLAN;TàD Nangis / La-Chapelle-Rablais
C02582;Plan ligne TàD Montois;https://ilico.iledefrance-mobilites.fr/uploads/plans/20250429T081200Z-cd881ecd-6e98-4bd8-a2aa-0f1f6e8ebf88.pdf;PLAN;TàD Balade du Montois
C02583;Horaires Ligne TàD Gare de Provins;https://ilico.iledefrance-mobilites.fr/uploads/fiches/20251002T123056Z-f50e46b2-63d9-4ebe-a6a3-479407bc00ab.pdf;HORAIRE;TàD Gare de Provins
C02584;Horaires Ligne Soir Provins;https://ilico.iledefrance-mobilites.fr/uploads/fiches/20250617T060844Z-bfc1b329-389c-4a61-8783-ca4d94129667.pdf;HORAIRE;Soir Provins
C02585;Plan ligne Soir Nangis;https://prismic-io.s3.amazonaws.com/portail-idfm-operateurs/886792ff-6888-438d-9180-d5673098fc21_Francilite_Briard_SOIR_Nangis_v02.pdf;PLAN;Soir Nangis
C02588;Dépliant TàD Meulan - Les Mureaux;https://ilico.iledefrance-mobilites.fr/uploads/fiches/20260306T150140Z-46681dc4-921c-433a-a6cb-db74ba1ed22c.pdf;HORAIRE;TàD Sud Meulan - Les Mureaux
C02589;Plan de ligne Soir Poissy;https://ilico.iledefrance-mobilites.fr/uploads/plans/20260306T152640Z-76d3f7fe-b318-4317-bcb1-ba3506842370.pdf;PLAN;Soir Poissy
C02591;Horaires bus de soirée Mitry-le-Neuf;https://ilico.iledefrance-mobilites.fr/uploads/fiches/20250212T105400Z-7e31f609-c9a1-4d02-8ae0-96b5ae857197.pdf;HORAIRE;Soir Mitry-le-Neuf
C02601;Ligne R121 -  Horaires valables à partir du 1er septembre 2025 en période scolaire;https://ilico.iledefrance-mobilites.fr/uploads/fiches/20250829T163208Z-92c9ccb1-e496-4376-8721-1a6c155767bf.pdf;HORAIRE;R121 (future 1681)
C02603;Bus de soirée Goussainville Horaires valables à partir du 25 août 2025;https://ilico.iledefrance-mobilites.fr/uploads/fiches/20250826T125316Z-68279b81-a25c-47e1-861b-def53569eb09.pdf;HORAIRE;Soir Goussainville
C02604;Plan de la ligne R9;https://ilico.iledefrance-mobilites.fr/uploads/plans/20241014T135857Z-bdde80d3-6e8d-401a-8654-2c202f6d0b57.pdf;PLAN;R9 (future 1619)
C02605;Bus de soirée Gonesse Horaires valables à partir du 25 août 2025;https://ilico.iledefrance-mobilites.fr/uploads/fiches/20250826T125229Z-b7affbb4-ee72-455e-8ba7-66e2af774ca4.pdf;HORAIRE;Soir Gonesse
C02607;Horaires hiver 2026 / 2027;https://ilico.iledefrance-mobilites.fr/uploads/fiches/20260730T100614Z-3e43e999-3f1f-4455-829d-1c3c3efcd6c8.pdf;HORAIRE;4347
C02610;3559;https://ilico.iledefrance-mobilites.fr/uploads/plans/20260730T153813Z-259f040c-7838-434c-a1cf-49839e696912.pdf;PLAN;3559
C02611;Dépliant TàD goële;https://ilico.iledefrance-mobilites.fr/uploads/fiches/64c7a15d89730_DEPLIANT_TAD_450x240mm_2023_juin_HD_4.pdf;HORAIRE;TàD Goêle
C02617;Plan 3102;https://ilico.iledefrance-mobilites.fr/uploads/plans/20250730T145525Z-719fe0f2-2af4-4269-8e1c-12b2d67e4869.pdf;PLAN;3102
C02619;Plan 3108;https://ilico.iledefrance-mobilites.fr/uploads/plans/20251229T141659Z-805c058a-983d-413a-845b-1b8a0a4578dd.pdf;PLAN;3108
C02625;Plan ligne 1235;https://ilico.iledefrance-mobilites.fr/uploads/plans/20250818T104433Z-642597ce-7ec1-412e-9f91-3f2ac74a0ae2.pdf;PLAN;1235
C02629;Horaires valables à partir du 6 juillet 2026;https://ilico.iledefrance-mobilites.fr/uploads/fiches/20260703T083134Z-bb6f2f60-14d7-4b3c-b910-c69db550afd8.pdf;HORAIRE;6438
C02636;Horaires Tzen4 direction Corbeil - Du 10 février au 12 juillet 2026;https://ilico.iledefrance-mobilites.fr/uploads/fiches/20260206T153927Z-51295b84-0246-43fd-9b7f-2471398b63b1.pdf;HORAIRE;Tzen4
C02636;Horaires Tzen4 - Du 13 juillet au 23 août 2026;https://ilico.iledefrance-mobilites.fr/uploads/fiches/20260706T084354Z-a5013f42-9e5e-4f43-92da-cd70e3508bb0.pdf;HORAIRE;Tzen4
C02637;Horaires de la ligne 5234;https://ilico.iledefrance-mobilites.fr/uploads/fiches/20251222T154904Z-ac71a71a-0842-405f-bc7c-1f2145c5cf6b.pdf;HORAIRE;5234
C02640;Horaires bus soir Saint-Rémy;https://ilico.iledefrance-mobilites.fr/uploads/fiches/20250829T142744Z-89a9dd91-bbd3-4c3a-924b-e7a8b3e972c5.pdf;HORAIRE;Soir Saint-Rémy
C02641;Horaires bus soir Rambouillet;https://ilico.iledefrance-mobilites.fr/uploads/fiches/20250327T164809Z-910e937c-35e5-4213-a224-8ee6b8514bcb.pdf;HORAIRE;Soir Rambouillet
C02662;Horaires Ligne 4513 - A compter du 25 août au 12 juillet 2026;https://ilico.iledefrance-mobilites.fr/uploads/fiches/20250731T091523Z-1024a574-214b-4abd-be8b-52e6ec529e6c.pdf;HORAIRE;4513
C02663;Horaires Ligne 4536 - A compter du 5 janvier 2026 au 12 juillet 2026;https://ilico.iledefrance-mobilites.fr/uploads/fiches/20251219T090542Z-fed71cd1-6096-4c62-a506-58259cb0e148.pdf;HORAIRE;4536
C02666;C1 - Horaires valables du 3 au 13 Août 2026;https://ilico.iledefrance-mobilites.fr/uploads/fiches/20260804T090138Z-ce5e3384-b4df-4170-8d34-fb9c80b3b766.pdf;HORAIRE;C1
C02667;Horaires valables à partir du 1er septembre 2025;https://ilico.iledefrance-mobilites.fr/uploads/fiches/20250818T110308Z-74260cd0-0fc5-4374-a374-4e0e5291c285.pdf;HORAIRE;Soir Aubergenville
C02676;Ligne 2376 - A partir du 4 mai;https://ilico.iledefrance-mobilites.fr/uploads/fiches/20260424T135929Z-dc71a412-a5db-4cbf-9544-96857b360827.pdf;HORAIRE;2376
C02687;Horaires ligne 3417 à partir du 1er Septembre 2025;https://ilico.iledefrance-mobilites.fr/uploads/fiches/20250820T141042Z-e08632f0-2956-4974-9e7e-d6ada6a2e15b.pdf;HORAIRE;3417
C02690;informations bus de soirée Val d'Europe à partir du 18/08/2025;https://ilico.iledefrance-mobilites.fr/uploads/fiches/20250808T082743Z-8232599a-e758-4d96-921d-48d1c5d38a9a.pdf;HORAIRE;Soir Val d'Europe
C02691;Informations bus de soirée Chessy à partir du 09-03-2026;https://ilico.iledefrance-mobilites.fr/uploads/fiches/20260310T113516Z-64dd5dd6-7c4c-4c19-ad1f-2a4f309a6881.pdf;HORAIRE;Soir Marne-la-Vallée Chessy
C02691;Plan Bus de soirée Gare de Marne-la-Vallée Chessy;https://ilico.iledefrance-mobilites.fr/uploads/plans/20240826T124056Z-42b97565-920f-488b-8911-1f88fb1ce5fd.pdf;PLAN;Soir Marne-la-Vallée Chessy
C02695;Plan de ligne;https://ilico.iledefrance-mobilites.fr/uploads/plans/20250805T125021Z-45ce9be0-789d-4e7a-90e7-9b1b1f0182f3.pdf;PLAN;2153
C02696;Plan de ligne;https://ilico.iledefrance-mobilites.fr/uploads/plans/20250805T125044Z-8e98719b-41f3-4c6a-a313-a0a4c16383f1.pdf;PLAN;2154
C02698;Plan de ligne;https://ilico.iledefrance-mobilites.fr/uploads/plans/20250805T125142Z-394fdb1e-64f4-44fc-9efa-0efcb1e79732.pdf;PLAN;2156
C02702;Horaires valables à partir du 1er septembre 2025;https://ilico.iledefrance-mobilites.fr/uploads/fiches/20250813T140946Z-49a26beb-a0e9-411d-92bc-58287ecbac88.pdf;HORAIRE;2161
C02702;Plan de ligne;https://ilico.iledefrance-mobilites.fr/uploads/plans/20250805T125423Z-1a47284f-5ace-4e9e-aad9-85a0e71f475b.pdf;PLAN;2161
C02705;Plan 1257;https://ilico.iledefrance-mobilites.fr/uploads/plans/20250818T105316Z-76e60c70-383d-47d1-ab91-9f6fc1ab2a61.pdf;PLAN;1257
C02707;Horaires valables à partir du 1er septembre 2025;https://ilico.iledefrance-mobilites.fr/uploads/fiches/20250813T141432Z-268ebdeb-ea0b-42e3-b79e-c071b52de598.pdf;HORAIRE;2166
C02707;Plan de ligne;https://ilico.iledefrance-mobilites.fr/uploads/plans/20250805T125713Z-0f5d1926-42de-4e1c-b005-d51520b7f763.pdf;PLAN;2166
C02708;Plan de ligne;https://ilico.iledefrance-mobilites.fr/uploads/plans/20250805T125220Z-4c0bce83-c72c-44fd-af1f-fc45c9207543.pdf;PLAN;2157
C02709;N148 - Horaires valables du 3 novembre 2025 au 23 août 2026;https://ilico.iledefrance-mobilites.fr/uploads/fiches/20251031T142915Z-5ca2785d-0f41-417d-b924-f45214c76db3.pdf;HORAIRE;N148
C02714;Horaire ligne 202;https://www.ratp.fr/sites/default/files/lines-assets/fiche-horaire/busratp/fiche-horaire_busratp_ligne-202.pdf;HORAIRE;202
C02715;Horaires valables du 01 septembre 2026 au 04 juillet 2027 inclus (ne circule pas l'été);https://ilico.iledefrance-mobilites.fr/uploads/fiches/20260629T122105Z-5a8da9cc-e0d5-440d-9ff9-cba98a667f27.pdf;HORAIRE;5477
C02715;Plan de ligne 5477;https://ilico.iledefrance-mobilites.fr/uploads/plans/20250805T083846Z-0e713a77-c6ae-4e9d-a32f-c4477ddf73b8.pdf;PLAN;5477
C02721;3418;https://ilico.iledefrance-mobilites.fr/uploads/plans/20240828T151423Z-88bd3873-9f6a-4074-bab6-b77b9d90a3fa.pdf;PLAN;3418
C02724;Horaires ligne 4242 - Du 13 juillet au 23 août 2026;https://ilico.iledefrance-mobilites.fr/uploads/fiches/20260706T084610Z-056cd757-4cc5-4663-9f42-8974e14506b9.pdf;HORAIRE;4242
C02727;Fiche horaires ligne 3777 du 1er septembre 2026 au 4 juillet 2027;https://ilico.iledefrance-mobilites.fr/uploads/fiches/20260805T135802Z-18a472d6-b9f3-41bd-a122-1beaabb5b29b.pdf;HORAIRE;3777
C02728;Fiche horaires ligne 3772 du 1er septembre 2026 au 4 juillet 2027;https://ilico.iledefrance-mobilites.fr/uploads/fiches/20260805T140537Z-e18915ca-70ad-4e5c-b163-f147a84e3b30.pdf;HORAIRE;3772
C02728;Plan de bus ligne 3772;https://ilico.iledefrance-mobilites.fr/uploads/plans/20241230T080145Z-59c4796a-5a63-4c77-843a-cd09c848e417.pdf;PLAN;3772
C02731;Horaires valables à partir du 6 juillet 2026;https://ilico.iledefrance-mobilites.fr/uploads/fiches/20260702T144121Z-b76f12a4-1747-434a-8329-68140523b4dc.pdf;HORAIRE;6425
C02732;Plan Ligne T14;https://ilico.iledefrance-mobilites.fr/uploads/plans/20250327T142424Z-d8428f4e-50a9-4aa9-9521-5d1ac9ae4eaf.pdf;PLAN;T14
C02736;Horaires ligne 4215 - Du 25 août 2025 au 12 juillet 2026;https://ilico.iledefrance-mobilites.fr/uploads/fiches/20260121T081710Z-d7efdb89-c169-46aa-a46d-6108cb869310.pdf;HORAIRE;4215
C02738;Plan ligne 4278;https://ilico.iledefrance-mobilites.fr/uploads/plans/20250822T071504Z-bc12d950-8401-4e81-ac6d-7270a9f0e86b.pdf;PLAN;4278
C02741;Horaire de la 5297 à partir de Septembre 2025;https://ilico.iledefrance-mobilites.fr/uploads/fiches/20260320T114234Z-749ad1d8-51a8-4078-9fe9-fa3695a85ce8.pdf;HORAIRE;5297
C02742;Horaire de la 5296 à partir de Septembre 2025;https://ilico.iledefrance-mobilites.fr/uploads/fiches/20260319T155526Z-20c0020b-b3ac-4932-856f-9cd6ab3321d3.pdf;HORAIRE;5296
C02744;Fiches horaires ligne 277;https://ilico.iledefrance-mobilites.fr/uploads/fiches/20260810T131144Z-e7876b0e-2522-47b4-bec5-db204a14f6d4.pdf;HORAIRE;277
C02745;Plan ligne 363;https://ilico.iledefrance-mobilites.fr/uploads/plans/20260702T093523Z-bdadcf6f-d1fb-4926-aeae-7b2a1c50a1fb.pdf;PLAN;363
C02746;Horaires TAD Vexin;https://ilico.iledefrance-mobilites.fr/uploads/fiches/20250704T121622Z-2b1d0e0d-0548-43e3-846a-b1ad7b777c34.pdf;HORAIRE;TàD Vexin Est
C02751;TAD Ourcq - A partir du 1er septembre 2025;https://ilico.iledefrance-mobilites.fr/uploads/fiches/20250829T162709Z-f2aff1cd-72d9-4e29-ba58-dcc6556b615a.pdf;HORAIRE;TàD Ourcq Ouest
C02768;Horaires du 20 juillet au 23 août 2026;https://ilico.iledefrance-mobilites.fr/uploads/fiches/20260717T141116Z-85570ba7-fbb9-4013-9d1b-4d50623fdb4a.pdf;HORAIRE;Soir Montgeron
C02769;Horaires du 20 juillet au 23 août 2026;https://ilico.iledefrance-mobilites.fr/uploads/fiches/20260717T140026Z-99c43dbf-2be6-423d-9d0e-fe6a6165da0b.pdf;HORAIRE;Soir Vigneux-sur-Seine
C02771;Plan de la ligne Bus Soirée Crosne;https://ilico.iledefrance-mobilites.fr/uploads/plans/20250226T093823Z-52040058-cf77-4243-811f-d2dc4bd2cb29.pdf;PLAN;Soir Crosne
C02772;Horaires du 20 juillet au 23 août 2026;https://ilico.iledefrance-mobilites.fr/uploads/fiches/20260717T132059Z-80ff764a-0114-4ea9-8523-205ef820956f.pdf;HORAIRE;Soir Quincy-sous-Sénart
C02773;Horaires du 20 juillet au 23 août 2026;https://ilico.iledefrance-mobilites.fr/uploads/fiches/20260717T133823Z-fe6099a4-e060-4ef5-943c-08cd4a1c4b81.pdf;HORAIRE;Soir Yerres Nord
C02774;Horaires du 20 juillet au 23 août 2026;https://ilico.iledefrance-mobilites.fr/uploads/fiches/20260717T134158Z-aba8d08f-9ef1-4728-b403-ed48f16bf954.pdf;HORAIRE;Soir Yerres Sud
C02775;Horaires du 20 juillet au 23 août 2026;https://ilico.iledefrance-mobilites.fr/uploads/fiches/20260717T135058Z-0f75ad59-5679-49e6-b0b1-87b667c433e5.pdf;HORAIRE;Soir Villecresnes
C02780;Plan TAD Sainte Assise;https://ilico.iledefrance-mobilites.fr/uploads/plans/20250822T104829Z-d99fcb01-c297-47dc-9aa4-af03e0bbc20c.pdf;PLAN;TàD Sainte Assise
C02787;TàD Pays de l'Ourcq;https://ilico.iledefrance-mobilites.fr/uploads/plans/20250717T114410Z-dbaec3c5-b3cf-46c1-b014-9d9606da62c7.pdf;PLAN;TàD Ourcq Est
C02792;Dépliant horaires TàD Zonal Etréchy - Horaires valables à partir du 1er septembre 2025;https://ilico.iledefrance-mobilites.fr/uploads/fiches/20250819T163930Z-e43e861f-86ff-486a-a900-022624ecb60e.pdf;HORAIRE;TàD Zonal Etrechy
C02802;Fiche horaires 6579 - 5 janvier 2026;https://ilico.iledefrance-mobilites.fr/uploads/fiches/20251219T153136Z-4127fbee-a986-40c6-95be-5f7781b18b12.pdf;HORAIRE;6579
C02802;Plan de ligne 6579;https://ilico.iledefrance-mobilites.fr/uploads/plans/20250704T082942Z-457d7654-8d2a-44d6-8a0c-957819878cb5.pdf;PLAN;6579
C02810;Fiche WEB ligne 4665 Hiver 2025-2026, du lundi 3 novembre 2025;https://portail-idfm-operateurs.cdn.prismic.io/portail-idfm-operateurs/aPEm5Z5xUNkB2EaD_FicheWEBligne4665Hiver2025-2026%2Cdulundi3novembre2025.pdf;HORAIRE;4665
C02816;Fiche WEB ligne DM152S (467...) Hiver 2025-2026, à partir du lundi 5 janvier 2026;https://portail-idfm-operateurs.cdn.prismic.io/portail-idfm-operateurs/aTrjJHNYClf9oEbj_FicheWEBligneDM152S-467...-Hiver2025-2026%2C%C3%A0partirdulundi5janvier2026.pdf;HORAIRE;4670
C02817;Fiche WEB ligne 4 scolaire (4654) Hiver 2025-2026, à partir du lundi 1er septembre 2025;https://portail-idfm-operateurs.cdn.prismic.io/portail-idfm-operateurs/aKS9y6Tt2nPbaevm_FicheWEBligne4scolaire-4654-Hiver2025-2026%2C%C3%A0partirdulundi1erseptembre2025.pdf;HORAIRE;4654
C02821;Horaires hiver 2026 / 2027;https://ilico.iledefrance-mobilites.fr/uploads/fiches/20260730T092556Z-57d9babe-0a89-434d-bed4-9eb5a2bd8854.pdf;HORAIRE;TàD 4306
C02823;Plan Bus TàD 4343;https://ilico.iledefrance-mobilites.fr/uploads/plans/20250821T153049Z-1b574d98-3437-42bc-901c-162aeb05b3ff.pdf;PLAN;TàD 4343
C02825;Plan Ligne SUBB;https://www.ratp.fr/sites/default/files/lines-assets/plan-de-ligne/busratp/plan-de-ligne_busratp_ligne-571.pdf;PLAN;SUBB Boucle Sud
C02830;Horaires valables à compter du 05 janvier 2026;https://ilico.iledefrance-mobilites.fr/uploads/fiches/20251215T143800Z-45260736-bc01-4206-8435-f45c9990971d.pdf;HORAIRE;9514
C02830;Plan de ligne 9514;https://ilico.iledefrance-mobilites.fr/uploads/plans/20251215T143800Z-6bfa713c-240b-4a6f-b576-a1ebcb70c082.pdf;PLAN;9514
C02834;Plan ligne 240;https://ilico.iledefrance-mobilites.fr/uploads/plans/20260708T170217Z-81df9e5a-4c0d-40a1-b9ba-39182fb6a889.pdf;PLAN;240
C02836;Ligne Soir Cormeilles - Horaires valables du 3 aout 2026 au 2 juillet 2027;https://ilico.iledefrance-mobilites.fr/uploads/fiches/20260731T153703Z-ce77571d-07b8-4966-9a06-5fe3332f2b4e.pdf;HORAIRE;Soir Cormeilles-en-Parisis
C02839;Ligne Soir Franconville Sud - Horaires valables du 3 aout 2026 au 2 juillet 2027;https://ilico.iledefrance-mobilites.fr/uploads/fiches/20260731T154405Z-fded2cb9-f377-4a92-93ee-97613fe6c877.pdf;HORAIRE;Soir Franconville Sud
C02842;Ligne 1410 - Horaires valables du 3 aout 2026 au 23 aout 2026;https://ilico.iledefrance-mobilites.fr/uploads/fiches/20260717T140125Z-1765e1f8-7a98-420d-acab-d4f277310793.pdf;HORAIRE;1410
C02842;Plan de ligne - 1410;https://ilico.iledefrance-mobilites.fr/uploads/plans/20260717T140125Z-0cb1e65e-4368-4af2-870c-9818cc2bd510.pdf;PLAN;1410
C02844;Ligne 1411 - Horaires valables du 3 aout 2026 au 23 aout 2026 inclus;https://ilico.iledefrance-mobilites.fr/uploads/fiches/20260717T162607Z-e26dac59-09ac-4721-90de-58a615a2015b.pdf;HORAIRE;1411
C02846;Ligne 1413 - Horaires valables du 3 aout 2026 au 23 aout 2026 inclus.;https://ilico.iledefrance-mobilites.fr/uploads/fiches/20260717T165825Z-a200eaed-6193-4fb4-9316-da8916a59e1d.pdf;HORAIRE;1413
C02847;Ligne 1430 - Horaires valables du 24 août 2026 au 11 juillet 2027 inclus.;https://ilico.iledefrance-mobilites.fr/uploads/fiches/20260810T103027Z-1d3489bd-0794-4ffc-b80c-a544e2b9ac84.pdf;HORAIRE;1430
C02848;Ligne 1431- Horaires valables du 3 aout 2026 au 30 aout 2026 inclus.;https://ilico.iledefrance-mobilites.fr/uploads/fiches/20260717T170132Z-e2c5e480-b3f3-4b77-9cef-60a80f4bcd3d.pdf;HORAIRE;1431
C02848;Plan de ligne - 1431;https://ilico.iledefrance-mobilites.fr/uploads/plans/20260717T170132Z-52ee58cb-76aa-4b58-a98c-eeceb659c797.pdf;PLAN;1431
C02849;Plan de ligne - 1414;https://ilico.iledefrance-mobilites.fr/uploads/plans/20260717T170324Z-4ae72950-98e4-4863-b1ad-8b873c7f9782.pdf;PLAN;1414
C02850;Ligne 1424 - Horaires valables du 3 aout 2026 au 23 aout 2026 inclus.;https://ilico.iledefrance-mobilites.fr/uploads/fiches/20260717T170501Z-8608841d-4572-48d2-95b1-9799221c3b34.pdf;HORAIRE;1424
C02856;Plan du TàD de la Vallée de Chevreuse;https://ilico.iledefrance-mobilites.fr/uploads/plans/20260513T122522Z-1917b4d4-0936-4841-bc19-f22bfdf36b3a.pdf;PLAN;TàD Vallée de Chevreuse
C02875;Plan de ligne 6538;https://ilico.iledefrance-mobilites.fr/uploads/plans/20260626T131821Z-37adac1c-d656-483d-a681-03e15bcdad78.pdf;PLAN;6538 Navette Estivale
C01215;Fiche Horaire 195;https://ilico.iledefrance-mobilites.fr/uploads/fiches/20260713T074152Z-95e72eb4-6719-484a-b7aa-7936c701c461.pdf;HORAIRE;195
C01216;Plan de ligne 196;https://ilico.iledefrance-mobilites.fr/uploads/plans/20260416T143237Z-9b498baf-b06a-433d-98b8-946463bdfdb3.pdf;PLAN;196
C01217;Fiche horaire ligne 197;https://ilico.iledefrance-mobilites.fr/uploads/fiches/20260219T115539Z-b6a4a8f3-de40-4c0f-bd86-f63a4b2b231c.pdf;HORAIRE;197
C01218;Fiche horaire ligne 199;https://ilico.iledefrance-mobilites.fr/uploads/fiches/20260417T132909Z-4e5b842d-27e9-4c6f-8e62-6c2c44b821eb.pdf;HORAIRE;199
C01218;Plan de ligne 199;https://ilico.iledefrance-mobilites.fr/uploads/plans/20260416T142849Z-28d5faa2-358e-471c-aef2-1e3b439b40a2.pdf;PLAN;199
C01220;Plan Ligne 203;https://ilico.iledefrance-mobilites.fr/uploads/plans/20260211T090728Z-f5faf449-5bd8-4687-bf8a-c5810ff19313.pdf;PLAN;203
C01225;Ligne 211 - Horaires valables du 13 juillet au 23 août 2026;https://ilico.iledefrance-mobilites.fr/uploads/fiches/20260612T090709Z-d380f534-67de-465b-90e3-8ff3d3d7f868.pdf;HORAIRE;211
C01226;Ligne 212 - Horaires valables du 13 juillet au 23 août 2026;https://ilico.iledefrance-mobilites.fr/uploads/fiches/20260612T145151Z-4f7262c2-7425-4c44-8402-795bf895815e.pdf;HORAIRE;212
C01236;Plan ligne 237;https://ilico.iledefrance-mobilites.fr/uploads/plans/20260702T093006Z-1a132104-d20a-4842-a7b0-c17b853dfca7.pdf;PLAN;237
C01239;Fiches horaires ligne 241;https://ilico.iledefrance-mobilites.fr/uploads/fiches/20260810T130340Z-d3dae2b1-a669-417c-a708-ba9cac632c0b.pdf;HORAIRE;241
C01240;Fiches horaires ligne 244;https://ilico.iledefrance-mobilites.fr/uploads/fiches/20260810T130405Z-5b2a290e-3c93-4717-b645-fd638c09fcda.pdf;HORAIRE;244
C01249;Plan ligne 261;https://ilico.iledefrance-mobilites.fr/uploads/plans/20260708T165359Z-90dc9c96-58b3-41c0-8d42-967205b66882.pdf;PLAN;261
C01256;Fiches horaires ligne 275;https://ilico.iledefrance-mobilites.fr/uploads/fiches/20260810T130518Z-5963aec1-3d18-484b-b0e8-a1256074f677.pdf;HORAIRE;275
C01257;Fiches horaires ligne 276;https://ilico.iledefrance-mobilites.fr/uploads/fiches/20260810T130547Z-ff592a33-0fb7-43cb-b574-08e321f7ba23.pdf;HORAIRE;276
C01258;Plan de ligne 278;https://ilico.iledefrance-mobilites.fr/uploads/plans/20260611T101511Z-3eefd3e1-427b-4f93-8918-2daf046c0d3f.pdf;PLAN;278
C01263;Plan de ligne 286;https://ilico.iledefrance-mobilites.fr/uploads/plans/20260722T090624Z-0db88c92-d8ee-4f57-a507-f7a033a25dc5.pdf;PLAN;286
C01270;Plan de ligne 297;https://ilico.iledefrance-mobilites.fr/uploads/plans/20260416T150239Z-061768de-e6f8-45e2-9789-13720fb258fc.pdf;PLAN;297
C01271;Fiche horaire ligne 299;https://ilico.iledefrance-mobilites.fr/uploads/fiches/20260417T131959Z-316be9f3-07a8-47e2-8310-578e5ec9174c.pdf;HORAIRE;299
C01281;Horaires Ligne 318;https://www.ratp.fr/sites/default/files/lines-assets/fiche-horaire/busratp/fiche-horaire_busratp_ligne-318.pdf;HORAIRE;318
C01283;Ligne 320 - Horaires valables du 13 juillet au 23 août 2026;https://ilico.iledefrance-mobilites.fr/uploads/fiches/20260612T091004Z-4e19afb8-cf49-4041-92cc-3ce68669e73b.pdf;HORAIRE;320
C01285;Ligne 321 - Plan de ligne;https://ilico.iledefrance-mobilites.fr/uploads/plans/20260710T085626Z-3f21820b-5814-4d55-b220-78133d31081f.pdf;PLAN;321
C01287;Horaires valables à partir du 16 juillet au 16 août 2026;https://ilico.iledefrance-mobilites.fr/uploads/fiches/20260804T093851Z-e22f17fe-bea7-4972-b006-2ae49c785d61.pdf;HORAIRE;323
C01287;Plan de ligne 323;https://ilico.iledefrance-mobilites.fr/uploads/plans/20260801T172435Z-b5736ec1-e6ea-4034-9c25-d7c20f75192f.pdf;PLAN;323
C01294;Plan Ligne 341;https://www.ratp.fr/sites/default/files/lines-assets/plan-de-ligne/busratp/plan-de-ligne_busratp_ligne-341.pdf;PLAN;341
C01298;Fiche horaire à partir du 20 juillet 2026;https://ilico.iledefrance-mobilites.fr/uploads/fiches/20260715T125541Z-a9206003-500e-43f5-9097-9c9bfccb1649.pdf;HORAIRE;350
C01298;Plan ligne 350;https://ilico.iledefrance-mobilites.fr/uploads/plans/20260724T082247Z-c1c59891-83d3-4218-aa26-6df1cf5dffaf.pdf;PLAN;350
C01302;Plan ligne 355;https://ilico.iledefrance-mobilites.fr/uploads/plans/20260708T165636Z-224601e6-220d-4ea0-b72c-4b05bfea5efd.pdf;PLAN;355
C01303;Plan ligne 356;https://ilico.iledefrance-mobilites.fr/uploads/plans/20260708T165703Z-9a604b73-6d5a-43e9-8b70-f916f19f4584.pdf;PLAN;356
C01308;Horaires ligne 368;https://ilico.iledefrance-mobilites.fr/uploads/fiches/20260805T115032Z-fe7a4cdc-1703-4195-894d-a863671d50b7.pdf;HORAIRE;368
C01309;Horaires ligne 370;https://ilico.iledefrance-mobilites.fr/uploads/fiches/20260805T115100Z-c7ab967a-9723-41f2-9eb2-a6b26246653f.pdf;HORAIRE;370
C01309;Plan ligne 370;https://ilico.iledefrance-mobilites.fr/uploads/plans/20260708T165859Z-4ff7e6a4-4d20-4804-ab36-ba5b2a775404.pdf;PLAN;370
C01314;Plan Ligne 388;https://www.ratp.fr/sites/default/files/lines-assets/plan-de-ligne/busratp/plan-de-ligne_busratp_ligne-388.pdf;PLAN;388
C01315;Plan de ligne 389;https://ilico.iledefrance-mobilites.fr/uploads/plans/20260408T133647Z-b75eb5b6-006c-44d5-9c15-ed8b54050737.pdf;PLAN;389
C01316;Plan de ligne 390;https://ilico.iledefrance-mobilites.fr/uploads/plans/20260408T133707Z-e699eb32-0c10-42eb-8bc2-af7cb4d0f3ad.pdf;PLAN;390
C01318;Horaires ligne 393;https://ilico.iledefrance-mobilites.fr/uploads/fiches/20260722T091209Z-592e0f0d-2e41-49a4-8750-80c4538dbcb0.pdf;HORAIRE;393
C01318;Plan de ligne 393;https://ilico.iledefrance-mobilites.fr/uploads/plans/20260722T091209Z-529f65ac-c08a-4b8c-9496-6f2ecf2a959e.pdf;PLAN;393
C01321;Plan de ligne 396;https://ilico.iledefrance-mobilites.fr/uploads/plans/20260722T091302Z-88941359-4eef-485e-88f6-5ef80b5c1dc9.pdf;PLAN;396
C01323;Ligne 421 - Horaires valables du 13 Juillet 2026 au 18 juillet 2027;https://ilico.iledefrance-mobilites.fr/uploads/fiches/20260612T112032Z-978181e3-6689-456e-851f-1f2dd76c4371.pdf;HORAIRE;421
C01326;Plan de ligne 485;https://ilico.iledefrance-mobilites.fr/uploads/plans/20260416T153727Z-89d2edc3-e215-466c-a1b2-741460ca7a38.pdf;PLAN;485
C01329;Plan Ligne LA TRAVERSE DE CHARONNE;https://www.ratp.fr/sites/default/files/lines-assets/plan-de-ligne/busratp/plan-de-ligne_busratp_ligne-501.pdf;PLAN;La Traverse de Charonne
C01337;Horaires ligne 537 AUDO;https://ilico.iledefrance-mobilites.fr/uploads/fiches/20260706T142155Z-67b8918c-2795-4b47-a85f-92ca1f9e222a.pdf;HORAIRE;L'AUDONIENNE
C01337;Plan ligne L'Audonienne;https://ilico.iledefrance-mobilites.fr/uploads/plans/20260702T093248Z-6f31e06f-5aeb-42e9-89b6-2473915c6409.pdf;PLAN;L'AUDONIENNE
C01345;Plan Ligne 559;https://ilico.iledefrance-mobilites.fr/uploads/plans/20260423T084242Z-10dae5aa-9b49-4107-be46-1da7b15c5617.pdf;PLAN;559
C01354;Horaires Ligne TUC;https://www.ratp.fr/sites/default/files/lines-assets/fiche-horaire/busratp/fiche-horaire_busratp_ligne-574.pdf;HORAIRE;TUC
C01357;FH CLAMIBUS;https://ilico.iledefrance-mobilites.fr/uploads/fiches/20260204T160126Z-e3d7893b-0c0d-4fe5-9952-102ff49ed393.pdf;HORAIRE;ClamiBus
C01357;Plan Clamibus;https://ilico.iledefrance-mobilites.fr/uploads/plans/20260204T160126Z-35701050-fc16-4ea2-b926-37d33fdd87be.pdf;PLAN;ClamiBus
C01362;Horaires Ligne V5;https://www.ratp.fr/sites/default/files/lines-assets/fiche-horaire/busratp/fiche-horaire_busratp_ligne-584.pdf;HORAIRE;V5
C01368;Plan LE PETIT FONTENAISIEN;https://ilico.iledefrance-mobilites.fr/uploads/plans/20260204T160428Z-dbfa6a10-6fa5-4888-8763-453bf1d3a76a.pdf;PLAN;Le Petit Fontenaisien
C01370;FH HIRONDELLE;https://ilico.iledefrance-mobilites.fr/uploads/fiches/20260204T160544Z-cbfae8e5-848e-476d-ae2f-623314d66d74.pdf;HORAIRE;L'Hirondelle
C01375;Plan Métro 5;https://www.ratp.fr/sites/default/files/lines-assets/plan-de-ligne/metro/plan-de-ligne_metro_ligne-5.pdf;PLAN;5
C01383;Plan Métro 13;https://www.ratp.fr/sites/default/files/lines-assets/plan-de-ligne/metro/plan-de-ligne_metro_ligne-13.pdf;PLAN;13
C01388;Plan Orlyval;https://ilico.iledefrance-mobilites.fr/uploads/plans/20260202T144524Z-6231dec6-b80e-4da1-9a43-036606d0a93e.pdf;PLAN;ORLYVAL
C01390;Plan Tramway T2;https://www.ratp.fr/sites/default/files/lines-assets/plan-de-ligne/tram/plan-de-ligne_tram_ligne-t2.pdf;PLAN;T2
C01395;Plan Ligne N44;https://www.ratp.fr/sites/default/files/lines-assets/plan-de-ligne/noctilien/plan-de-ligne_noctilien_ligne-n44.pdf;PLAN;N44
C01398;Plan ligne N34;https://ilico.iledefrance-mobilites.fr/uploads/plans/20251022T140713Z-863e0224-81d9-490a-987c-3493fc2089e6.pdf;PLAN;N34
C01399;Horaires N33;https://ilico.iledefrance-mobilites.fr/uploads/fiches/20260527T060124Z-d450fe89-7941-434e-978f-303ed329a894.pdf;HORAIRE;N33
C01399;Plan ligne N33;https://ilico.iledefrance-mobilites.fr/uploads/plans/20251022T140542Z-621918c3-31f5-4abe-9e8c-4bb921baa1f2.pdf;PLAN;N33
C01403;Fiche Horaire N62;https://ilico.iledefrance-mobilites.fr/uploads/fiches/20260713T074551Z-417817f5-f85b-4c58-b610-c34693b0a7d9.pdf;HORAIRE;N62
C01403;Plan de ligne N62;https://ilico.iledefrance-mobilites.fr/uploads/plans/20260408T133953Z-da78a2a2-d6dd-4018-a7f4-4e8f2804ed1d.pdf;PLAN;N62
C01416;Plan ligne N16;https://ilico.iledefrance-mobilites.fr/uploads/plans/20251022T140218Z-d979037c-efc8-44cb-816e-f6b408ee7b02.pdf;PLAN;N16
C01417;Plan de ligne N15;https://ilico.iledefrance-mobilites.fr/uploads/plans/20260801T173352Z-864f7661-5dbc-47e8-9e4b-f41db3e13a9f.pdf;PLAN;N15
C01418;Horaires valables à partir du 16 juillet au 16 août 2026;https://ilico.iledefrance-mobilites.fr/uploads/fiches/20260801T162310Z-77b4b023-95db-4992-8604-cd62239fb13c.pdf;HORAIRE;N14
C01418;Plan de ligne N14;https://ilico.iledefrance-mobilites.fr/uploads/plans/20260801T173503Z-3308738b-802f-4d33-aefe-8a3097b4e3b6.pdf;PLAN;N14
C01422;Horaires valables à partir du 19 mai 2025;https://ilico.iledefrance-mobilites.fr/uploads/fiches/20250505T160946Z-522b08b5-7107-44d9-bdde-07b3007722b5.pdf;HORAIRE;N153
C01429;Horaires Ligne Fileo Othis;https://ilico.iledefrance-mobilites.fr/uploads/fiches/20250305T140045Z-2e288de7-8295-4752-a675-c6a03868f2e6.pdf;HORAIRE;Filéo Othis (future TàD Roissy Othis)
C01433;Plan Ligne Fileo Villiers le Bel (sur réservation);https://www.datocms-assets.com/56495/1640343976-fileo-villiers-le-bel.jpg;PLAN;Filéo Villiers (future TàD Roissy Villiers-le-Bel)
C01435;Horaires ligne 3301 du 05/01/2026 au 31/08/2026;https://ilico.iledefrance-mobilites.fr/uploads/fiches/20251211T115204Z-f74281ba-31bd-4372-b5b5-0ce65d01c1cc.pdf;HORAIRE;3301
C01436;Plan de ligne 3303;https://ilico.iledefrance-mobilites.fr/uploads/plans/20250825T063249Z-e42c093d-b8ec-4124-babd-e1bf67316971.pdf;PLAN;3303
C01437;Horaires ligne 3304 du 05/01/2026 au 31/08/2026;https://ilico.iledefrance-mobilites.fr/uploads/fiches/20251211T115418Z-6a1d14aa-3cba-465a-a43b-ed8319a25a92.pdf;HORAIRE;3304
C01444;Horaires ligne 3438 valables à partir du 1er septembre 2026;https://ilico.iledefrance-mobilites.fr/uploads/fiches/20260806T094110Z-6261cf9c-dc51-48e0-835e-b130250fb95e.pdf;HORAIRE;3438
C01448;3430;https://ilico.iledefrance-mobilites.fr/uploads/plans/20240828T150622Z-18a2ab81-004c-4e15-a30f-e5c331723af4.pdf;PLAN;3430
C01450;Horaires ligne 3433 à partir du 3 Novembre 2025;https://ilico.iledefrance-mobilites.fr/uploads/fiches/20260428T073855Z-8fe951e3-a9ac-4bb5-abfe-f8396248b181.pdf;HORAIRE;3433
C01450;3433;https://ilico.iledefrance-mobilites.fr/uploads/plans/20240828T150705Z-2388b515-f93d-421b-a010-9e2bd25fb53a.pdf;PLAN;3433
C01453;Horaires Ligne 3241 du 01 Septembre2025 au 30 Août 2026;https://ilico.iledefrance-mobilites.fr/uploads/fiches/20251211T095256Z-7c551c5d-4df0-4829-bbf8-3459a74ba204.pdf;HORAIRE;3241
C01453;Thermomètre ligne 3241;https://ilico.iledefrance-mobilites.fr/uploads/plans/20260721T065337Z-cb53c51d-4171-4038-b6fd-db2611cd4d8f.pdf;PLAN;3241
C01456;Plan ligne 3201;https://ilico.iledefrance-mobilites.fr/uploads/plans/20251211T100346Z-84010261-a9be-4880-9cb1-8d7f29ef994e.pdf;PLAN;3201
C01457;Horaires Ligne 3242 du 01 Septembre2025 au 30 Août 2026;https://ilico.iledefrance-mobilites.fr/uploads/fiches/20251211T095312Z-044e0e7a-757f-445c-a466-1735ba1da520.pdf;HORAIRE;3242
C01457;Horaires Ligne 3242 du 31 Août 2026 au 29 Août 2027;https://ilico.iledefrance-mobilites.fr/uploads/fiches/20260721T063439Z-a6688a66-ad3a-4332-94c2-82f39bdbc427.pdf;HORAIRE;3242
C01459;Horaires Ligne 3204 du 31 Août 2026 au 29 Août 2027;https://ilico.iledefrance-mobilites.fr/uploads/fiches/20260721T063630Z-e9179f88-8a48-4323-812d-ed532a4f049d.pdf;HORAIRE;3256
C01459;Horaires Ligne 3256 du 01 Septembre2025 au 30 Août 2026;https://ilico.iledefrance-mobilites.fr/uploads/fiches/20251211T095852Z-52340967-c8b4-408a-894e-7a163a7beb02.pdf;HORAIRE;3256
C01461;Horaires Ligne 3204 du 31 Août 2026 au 29 Août 2027;https://ilico.iledefrance-mobilites.fr/uploads/fiches/20260721T063709Z-d22bfd59-b2bb-45b8-b0ac-859bd0dcff5b.pdf;HORAIRE;3250
C01462;Thermomètre ligne 3257;https://ilico.iledefrance-mobilites.fr/uploads/plans/20260721T065713Z-9549d719-58d3-45fa-b6e3-4f4023f1d6c3.pdf;PLAN;3257
C01469;Horaires Ligne 3260 du 31 Août 2026 au 29 Août 2027;https://ilico.iledefrance-mobilites.fr/uploads/fiches/20260721T063839Z-35f0fe4e-3597-4564-944b-aee96a14a265.pdf;HORAIRE;3260
C01477;Horaires valables du 6 juillet 2026 au 30 août 2026;https://ilico.iledefrance-mobilites.fr/uploads/fiches/20260702T124029Z-8cf3805f-39e3-4125-a150-7fa8b3bee52f.pdf;HORAIRE;1231
C01482;Horaires d'été 2026 - L6227 du 13 juillet au 23 août 2026;https://ilico.iledefrance-mobilites.fr/uploads/fiches/20260703T143818Z-3420e51c-986d-46a4-86be-04721b920bd9.pdf;HORAIRE;6227
C01482;Plan de la ligne 6227;https://ilico.iledefrance-mobilites.fr/uploads/plans/20250811T145134Z-f7e9b5f1-baf1-4ff6-a8ea-9aea70d4c90c.pdf;PLAN;6227
C01484;Plan de la ligne 6231;https://ilico.iledefrance-mobilites.fr/uploads/plans/20250812T081525Z-4ce8a32c-a86a-4b3f-b792-7216da742cc4.pdf;PLAN;6231
C01485;Fiches horaires ligne 459;https://ilico.iledefrance-mobilites.fr/uploads/fiches/20260810T130915Z-25e7536a-d8aa-47aa-aeff-04aa10d9490b.pdf;HORAIRE;459
C01488;Plan de ligne 471;https://ilico.iledefrance-mobilites.fr/uploads/plans/20260611T102244Z-1f477ece-fab2-4703-823c-b738d2a568d9.pdf;PLAN;471
C01489;Plan de la ligne  6216;https://ilico.iledefrance-mobilites.fr/uploads/plans/20250811T144617Z-fb2a2e07-6aa6-49f1-b510-067d027e06d8.pdf;PLAN;6216
C01490;Horaires valables à compter du 6 juillet au 31 août 2026;https://ilico.iledefrance-mobilites.fr/uploads/fiches/20260701T151054Z-fd2fa36c-6fac-48be-bd21-d98f91948403.pdf;HORAIRE;7803
C01490;Plan de la ligne 7803;https://ilico.iledefrance-mobilites.fr/uploads/plans/20250321T160108Z-4e44b783-2cc8-4fd2-ba87-f377f18aba89.pdf;PLAN;7803
C01498;Plan Ligne 4533 (maj le 06/01/2025);https://ilico.iledefrance-mobilites.fr/uploads/plans/20250106T111548Z-2ff6c830-6e79-4dcc-a925-76c244ad2968.pdf;PLAN;4533
C01500;Horaires Ligne 7705 du 31 Août 2026 au 04 Juillet 2027;https://ilico.iledefrance-mobilites.fr/uploads/fiches/20260721T062025Z-ea1849ee-6738-4306-a14d-d1494528606b.pdf;HORAIRE;7705
C01501;Horaires Ligne 3251 du 03 Novembre2025 au 30 Août 2026;https://ilico.iledefrance-mobilites.fr/uploads/fiches/20251211T095641Z-3df3e1b1-a388-42f1-98da-36bda3a10ef5.pdf;HORAIRE;3251
C01504;Thermomètre ligne 3261;https://ilico.iledefrance-mobilites.fr/uploads/plans/20260721T064457Z-741bc963-7395-4171-bbc9-0c19cf3bdbc6.pdf;PLAN;3261
C01505;Horaires Ligne 7707 du 15 Décembre 2025 au 30 Août 2026;https://ilico.iledefrance-mobilites.fr/uploads/fiches/20251215T100650Z-1e683d94-1287-459c-bbd2-344c1073ca16.pdf;HORAIRE;7707
C01506;Thermomètre ligne 3218;https://ilico.iledefrance-mobilites.fr/uploads/plans/20260721T064526Z-a1019f8e-92df-4ec1-a868-daccfc8dd365.pdf;PLAN;3218
C01509;Horaires Ligne 3213 du 31 Août 2026 au 29 Août 2027;https://ilico.iledefrance-mobilites.fr/uploads/fiches/20260721T062458Z-a0cb61ed-226e-48de-af89-cbe57e689d92.pdf;HORAIRE;3213
C01510;Horaires Ligne 3214 du 01 Septembre2025 au 30 Août 2026;https://ilico.iledefrance-mobilites.fr/uploads/fiches/20251211T094944Z-cb6350ce-34e7-451e-a286-afc4dce07e81.pdf;HORAIRE;3214
C01512;Thermomètre ligne 3249;https://ilico.iledefrance-mobilites.fr/uploads/plans/20260721T064706Z-a5f5ebb7-a3ff-4b32-9a5f-25dbce63191d.pdf;PLAN;3249
C01520;Horaires Ligne 3209 TàD du 31 Août 2026 au 29 Août 2027;https://ilico.iledefrance-mobilites.fr/uploads/fiches/20260721T063003Z-2a333893-2a5e-414d-8698-a73788139fd4.pdf;HORAIRE;TàD 3209
C01522;Schéma de ligne 5121;https://ilico.iledefrance-mobilites.fr/uploads/plans/20260430T141155Z-c55a70fd-452f-4d5f-be72-63ae33abe569.pdf;PLAN;5121
C01526;Schéma de ligne 5122;https://ilico.iledefrance-mobilites.fr/uploads/plans/20250715T114522Z-1558e7cb-3ba7-45ed-817a-28318b12efc0.pdf;PLAN;5122
C01528;Horaires valables du 27 juillet au 23 août 2026;https://ilico.iledefrance-mobilites.fr/uploads/fiches/20260709T143826Z-024b42c7-01bb-4552-86ee-e5b7dcceb850.pdf;HORAIRE;5105
C01531;Ligne 5106 - schéma de ligne;https://ilico.iledefrance-mobilites.fr/uploads/plans/20240513T154412Z-b8598f84-545e-4d58-a057-d0f48b3da65a.pdf;PLAN;5106
C01535;Horaires valables du 13 juillet au 23 août 2026;https://ilico.iledefrance-mobilites.fr/uploads/fiches/20260702T113429Z-2a5f2b4b-786d-4b26-a3cd-75b70e8342c4.pdf;HORAIRE;5142
C01538;Horaires valables du 24 août 2026 au 11 juillet 2027 (sauf du 28 décembre 2026 au 3 janvier 2027);https://ilico.iledefrance-mobilites.fr/uploads/fiches/20260804T133623Z-e403b44a-befa-4973-9ad2-11c406f9f773.pdf;HORAIRE;5145
C01542;Horaires valables du 24 août 2026 au 11 juillet 2027 (sauf du 28 décembre 2026 au 3 janvier 2027);https://ilico.iledefrance-mobilites.fr/uploads/fiches/20260804T133729Z-770cfa76-ebbe-4b48-b1c3-b00167e781ff.pdf;HORAIRE;5151
C01548;Ligne 710 - Plan de ligne;https://ilico.iledefrance-mobilites.fr/uploads/plans/20260710T090947Z-c0927154-3c51-4dae-9d48-1df0ca135f13.pdf;PLAN;710 (ex 701)
C01550;Plan de la ligne 703;https://ilico.iledefrance-mobilites.fr/uploads/plans/64fed8e443923_Ligne_NORD-SEINE-SAINT-DENIS_703.pdf;PLAN;703
C01562;Horaires du 20 juillet au 23 août 2026;https://ilico.iledefrance-mobilites.fr/uploads/fiches/20260717T091337Z-60fe004a-d63f-44e5-8c00-5a178aa8999b.pdf;HORAIRE;9101
C01565;Horaires Ligne 4504 - A compter du 24 août 2026 au 11 juillet 2027;https://ilico.iledefrance-mobilites.fr/uploads/fiches/20260806T095548Z-2bf3f494-93a6-4827-93b8-dca2255a7b68.pdf;HORAIRE;4504
C01565;Plan de ligne 4504;https://portail-idfm-operateurs.cdn.prismic.io/portail-idfm-operateurs/aeeRTcBOoF08xLo8_LigneC%E2%94%BC%C3%B4urd%C3%94%C3%87%C3%96Essonne_4504v340526.pdf;PLAN;4504
C01568;Ligne 4457;https://ilico.iledefrance-mobilites.fr/uploads/plans/20240901T093616Z-47b45c40-b351-4449-9b06-a9510906f5b8.pdf;PLAN;4457
C01570;Horaires du 20 juillet au 23 août 2026;https://ilico.iledefrance-mobilites.fr/uploads/fiches/20260717T091426Z-9eb2c7ef-2c68-4ca3-a774-61776c53174b.pdf;HORAIRE;4122
C01571;Horaires valables du 4 mai au 5 juillet 2026_ligne 5154;https://ilico.iledefrance-mobilites.fr/uploads/fiches/20260428T152450Z-a4759d79-308d-4d7a-adeb-c7908b8afeee.pdf;HORAIRE;5154
C01571;Horaires de la ligne 5154;https://ilico.iledefrance-mobilites.fr/uploads/fiches/20251222T154639Z-e3483484-56df-4999-9cfd-686a22d6166e.pdf;HORAIRE;5154
C01576;Ligne 604 - Plan de ligne;https://ilico.iledefrance-mobilites.fr/uploads/plans/20260710T091357Z-81a50f9d-fe7d-47a3-9086-4f81185370e4.pdf;PLAN;604
C01577;Ligne 605 - Plan de ligne;https://ilico.iledefrance-mobilites.fr/uploads/plans/20260710T091426Z-4a589b3d-c64c-42f1-afcc-610447a01f46.pdf;PLAN;605
C01584;Plan de la ligne 616;https://ilico.iledefrance-mobilites.fr/uploads/plans/64feda08e7b73_Ligne_NORD-SEINE-SAINT-DENIS_616.pdf;PLAN;616
C01595;Ligne 644 - Plan de ligne;https://ilico.iledefrance-mobilites.fr/uploads/plans/20260710T091625Z-6d3474ed-5755-4415-b89b-c2900a023ac3.pdf;PLAN;644
C01600;Horaires valables du 06 juillet au 31 août 2026;https://ilico.iledefrance-mobilites.fr/uploads/fiches/20260610T074120Z-e6474642-e727-4913-bdaf-b4a45d016aa6.pdf;HORAIRE;5402
C01602;Horaires valables du 06 juillet au 31 août 2026;https://ilico.iledefrance-mobilites.fr/uploads/fiches/20260610T074150Z-8b25be0a-981c-48ce-9909-2a9b2b52900d.pdf;HORAIRE;5420
C01607;Horaires valables du 06 juillet au 31 août 2026;https://ilico.iledefrance-mobilites.fr/uploads/fiches/20260610T074310Z-7f8d9295-6347-4972-aeea-bee134a6b275.pdf;HORAIRE;5425
C01607;Horaires valables du 1er septembre 2026 au 04 juillet 2027 inclus;https://ilico.iledefrance-mobilites.fr/uploads/fiches/20260804T114019Z-8e9657e2-bd5d-41ba-b1b5-79a9e6298994.pdf;HORAIRE;5425
C01612;Horaires valables du 06 juillet au 31 août 2026;https://ilico.iledefrance-mobilites.fr/uploads/fiches/20260610T074328Z-d51b5019-efff-4efc-a318-8e43a00bb553.pdf;HORAIRE;5408
C01616;Horaires ligne 4201 - Du 25 août 2025 au 12 juillet 2026;https://ilico.iledefrance-mobilites.fr/uploads/fiches/20260316T155551Z-499da5b1-9dce-4a7d-81ac-f6b07d14e47e.pdf;HORAIRE;4201
C01618;Horaires ligne 4212 - Du 13 juillet au 23 août 2026;https://ilico.iledefrance-mobilites.fr/uploads/fiches/20260706T080225Z-bece2bb5-2f2f-476f-949b-d2b8e4708024.pdf;HORAIRE;4212
C01622;Horaires ligne 4202 - Du 13 juillet au 23 août 2026;https://ilico.iledefrance-mobilites.fr/uploads/fiches/20260706T081334Z-3250a6bb-5340-4200-bae0-130f573bc8ea.pdf;HORAIRE;4202
C01622;Plan ligne 4202;https://ilico.iledefrance-mobilites.fr/uploads/plans/20260706T081220Z-fe57e86d-d1a7-4bf2-a215-c3c8a7a30f55.pdf;PLAN;4202
C01624;Plan ligne 4244;https://ilico.iledefrance-mobilites.fr/uploads/plans/20260706T081531Z-11d6068a-116e-4feb-be31-223b0708a47d.pdf;PLAN;4244
C01628;Horaires ligne 4245 - Du 25 août 2025 au 12 juillet 2026;https://ilico.iledefrance-mobilites.fr/uploads/fiches/20260423T094350Z-716646cd-b477-46fc-8b62-51cc998c57d3.pdf;HORAIRE;4245
C01628;Plan ligne 4245;https://ilico.iledefrance-mobilites.fr/uploads/plans/20260706T082102Z-2071a90b-ff2a-44b9-87b2-d829ac3f9e89.pdf;PLAN;4245
C01629;Horaires ligne 4218 - Du 25 août 2025 au 12 juillet 2026;https://ilico.iledefrance-mobilites.fr/uploads/fiches/20260322T155234Z-64f6fd35-ca38-45b7-8b2a-66ae86d246aa.pdf;HORAIRE;4218
C01633;N132;https://ilico.iledefrance-mobilites.fr/uploads/plans/20240920T093654Z-035ba98a-d757-4c6b-863b-9af80154f3df.pdf;PLAN;N132
C01634;Fiche horaires 01.09.2025;https://ilico.iledefrance-mobilites.fr/uploads/fiches/20251231T111115Z-bef1f06b-f9d6-470f-ad16-f570e2015a61.pdf;HORAIRE;N130
C01636;Plan Gare Routière SGDB (Place) - A compter du 22/12/25;https://ilico.iledefrance-mobilites.fr/uploads/fiches/20251217T133117Z-632de244-871d-4d82-842a-39c067ae34be.pdf;HORAIRE;N131
C01636;Plan gare routière Saint-Michel-s/o;https://ilico.iledefrance-mobilites.fr/uploads/fiches/20251218T130427Z-83130e7e-fc7f-4eb2-a59b-7f0767a76326.pdf;HORAIRE;N131
C01645;Plan ligne N139;https://ilico.iledefrance-mobilites.fr/uploads/plans/20260706T082656Z-3f99f447-e549-4cb2-8f45-b18f6f269f4e.pdf;PLAN;N139
C01646;Ligne N161 - Horaire rentrée Septembre 2025;https://ilico.iledefrance-mobilites.fr/uploads/fiches/20250804T141249Z-49a59bbb-58a7-41d3-979a-3684ffc9635a.pdf;HORAIRE;N161
C01657;Ligne 418 Horaires à compter du 1er sept. 2026;https://ilico.iledefrance-mobilites.fr/uploads/fiches/20260731T085636Z-2a50ad58-f198-4fd9-979b-4dbdc02a0490.pdf;HORAIRE;418
C01659;Plan de ligne 1301;https://ilico.iledefrance-mobilites.fr/uploads/plans/20241210T170505Z-7a0e91a0-d0c3-4c6c-9863-01d122277aa0.pdf;PLAN;1301
C01660;Plan de ligne 1302;https://ilico.iledefrance-mobilites.fr/uploads/plans/20250828T153215Z-9730a34a-8104-47c8-aa87-bdad79ab38af.pdf;PLAN;1302
C01662;Fiche Horaire 1356;https://ilico.iledefrance-mobilites.fr/uploads/fiches/20240829T161530Z-fc780ade-4b83-4404-a193-a43967006d73.pdf;HORAIRE;1356
C01669;Fiche horaires ligne 3705 du 24 aout 2026 au 22 aout 2027;https://ilico.iledefrance-mobilites.fr/uploads/fiches/20260805T131114Z-b8b189e3-ccc8-489d-9624-2ad3cc1d069a.pdf;HORAIRE;3705
C01672;Plan ligne 4216;https://ilico.iledefrance-mobilites.fr/uploads/plans/20260706T083003Z-51aec078-d39a-4d2f-80ee-8d8e11c136c3.pdf;PLAN;4216
C01673;Plan Ligne 4583 (maj 06/01/2025);https://ilico.iledefrance-mobilites.fr/uploads/plans/20250106T110223Z-ae8e876e-54fc-41f5-9a3a-dea1415b2fa5.pdf;PLAN;4583
C01676;Horaires valables du 24 août 2026 au 11 juillet 2027 (sauf du 28 décembre 2026 au 3 janvier 2027);https://ilico.iledefrance-mobilites.fr/uploads/fiches/20260804T133043Z-9da40168-745c-4a27-8a42-e10bd8852aa3.pdf;HORAIRE;5131
C01680;Horaires ligne 35;https://ilico.iledefrance-mobilites.fr/uploads/fiches/20260805T115130Z-96f3db04-e35e-4e4f-9543-7a46d23864fe.pdf;HORAIRE;35
C01681;Horaires valables à partir du 6 juillet 2026;https://ilico.iledefrance-mobilites.fr/uploads/fiches/20260702T144814Z-74ca603a-da7b-4657-a210-aa0464aded9b.pdf;HORAIRE;6413
C01681;Plan ligne 6413 - Pont de Bezons-Cormeilles;https://ilico.iledefrance-mobilites.fr/uploads/plans/20260702T144757Z-c9e99474-9800-4317-9f3d-87c972e773c1.pdf;PLAN;6413
C01686;Plan de ligne 3308;https://ilico.iledefrance-mobilites.fr/uploads/plans/20250825T064430Z-a7663e57-d3d7-4a8d-a358-0e4352a150d2.pdf;PLAN;3308
C01688;Horaires valables du 01/09/25 au 03/07/26;https://ilico.iledefrance-mobilites.fr/uploads/fiches/20250826T132815Z-53a79b0b-b0dc-49e2-82e1-72db955847ea.pdf;HORAIRE;6177
C01693;Horaires valables du 01/09/25 au 04/07/26;https://ilico.iledefrance-mobilites.fr/uploads/fiches/20250828T065047Z-a8ed8054-3c3c-46e3-834c-9fdc4dee7cbd.pdf;HORAIRE;6182
C01697;Fiche WEB ligne 4601 PVS Été 2026 V0, du lundi 6 juillet au dimanche 12 juillet, puis du lundi 24 août au lundi 31 août 2026;https://portail-idfm-operateurs.cdn.prismic.io/portail-idfm-operateurs/ajO-lo1P9HI4UrQQ_FicheWEBligne4602PVS%C3%A9t%C3%A92026.pdf;HORAIRE;4602
C01698;Plan ligne 4621;https://ilico.iledefrance-mobilites.fr/uploads/plans/20250418T140208Z-1d6a6f66-6f1d-44fe-b43b-989bf142072a.pdf;PLAN;4621
C01699;Fiche WEB ligne 4622 PVS été du 9 mars au 12 juillet 2026 et du 24 août au 31 août 2026;https://portail-idfm-operateurs.cdn.prismic.io/portail-idfm-operateurs/wD435Ro_ZNMsbASP_FicheWEBligne4622PVS%C3%A9t%C3%A9du9marsau12juillet2026etdu24ao%C3%BBtau31ao%C3%BBt2026.pdf;HORAIRE;4622
C01699;Fiche WEB ligne 4622 Été 2026 V0, du lundi 13 juillet au dimanche 23 août 2026;https://portail-idfm-operateurs.cdn.prismic.io/portail-idfm-operateurs/ajPEK41P9HI4UrZr_FicheWEBligne4622%C3%89t%C3%A92026V0%2Cdulundi13juilletaudimanche23ao%C3%BBt2026.pdf;HORAIRE;4622
C01701;Schéma ligne 6161;https://ilico.iledefrance-mobilites.fr/uploads/plans/20250826T132928Z-53b80c28-fd16-49ce-864a-3ce9c4a18e88.pdf;PLAN;6161
C01703;Horaires Ligne 4571 - A compter du 1er septembre 2026 au 3 juillet 2027;https://ilico.iledefrance-mobilites.fr/uploads/fiches/20260806T101806Z-b0734070-bbea-4ba0-aa77-58160f988830.pdf;HORAIRE;4571
C01704;Plan Gare Routière SGDB (Place) - A compter du 22/12/25;https://ilico.iledefrance-mobilites.fr/uploads/fiches/20251217T133004Z-f4c1ec5e-9b57-4d96-88c0-3b05c83d300d.pdf;HORAIRE;4572
C01705;Horaires Ligne 4573 - A compter du 1er septembre 2026 au 3 juillet 2027;https://ilico.iledefrance-mobilites.fr/uploads/fiches/20260806T101850Z-260a616e-01bc-4d1c-b004-46bfef567e07.pdf;HORAIRE;4573
C01707;Horaires Ligne 4575 - A compter du 1er septembre 2026 au 3 juillet 2027;https://ilico.iledefrance-mobilites.fr/uploads/fiches/20260806T101935Z-48f1e236-0d74-417c-9f9f-2f85d7aaedcf.pdf;HORAIRE;4575
C01707;Plan Ligne 4575 (maj 06/01/2025);https://ilico.iledefrance-mobilites.fr/uploads/plans/20250106T104254Z-46d7748e-4d05-4019-8bd5-882c15b04e5b.pdf;PLAN;4575
C01708;Ligne 4436 - été 2026;https://ilico.iledefrance-mobilites.fr/uploads/fiches/20260722T073508Z-cef4bbbd-d4c0-486d-a986-b24c1e4c92fc.pdf;HORAIRE;4436
C01708;Ligne 4436 - Horaires valables du 1er septembre 2026 au 4 juillet 2027;https://ilico.iledefrance-mobilites.fr/uploads/fiches/20260807T154135Z-82f614b0-5fd5-4db4-ae44-41b9c275083c.pdf;HORAIRE;4436
C01710;Fiche horaire ligne 487;https://ilico.iledefrance-mobilites.fr/uploads/fiches/20260417T132715Z-80cffae1-6c27-4902-aa10-aef183f92d74.pdf;HORAIRE;487
C01712;Plan Ligne Fileo Fosses (sur réservation);https://ilico.iledefrance-mobilites.fr/uploads/plans/20250312T101444Z-7bccce1f-7136-498b-87c8-706fa8deefa2.pdf;PLAN;Filéo Fosses (future TàD Roissy Fosses)
C01714;Horaires ligne 4240 - Du 13 juillet au 23 août 2026;https://ilico.iledefrance-mobilites.fr/uploads/fiches/20260706T073137Z-08e9a40a-6288-4fad-af64-3b219ad75977.pdf;HORAIRE;4240
C01716;Fiche horaires 01.09.2025;https://ilico.iledefrance-mobilites.fr/uploads/fiches/20250728T142742Z-1d2ec252-a7f2-4fce-8233-817c23bc2e33.pdf;HORAIRE;2471
C01717;Ligne 708 - Horaires valables du 13 juillet au 23 août 2026;https://ilico.iledefrance-mobilites.fr/uploads/fiches/20260612T085038Z-0d24c1a1-c56b-48cc-9748-7b3f2c23cbd8.pdf;HORAIRE;708 (ex 8)
C01719;Ligne 5267 - Nouveaux Horaires à partir du 1er Septembre 2026;https://ilico.iledefrance-mobilites.fr/uploads/fiches/20260625T154659Z-bd374084-fe52-4bda-ad71-3b0d551ee375.pdf;HORAIRE;5267
C01727;Horaires RER C;https://www.transilien.com/fr/page-lignes/ligne-c#content-section-1122-part-2-tab;HORAIRE;C
C01728;Horaires RER D;https://www.transilien.com/fr/page-lignes/ligne-d#content-section-1148-part-2-tab;HORAIRE;D
C01730;Horaires Transilien;https://www.transilien.com/fr/page-lignes/ligne-p#content-section-1180-part-2-tab;HORAIRE;P
C01730;Plan des Transilien P;https://www.transilien.com/fr/page-lignes/ligne-p;PLAN;P
C01736;Plan de la ligne Transilien N;https://www.transilien.com/fr/page-lignes/ligne-n;PLAN;N
C01741;Horaires de la ligne Transilien U;https://www.transilien.com/fr/page-lignes/ligne-u#content-section-1176-part-2-tab;HORAIRE;U
C01741;Plan de la ligne Transilien U;https://www.transilien.com/fr/page-lignes/ligne-u;PLAN;U
C01743;Plan RER B;https://www.ratp.fr/plans-lignes/rer/b;PLAN;B
C00001;Horaire valables à partir du 13 juillet au 15 août 2026;https://ilico.iledefrance-mobilites.fr/uploads/fiches/20260706T130555Z-75086c6b-acd1-455e-8da6-780ba8da2584.pdf;HORAIRE;482
C00007;Horaire valables à partir du 15 juillet au 15 août 2026;https://ilico.iledefrance-mobilites.fr/uploads/fiches/20260706T131649Z-95792846-9a75-4af6-93c0-6a227ad136d4.pdf;HORAIRE;282
C00009;Plan 3103;https://ilico.iledefrance-mobilites.fr/uploads/plans/20250731T120813Z-4f38e140-d023-498e-a460-eb5a6a559e5f.pdf;PLAN;3103
C00014;Dépliant_3110 été au 04072026;https://ilico.iledefrance-mobilites.fr/uploads/fiches/20260522T133058Z-d4cd354d-4087-4d7a-8f28-661119cabd82.pdf;HORAIRE;3110
C00016;Plan 3114;https://ilico.iledefrance-mobilites.fr/uploads/plans/20250731T144933Z-4514aa36-8e02-4de1-b0f7-e0f767b77e03.pdf;PLAN;3114
C00017;Plan 3118;https://ilico.iledefrance-mobilites.fr/uploads/plans/20250731T145507Z-57766fad-a8af-4443-968c-3850fbd9d363.pdf;PLAN;3118
C00020;Fiche internet_3115 au 01092025;https://ilico.iledefrance-mobilites.fr/uploads/fiches/20250904T185330Z-1102e0d9-760b-402f-9b5f-7f8363d469af.pdf;HORAIRE;3115
C00020;Plan 3115;https://ilico.iledefrance-mobilites.fr/uploads/plans/20250731T145152Z-0f99fbce-0734-47ed-9ae5-663a1eab6839.pdf;PLAN;3115
C00021;Fiche internet_3145;https://ilico.iledefrance-mobilites.fr/uploads/fiches/20260612T121713Z-ad9f766e-f89d-4748-92be-be342afafcf7.pdf;HORAIRE;3145
C00024;Dépliant_3109 au 01092025;https://ilico.iledefrance-mobilites.fr/uploads/fiches/20250730T110750Z-2a02460a-810d-4b89-90a3-b55918e271ae.pdf;HORAIRE;3109
C00027;Dépliant_7716 au 010925;https://ilico.iledefrance-mobilites.fr/uploads/fiches/20260326T135234Z-3c40fde7-df2b-4c8c-864c-b784eaeee21f.pdf;HORAIRE;7716
C00031;Ligne 730 - Plan de ligne;https://ilico.iledefrance-mobilites.fr/uploads/plans/20260710T083214Z-62d660f1-420e-4268-98dc-a77cd3c3bfcb.pdf;PLAN;730 (ex A)
C00032;Ligne 760 - Horaires valables du 13 juillet au 23 août 2026;https://ilico.iledefrance-mobilites.fr/uploads/fiches/20260612T082400Z-1a1c7c34-a81f-4348-991d-4ac51a5bd749.pdf;HORAIRE;760 (ex D)
C00032;Ligne 760 - Plan de ligne;https://ilico.iledefrance-mobilites.fr/uploads/plans/20260710T083940Z-1a9c5de1-9764-4d61-b6a6-a1ac2d208706.pdf;PLAN;760 (ex D)
C00033;Ligne 740 - Plan de ligne;https://ilico.iledefrance-mobilites.fr/uploads/plans/20260710T084134Z-642b9afd-940b-41d2-9d43-2b93b8abfb07.pdf;PLAN;740 (ex B)
C00034;Ligne 750 - Plan de ligne;https://ilico.iledefrance-mobilites.fr/uploads/plans/20260710T084352Z-4ba0d049-f830-4ba6-987d-88c3cc5e7c65.pdf;PLAN;750 (ex C)
C00040;Horaires HIVER valables du 01/09/26 au 02/07/2027;https://ilico.iledefrance-mobilites.fr/uploads/fiches/20260730T143935Z-43939a06-3aa5-40d3-9ce8-11fafc96a954.pdf;HORAIRE;6178
C00042;Horaires HIVER valables du 24/08/26 au 09/07/2027;https://ilico.iledefrance-mobilites.fr/uploads/fiches/20260730T152311Z-0ffca17d-96be-4d89-baa7-0d65a09b44ee.pdf;HORAIRE;6133
C00043;Horaires été valables du 13/07 au 21/08/26;https://ilico.iledefrance-mobilites.fr/uploads/fiches/20260703T084014Z-a4928355-457c-41b2-8984-62b20f739b19.pdf;HORAIRE;6124
C00049;Horaires été valables du 13/07 au 21/08/26;https://ilico.iledefrance-mobilites.fr/uploads/fiches/20260703T100148Z-0c030cdf-5cfe-4913-9db4-a9015a3c7501.pdf;HORAIRE;6142
C00052;Horaires HIVER valables du 24/08/26 au 09/07/2027;https://ilico.iledefrance-mobilites.fr/uploads/fiches/20260730T143401Z-7e1ec70c-3da2-4067-92ae-cb7333216a05.pdf;HORAIRE;6122
C00052;Horaires été valables du 13/07 au 21/08/26;https://ilico.iledefrance-mobilites.fr/uploads/fiches/20260703T083640Z-dc4fa3cf-9c93-4fa8-81df-7f31798b4024.pdf;HORAIRE;6122
C00060;Ligne 5213 - Horaire rentrée Septembre 2025;https://ilico.iledefrance-mobilites.fr/uploads/fiches/20260428T100947Z-d1405e19-3571-4c1b-afa9-b119360e5bbb.pdf;HORAIRE;5213
C00064;5367 plan;https://ilico.iledefrance-mobilites.fr/uploads/plans/20250418T104142Z-6c0f6fb8-31e8-4abf-aec4-5f70af0c6456.pdf;PLAN;5367
C00066;Plan de ligne 4660;https://ilico.iledefrance-mobilites.fr/uploads/plans/20251020T071821Z-65dcdff2-c3ff-4ae6-a724-6c66219852a3.pdf;PLAN;4660
C00069;Fiche WEB ligne 4604 PVS été 2026;https://portail-idfm-operateurs.cdn.prismic.io/portail-idfm-operateurs/ajQJJY1P9HI4UsfT_FicheWEBligne4604PVS%C3%A9t%C3%A92026.pdf;HORAIRE;4604
C00069;Fiche WEB ligne 4604 Été 2026 V0, du lundi 13 juillet au dimanche 23 août 2026;https://portail-idfm-operateurs.cdn.prismic.io/portail-idfm-operateurs/ajJkLY1P9HI4Um0T_FicheWEBligne4604%C3%89t%C3%A92026V0%2Cdulundi13juilletaudimanche23ao%C3%BBt2026.pdf;HORAIRE;4604
C00072;Fiche WEB ligne 4607 PVS été 2026;https://portail-idfm-operateurs.cdn.prismic.io/portail-idfm-operateurs/ajQK541P9HI4UshP_FicheWEBligne4607PVS%C3%A9t%C3%A92026.pdf;HORAIRE;4607
C00074;Fiche WEB ligne 4601 Été 2026 V0, du lundi 13 juillet au dimanche 23 août 2026;https://portail-idfm-operateurs.cdn.prismic.io/portail-idfm-operateurs/ajJcXY1P9HI4UmuD_FicheWEBligne4601%C3%89t%C3%A92026V0%2Cdulundi13juilletaudimanche23ao%C3%BBt2026.pdf;HORAIRE;4601
C00082;Ligne 4437 - Horaires valables du 1er septembre 2026 au 4 juillet 2027;https://ilico.iledefrance-mobilites.fr/uploads/fiches/20260807T154223Z-4167d78b-567e-441a-8138-2ea6c498fdfc.pdf;HORAIRE;4437
C00083;Horaires Ligne 4553 - A compter du 24 août 2026 au 11 juillet 2027;https://ilico.iledefrance-mobilites.fr/uploads/fiches/20260806T100900Z-3a4ede4a-5598-4e38-aae7-47dbbe92cf99.pdf;HORAIRE;4553
C00084;Ligne 437 du 6 juillet au 30 aout 2026;https://ilico.iledefrance-mobilites.fr/uploads/fiches/20260611T102511Z-1fd02d28-704d-4c33-a572-862b6477f0b6.pdf;HORAIRE;437
C00084;Plan ligne 437;https://ilico.iledefrance-mobilites.fr/uploads/plans/20240405T160040Z-78efb376-0d2b-4ac8-a6e0-e42c3ad57773.pdf;PLAN;437
C00089;Horaires Ligne 4514 - A compter du 24 août 2026 au 11 juillet 2027;https://ilico.iledefrance-mobilites.fr/uploads/fiches/20260806T095852Z-f1ef2413-9e59-40b8-893c-fd7a5cb68df4.pdf;HORAIRE;4514
C00089;Horaires Ligne 4514 - du 13 juillet au 23 août 2026;https://ilico.iledefrance-mobilites.fr/uploads/fiches/20260611T125229Z-76bd76ce-061d-453a-9da7-608d0ae25d1d.pdf;HORAIRE;4514
C00089;Plan Ligne 4514 (maj 06/01/2025);https://ilico.iledefrance-mobilites.fr/uploads/plans/20250106T103906Z-0176eb3b-cc24-46e2-a58d-966c2c8daccd.pdf;PLAN;4514
C00097;Ligne 4442 - Horaires valables du 1er septembre 2026 au 4 juillet 2027;https://ilico.iledefrance-mobilites.fr/uploads/fiches/20260807T154624Z-b73d9839-955b-4c89-aed0-70c73d5ed58f.pdf;HORAIRE;4442
C00098;Ligne 4441 - Horaires valables du 1er septembre 2026 au 4 juillet 2027;https://ilico.iledefrance-mobilites.fr/uploads/fiches/20260807T154556Z-61918fc5-810a-4a43-a029-73f4f677d7ba.pdf;HORAIRE;4441
C00104;Horaires hiver 2026 / 2027;https://ilico.iledefrance-mobilites.fr/uploads/fiches/20260730T092842Z-ede42429-097a-48e3-b61b-800bfb80e762.pdf;HORAIRE;4326
C00105;Ligne 4413;https://ilico.iledefrance-mobilites.fr/uploads/plans/20260226T102307Z-d0fd48ba-5e27-446b-bb40-d4c14fcab82c.pdf;PLAN;4413
C00107;Ligne 6522 - Ne circule pas du 6 juillet au 23 août 2026;https://ilico.iledefrance-mobilites.fr/uploads/fiches/20260706T095405Z-25da2bfc-ae58-4039-a29b-2e6b1ac0f880.pdf;HORAIRE;6522
C00107;Plan de ligne 6522;https://ilico.iledefrance-mobilites.fr/uploads/plans/20250819T115422Z-52fab816-9bfc-43f4-8719-32491bfa8dd7.pdf;PLAN;6522
C00108;Horaires valables du 06 juillet au 31 août 2026;https://ilico.iledefrance-mobilites.fr/uploads/fiches/20260610T073334Z-0dc2ec97-465a-4ee8-aad8-052acad6b895.pdf;HORAIRE;5444
C00110;Fiche horaires 6573 - 1er septembre 2025;https://ilico.iledefrance-mobilites.fr/uploads/fiches/20251013T094929Z-70764550-e2dc-43d8-9192-772121a37af4.pdf;HORAIRE;6573
C00113;Horaires 6217 du 24 août 2026 au 11 juillet 2027;https://ilico.iledefrance-mobilites.fr/uploads/fiches/20260811T062952Z-effbfc57-e97a-4190-9317-f929a9f42041.pdf;HORAIRE;6217
C00113;Plan ligne 6217;https://ilico.iledefrance-mobilites.fr/uploads/plans/20260811T062952Z-42e11756-14f9-4c60-be83-20d730e01339.pdf;PLAN;6217
C00115;Plan de ligne 6593;https://ilico.iledefrance-mobilites.fr/uploads/plans/20260706T095212Z-f6be8377-2751-4ba5-b4a0-ac7aa7210ae0.pdf;PLAN;6593
C00116;Fiche horaires 6533 - 6 juillet au 23 août 2026;https://ilico.iledefrance-mobilites.fr/uploads/fiches/20260622T123827Z-50e4175f-5e9e-4ba4-9d93-874ad089c80d.pdf;HORAIRE;6533
C00117;Fiche horaires 6526 - 6 juillet au 23 août 2026;https://ilico.iledefrance-mobilites.fr/uploads/fiches/20260622T123540Z-009177b5-0d6a-4a75-904f-61ff9737a7cc.pdf;HORAIRE;6526
C00118;Plan de ligne 5484;https://ilico.iledefrance-mobilites.fr/uploads/plans/20250829T115503Z-c637b7ad-7b8f-4057-9006-68794d9fc3f2.pdf;PLAN;5484
C00120;Horaires valables du 06 juillet au 31 août 2026;https://ilico.iledefrance-mobilites.fr/uploads/fiches/20260610T073430Z-b6e37f26-000b-4755-9a52-4300bee05c97.pdf;HORAIRE;5442
C00126;5299_Septembre 2025;https://ilico.iledefrance-mobilites.fr/uploads/fiches/20260212T153751Z-fef5e205-032f-4e3a-8be3-260a10bcf8c7.pdf;HORAIRE;5299
C00138;Plan ligne 5212;https://ilico.iledefrance-mobilites.fr/uploads/plans/20250804T124002Z-86d883b0-bbc7-49fb-bd1d-2342b0885164.pdf;PLAN;5212
C00139;Plan de ligne 1114;https://ilico.iledefrance-mobilites.fr/uploads/plans/20251215T152433Z-802825ba-3152-412d-90cc-8745ce271939.pdf;PLAN;1114
C00151;Horaires valables à compter du 6 juillet au 31 août 2026;https://ilico.iledefrance-mobilites.fr/uploads/fiches/20260701T145818Z-34733903-00b8-4d9b-a917-d391ab4f5044.pdf;HORAIRE;7816
C00161;Plan de la ligne 6306;https://ilico.iledefrance-mobilites.fr/uploads/plans/20260714T124549Z-afece3dc-2998-4e3f-bccb-5bbc5e2a9647.pdf;PLAN;6306
C00164;plan ligne 5233;https://ilico.iledefrance-mobilites.fr/uploads/plans/20250228T145531Z-ab3a3ea8-70df-40fd-9c10-8cfcc73683e8.pdf;PLAN;5233
C00165;Ligne 5334 - Horaires à partir du 6 juillet 2026;https://ilico.iledefrance-mobilites.fr/uploads/fiches/20260617T151019Z-b87f4a1b-5183-4a0b-83d7-b507dc6e1089.pdf;HORAIRE;5334
C00166;plan de ligne 5325;https://ilico.iledefrance-mobilites.fr/uploads/plans/20250417T101355Z-d4e3422e-1c69-439c-90dd-d67642fdc436.pdf;PLAN;5325
C00167;Ligne 4461;https://ilico.iledefrance-mobilites.fr/uploads/plans/20240901T094029Z-9945bdcb-0e56-4c3f-b3e9-bbe3f11acd71.pdf;PLAN;4461
C00170;Ligne 7810 - Horaires à partir du 6 juillet 2026;https://ilico.iledefrance-mobilites.fr/uploads/fiches/20260617T153439Z-14de6552-9361-4f2c-8204-6e0923e2ccff.pdf;HORAIRE;7810
C00175;Ligne 5320 - Horaires à partir du 6 juillet 2026;https://ilico.iledefrance-mobilites.fr/uploads/fiches/20260617T150150Z-4edb2e04-b3a1-4b30-b3d6-a4f29a829ba6.pdf;HORAIRE;5320
C00176;Ligne 4450;https://ilico.iledefrance-mobilites.fr/uploads/plans/20240901T092237Z-904c8802-5c6c-48d6-87ed-3ac707660bb9.pdf;PLAN;4450
C00177;Plan ligne 5224;https://ilico.iledefrance-mobilites.fr/uploads/plans/20250303T163649Z-e7852dc1-1cbc-4f5f-b007-4ec162398195.pdf;PLAN;5224
C00178;Ligne 5225 - Horaire rentrée Septembre 2025;https://ilico.iledefrance-mobilites.fr/uploads/fiches/20260413T110702Z-2542192a-958f-46cf-9dd8-2e9ef7538e15.pdf;HORAIRE;5225
C00181;Ligne 5230 - Horaire rentrée Septembre 2025;https://ilico.iledefrance-mobilites.fr/uploads/fiches/20260413T111351Z-8dd2da13-a6c5-4e5e-adac-856e0f187650.pdf;HORAIRE;5230
C00184;plan ligne 5303;https://ilico.iledefrance-mobilites.fr/uploads/plans/20250228T133818Z-3cac365b-c698-40eb-b3be-3858e1c02f72.pdf;PLAN;5303
C00187;Ligne 5333 - Horaires à partir du 6 juillet 2026;https://ilico.iledefrance-mobilites.fr/uploads/fiches/20260617T150943Z-74b6e1e8-72f3-4b7f-bc20-fa2931f45edc.pdf;HORAIRE;5333
C00191;Ligne 11 - Horaires valables à partir du 25 août 2025;https://ilico.iledefrance-mobilites.fr/uploads/fiches/20250825T143307Z-3a7fe47b-ed08-4384-bb10-a49108499577.pdf;HORAIRE;11 (future 1611)
C00194;Plan de ligne 1312;https://ilico.iledefrance-mobilites.fr/uploads/plans/20240902T150133Z-42e4d6bb-6a41-4d8f-b214-013bdc6992bc.pdf;PLAN;1312
C00196;Fiche Horaire 1314;https://ilico.iledefrance-mobilites.fr/uploads/fiches/20250709T141357Z-3e39c8a0-59cb-487f-9e2b-391d43510b76.pdf;HORAIRE;1314
C00202;Plan de ligne;https://ilico.iledefrance-mobilites.fr/uploads/plans/20250805T124442Z-3afc3067-5f4a-4f35-a923-fbf6928aa081.pdf;PLAN;2121
C00204;Horaires valables à partir du 22 septembre 2025;https://ilico.iledefrance-mobilites.fr/uploads/fiches/20250923T075055Z-c26320cc-029b-48e3-9fda-31eb4b492254.pdf;HORAIRE;2123
C00216;Plan de la ligne 45;https://ilico.iledefrance-mobilites.fr/uploads/plans/64fed559a1236_Ligne_NORD-SEINE-SAINT-DENIS_45.pdf;PLAN;45
C00220;Fiche Horaire 1350;https://ilico.iledefrance-mobilites.fr/uploads/fiches/20250910T153517Z-8e5f7af8-58d4-4853-83c0-3283b8d779f7.pdf;HORAIRE;1350
C00223;Plan de la ligne Ex 93;https://ilico.iledefrance-mobilites.fr/uploads/plans/20241014T124011Z-9960cc96-c9bb-4e7c-8fa7-a18f3236d598.pdf;PLAN;EX 93 (future 9301)
C00224;Plan de la ligne Gbus;https://ilico.iledefrance-mobilites.fr/uploads/plans/20241014T124713Z-a18cbea8-b1fd-4e5e-8ce5-7d00a5a4e16f.pdf;PLAN;Gbus (future 1639)
C00229;Ligne R2 - Horaires valables à partir du 25 août 2025;https://ilico.iledefrance-mobilites.fr/uploads/fiches/20250826T124444Z-165d8a97-945e-4ce5-b21f-3aad923267f8.pdf;HORAIRE;R2 (future 1612)
C00229;Plan de la ligne R2;https://ilico.iledefrance-mobilites.fr/uploads/plans/20241014T125059Z-e1c498ae-655c-4366-b44c-8c3508b40bf3.pdf;PLAN;R2 (future 1612)
C00231;Ligne R4 -Horaires valables à partir du 25 août 2025;https://ilico.iledefrance-mobilites.fr/uploads/fiches/20250826T124558Z-828a9044-d3c6-4f2e-9d01-88f192f07912.pdf;HORAIRE;R4 (future 1614)
C00235;Plan de la ligne R110;https://ilico.iledefrance-mobilites.fr/uploads/plans/20241014T125612Z-c7a18ec4-6933-4714-8d6c-2c7b31b2d628.pdf;PLAN;R110 (future 1670)
C00236;Ligne R111 -  Horaires valables à partir du 1er septembre 2025 en période scolaire;https://ilico.iledefrance-mobilites.fr/uploads/fiches/20250829T162724Z-0b967f9f-cb4c-4176-8c18-385182299a00.pdf;HORAIRE;R111 (future 1671)
C00236;Plan de la ligne R111;https://ilico.iledefrance-mobilites.fr/uploads/plans/20241014T125655Z-70cf01cd-45d7-46cb-a034-1eb8ca9b8715.pdf;PLAN;R111 (future 1671)
C00238;Ligne R113 -  Horaires valables à partir du 1er septembre 2025 en période scolaire;https://ilico.iledefrance-mobilites.fr/uploads/fiches/20250829T162825Z-4cc0b9fc-5a85-4dff-929d-e63b03bc03b4.pdf;HORAIRE;R113 (future 1673)
C00239;Ligne R104 -  Horaires valables à partir du 1er septembre 2025 en période scolaire;https://ilico.iledefrance-mobilites.fr/uploads/fiches/20250829T162937Z-1d11a47e-1f9f-4462-9de6-1c9e74e3f19b.pdf;HORAIRE;R104 (future 1664)
C00239;Plan de la ligne R104;https://ilico.iledefrance-mobilites.fr/uploads/plans/20241014T134900Z-c076af13-ca44-48f7-b11e-7f45160106fe.pdf;PLAN;R104 (future 1664)
C00241;Ligne R106 -  Horaires valables à partir du 1er septembre 2025 en période scolaire;https://ilico.iledefrance-mobilites.fr/uploads/fiches/20250829T163137Z-0c8b1364-2139-4606-a132-a96f7af1d14e.pdf;HORAIRE;R106 (future 1666)
C00248;Plan de ligne;https://ilico.iledefrance-mobilites.fr/uploads/plans/20251121T174459Z-064a2d5c-a9a7-4b0f-8b25-ddfef4cb9922.pdf;PLAN;2104
C00250;Horaires valables à partir du 04 mai 2026;https://ilico.iledefrance-mobilites.fr/uploads/fiches/20260430T135217Z-711c52bc-09ee-474e-838a-6da2ed12a244.pdf;HORAIRE;2107
C00253;Plan de ligne;https://ilico.iledefrance-mobilites.fr/uploads/plans/20250805T124151Z-9567293b-5da7-43c9-a14f-f67a0e3189d0.pdf;PLAN;2110
C00261;Ligne Vitavil - Horaires valables à partir du 25 août 2025;https://ilico.iledefrance-mobilites.fr/uploads/fiches/20250826T123803Z-f6d3e13c-6b1c-4906-a69e-d17c2d7e13db.pdf;HORAIRE;Vitavil (future 1621)
C00264;Plan de la ligne 9501;https://ilico.iledefrance-mobilites.fr/uploads/plans/20241014T130326Z-27c71a91-babf-4bd8-9aa8-7be23f705dfb.pdf;PLAN;9501 (future 1601)
C00273;Plan ligne 7809;https://ilico.iledefrance-mobilites.fr/uploads/plans/20250819T120149Z-f69adb81-7c01-4c33-99bc-e7e125a193a2.pdf;PLAN;7809
C00276;plan ligne 5323;https://ilico.iledefrance-mobilites.fr/uploads/plans/20250228T151144Z-63a46648-536a-46f6-ab4d-c55ff3ebb903.pdf;PLAN;5323
C00280;Ligne 6532 - Ne circule pas du 6 juillet au 23 août 2026;https://ilico.iledefrance-mobilites.fr/uploads/fiches/20260706T095450Z-26cf660a-6159-4ad9-bc42-2f90a42eb658.pdf;HORAIRE;6532
C00280;Plan de ligne 6532;https://ilico.iledefrance-mobilites.fr/uploads/plans/20260706T094541Z-e6c66d1e-0f7c-4f7f-89a8-deacfd8145b3.pdf;PLAN;6532
C01751;Plan de ligne 430;https://ilico.iledefrance-mobilites.fr/uploads/plans/20251210T093933Z-ce7edd70-64a9-4d8b-a737-ca67255839b3.pdf;PLAN;430
C01752;Plan de ligne 4657;https://ilico.iledefrance-mobilites.fr/uploads/plans/20250826T091650Z-5ea57a34-1cc8-4a65-9a8b-35de8acc6dab.pdf;PLAN;4657
C01753;Horaires du 1er septembre 2025 au 5 juillet 2026;https://ilico.iledefrance-mobilites.fr/uploads/fiches/20250822T082642Z-f6370dec-a124-44e8-85b8-21ed6b76db35.pdf;HORAIRE;3655
C01766;Fiche WEB ligne 4634 et 4636 Été 2026 V0, du lundi 13 juillet au dimanche 23 août 2026;https://portail-idfm-operateurs.cdn.prismic.io/portail-idfm-operateurs/ajPsd41P9HI4Ur-H_FicheWEBligne4634et4636%C3%89t%C3%A92026V0%2Cdulundi13juilletaudimanche23ao%C3%BBt2026.pdf;HORAIRE;4636
C01772;Horaires d'été 2026 - L6230 du 13 juillet au 23 août 2026;https://ilico.iledefrance-mobilites.fr/uploads/fiches/20260703T144140Z-4361f870-f7d8-4842-8990-da937e00b13c.pdf;HORAIRE;6230
C01780;Plan Ligne LA NAVETTE DE THIAIS;https://www.ville-thiais.fr/la-navette/;PLAN;La Navette de Thiais
C01788;Horaires valables du 4 mai au 12 juillet 2026;https://ilico.iledefrance-mobilites.fr/uploads/fiches/20260424T154806Z-46c58f54-0196-4bb4-b9ee-151cc31bb744.pdf;HORAIRE;1133
C01789;Horaires valables à compter du 26 janvier 2026;https://ilico.iledefrance-mobilites.fr/uploads/fiches/20260123T090308Z-e82b381f-5f0e-453a-8487-a082239de475.pdf;HORAIRE;1134
C01789;Plan de ligne 1134;https://ilico.iledefrance-mobilites.fr/uploads/plans/20251222T154607Z-487825df-ca10-4aa6-97d6-b44d31f7f23d.pdf;PLAN;1134
C01793;Ligne 5198 - schéma de ligne;https://ilico.iledefrance-mobilites.fr/uploads/plans/20240702T141815Z-ca588d9f-46ed-464f-92e6-216fdef3aaf2.pdf;PLAN;5198
C01802;Plan Ligne 1516;https://ilico.iledefrance-mobilites.fr/uploads/plans/64df264d7db1a_Ligne_VALMY_1516_repaired.pdf;PLAN;1516
C01804;Plan Ligne 1515;https://ilico.iledefrance-mobilites.fr/uploads/plans/64df2438675c8_Ligne_VALMY_1515_repaired.pdf;PLAN;1515
C01805;Horaires été valables du 13/07 au 23/08/26;https://ilico.iledefrance-mobilites.fr/uploads/fiches/20260703T095526Z-1e9fc591-5e6f-4f0e-b499-79fc3e8f0ac6.pdf;HORAIRE;6134
C01805;Schéma ligne 6134;https://ilico.iledefrance-mobilites.fr/uploads/plans/20250826T131420Z-656c2e70-aa80-4b61-9964-5e3cef518fef.pdf;PLAN;6134
C01806;Fiche horaires ligne 3702 du 24 aout 2026 au 22 aout 2027;https://ilico.iledefrance-mobilites.fr/uploads/fiches/20260805T130849Z-2a554bc6-891f-481a-a3df-b835607a2342.pdf;HORAIRE;3702
C01810;Plan Ligne 9118 (maj 06/01/2025);https://ilico.iledefrance-mobilites.fr/uploads/plans/20250106T111814Z-8f06c9ec-d440-4ed9-a21f-9cabec36e869.pdf;PLAN;EXPRESS 9118
C01812;Horaires été 2026;https://ilico.iledefrance-mobilites.fr/uploads/fiches/20260626T125738Z-1976b649-c0e7-44bc-9e70-b56a408d0863.pdf;HORAIRE;4316
C01822;Horaires valables à partir du 6 juillet 2026;https://ilico.iledefrance-mobilites.fr/uploads/fiches/20260716T155420Z-b3947e17-390c-4d54-8b3a-211f60b62a83.pdf;HORAIRE;6437
C01823;Horaires Ligne Filéo Saint-Pathus;https://ilico.iledefrance-mobilites.fr/uploads/fiches/20250305T134728Z-1679bede-a2f0-4fc1-88c5-c6e8bb3aaa4f.pdf;HORAIRE;Filéo Saint-Pathus (future TàD Roissy Saint-Pathus)
C01832;Fiche horaire;https://www.paris-saclay.com/app/uploads/2025/09/fiche_horaires_navette-ABC-2025.pdf;HORAIRE;C
C01833;Plan;https://www.paris-saclay.com/app/uploads/2025/09/fiche_horaires_navette-DL-2025.pdf;PLAN;D
C01837;Plan;https://www.paris-saclay.com/app/uploads/2025/07/fiche_horaires_navette_J_ete_-_2025.pdf;PLAN;J
C01839;Horaires ligne 538;https://ilico.iledefrance-mobilites.fr/uploads/fiches/20260706T142253Z-68513233-450e-4b0b-afcf-309ac50befa3.pdf;HORAIRE;Le Bus du port
C01843;Fiche horaires T4 à partir de juillet 2026;https://ilico.iledefrance-mobilites.fr/uploads/fiches/20260702T071923Z-43ddf65b-c541-41b7-87bf-8f76ce14bcd0.pdf;HORAIRE;T4
C01857;Site TER Centre Val-de-Loire;https://ter.sncf.com/centre-val-de-loire;HORAIRE;TER Centre - Val-de-Loire
C01869;Schéma de ligne 5102;https://ilico.iledefrance-mobilites.fr/uploads/plans/20260109T163853Z-ec63c238-aa0c-4137-9c06-164495e22e54.pdf;PLAN;5102
C01870;Horaires valables du 13 juillet au 23 août 2026;https://ilico.iledefrance-mobilites.fr/uploads/fiches/20260702T103649Z-3ac21240-4714-4333-ba90-9f01e2006cbb.pdf;HORAIRE;5115
C01870;Ligne 5115 - schéma de ligne;https://ilico.iledefrance-mobilites.fr/uploads/plans/20260109T164312Z-52f35e3f-0563-418b-8c60-fa8b2e9a82f2.pdf;PLAN;5115
C01871;Horaires valables du 24 août 2026 au 11 juillet 2027 (sauf du 28 décembre 2026 au 3 janvier 2027);https://ilico.iledefrance-mobilites.fr/uploads/fiches/20260804T131757Z-6e7aeb55-5f73-4aca-b4c6-d459a53068d7.pdf;HORAIRE;5111
C01879;Fiche horaire été ligne 2224 du 20 juillet au 23 août 2026;https://ilico.iledefrance-mobilites.fr/uploads/fiches/20260707T141808Z-1c00fb48-b37c-4daa-a15d-f5252cad9c93.pdf;HORAIRE;2224
C01895;Horaires et Plan Ligne TàD Saint Fargeau Ponthierry;https://ilico.iledefrance-mobilites.fr/uploads/fiches/20250822T092036Z-a4303d49-05df-408d-bfc5-b6d85c4ba9a2.pdf;HORAIRE;TàD Saint-Fargeau
C01900;Plan;https://www.ratp.fr/plan-de-ligne/img/bus/ptitbus/plan-de-ligne_busratp_ligne-573.1567085858.png;PLAN;Le P'tit Bus du Pré
C01937;Plan de ligne 6516;https://ilico.iledefrance-mobilites.fr/uploads/plans/20250910T080505Z-84e2da70-539e-4206-98a5-eafeec462781.pdf;PLAN;6516
C01949;Horaires valables du 06 juillet au 31 août 2026;https://ilico.iledefrance-mobilites.fr/uploads/fiches/20260610T074410Z-5fa918bf-9b41-4ad8-9adf-3d10c7e833ec.pdf;HORAIRE;5401
C01957;Plan ligne 5216;https://ilico.iledefrance-mobilites.fr/uploads/plans/20250228T190754Z-b4da0724-098a-40c4-8b03-36107e2b1f77.pdf;PLAN;5216
C01962;3541;https://ilico.iledefrance-mobilites.fr/uploads/plans/20260730T154126Z-1cf2fe1c-ae37-453f-9eed-2b5a618f03ec.pdf;PLAN;3541
C01967;3513;https://ilico.iledefrance-mobilites.fr/uploads/plans/20260730T154348Z-ca60d010-4f24-41ee-9762-128597587a63.pdf;PLAN;3513
C01974;Horaires Ligne 3546 du 01/09/2025 au 04/07/2026;https://ilico.iledefrance-mobilites.fr/uploads/fiches/20251008T101523Z-3dcf4908-4afe-41f6-a3db-62bd9a29d630.pdf;HORAIRE;3546
C01975;Ligne 4430;https://ilico.iledefrance-mobilites.fr/uploads/plans/20240901T094924Z-ca33f75c-8d6f-476c-acae-fd17dbc5cd2a.pdf;PLAN;4430
C01976;Ligne 4431 - été 2026;https://ilico.iledefrance-mobilites.fr/uploads/fiches/20260722T073236Z-0a53956f-ddbe-4f31-bac1-591521f5e434.pdf;HORAIRE;4431
C01979;Plan de ligne 5426;https://ilico.iledefrance-mobilites.fr/uploads/plans/20250805T080218Z-ab9d8d17-8aa4-4ef0-b159-d55da0a536e2.pdf;PLAN;5426
C01980;Ligne 5221 - Horaire rentrée Septembre 2025;https://ilico.iledefrance-mobilites.fr/uploads/fiches/20260428T101615Z-1a0bbeeb-9a7e-41d0-9909-c87a32f1f0f8.pdf;HORAIRE;5221
C01982;plan ligne 5231;https://ilico.iledefrance-mobilites.fr/uploads/plans/20250228T190533Z-c907031f-4fd3-4e47-9f0f-4257017e0c6c.pdf;PLAN;5231
C01986;Plan ligne 5241;https://ilico.iledefrance-mobilites.fr/uploads/plans/20250304T113302Z-2d776863-c381-4f51-9aeb-1865285e8f0e.pdf;PLAN;5241
C01988;plan ligne 5348;https://ilico.iledefrance-mobilites.fr/uploads/plans/20250228T151702Z-b4aff54b-c762-4fd2-ac00-d62a2b86d546.pdf;PLAN;5348
C01995;Ligne 2375 (ex 04A) - A partir du 1er septembre 2025;https://ilico.iledefrance-mobilites.fr/uploads/fiches/20250829T161700Z-63243ddb-1110-40e0-be24-186e5213d396.pdf;HORAIRE;2375
C01995;Plan ligne 2375;https://ilico.iledefrance-mobilites.fr/uploads/plans/20250917T093203Z-732282e8-ebaf-4cb2-96b1-9d062ccc6be9.pdf;PLAN;2375
C01999;Fiche Horaire à partir du 20 juillet 2026;https://ilico.iledefrance-mobilites.fr/uploads/fiches/20260720T100921Z-a909804a-0dea-40a1-bef5-d64a32b47d92.pdf;HORAIRE;T11
C01999;Plan de la ligne T11;https://ilico.iledefrance-mobilites.fr/uploads/plans/20250314T075859Z-7e7e895f-57cb-4cc8-8a9b-43e759a6eb7c.pdf;PLAN;T11
C02020;Horaires hiver 2026 / 2027;https://ilico.iledefrance-mobilites.fr/uploads/fiches/20260730T095459Z-763b12fe-95cc-4cd7-bfb7-47f3998b8876.pdf;HORAIRE;4307
C02024;Horaires hiver 2026 / 2027;https://ilico.iledefrance-mobilites.fr/uploads/fiches/20260730T095931Z-7bea57c8-ec12-474c-a9ea-8acf38f105f7.pdf;HORAIRE;4329
C02025;Horaires hiver 2026 / 2027;https://ilico.iledefrance-mobilites.fr/uploads/fiches/20260730T095744Z-02f8fa98-4f56-4854-bd43-4d6c47dbd0b9.pdf;HORAIRE;4330
C02031;Horaires Ligne 3514 du 01/09/2025 au 04/07/2026;https://ilico.iledefrance-mobilites.fr/uploads/fiches/20251008T100639Z-652d8099-d4fb-4c9a-b37d-dfb4434db05e.pdf;HORAIRE;3514
C02041;Ligne 1426 - Horaires valables du 3 aout 2026 au 29 aout 2027;https://ilico.iledefrance-mobilites.fr/uploads/fiches/20260717T164907Z-5373178d-62a6-4723-9210-383cf06fa0ac.pdf;HORAIRE;1426 (ex CitéVal Franconville)
C02059;Plan Ligne 27;https://ilico.iledefrance-mobilites.fr/uploads/plans/20260316T095716Z-f5a88120-1b19-4227-be00-ef44cc89bc23.pdf;PLAN;27 (future 1627)
C02060;Plan du réseau Filéo;https://ilico.iledefrance-mobilites.fr/uploads/plans/20250312T101127Z-dbbc7b06-3cb1-4704-be63-0d3f88b5f738.pdf;PLAN;Filéo Roissy Sud (future TàD Roissy Sud)
C02071;Plan ligne 2456;https://ilico.iledefrance-mobilites.fr/uploads/plans/20251001T123153Z-5bb999be-6494-4cd8-b951-af18e31dd6c4.pdf;PLAN;2456
C02077;Période travaux SNCF du 13/07 au 21/08/2026;https://ilico.iledefrance-mobilites.fr/uploads/fiches/20260707T140941Z-dd016bf9-5e61-4c37-a905-909cde1357e5.pdf;HORAIRE;2419
C02077;Plan Ligne 2419;https://ilico.iledefrance-mobilites.fr/uploads/plans/20251001T092523Z-a618522b-91cb-484a-a255-02930f40cc06.pdf;PLAN;2419
C02078;Fiche Horaires 16.03.2026;https://ilico.iledefrance-mobilites.fr/uploads/fiches/20260313T161340Z-9f930766-bd8c-4e19-8c53-0ccc9937823c.pdf;HORAIRE;2472
C02087;Fiche internet_3134;https://ilico.iledefrance-mobilites.fr/uploads/fiches/20260612T121345Z-f1feb6c5-f226-48c1-b5ee-f24b7a1842f8.pdf;HORAIRE;3134
C02089;Fiche internet_3128 au 01092025;https://ilico.iledefrance-mobilites.fr/uploads/fiches/20250723T092344Z-80cedf58-1aa5-4d6c-9eb0-8bff455decf5.pdf;HORAIRE;3128
C02092;Ligne 643 - Horaires valables du 13 juillet au 23 août 2026;https://ilico.iledefrance-mobilites.fr/uploads/fiches/20260612T105747Z-62c8ef31-52aa-4574-bbc6-243c6c607977.pdf;HORAIRE;643
C02092;Ligne 643 - Plan de ligne;https://ilico.iledefrance-mobilites.fr/uploads/plans/20260710T092514Z-29d548ee-133f-4c07-b10c-51cc8811d3e7.pdf;PLAN;643
C02094;Fiche horaires 01.09.2025;https://ilico.iledefrance-mobilites.fr/uploads/fiches/20250728T135220Z-42b9d6ac-777a-4dc5-98d7-9aea9b69b682.pdf;HORAIRE;2451
C02096;Fiche horaires 03.11.2025;https://ilico.iledefrance-mobilites.fr/uploads/fiches/20251024T115902Z-cdc5145a-5640-40d0-8f57-ebd780c8b28a.pdf;HORAIRE;2453
C02103;Plan de la ligne de Bus 4155;https://ilico.iledefrance-mobilites.fr/uploads/plans/20260114T140140Z-cd3626f5-1339-4d6c-9493-b291d13a4ab4.pdf;PLAN;4155
C02104;Plan de la ligne de Bus 4156;https://ilico.iledefrance-mobilites.fr/uploads/plans/20250227T171742Z-ecbc286d-64a7-4ac3-b09b-bc98f68de13b.pdf;PLAN;4156
C02112;Plan de ligne 444;https://ilico.iledefrance-mobilites.fr/uploads/plans/20240405T162435Z-2efc9a48-5f23-452c-898e-7b446db5f509.pdf;PLAN;444
C02116;Fiche horaires 19.01.2026;https://ilico.iledefrance-mobilites.fr/uploads/fiches/20260113T165541Z-0dc96263-1dd2-41a3-9a3a-c0ed61944088.pdf;HORAIRE;2457
C02121;Plan ligne 3130;https://ilico.iledefrance-mobilites.fr/uploads/plans/20250407T150241Z-e45bd779-deb6-408d-9701-7b7fb9e5f765.pdf;PLAN;3130
C02123;Baladobus;https://www.parc-naturel-chevreuse.fr/destination-parc/panorama-se-deplacer-acces/baladobus;HORAIRE;BALADOBUS
C02125;Plan de ligne 3131;https://ilico.iledefrance-mobilites.fr/uploads/plans/20250129T144924Z-d684573b-cb54-4a5f-a216-3c39c82771e2.pdf;PLAN;3131
C02129;Ligne 703 - Horaires valables du 13 juillet au 23 août 2026;https://ilico.iledefrance-mobilites.fr/uploads/fiches/20260612T082542Z-21f21cb9-89f7-4695-a1a8-d0741673125c.pdf;HORAIRE;703 (ex 3)
C02131;Ligne 706 - Plan de ligne;https://ilico.iledefrance-mobilites.fr/uploads/plans/20260710T092132Z-2324fe5d-8c63-41c5-80f9-d8af412b3ddb.pdf;PLAN;706 (ex 6)
C02132;Ligne 9s - Horaires valables du 25 août 2025 au 12 juillet 2026;https://ilico.iledefrance-mobilites.fr/uploads/fiches/20260324T155914Z-5acbd9cc-61d8-4cd2-85ab-a1a92b7dc759.pdf;HORAIRE;719 (ex 9S)
C02133;Ligne 709 - Plan de ligne;https://ilico.iledefrance-mobilites.fr/uploads/plans/20260710T092438Z-91de8985-039c-4af8-8aa2-2b4ac9a20d6b.pdf;PLAN;709 (ex 9)
C02135;Ligne 7s - Horaires valables du 25 août 2025 au 12 juillet 2026;https://ilico.iledefrance-mobilites.fr/uploads/fiches/20260126T111704Z-1793886a-0da6-4668-9938-68646f990a96.pdf;HORAIRE;717 (ex 7S)
C02135;Ligne 717 - Plan de ligne;https://ilico.iledefrance-mobilites.fr/uploads/plans/20260710T090045Z-7e3e2460-7824-4e86-847a-3b12f17ddbd7.pdf;PLAN;717 (ex 7S)
C02136;Ligne 707 - Horaires valables du 13 juillet au 18 juillet 2027;https://ilico.iledefrance-mobilites.fr/uploads/fiches/20260612T083843Z-138f5650-2b18-4d66-b214-609ede950db5.pdf;HORAIRE;707 (ex 7)
C02142;Plan ligne 6434 - Gare de Houilles-Carrières - Mayoly;https://ilico.iledefrance-mobilites.fr/uploads/plans/20260703T063217Z-62a2f811-5ab8-48ca-b92e-47bb07dc7b69.pdf;PLAN;6434
C02144;Horaires valables à partir du 6 juillet 2026;https://ilico.iledefrance-mobilites.fr/uploads/fiches/20260702T140404Z-e2d3204b-41da-4097-a316-07304803aaba.pdf;HORAIRE;6427
C02149;Horaires valables à partir du 6 juillet 2026;https://ilico.iledefrance-mobilites.fr/uploads/fiches/20260703T082942Z-78110ced-5927-42b9-a619-27f1290f77b0.pdf;HORAIRE;6417
C02150;Horaires valables à partir du 6 juillet 2026;https://ilico.iledefrance-mobilites.fr/uploads/fiches/20260702T141430Z-e24cf42f-f1d6-46bb-b871-b40535b7d393.pdf;HORAIRE;6415
C02152;Horaires valables à partir du 6 juillet 2026;https://ilico.iledefrance-mobilites.fr/uploads/fiches/20260702T140614Z-1e30bbf3-87c6-44c2-b8ca-70d1aad4301f.pdf;HORAIRE;6435
C02155;Fiche WEB ligne 4615 Été 2026 V0, du lundi 13 juillet au dimanche 23 août 2026;https://portail-idfm-operateurs.cdn.prismic.io/portail-idfm-operateurs/ajLBeo1P9HI4Uozs_FicheWEBligne4615%C3%89t%C3%A92026V0%2Cdulundi20juilletaudimanche23ao%C3%BBt2026.pdf;HORAIRE;4615
C02159;3421;https://ilico.iledefrance-mobilites.fr/uploads/plans/20250926T092801Z-d2f7acff-c1ed-49dc-b320-0bdc0cc80d0e.pdf;PLAN;3421
C02164;Plan de la ligne 34;https://ilico.iledefrance-mobilites.fr/uploads/plans/20241014T134239Z-960774ec-5c0e-4ee9-aa21-4af4b52737a2.pdf;PLAN;34 (future 1634)
C02168;Plan de ligne 1354;https://ilico.iledefrance-mobilites.fr/uploads/plans/20240405T171944Z-ff707963-7274-4a8f-9eb3-a68aefa76321.pdf;PLAN;1354
C02169;Ligne 5114 - schéma de ligne;https://ilico.iledefrance-mobilites.fr/uploads/plans/20240702T142446Z-5d30e54e-3193-4d9a-895e-9c619ebbdbec.pdf;PLAN;5114
C02174;Horaires valables du 6 juillet 2026 au 31 août 2027 (sauf du 06/07/26 au 31/08/26 et du 05/07/27 au 31/08/27);https://ilico.iledefrance-mobilites.fr/uploads/fiches/20260702T152457Z-951a2c02-3c38-4ff0-98d9-780ae5794f9a.pdf;HORAIRE;5186
C02174;Ligne 5186 - schéma de ligne;https://ilico.iledefrance-mobilites.fr/uploads/plans/20260109T164155Z-ddf100e0-fc00-4031-b5e1-0059b65f5308.pdf;PLAN;5186
C02175;Horaires valables du 6 juillet 2026 au 31 août 2027 (sauf du 06/07/26 au 31/08/26 et du 05/07/27 au 31/08/27);https://ilico.iledefrance-mobilites.fr/uploads/fiches/20260702T152531Z-b942497e-ed16-496f-9be5-dbdb0eed263a.pdf;HORAIRE;5187
C02183;Plan de la ligne 6253;https://ilico.iledefrance-mobilites.fr/uploads/plans/20250812T082405Z-1eff7348-4b42-4548-8f73-29c981de0dca.pdf;PLAN;6253
C02185;Ligne 4462 - Horaires valables du 1 Août 2026 au 31 Août 2026 inclus;https://ilico.iledefrance-mobilites.fr/uploads/fiches/20260806T162602Z-573da92e-45a6-4201-ab49-f3d110b207cc.pdf;HORAIRE;4462
C02185;Ligne 4462;https://ilico.iledefrance-mobilites.fr/uploads/plans/20240901T094130Z-34287cc8-df7b-46bf-b3b6-d3042d40b8a4.pdf;PLAN;4462
C02186;Ligne 4463;https://ilico.iledefrance-mobilites.fr/uploads/plans/20260226T102459Z-c6922661-0831-4fef-a032-7cb95264d726.pdf;PLAN;4463
C02191;Fiche horaires ligne 3778 du 1er septembre 2026 au 4 juillet 2027;https://ilico.iledefrance-mobilites.fr/uploads/fiches/20260805T135846Z-d57c82c5-84cc-4c79-9a81-f9c4ca82342d.pdf;HORAIRE;3778
C02194;Fiche horaires ligne 3776 du 1er septembre 2026 au 4 juillet 2027;https://ilico.iledefrance-mobilites.fr/uploads/fiches/20260805T140007Z-387fdef3-179d-4279-ac3e-e526a44b5ec3.pdf;HORAIRE;3776
C02194;Plan de bus ligne 7776;https://ilico.iledefrance-mobilites.fr/uploads/plans/20260306T114754Z-b57350a2-3ee8-46b1-97a9-d10e33a62c28.pdf;PLAN;3776
C02195;Plan Ligne 2480;https://ilico.iledefrance-mobilites.fr/uploads/plans/20251001T123537Z-af8c2825-27ff-4c3e-8120-04d8ac6ae2be.pdf;PLAN;2480
C02196;Fiche horaires 01.09.2025;https://ilico.iledefrance-mobilites.fr/uploads/fiches/20250728T150252Z-f17733ea-568a-485f-96c1-687860b529d8.pdf;HORAIRE;2417
C02196;Plan Ligne 2417;https://ilico.iledefrance-mobilites.fr/uploads/plans/20251001T123625Z-2897329b-8158-449a-a28b-2df8710b87e0.pdf;PLAN;2417
C02201;Horaires valables du 4 mai au 5 juillet 2026_ligne 9111;https://ilico.iledefrance-mobilites.fr/uploads/fiches/20260428T152959Z-d37d6231-3217-4505-b240-7114bf55ace0.pdf;HORAIRE;9111
C02204;Horaires de la ligne 7802;https://ilico.iledefrance-mobilites.fr/uploads/fiches/20251222T154201Z-956b3857-e4d1-4c40-8c8f-58b008427339.pdf;HORAIRE;7802
C02205;Plan Ligne PC;https://www.ratp.fr/sites/default/files/lines-assets/plan-de-ligne/busratp/plan-de-ligne_busratp_ligne-98.pdf;PLAN;PC
C02206;Plan de ligne 1117;https://ilico.iledefrance-mobilites.fr/uploads/plans/20251215T154619Z-9f2692d0-1579-40ef-845d-eb727fe5a2cd.pdf;PLAN;1117
C02217;Horaires valables du 13 juillet au 23 août 2026;https://ilico.iledefrance-mobilites.fr/uploads/fiches/20260702T103957Z-e46e3c71-3f35-4645-8bed-24ae6665428a.pdf;HORAIRE;5124
C02218;Horaires valables du 13 juillet au 23 août 2026;https://ilico.iledefrance-mobilites.fr/uploads/fiches/20260702T104203Z-d2227de4-207e-400e-a0a3-36565bdd8119.pdf;HORAIRE;5125
C02224;Fiche WEB ligne S9 (4659) Hiver 2025-2026, à partir du lundi 5 janvier 2026;https://portail-idfm-operateurs.cdn.prismic.io/portail-idfm-operateurs/aUBXwnNYClf9oOvm_FicheWEBligneS9-4659-Hiver2025-2026%2C%C3%A0partirdulundi5janvier2026.pdf;HORAIRE;4659
C02230;Plan ligne 2326;https://ilico.iledefrance-mobilites.fr/uploads/plans/20250917T092928Z-0d46d8c1-6bf5-4509-bd45-a32e09a4c613.pdf;PLAN;2326
C02237;Plan ligne 2325;https://ilico.iledefrance-mobilites.fr/uploads/plans/20250917T090824Z-863119af-a643-4edb-83db-211d341e6be2.pdf;PLAN;2325
C02240;Ligne 731 - Plan de ligne;https://ilico.iledefrance-mobilites.fr/uploads/plans/20260710T083343Z-51dd44f5-80e7-4384-ad42-2a6c9031bb92.pdf;PLAN;731 (ex 500)
C02244;Horaires ligne 45;https://ilico.iledefrance-mobilites.fr/uploads/fiches/20260805T120019Z-ea5b8dbe-9bdf-42e4-a41a-93326ac7f93b.pdf;HORAIRE;45
C02245;Plan Ligne 59;https://www.ratp.fr/sites/default/files/lines-assets/plan-de-ligne/busratp/plan-de-ligne_busratp_ligne-59.pdf;PLAN;59
C02249;Renforts août 2026;https://ilico.iledefrance-mobilites.fr/uploads/fiches/20260729T144122Z-45c6d31c-e729-46d0-bc94-fc8bc15f8e28.pdf;HORAIRE;7820
C02251;Horaires Ligne 77;https://www.ratp.fr/sites/default/files/lines-assets/fiche-horaire/busratp/fiche-horaire_busratp_ligne-77.pdf;HORAIRE;77
C02251;Plan Ligne 77;https://www.ratp.fr/sites/default/files/lines-assets/plan-de-ligne/busratp/plan-de-ligne_busratp_ligne-77.pdf;PLAN;77
C02254;Horaires Ligne 40;https://www.ratp.fr/sites/default/files/lines-assets/fiche-horaire/busratp/fiche-horaire_busratp_ligne-40.pdf;HORAIRE;40
C02254;Plan Ligne 40;https://www.ratp.fr/sites/default/files/lines-assets/plan-de-ligne/busratp/plan-de-ligne_busratp_ligne-40.pdf;PLAN;40
C02255;bus de soirée Survilliers-Fosses Horaires valables à partir du 25 août 2025;https://ilico.iledefrance-mobilites.fr/uploads/fiches/20250826T125030Z-b58f2b72-a063-40c7-9b8e-7aba4f8d1c03.pdf;HORAIRE;Soir Survilliers-Fosses
C02258;Horaires ligne 3440 valables à partir du 1er septembre 2026;https://ilico.iledefrance-mobilites.fr/uploads/fiches/20260806T095410Z-8e33a6ff-d525-4927-a77c-1a9f1e419294.pdf;HORAIRE;3440
C02265;Fiche horaires ligne T'bus 1 du 13 juillet 2026 au 3 janvier 2027;https://ilico.iledefrance-mobilites.fr/uploads/fiches/20260707T092459Z-5241401d-5127-42b3-a445-0973f956bc0d.pdf;HORAIRE;T'bus 1
C02266;Plan de la ligne T'bus 2;https://ilico.iledefrance-mobilites.fr/uploads/plans/20240520T072222Z-10010139-fe80-4c3d-9547-535e4ac1f5db.pdf;PLAN;T'bus 2
C02271;Ligne 4435 - été 2026;https://ilico.iledefrance-mobilites.fr/uploads/fiches/20260722T073439Z-c45c51cc-7940-4a0c-92f4-a138a24f7eb2.pdf;HORAIRE;4435
C02271;Ligne 4435;https://ilico.iledefrance-mobilites.fr/uploads/plans/20240901T094827Z-378f32d1-f672-4c01-be14-4d9850d7798d.pdf;PLAN;4435
C02274;Horaires du 1er septembre 2025 au 5 juillet 2026;https://ilico.iledefrance-mobilites.fr/uploads/fiches/20250822T103418Z-68459722-c36f-475a-bda0-6a6610e56de7.pdf;HORAIRE;3663
C02276;Plan de ligne 3631;https://ilico.iledefrance-mobilites.fr/uploads/plans/20260106T165534Z-b000655a-38d4-4407-8f3e-977021f32c6a.pdf;PLAN;3631
C02277;3424;https://ilico.iledefrance-mobilites.fr/uploads/plans/20240828T151007Z-ad5744d0-65ec-4f7f-bb2e-cef1e4125708.pdf;PLAN;3424
C02278;Horaires ligne 3420 valables du 1er septembre 2026 au 3 juillet 2027;https://ilico.iledefrance-mobilites.fr/uploads/fiches/20260805T132804Z-07e1f4e7-e6ea-46c5-957a-0294225fb180.pdf;HORAIRE;3420
C02280;Plan de ligne 3666;https://ilico.iledefrance-mobilites.fr/uploads/plans/20250822T104059Z-994628fe-2dc1-4f4d-abbb-7af0ef3e190e.pdf;PLAN;3666
C02282;Horaires été 2026;https://ilico.iledefrance-mobilites.fr/uploads/fiches/20260616T083515Z-27809624-92d3-4d0d-b079-cac86883902c.pdf;HORAIRE;3613
C02283;Horaires du 1er septembre 2025 au 5 juillet 2026;https://ilico.iledefrance-mobilites.fr/uploads/fiches/20250822T095353Z-ac8e9601-f971-408a-aa36-ce395d0be908.pdf;HORAIRE;3657
C02287;Horaires ligne 3425 valables du 1er septembre 2026 au 3 juillet 2027;https://ilico.iledefrance-mobilites.fr/uploads/fiches/20260805T134752Z-c4c9347e-ce0d-4808-90fe-39ec5b457bd3.pdf;HORAIRE;3425
C02294;Thermomètre ligne 3216;https://ilico.iledefrance-mobilites.fr/uploads/plans/20260721T064807Z-00087287-7d59-4429-b335-f20135e81e98.pdf;PLAN;3216
C02298;Fiche horaire été ligne 2245 du 20 juillet au 23 août 2026;https://ilico.iledefrance-mobilites.fr/uploads/fiches/20260722T153632Z-5e4bc927-5e0e-4f43-a445-ac292b9686dd.pdf;HORAIRE;2245
C02300;Fiche Horaire Bus 469 - Aller;https://ilico.iledefrance-mobilites.fr/uploads/fiches/20250903T084037Z-3969ad79-4123-4892-8efb-360ea8843907.pdf;HORAIRE;469
C02301;Plan GPSO Bus;https://ilico.iledefrance-mobilites.fr/uploads/plans/643ff5dbd4c90_GPSO_BUS_2023%20VF%20WEB.pdf;PLAN;GPSO Bus
C02314;Fiches horaires ligne 263;https://ilico.iledefrance-mobilites.fr/uploads/fiches/20260810T131109Z-29472a05-f179-49be-b44c-7c215b773086.pdf;HORAIRE;263
C02316;Plan de ligne 4626;https://ilico.iledefrance-mobilites.fr/uploads/plans/20260504T163922Z-c9317658-c398-4714-bdfa-80475efd60b1.pdf;PLAN;4626
C02344;Fiche horaire plein trafic;https://ilico.iledefrance-mobilites.fr/uploads/fiches/20260518T143203Z-8eca8288-08ca-48cc-a995-1ce77d8c86ed.pdf;HORAIRE;T13
C02344;Plan T13;https://ilico.iledefrance-mobilites.fr/uploads/plans/20251215T083317Z-ccc984e9-3a83-435d-ab4b-40e88622606c.pdf;PLAN;T13
C02351;Ligne 445 du 1 septembre au 5 juillet 2026;https://ilico.iledefrance-mobilites.fr/uploads/fiches/20250818T115123Z-e76cd268-2312-4af7-960e-fe869e66b338.pdf;HORAIRE;445
C02355;Fiche WEB ligne 4618 PVS été du 25 août 2025 au 12 juillet 2026 et du 24 août au 31 août 2026;https://portail-idfm-operateurs.cdn.prismic.io/portail-idfm-operateurs/B5wRv4zxcKOR0zT8_FicheWEBligne4618PVS%C3%A9t%C3%A9du25ao%C3%BBt2025au12juillet2026etdu24ao%C3%BBtau31ao%C3%BBt2026.pdf;HORAIRE;4618
C02365;Plan ligne 2405;https://ilico.iledefrance-mobilites.fr/uploads/plans/20251001T093932Z-f6631b4b-b4bb-4b78-bcc2-1bc43f905803.pdf;PLAN;2405
C02383;Horaires TàD 4596 - A compter du 25 août;https://ilico.iledefrance-mobilites.fr/uploads/fiches/20250731T090423Z-20d15a4e-8e12-47ff-92b3-35ef0e0646ab.pdf;HORAIRE;TàD 4596
C02387;Plan de Bus ligne 4332;https://ilico.iledefrance-mobilites.fr/uploads/plans/20240523T091944Z-9b4a313a-d41f-4fd8-8eb9-524a329c3977.pdf;PLAN;4332
C02390;Horaires ligne 4272 - Du 1er septembre 2025 au 4 juillet 2026;https://ilico.iledefrance-mobilites.fr/uploads/fiches/20260323T142656Z-79d575e9-cbf8-46d8-a049-32bd57c845e2.pdf;HORAIRE;4272
C02390;Plan ligne 4272;https://ilico.iledefrance-mobilites.fr/uploads/plans/20260323T142656Z-3e57882b-c263-4d59-ba4d-e2c64cd3e531.pdf;PLAN;4272
C02393;Plan de Bus ligne 4345;https://ilico.iledefrance-mobilites.fr/uploads/plans/20240523T093223Z-43e485be-8648-4201-88ed-a0664e65836f.pdf;PLAN;4345
C02397;Plan Ligne 4520 (maj 06/01/2025);https://ilico.iledefrance-mobilites.fr/uploads/plans/20250106T105429Z-7d2fb214-10ca-4131-8013-3634517fb3a1.pdf;PLAN;4520
C02398;Horaires Ligne 4577 - A compter du 1er septembre 2026 au 3 juillet 2027;https://ilico.iledefrance-mobilites.fr/uploads/fiches/20260806T102019Z-9bb05adb-283d-4008-8686-8c7673a4c250.pdf;HORAIRE;4577
C02400;Fiche horaires 01.09.2025;https://ilico.iledefrance-mobilites.fr/uploads/fiches/20250728T151901Z-45ae6921-aadd-4cf6-9e1d-07b5ce0ee071.pdf;HORAIRE;2484
C02401;Plan ligne 2485;https://ilico.iledefrance-mobilites.fr/uploads/plans/20251001T122305Z-c641e49b-506a-4786-8e9e-91c08f644546.pdf;PLAN;2485
C02418;Horaires Ligne 4535 - A compter du 24 août 2026 au 11 juillet 2027;https://ilico.iledefrance-mobilites.fr/uploads/fiches/20260806T100503Z-ec72a71b-af47-4c6f-a40b-50f93c035c9f.pdf;HORAIRE;4535
C02423;Plan;https://www.paris-saclay.com/app/uploads/2025/09/fiche_horaires_navette-MO-2025.pdf;PLAN;M
C02427;Ligne 442 du 1 septembre au 5 juillet 2026;https://ilico.iledefrance-mobilites.fr/uploads/fiches/20250818T110504Z-83271d55-f2c6-4eaa-85cb-e500ed7babac.pdf;HORAIRE;442
C02428;Ligne 446 du 1 septembre au 5 juillet 2026;https://ilico.iledefrance-mobilites.fr/uploads/fiches/20250818T121844Z-0bc164cb-d354-424b-b817-1d72cfcd7a44.pdf;HORAIRE;446
C02428;Ligne 446 du 1 er septembre 2026 au 3 juillet 2027;https://ilico.iledefrance-mobilites.fr/uploads/fiches/20260810T140057Z-1315d110-be6c-425f-a98f-8ab73bf12224.pdf;HORAIRE;446
C02431;Ligne 4404 - Horaires valables du 1 Août 2026 au 31 Août 2026 inclus;https://ilico.iledefrance-mobilites.fr/uploads/fiches/20260806T161443Z-c8e0f347-9dde-44cb-a14a-310f8ecaf295.pdf;HORAIRE;4404
C02431;Ligne 4404 - Horaires valables du 1er septembre 2026 au 4 juillet 2027;https://ilico.iledefrance-mobilites.fr/uploads/fiches/20260807T152446Z-52e6839f-ef24-4c52-aedd-74efdeb83222.pdf;HORAIRE;4404
C02436;Horaires Ligne 3248 du 31 Août 2026 au 29 Août 2027;https://ilico.iledefrance-mobilites.fr/uploads/fiches/20260721T063318Z-b3344210-2601-4cb0-b10a-6d12ca7daae2.pdf;HORAIRE;3248
C02437;Ligne 209 - Horaires valables du 13 juillet au 23 août 2026;https://ilico.iledefrance-mobilites.fr/uploads/fiches/20260612T090647Z-6b4abee6-3b39-409d-8ab5-fe6a0839d287.pdf;HORAIRE;209
C02437;Ligne 209 - Plan de ligne;https://ilico.iledefrance-mobilites.fr/uploads/plans/20260710T092552Z-84228670-1d45-4244-875c-f3b23e9a2f75.pdf;PLAN;209
C02441;Plan de ligne 6523;https://ilico.iledefrance-mobilites.fr/uploads/plans/20251226T123054Z-9bdbf58f-0613-4ad4-b019-4ab3f57319b5.pdf;PLAN;6523
C02443;Plan ligne 5237;https://ilico.iledefrance-mobilites.fr/uploads/plans/20250304T113046Z-d9489731-9e7c-4f48-a10d-94ed82dcf8a3.pdf;PLAN;5237
C02449;Ligne 4451 -  Horaires valables du 1er septembre 2026 au 4 juillet 2027;https://ilico.iledefrance-mobilites.fr/uploads/fiches/20260807T154752Z-39caf5ee-4936-4f43-ba1a-aae38dcb09b4.pdf;HORAIRE;4451
C02449;Ligne 4451 - Horaires valables du 1 Août 2026 au 31 Août 2026 inclus;https://ilico.iledefrance-mobilites.fr/uploads/fiches/20260806T162313Z-e2f6ba26-9e7f-414b-819d-13cdd6538633.pdf;HORAIRE;4451
C02449;Ligne 4451;https://ilico.iledefrance-mobilites.fr/uploads/plans/20240901T093744Z-500c6f0f-2719-47e5-af20-a7b5b06473ab.pdf;PLAN;4451
C02452;Ligne 4454 - été 2026;https://ilico.iledefrance-mobilites.fr/uploads/fiches/20260722T073625Z-e0a8a9d5-b852-4af8-9bbe-220d85370a44.pdf;HORAIRE;4454
C02452;Ligne 4454 - Horaires valables du 1er septembre 2026 au 4 juillet 2027;https://ilico.iledefrance-mobilites.fr/uploads/fiches/20260807T154920Z-173e6945-b290-4d9a-90d5-912d96156c80.pdf;HORAIRE;4454
C02458;Fiche horaires ligne 3727 du 5 janvier au 23 août 2026;https://ilico.iledefrance-mobilites.fr/uploads/fiches/20251212T100039Z-27de1707-6284-4f23-ae78-5272f986a116.pdf;HORAIRE;3727
C02461;Horaires Ligne 4524 - A compter du 24 août 2026 au 11 juillet 2027;https://ilico.iledefrance-mobilites.fr/uploads/fiches/20260806T100229Z-7a4e4574-aaa3-4788-9da5-d9c48ff3ae6a.pdf;HORAIRE;4524
C02461;Plan Gare Routière SGDB (Place) - A compter du 22/12/25;https://ilico.iledefrance-mobilites.fr/uploads/fiches/20251217T132902Z-ce0e8fe2-e8f8-4560-8c6a-3899fe176b7e.pdf;HORAIRE;4524
C02461;Plan Ligne 4524 (maj 06/01/2025);https://ilico.iledefrance-mobilites.fr/uploads/plans/20250106T105346Z-fc24d1f1-5e61-4a53-990f-db788ac540d8.pdf;PLAN;4524
C02462;Fiche horaire été;https://ilico.iledefrance-mobilites.fr/uploads/fiches/20260616T102142Z-095e2293-70cf-4df7-8f66-9a782e58e688.pdf;HORAIRE;1517
C02464;Fiches Horaires LSoir Domont 2023-2024;https://ilico.iledefrance-mobilites.fr/uploads/fiches/64df29e906d58_AFFICHE%20A4%20BUS%20SOIR%20DOMONT%20VARIANTE%20POINTS%20DARRETS.pdf;HORAIRE;Soir Domont
C02466;Plan TàD 4591 (maj 06/01/2025);https://ilico.iledefrance-mobilites.fr/uploads/plans/20250103T145912Z-a75ced13-0179-4db9-b4b7-9c1b0b99ab2e.pdf;PLAN;TàD 4591
C02467;Plan TàD 4592 (maj 06/01/2025);https://ilico.iledefrance-mobilites.fr/uploads/plans/20250103T150340Z-e75e5b54-920c-4802-a9ae-7fe1242f1ea5.pdf;PLAN;TàD 4592
C02468;Plan gare routière Saint-Michel-s/o;https://ilico.iledefrance-mobilites.fr/uploads/fiches/20251218T130817Z-f1c37367-7c99-445c-9000-5e4bb44ca452.pdf;HORAIRE;TàD 4595
C02470;Ligne 4411 - été 2026;https://ilico.iledefrance-mobilites.fr/uploads/fiches/20260722T072918Z-ebc821a2-96c6-48a8-98fc-411aca524a33.pdf;HORAIRE;4411
C02473;Ligne 4415 - Horaires valables du 1er septembre 2026 au 4 juillet 2027;https://ilico.iledefrance-mobilites.fr/uploads/fiches/20260807T153632Z-89bf3ede-d235-42e8-ac61-0c918d6aafa4.pdf;HORAIRE;4415
C02478;Horaires HIVER valables du 01/09/26 au 02/07/2027;https://ilico.iledefrance-mobilites.fr/uploads/fiches/20260730T144244Z-94c5be5e-29e3-4fd3-952f-6c28576b6df4.pdf;HORAIRE;6185
C02479;Renforts nuits de la fête de la musique le 21 juin et de la St Sylvestre le 31 décembre;https://portail-idfm-operateurs.cdn.prismic.io/portail-idfm-operateurs/ZnA7SZm069VX1zv9_Extr%C3%AAmeSoir%C3%A9e-StSylvestreetf%C3%AAtedelamusique.pdf;HORAIRE;5441
C02485;Horaires HIVER valables du 24/08/26 au 10/07/2027;https://ilico.iledefrance-mobilites.fr/uploads/fiches/20260731T122101Z-a2f2cac6-7009-4e2f-a991-1f40a6663981.pdf;HORAIRE;TàD 6131
C02490;Soir Meaux Sud à partir du 1er septembre 2025;https://ilico.iledefrance-mobilites.fr/uploads/fiches/20250829T224315Z-deea149d-ecd2-4e01-9e5b-2863ea40c8e3.pdf;HORAIRE;Soir Meaux Sud
C02495;Horaires hiver 2026 / 2027;https://ilico.iledefrance-mobilites.fr/uploads/fiches/20260730T100547Z-4f4acabc-a4a3-45c3-b9e3-a38a4b114de7.pdf;HORAIRE;TàD 4305
C02495;Plan ligne 4305;https://ilico.iledefrance-mobilites.fr/uploads/plans/20250821T153639Z-d0087187-ec3e-4ce6-a185-b867be7acd6d.pdf;PLAN;TàD 4305
C02497;Fiche horaires;https://www.paris-saclay.com/fileadmin/documents/2.Vivre_ici/Mobilite/Navettes_2024/fiche_horaires_navette_E_2024.pdf;HORAIRE;E
C02500;Plan;https://www.paris-saclay.com/app/uploads/2025/07/fiche_horaires_navette_TU_-_Sept_2023.pdf;PLAN;T
C02511;Plan;https://www.paris-saclay.com/app/uploads/2025/07/fiche_horaires_navette_HQ_2024.pdf;PLAN;Q
C02513;Schéma ligne SOIR;https://ilico.iledefrance-mobilites.fr/uploads/plans/20250828T065252Z-96687ffd-de96-4fbe-8153-8ffa929c7666.pdf;PLAN;Soir Versailles-Chantiers
C02517;Ligne 1442 - Horaires valables du 24 août 2026 au 29 août 2027 inclus.;https://ilico.iledefrance-mobilites.fr/uploads/fiches/20260810T104228Z-41e7bddb-5328-4c06-82d3-e0c0f9287b7c.pdf;HORAIRE;1442 (ex CitéVal Ermont)
C02520;Fiche internet_3116 au 01092025;https://ilico.iledefrance-mobilites.fr/uploads/fiches/20251008T142908Z-a39b6675-347e-44e6-8905-d63a8988dfca.pdf;HORAIRE;3116
C02521;Dépliant_TàD Gretz - Tournan;https://ilico.iledefrance-mobilites.fr/uploads/fiches/20250212T111159Z-f88a461f-3016-469e-b34d-53c481867a71.pdf;HORAIRE;TàD Gretz-Tournan
C02521;Plan du TàD Zonal Gretz - Tournan au 17 février 2025;https://ilico.iledefrance-mobilites.fr/uploads/plans/20250130T143333Z-812c63d8-96ce-4cff-aaba-b2a6b02cbbdb.pdf;PLAN;TàD Gretz-Tournan
C02526;Fiche horaire ligne N155 valable à compter du 2 septembre 2024;https://portail-idfm-operateurs.cdn.prismic.io/portail-idfm-operateurs/ZqOPPx5LeNNTxhdi_FI_N155.pdf;HORAIRE;N155
C02528;Schéma de ligne T10;https://ilico.iledefrance-mobilites.fr/uploads/plans/64d4e58a103b4_647f14e963d0d_Schema-de-ligne-T10-PLT10_V3.pdf;PLAN;T10
C02542;Fiche horaires 6529 - 25 août 2025;https://ilico.iledefrance-mobilites.fr/uploads/fiches/20260622T123718Z-40ffdb7d-dbc9-4341-bb4c-f838c0a14906.pdf;HORAIRE;6529
C02543;Fiche horaires 6590 - 5 janvier 2026;https://ilico.iledefrance-mobilites.fr/uploads/fiches/20260622T124735Z-009b76fa-648d-4438-9d5b-65bc04880886.pdf;HORAIRE;6590
C02543;Plan de ligne 6590;https://ilico.iledefrance-mobilites.fr/uploads/plans/20251226T131436Z-2da9d4ff-1b7a-4cf1-a231-abedfdaa8213.pdf;PLAN;6590
C02544;Plan de ligne 6592;https://ilico.iledefrance-mobilites.fr/uploads/plans/20250819T134622Z-6e3053a8-8137-418c-b7ca-2776157885d7.pdf;PLAN;6592
C02548;Fiche horaires 6552 - 1er septembre 2025;https://ilico.iledefrance-mobilites.fr/uploads/fiches/20251013T123954Z-55179227-9f35-4ec8-b18d-fcfc78e5c400.pdf;HORAIRE;6552
C02550;Plan de ligne 6554;https://ilico.iledefrance-mobilites.fr/uploads/plans/20251226T125342Z-b8ffd915-486a-4901-8c65-14f7535dadd7.pdf;PLAN;6554
C02552;Plan de ligne 6556;https://ilico.iledefrance-mobilites.fr/uploads/plans/20250819T133448Z-69123e30-1552-4654-9a96-074c6557fc24.pdf;PLAN;6556
C02555;Fiche horaires 6559 - 5 janvier 2026;https://ilico.iledefrance-mobilites.fr/uploads/fiches/20251219T152743Z-27be5c6a-490d-4d63-9a0d-29f022cce3f0.pdf;HORAIRE;6559
C02561;Plan de ligne 6569;https://ilico.iledefrance-mobilites.fr/uploads/plans/20250819T131505Z-8614656f-670c-4ad3-8b52-d944fd215ca4.pdf;PLAN;6569
C02563;Fiche horaires 6574 - 1er septembre 2025;https://ilico.iledefrance-mobilites.fr/uploads/fiches/20251013T130148Z-59564e80-18da-4776-b2f9-a81160b2c142.pdf;HORAIRE;6574
C02564;Plan de ligne 6575;https://ilico.iledefrance-mobilites.fr/uploads/plans/20251226T130907Z-256a0463-72e6-444e-8b35-1e07ba98e67c.pdf;PLAN;6575
C02567;Plan de ligne 6505;https://ilico.iledefrance-mobilites.fr/uploads/plans/20250819T135327Z-914a91a2-6b67-4812-be49-8b58790c4d13.pdf;PLAN;6505
C02569;Fiche horaires 6507 - 6 juillet au 23 août 2026;https://ilico.iledefrance-mobilites.fr/uploads/fiches/20260622T122342Z-12b2220c-f13e-4419-a66f-d7acf94bb11b.pdf;HORAIRE;6507
C02570;Plan de ligne 6513;https://ilico.iledefrance-mobilites.fr/uploads/plans/20250819T135142Z-610dd81a-d0b9-48cf-802e-286ffea6ea6f.pdf;PLAN;6513
C02575;TàD Montereau Nord;https://ilico.iledefrance-mobilites.fr/uploads/plans/20240726T060320Z-3774be3a-0de6-43a9-b508-3e4e29ef89e3.pdf;PLAN;TàD Montereau Nord
C02577;Horaires TàD Sud au 05/01/2026;https://ilico.iledefrance-mobilites.fr/uploads/fiches/20251211T120837Z-c7cc0c07-721e-4158-8cf3-f8c807f7e7ec.pdf;HORAIRE;TàD Montereau Sud
C02580;Plan de ligne Bus soirée Montereau Sud;https://ilico.iledefrance-mobilites.fr/uploads/plans/20240726T061038Z-ea3de39f-d17a-4079-aa7f-6b79efe9f95d.pdf;PLAN;Soir Montereau Sud
C02583;Plan ligne TàD Gare de Provins;https://ilico.iledefrance-mobilites.fr/uploads/plans/20251002T123056Z-5b377cde-f2f0-43d2-839d-92dc95c33958.pdf;PLAN;TàD Gare de Provins
C02584;Plan ligne soir Provins;https://prismic-io.s3.amazonaws.com/portail-idfm-operateurs/88ad030d-dbce-4098-abee-13ed174de543_Francilite_Briard_SOIR_Provins_v02.pdf;PLAN;Soir Provins
C02587;Dépliant TàD Meulan - Les Mureaux;https://ilico.iledefrance-mobilites.fr/uploads/fiches/20260306T150052Z-5ecc178f-797b-4580-8617-c3b8de2422ff.pdf;HORAIRE;TàD Nord Meulan - Les Mureaux
C02588;Plan TàD Meulan - Les Mureaux;https://ilico.iledefrance-mobilites.fr/uploads/plans/20260311T123145Z-f076fdf9-5daa-4315-af61-946baa209a71.pdf;PLAN;TàD Sud Meulan - Les Mureaux
C02599;Horaires hiver 2026 / 2027;https://ilico.iledefrance-mobilites.fr/uploads/fiches/20260730T100732Z-9bc57235-69ca-42a3-bd38-ceb760c337ad.pdf;HORAIRE;4318
C02600;N146 Horaires valables à partir du 25 août 2025;https://ilico.iledefrance-mobilites.fr/uploads/fiches/20250826T124326Z-b680a44b-cd77-4390-afb3-8857390cbb7f.pdf;HORAIRE;N146
C02600;Plan Ligne N146;https://ilico.iledefrance-mobilites.fr/uploads/plans/20250829T162334Z-c35b431b-0b2b-4c0a-b13a-d7039a3a30e6.pdf;PLAN;N146
C02602;Bus de soirée Garges-lès-Gonesse Horaires valables à partir du 25 août 2025;https://ilico.iledefrance-mobilites.fr/uploads/fiches/20250826T125405Z-3b42840b-717b-4ab9-9e2c-2da4fb3ce31c.pdf;HORAIRE;Soir Garges-lès-Gonesse
C02602;Plan de la ligne de Soirée Garges-lès-Gonesse;https://ilico.iledefrance-mobilites.fr/uploads/plans/20241014T135641Z-77385030-d26b-4a08-b6ec-dd5a33e2d76b.pdf;PLAN;Soir Garges-lès-Gonesse
C02603;Plan de la ligne de Soirée Goussainville;https://ilico.iledefrance-mobilites.fr/uploads/plans/20241014T135809Z-bce6ab16-a3bc-44d5-9daa-6ba2f3d64c07.pdf;PLAN;Soir Goussainville
C02604;Ligne R9 - Horaires valables à partir du 25 août 2025;https://ilico.iledefrance-mobilites.fr/uploads/fiches/20250826T124923Z-6f7629c4-92d5-4147-b0df-3cd8a05a6dd6.pdf;HORAIRE;R9 (future 1619)
C02607;Plan de Bus ligne 4347;https://ilico.iledefrance-mobilites.fr/uploads/plans/20240523T094111Z-ad7c5f3e-3907-41b8-92a9-4a0cea46e8d1.pdf;PLAN;4347
C02613;Plan ligne TàD Balade en Provinois;https://ilico.iledefrance-mobilites.fr/uploads/plans/20260609T090717Z-bf0d74c2-a101-44b3-b382-65e75e46cb05.pdf;PLAN;TàD Balade en Provinois
C02615;11 > 6311 - Horaires valables du 13 juillet au 23 août 2026;https://ilico.iledefrance-mobilites.fr/uploads/fiches/20260531T201552Z-94c226d6-cd49-44f4-aaab-e57fbc5edac6.pdf;HORAIRE;6311 (ex 11)
C02616;Plan de la ligne 6312;https://ilico.iledefrance-mobilites.fr/uploads/plans/20260714T130224Z-9205c16f-4b83-4789-af93-c2ae06df8aeb.pdf;PLAN;6312 (ex 12)
C02618;Ligne 2327 (ex Gs) - A partir du 15 septembre 2025;https://ilico.iledefrance-mobilites.fr/uploads/fiches/20250919T130835Z-c582db04-838a-4652-87c9-5cb2f9ceabaa.pdf;HORAIRE;2327
C02618;Plan ligne 2327;https://ilico.iledefrance-mobilites.fr/uploads/plans/20250919T130900Z-f12c6b75-17e1-4fe7-a8a0-c2a4ed89ea7e.pdf;PLAN;2327
C02619;Dépliant_3108 au 01092025;https://ilico.iledefrance-mobilites.fr/uploads/fiches/20251229T141454Z-026b3579-ed6f-43d4-9cc4-bdc55dfd2fa4.pdf;HORAIRE;3108
C02620;Plan de ligne 3141;https://ilico.iledefrance-mobilites.fr/uploads/plans/20250129T150028Z-2d3baeb8-fa8e-4dee-8f98-0adc389b4de7.pdf;PLAN;3141
C02622;Plan;https://www.paris-saclay.com/app/uploads/2025/07/fiche_horaires_navette_W.pdf;PLAN;W
C02624;Horaires ligne N147;https://ilico.iledefrance-mobilites.fr/uploads/fiches/658f0141a9c58_Fiche%20Horaire%20N147-.pdf;HORAIRE;N147
C02626;Schéma ligne Soir Vernouillet-Verneuil;https://ilico.iledefrance-mobilites.fr/uploads/plans/20250924T143411Z-2b26ab60-cfce-4cb4-aace-154745551db4.pdf;PLAN;Soir Vernouillet-Verneuil
C02629;Plan de Bus ligne 6438;https://ilico.iledefrance-mobilites.fr/uploads/plans/20260702T145037Z-514aec7b-357b-45ed-a26b-fd6f22e02f3a.pdf;PLAN;6438
C02630;Plan de ligne 612;https://ilico.iledefrance-mobilites.fr/uploads/plans/654e0e8c19654_Ligne_NORD-SEINE-SAINT-DENIS_612.pdf;PLAN;612
C02631;Plan ligne 4250;https://ilico.iledefrance-mobilites.fr/uploads/plans/20260423T070841Z-250d7f0b-39d3-4e89-9d78-cf704a486d3f.pdf;PLAN;4250
C02632;Plan ligne 4251;https://ilico.iledefrance-mobilites.fr/uploads/plans/20260706T084112Z-b3b0150d-28b2-44c4-b9fa-0916daca810e.pdf;PLAN;4251
C02634;Plan ligne N162;https://ilico.iledefrance-mobilites.fr/uploads/plans/20240701T084626Z-50241ed7-9c06-4597-91bf-e3fe3b12e557.pdf;PLAN;N162
C02635;Ligne N160 - Horaire rentrée Septembre 2025;https://ilico.iledefrance-mobilites.fr/uploads/fiches/20250804T143852Z-cdd3c32a-52eb-438b-9362-64ba9906dbcf.pdf;HORAIRE;N160
C02636;Horaires Tzen4 direction La Treille - Du 10 février au 12 juillet 2026;https://ilico.iledefrance-mobilites.fr/uploads/fiches/20260206T153927Z-162e6ba0-3f31-4d4d-b97b-d085ef69785a.pdf;HORAIRE;Tzen4
C02637;Plan de la ligne 5234;https://ilico.iledefrance-mobilites.fr/uploads/plans/20251222T154903Z-1f2d35e1-e83f-4b18-bb40-d7e8d946751e.pdf;PLAN;5234
C02642;Plan de ligne 7817;https://ilico.iledefrance-mobilites.fr/uploads/plans/20250321T165608Z-be89f185-1807-439e-b7e8-117016f2bbaa.pdf;PLAN;7817
C02644;Schéma de ligne bus de soirée;https://ilico.iledefrance-mobilites.fr/uploads/plans/20240409T205734Z-57cd8d32-6dc0-40c9-bb52-02044f6bde4a.pdf;PLAN;Soir Plaisir-Grignon
C02659;Horaires Ligne N123 - A compter du 5 janvier 2026;https://ilico.iledefrance-mobilites.fr/uploads/fiches/20251211T144059Z-a313f2b7-3ef5-4a4b-9bfb-eeb6957d276a.pdf;HORAIRE;N123
C02662;Plan Ligne 4513 (maj 06/01/2025);https://ilico.iledefrance-mobilites.fr/uploads/plans/20250106T111915Z-b1964d00-35df-42f6-bb51-809386e85325.pdf;PLAN;4513
C02663;Plan Ligne 4536 (maj 06/01/2025);https://ilico.iledefrance-mobilites.fr/uploads/plans/20250106T111940Z-08e1b464-e42f-4971-bd1d-8299d43a13c3.pdf;PLAN;4536
C02669;Plan ligne 2281;https://ilico.iledefrance-mobilites.fr/uploads/plans/20240408T123556Z-66c7b9fd-3ed3-43f4-9ae2-bd5c8a3dfe4c.pdf;PLAN;2281
C02670;Plan ligne 2282;https://ilico.iledefrance-mobilites.fr/uploads/plans/20240408T123532Z-a3de8583-e6e8-4c7c-ad4d-44db3b20d494.pdf;PLAN;2282
C02671;Plan de ligne 2283;https://ilico.iledefrance-mobilites.fr/uploads/plans/20240408T123653Z-ed49b7bf-1ae8-4b5c-8323-4861bcb80af5.pdf;PLAN;2283
C02672;Plan de ligne 2284;https://ilico.iledefrance-mobilites.fr/uploads/plans/20240408T123715Z-c6c721ab-2d23-44c5-bded-c1d760f7ce88.pdf;PLAN;2284
C02673;Fiche horaire été ligne 2254 du 20 juillet au 23 août 2026;https://ilico.iledefrance-mobilites.fr/uploads/fiches/20260707T142347Z-07411342-a3e4-4078-ba67-d687f8668f66.pdf;HORAIRE;2254
C02673;Plan de ligne 2254;https://ilico.iledefrance-mobilites.fr/uploads/plans/20240408T123630Z-a65ce3bc-4f91-400f-a260-972206a08ad8.pdf;PLAN;2254
C02678;Fiche horaire;https://www.aeroportparisbeauvais.com/acces-et-parking/navette-aerobus-paris-aeroport;HORAIRE;A03 Paris La Défense
C02682;Horaires Ligne 4584 - A compter du 1er septembre 2026 au 3 juillet 2027;https://ilico.iledefrance-mobilites.fr/uploads/fiches/20260806T102251Z-00f19a33-3f74-4c91-bddc-50a0537581d7.pdf;HORAIRE;4584
C02682;Plan Ligne 4584 - (maj 06/01/2025);https://ilico.iledefrance-mobilites.fr/uploads/plans/20250519T124224Z-54c91fd5-6c64-429a-8372-b92d775d6847.pdf;PLAN;4584
C02692;Plan de ligne;https://ilico.iledefrance-mobilites.fr/uploads/plans/20250805T124905Z-5883ead4-df71-4016-96bb-1192f22325f3.pdf;PLAN;2150
C02695;Horaires valables à partir du 1er septembre 2025;https://ilico.iledefrance-mobilites.fr/uploads/fiches/20250813T140618Z-efb5d1b0-1e7c-4365-bc0b-c67c1e9377dd.pdf;HORAIRE;2153
C02697;Plan de ligne;https://ilico.iledefrance-mobilites.fr/uploads/plans/20250805T125117Z-acc397b3-90a1-4bc4-bff9-aa7cb2e6e1a3.pdf;PLAN;2155
C02703;Plan de ligne;https://ilico.iledefrance-mobilites.fr/uploads/plans/20260127T102734Z-9cf1afc1-1acf-4791-b2f1-e15103af7210.pdf;PLAN;2162
C02704;Horaires valables à partir du 24 novembre 2025;https://ilico.iledefrance-mobilites.fr/uploads/fiches/20251121T175022Z-4fcbeb2c-5ada-4192-800e-990ac5dc8f27.pdf;HORAIRE;2164
C02709;Ligne N148 - Horaires valables du 24 août 2026 au 29 août 2027 inclus.;https://ilico.iledefrance-mobilites.fr/uploads/fiches/20260810T110114Z-ad420b45-554b-4650-92dc-e228ed5b395d.pdf;HORAIRE;N148
C02713;Plan ligne 245;https://www.ratp.fr/sites/default/files/lines-assets/plan-de-ligne/busratp/plan-de-ligne_busratp_ligne-245.pdf;PLAN;245
C02716;Horaires valables du 1er septembre 2026 au 04 juillet 2027 inclus;https://ilico.iledefrance-mobilites.fr/uploads/fiches/20260804T094335Z-4ab34b6d-1df3-4a40-8bcc-6207a0d7ed29.pdf;HORAIRE;7825
C02716;Plan de ligne 7825;https://ilico.iledefrance-mobilites.fr/uploads/plans/20250901T103020Z-f1091119-99f6-4d96-bc0d-12ebce1b5f4a.pdf;PLAN;7825
C02721;Horaires ligne 3408 et 3418 à partir du 1er Septembre 2025;https://ilico.iledefrance-mobilites.fr/uploads/fiches/20250819T141400Z-70ae564e-a951-4f66-9236-8ba002a1d07e.pdf;HORAIRE;3418
C02730;Horaires valables à partir du 6 juillet 2026;https://ilico.iledefrance-mobilites.fr/uploads/fiches/20260702T144507Z-ecfc843e-0728-4f70-aa61-d3a7c8170690.pdf;HORAIRE;6426
C02730;Plan des lignes 6426;https://ilico.iledefrance-mobilites.fr/uploads/plans/20260702T144447Z-3b2b5dd9-a90c-4214-a1d4-20bb8b99fa49.pdf;PLAN;6426
C02739;Plan ligne 4279;https://ilico.iledefrance-mobilites.fr/uploads/plans/20250822T071241Z-21dec370-455a-4460-aee6-3e1401a54df4.pdf;PLAN;4279
C02742;Plan ligne 5296;https://ilico.iledefrance-mobilites.fr/uploads/plans/20250327T164316Z-47eaeddd-041a-4f9d-aaf6-948a3f9a5eb4.pdf;PLAN;5296
C02748;Horaires valables à compter du 05 janvier 2026;https://ilico.iledefrance-mobilites.fr/uploads/fiches/20251212T155400Z-0feb9a69-5ee0-4ccb-91a6-ad87b921ee5e.pdf;HORAIRE;TàD Vexin Ouest
C02755;PLAN TAD MEAUX OUEST;https://ilico.iledefrance-mobilites.fr/uploads/plans/20250919T112935Z-ea5c5a33-78fe-4b94-94d1-cc9868ae5b2d.pdf;PLAN;TàD Meaux Ouest
C02757;PLAN TAD MEAUX EST;https://ilico.iledefrance-mobilites.fr/uploads/plans/20250919T112704Z-7556ccd0-3837-4bbb-92ad-b6e7c15552be.pdf;PLAN;TàD Meaux Est
C02770;Plan de la ligne Bus Soirée Brunoy Sud;https://ilico.iledefrance-mobilites.fr/uploads/plans/20250226T093633Z-3f371ea0-0eed-4bc7-83d2-a4a7c15892c1.pdf;PLAN;Soir Brunoy Sud
C02773;Plan de la ligne Bus Soirée Yerres Nord;https://ilico.iledefrance-mobilites.fr/uploads/plans/20260312T150002Z-0e2fcdd1-0447-4a77-a09f-9203fc053da0.pdf;PLAN;Soir Yerres Nord
C02774;Plan de la ligne Bus Soirée Yerres Sud;https://ilico.iledefrance-mobilites.fr/uploads/plans/20250225T112900Z-7fddba08-d972-4981-9241-c5577fa88b86.pdf;PLAN;Soir Yerres Sud
C02779;TAD Melun Nord;https://ilico.iledefrance-mobilites.fr/uploads/fiches/20250822T104643Z-9c724ee1-7aa3-4aa7-b560-1466a04024bf.pdf;HORAIRE;TàD Melun Nord
C02780;TAD Sainte Assise;https://ilico.iledefrance-mobilites.fr/uploads/fiches/20250822T104829Z-d873ad8b-eb1c-4d76-aeea-44d82ddec154.pdf;HORAIRE;TàD Sainte Assise
C02782;Horaires valables à compter du 25 août 2025;https://ilico.iledefrance-mobilites.fr/uploads/fiches/20251121T101016Z-31774830-3c92-46cd-8f67-64553c5784dd.pdf;HORAIRE;4157
C02787;TAD Ourcq - A partir du 1er septembre 2025;https://ilico.iledefrance-mobilites.fr/uploads/fiches/20250829T162643Z-eeb32628-e487-48e0-a7f2-96be91662000.pdf;HORAIRE;TàD Ourcq Est
C02793;Plan TàD zonal Etampes;https://ilico.iledefrance-mobilites.fr/uploads/plans/20250820T080207Z-9668b968-fbfa-495c-8cf6-feb3ce633c5e.pdf;PLAN;TàD Zonal Etampes
C02795;Lignes 1433 - Horaires valables à partir du 1er septembre 2025;https://ilico.iledefrance-mobilites.fr/uploads/fiches/20250821T075745Z-0650fcec-01eb-4253-b60d-95ea4cd56631.pdf;HORAIRE;1433
C02795;Plan de ligne 1433;https://ilico.iledefrance-mobilites.fr/uploads/plans/20250813T143916Z-571cbf00-c304-4446-8b77-56b7748d24d1.pdf;PLAN;1433
C02796;BUS RELAIS C1 - Horaires valables du 3 au 13 Août 2026;https://ilico.iledefrance-mobilites.fr/uploads/fiches/20260803T154249Z-d08a140e-938e-472a-a01f-f82e8f9a7198.pdf;HORAIRE;Remplacement Câble C1
C02796;Ligne BUS RELAIS C1;https://ilico.iledefrance-mobilites.fr/uploads/plans/20260710T082030Z-e6c9fe81-7c1c-4a92-9f46-c17150e1d4c6.pdf;PLAN;Remplacement Câble C1
C02799;Fiche horaires 6550 - 1er septembre 2025;https://ilico.iledefrance-mobilites.fr/uploads/fiches/20251013T123803Z-ae35a43b-51b8-4050-9249-a91f83a0d484.pdf;HORAIRE;6550
C02800;Fiche horaires 6577 - 5 janvier 2026;https://ilico.iledefrance-mobilites.fr/uploads/fiches/20251219T153054Z-7ddcbcce-ea26-40f7-aa04-edbdbf6a9ec8.pdf;HORAIRE;6577
C02800;Plan de ligne 6577;https://ilico.iledefrance-mobilites.fr/uploads/plans/20251226T131001Z-685b43b2-38b9-4da5-9bd2-3f8251a94e6e.pdf;PLAN;6577
C02801;Fiche horaires 6578 - 1er septembre 2025;https://ilico.iledefrance-mobilites.fr/uploads/fiches/20251013T130711Z-061db067-9f35-496c-beab-f0058e196ddd.pdf;HORAIRE;6578
C02809;Plan de ligne 4627;https://ilico.iledefrance-mobilites.fr/uploads/plans/20260527T153213Z-03c69c8c-db64-4b20-9710-dfb283c80748.pdf;PLAN;4627
C02811;Plan de ligne 4666;https://ilico.iledefrance-mobilites.fr/uploads/plans/20250825T101550Z-cef2faa9-a82d-4330-ae1e-104f9a75eb18.pdf;PLAN;4666
C02812;Fiche WEB ligne DM152S (467...) Hiver 2025-2026, à partir du lundi 5 janvier 2026;https://portail-idfm-operateurs.cdn.prismic.io/portail-idfm-operateurs/aTrjJHNYClf9oEbj_FicheWEBligneDM152S-467...-Hiver2025-2026%2C%C3%A0partirdulundi5janvier2026.pdf;HORAIRE;4671
C02813;Fiche WEB ligne DM152S (467...) Hiver 2025-2026, à partir du lundi 5 janvier 2026;https://portail-idfm-operateurs.cdn.prismic.io/portail-idfm-operateurs/aTrjJHNYClf9oEbj_FicheWEBligneDM152S-467...-Hiver2025-2026%2C%C3%A0partirdulundi5janvier2026.pdf;HORAIRE;4673
C02814;Fiche WEB ligne DM152S (467...) Hiver 2025-2026, à partir du lundi 5 janvier 2026;https://portail-idfm-operateurs.cdn.prismic.io/portail-idfm-operateurs/aTrjJHNYClf9oEbj_FicheWEBligneDM152S-467...-Hiver2025-2026%2C%C3%A0partirdulundi5janvier2026.pdf;HORAIRE;4674
C02815;Plan de ligne 4672;https://ilico.iledefrance-mobilites.fr/uploads/plans/20250825T100733Z-e354a8f5-0e4c-4e30-a6f3-1baa72802882.pdf;PLAN;4672
C02816;Plan de ligne 4670;https://ilico.iledefrance-mobilites.fr/uploads/plans/20250825T100326Z-8e6e49a8-0450-4ac0-84cd-b7b3358f8906.pdf;PLAN;4670
C02818;Fiche WEB ligne 1 scolaire (4652) Hiver 2025-2026, à partir du lundi 1er septembre 2025;https://portail-idfm-operateurs.cdn.prismic.io/portail-idfm-operateurs/aKS9w6Tt2nPbaevj_FicheWEBligne1scolaire-4652-Hiver2025-2026%2C%C3%A0partirdulundi1erseptembre2025.pdf;HORAIRE;4652
C02821;Horaires été 2026;https://ilico.iledefrance-mobilites.fr/uploads/fiches/20260625T111948Z-c07b6171-4135-435b-9ee5-6140d0963f8d.pdf;HORAIRE;TàD 4306
C02821;Plan Bus TàD 4306;https://ilico.iledefrance-mobilites.fr/uploads/plans/20260625T112041Z-823f792e-1bc7-4239-8a19-7574d250a2fa.pdf;PLAN;TàD 4306
C02829;Horaires valables du 6 juillet au 31 août 2026;https://ilico.iledefrance-mobilites.fr/uploads/fiches/20260623T123927Z-6beb69f9-6b16-4029-96f2-84c8a2276a9e.pdf;HORAIRE;1104
C02829;Plan de ligne 1104;https://ilico.iledefrance-mobilites.fr/uploads/plans/20251215T144032Z-b1340a4a-2a7a-4ad7-be58-33e44d3842ca.pdf;PLAN;1104
C02831;Plan de ligne 9513;https://ilico.iledefrance-mobilites.fr/uploads/plans/20251212T145557Z-155ef58d-6529-43af-8f13-53ce5a153c1b.pdf;PLAN;9513
C02835;Plan de ligne Express 9517;https://ilico.iledefrance-mobilites.fr/uploads/plans/20260130T170327Z-658af949-c2b0-44f4-a8c7-e49492782ee0.pdf;PLAN;9517
C02839;Plan ligne - Soir Franconville Sud;https://ilico.iledefrance-mobilites.fr/uploads/plans/20260731T154405Z-83dfe857-6ef8-4c87-8b3b-038c42f09a88.pdf;PLAN;Soir Franconville Sud
C02842;Ligne 1410 - Horaires valables du 24 août 2026 au 11 juillet 2027 inclus.;https://ilico.iledefrance-mobilites.fr/uploads/fiches/20260810T093337Z-ee98434c-59c6-48e3-b65c-0577287e11e0.pdf;HORAIRE;1410
C02846;Ligne 1413;https://ilico.iledefrance-mobilites.fr/uploads/plans/20260731T155609Z-1db1ed9d-b634-465b-8938-f24e4d0e3809.pdf;PLAN;1413
C02847;Ligne 1430 - Horaires valables du 3 aout 2026 au 23 aout 2026 inclus.;https://ilico.iledefrance-mobilites.fr/uploads/fiches/20260717T170001Z-eed272d0-50c6-4fca-97b1-2f61397fd876.pdf;HORAIRE;1430
C02850;Ligne 1424 - Horaires valables du 24 août 2026 au 11 juillet 2027 inclus.;https://ilico.iledefrance-mobilites.fr/uploads/fiches/20260810T095901Z-79a3e031-d57c-4ffa-b66b-0d495fb908ba.pdf;HORAIRE;1424
C02851;Ligne 1425 - Horaires valables du 3 aout 2026 au 29 aout 2027 inclus.;https://ilico.iledefrance-mobilites.fr/uploads/fiches/20260717T170632Z-3ba66ecd-b5db-4255-b7fb-51472206af9c.pdf;HORAIRE;1425
C02852;Horaires valables du 23 mars au 31 décembre 2026;https://ilico.iledefrance-mobilites.fr/uploads/fiches/20260317T163626Z-ca3b3933-7a15-47ea-a744-c7a0debb0c08.pdf;HORAIRE;1119
C02853;Fiche Horaire TAD Carnelle Pays de France;https://ilico.iledefrance-mobilites.fr/uploads/fiches/20260728T101513Z-e93de03d-c71d-4dac-b555-d2aa4725cebf.pdf;HORAIRE;TàD Luzarches - Goussainville
C02854;Ligne 711;https://ilico.iledefrance-mobilites.fr/uploads/plans/20260429T144958Z-c3d38956-2caa-4610-a273-cf3a1282610a.pdf;PLAN;7711
C02859;Plan de ligne - 732;https://ilico.iledefrance-mobilites.fr/uploads/plans/20260608T092423Z-2725297f-bd26-4fec-901d-aac3e6ca3bf4.pdf;PLAN;732 (ex 500)
C02860;Plan de ligne - 733;https://ilico.iledefrance-mobilites.fr/uploads/plans/20260608T092448Z-a2c8588e-ae6d-4462-9fa4-5e7bc79874fd.pdf;PLAN;733 (ex 500)
C02863;Plan de ligne - 774;https://ilico.iledefrance-mobilites.fr/uploads/plans/20260608T092558Z-d442b934-aa22-4404-a0c6-8748dd7d3494.pdf;PLAN;774 (ex 501)
C02867;Plan de ligne - 724;https://ilico.iledefrance-mobilites.fr/uploads/plans/20260608T092737Z-ac507d29-243a-41da-8b7b-755b21b82283.pdf;PLAN;724 (ex 4S)
C02872;Ligne 313 - Horaires valables du 13 juillet 2026 au 18 juillet 2027;https://ilico.iledefrance-mobilites.fr/uploads/fiches/20260612T091054Z-33c16c28-0dfe-46b0-b43b-530c6e4224d7.pdf;HORAIRE;313
C02882;Horaires ligne 3450 valables du 1er septembre 2026 au 3 juillet 2027;https://ilico.iledefrance-mobilites.fr/uploads/fiches/20260806T132726Z-3f2524b5-cc92-4f52-9075-f2a1da846828.pdf;HORAIRE;3450
C00297;Plan ligne 6403 - Gare Argenteuil-Argenteuil Bérionne;https://ilico.iledefrance-mobilites.fr/uploads/plans/20260703T062908Z-5120d44c-d0ca-483f-91e7-6cce3eef4406.pdf;PLAN;6403
C00304;Plan ligne 1511;https://ilico.iledefrance-mobilites.fr/uploads/plans/20260602T070359Z-e4206728-e193-4fac-98e9-40e79b57cdfb.pdf;PLAN;1511
C00305;Plan Ligne 1533;https://ilico.iledefrance-mobilites.fr/uploads/plans/20240306T161016Z-1f7aa5b1-b139-4119-a235-b4bcc299b94e.pdf;PLAN;1533
C00309;Plan Lignes 64-65-66 Sartrouville (circuit);https://ilico.iledefrance-mobilites.fr/uploads/plans/20260706T090353Z-93159b57-299c-4601-bc54-35901e800ac3.pdf;PLAN;6464
C00311;Plan Lignes 6464-6565-6466 - Sartrouville (circuit);https://ilico.iledefrance-mobilites.fr/uploads/plans/20260706T090526Z-20650b2a-3d7b-4d6b-8217-4a4a3f40e062.pdf;PLAN;6466
C00312;Plan ligne 6402 - Argenteuil-Enghien les Bains;https://ilico.iledefrance-mobilites.fr/uploads/plans/20260703T062323Z-f855c747-8e22-4f32-bd1c-657b512c2a12.pdf;PLAN;6402
C00316;Horaires valables à partir du 6 juillet 2026;https://ilico.iledefrance-mobilites.fr/uploads/fiches/20260702T142652Z-b487dc6c-a296-40a3-9a84-0064df470366.pdf;HORAIRE;6433
C00317;Horaires valables à partir du 6 juillet 2026;https://ilico.iledefrance-mobilites.fr/uploads/fiches/20260702T142329Z-635218ff-a59f-493e-835e-ed5c109daa61.pdf;HORAIRE;6423
C00319;Horaires été 2026;https://ilico.iledefrance-mobilites.fr/uploads/fiches/20260625T114923Z-0fca1caa-6958-4672-a70c-1d2a9135aa40.pdf;HORAIRE;4301
C00319;Horaires hiver 2026 / 2027;https://ilico.iledefrance-mobilites.fr/uploads/fiches/20260730T092916Z-3c7c676b-39b9-4334-9782-19e54084df73.pdf;HORAIRE;4301
C00319;Plan de Bus ligne 4301;https://ilico.iledefrance-mobilites.fr/uploads/plans/20250821T135915Z-84782b14-bb62-483a-925a-f9db49f0937f.pdf;PLAN;4301
C00322;Horaires hiver 2026 / 2027;https://ilico.iledefrance-mobilites.fr/uploads/fiches/20260730T094843Z-8d31c550-4aa2-4277-a7af-8775cc34e2c1.pdf;HORAIRE;4303
C00328;Horaires 6282 du 1er septembre 2026 au 4 juillet 2027;https://ilico.iledefrance-mobilites.fr/uploads/fiches/20260811T064319Z-d64fddd0-0619-4281-8614-cdb351bce8a6.pdf;HORAIRE;6282
C00330;Horaires valables à partir du 6 juillet 2026;https://ilico.iledefrance-mobilites.fr/uploads/fiches/20260702T140944Z-da9b2da7-8afd-4642-9f96-631d1028e981.pdf;HORAIRE;6404
C00332;Horaires valables à partir du 6 juillet 2026;https://ilico.iledefrance-mobilites.fr/uploads/fiches/20260703T061712Z-65183508-cf1f-4d5a-bf08-f748f84825f4.pdf;HORAIRE;6430
C00339;Ligne 401 Horaires du 13 juil. au 22 août 2026;https://ilico.iledefrance-mobilites.fr/uploads/fiches/20260604T082202Z-df0bdbf2-18bd-4ffe-befd-cf55ca453c9d.PDF;HORAIRE;401
C00339;Ligne 401 Horaires à compter du 1er sept. 2026;https://ilico.iledefrance-mobilites.fr/uploads/fiches/20260731T085302Z-99ee8454-a6a2-4e42-bde2-f2c11675e2e1.pdf;HORAIRE;401
C00340;Ligne 402 Horaires du 13 juil. au 22 août 2026;https://ilico.iledefrance-mobilites.fr/uploads/fiches/20260604T082721Z-e8709b93-681b-470c-906d-78f7de8e96ed.PDF;HORAIRE;402
C00340;Ligne 402 Horaires à compter du 1er sept. 2026;https://ilico.iledefrance-mobilites.fr/uploads/fiches/20260731T085346Z-f2c5dc37-ad8e-4c3a-aa2b-0a1f0754afa0.pdf;HORAIRE;402
C00342;Ligne 412 Horaires à compter du 1er sept. 2026;https://ilico.iledefrance-mobilites.fr/uploads/fiches/20260731T085519Z-821beac5-0d3a-4159-a00f-c7332f8f0057.pdf;HORAIRE;412
C00342;Schéma de ligne 412;https://ilico.iledefrance-mobilites.fr/uploads/plans/20251106T085223Z-b7882719-802d-47dc-a698-0786a647cea9.pdf;PLAN;412
C00345;Ligne 408 Horaires du 6 au 11 juil. et du 24 au 31 août 2026;https://ilico.iledefrance-mobilites.fr/uploads/fiches/20260604T082424Z-e64b4a49-4e44-4f37-a736-965f01bd169b.pdf;HORAIRE;408
C00356;Horaires du 20 juillet au 23 août 2026;https://ilico.iledefrance-mobilites.fr/uploads/fiches/20260717T092610Z-9098bd81-a8a3-4e19-8ab0-a92ce9a4ed35.pdf;HORAIRE;4118
C00356;Plan de la ligne de Bus 4118;https://ilico.iledefrance-mobilites.fr/uploads/plans/20250227T152830Z-5e41689a-a685-4c53-aeb1-8ece5a72dd5c.pdf;PLAN;4118
C00358;Horaires du 20 juillet au 23 août 2026;https://ilico.iledefrance-mobilites.fr/uploads/fiches/20260717T090048Z-d88443b0-2533-40d2-be45-6d626801d26d.pdf;HORAIRE;4114
C00365;Plan de la ligne de Bus 4160;https://ilico.iledefrance-mobilites.fr/uploads/plans/20250227T170423Z-da0808e8-6d37-4a46-868e-79a6fa9d1175.pdf;PLAN;4160
C00366;Plan de la ligne de Bus 4161;https://ilico.iledefrance-mobilites.fr/uploads/plans/20250227T170501Z-08201371-0740-4b0f-8f28-9f64101bd61e.pdf;PLAN;4161
C00367;Horaires valables à compter du 25 août 2025;https://ilico.iledefrance-mobilites.fr/uploads/fiches/20250821T073533Z-897cdc7c-de0e-4116-865b-72e7031db98d.pdf;HORAIRE;4162
C00378;Horaires du 20 juillet au 23 août 2026;https://ilico.iledefrance-mobilites.fr/uploads/fiches/20260717T090339Z-c0faa3b8-0246-444e-8f41-48ca9c4deca9.pdf;HORAIRE;4117
C00382;Plan de Bus ligne 4340;https://ilico.iledefrance-mobilites.fr/uploads/plans/20260730T130130Z-9d643fcd-5e91-4cab-9292-4cb35d755ecc.pdf;PLAN;4340
C00386;Horaires ligne 4230 - Du 25 août 2025 au 12 juillet 2026;https://ilico.iledefrance-mobilites.fr/uploads/fiches/20260413T104142Z-d09762e1-67a3-43b1-98b1-62790d663af9.pdf;HORAIRE;4230
C00391;Horaires hiver 2026 / 2027;https://ilico.iledefrance-mobilites.fr/uploads/fiches/20260730T100108Z-5ae57c48-e862-4313-bc03-99abc0cdb809.pdf;HORAIRE;4334
C00400;Fiche Horaire 1317;https://ilico.iledefrance-mobilites.fr/uploads/fiches/20240830T152035Z-227edafd-abc2-4e49-8974-85e6ae507308.pdf;HORAIRE;1317
C00401;Ligne 5315 - Horaires à partir du 6 juillet 2026;https://ilico.iledefrance-mobilites.fr/uploads/fiches/20260617T145823Z-20e0f663-87ef-4457-8eef-3e50e87299f6.pdf;HORAIRE;5315
C00402;Plan de ligne 5327;https://ilico.iledefrance-mobilites.fr/uploads/plans/20250328T095018Z-96ba5d0c-8b15-4889-bdbf-83c537fd53af.pdf;PLAN;5327
C00403;Horaires valables du 24 août 2026 au 11 juillet 2027 (sauf du 28 décembre 2026 au 3 janvier 2027);https://ilico.iledefrance-mobilites.fr/uploads/fiches/20260804T131526Z-58c7dbb9-70f4-4633-8ea4-14382eddbfd2.pdf;HORAIRE;5110
C00408;Horaires 6211 du 24 août 2026 au 11 juillet 2027;https://ilico.iledefrance-mobilites.fr/uploads/fiches/20260811T064447Z-97e6c472-867b-4022-9519-8ac13900b478.pdf;HORAIRE;6211
C00411;Horaires valables à compter du 6 juillet au 31 août 2026;https://ilico.iledefrance-mobilites.fr/uploads/fiches/20260701T150434Z-097a2d20-6767-449e-b998-758177795c40.pdf;HORAIRE;7815
C00420;Horaires 6287 du 1er septembre 2026 au 4 juillet 2027;https://ilico.iledefrance-mobilites.fr/uploads/fiches/20260811T064559Z-2e5df706-f781-4f52-b7c2-d23b9d813f10.pdf;HORAIRE;6287
C00421;Ligne 5201 - Horaire rentrée Septembre 2025;https://ilico.iledefrance-mobilites.fr/uploads/fiches/20260428T131302Z-21a77ade-25fe-43ab-9050-3da8af83ce01.pdf;HORAIRE;5201
C00423;Plan ligne 5206;https://ilico.iledefrance-mobilites.fr/uploads/plans/20250417T084504Z-02e53cf5-9ca3-49af-a38f-f9d722ddc18a.pdf;PLAN;5206
C00426;Plan de la ligne 7818;https://ilico.iledefrance-mobilites.fr/uploads/plans/20250321T155925Z-560f9689-8fbc-4a45-9f24-82d23923f104.pdf;PLAN;7818
C00456;Fiche horaire 1351;https://ilico.iledefrance-mobilites.fr/uploads/fiches/20250910T153743Z-0e7c6d04-7c48-4ada-9fe2-f2ac7e644057.pdf;HORAIRE;1351
C00458;Ligne 1452 - Horaires valables du 31 août 2026 au 3 juillet 2027 inclus.;https://ilico.iledefrance-mobilites.fr/uploads/fiches/20260810T105447Z-2d5b3140-a9d1-42ca-8dce-c56a5ddfb95a.pdf;HORAIRE;1452 (ex 30-31)
C00462;Plan de ligne 1316;https://ilico.iledefrance-mobilites.fr/uploads/plans/20240520T114519Z-2a97dbdb-04fe-402c-966b-0debe138b3e6.pdf;PLAN;1316
C00472;Ligne 1412;https://ilico.iledefrance-mobilites.fr/uploads/plans/20260731T152431Z-e8a9f045-124f-4e8e-a71a-0aea044fc657.pdf;PLAN;1412 (ex 95-03B)
C00473;Ligne 1420;https://ilico.iledefrance-mobilites.fr/uploads/plans/20260731T143234Z-b6eb268e-c737-47e4-8029-e135550ed383.pdf;PLAN;1420 (ex 95-19)
C00480;Ligne 1435;https://ilico.iledefrance-mobilites.fr/uploads/plans/20260731T150513Z-c7f4155e-a778-4549-89a3-91a92cee6cc9.pdf;PLAN;1435 (ex CitéVal Nord Herblay)
C00486;Fiche horaire été;https://ilico.iledefrance-mobilites.fr/uploads/fiches/20260616T102058Z-432d6674-bfb5-4748-b8c8-794690aaaf9c.pdf;HORAIRE;1521
C00487;Ligne 1441 - Horaires valables du 3 aout 2026 au 23 aout 2026 inclus;https://ilico.iledefrance-mobilites.fr/uploads/fiches/20260717T164410Z-4aed7d7d-ed54-4d8d-99c9-a5db3a7d0a7f.pdf;HORAIRE;1441 (ex 38-04)
C00489;Ligne 5313 - Horaires à partir du 6 juillet 2026;https://ilico.iledefrance-mobilites.fr/uploads/fiches/20260617T145651Z-ed8d49e8-c4af-4ca7-9f0f-3e8eceb21778.pdf;HORAIRE;5313
C00489;Plan de ligne 5313;https://ilico.iledefrance-mobilites.fr/uploads/plans/20250804T124201Z-c869c8d8-3bb3-47b1-9aed-8c22050a9935.pdf;PLAN;5313
C00497;Plan de la ligne 5146;https://ilico.iledefrance-mobilites.fr/uploads/plans/20251222T153119Z-f0384df8-2a4b-4cc4-a305-9bc3fca958c0.pdf;PLAN;5146
C00500;Plan de ligne 5347;https://ilico.iledefrance-mobilites.fr/uploads/plans/20250328T103153Z-7a32a159-90b2-4f80-a279-941aced9456a.pdf;PLAN;5347
C00504;Ligne 5337 - Horaires à partir du 6 juillet 2026;https://ilico.iledefrance-mobilites.fr/uploads/fiches/20260617T151239Z-61d29511-8b9d-4049-a228-f0abe3ba50dc.pdf;HORAIRE;5337
C00505;Plan ligne 5282;https://ilico.iledefrance-mobilites.fr/uploads/plans/20250328T091626Z-00e14e4e-aa9f-4645-9f81-86b4a04df8ae.pdf;PLAN;5282
C00507;Ligne 5284- Horaire rentrée Septembre 2025;https://ilico.iledefrance-mobilites.fr/uploads/fiches/20260424T153312Z-d0b74a15-ee29-460b-9f0c-89f11c738ede.pdf;HORAIRE;5284
C00509;Ligne 5286- Horaire rentrée Septembre 2025;https://ilico.iledefrance-mobilites.fr/uploads/fiches/20260424T153617Z-4dadadc0-6df0-427f-8d24-9f88c4c1c884.pdf;HORAIRE;5286
C00509;Plan de ligne 5286;https://ilico.iledefrance-mobilites.fr/uploads/plans/20250328T093713Z-1dbdb235-689c-45ae-bbcb-00dc85509138.pdf;PLAN;5286
C00510;Ligne 5287- Horaire rentrée Septembre 2025;https://ilico.iledefrance-mobilites.fr/uploads/fiches/20260424T153735Z-11286f44-99a9-4098-aeb1-73e4594dfe6a.pdf;HORAIRE;5287
C00513;Ligne 5293 - Horaire rentrée Septembre 2025;https://ilico.iledefrance-mobilites.fr/uploads/fiches/20260413T123009Z-090d2d80-9071-4d3d-9ffa-481fd6aa5a23.pdf;HORAIRE;5293
C00515;Ligne 5279 - Horaire rentrée Septembre 2025;https://ilico.iledefrance-mobilites.fr/uploads/fiches/20260428T103700Z-8a86cc66-f71a-4d9d-903a-a24548d5d766.pdf;HORAIRE;5279
C00516;5242_9 mars jusqu'au 1 er septembre;https://ilico.iledefrance-mobilites.fr/uploads/fiches/20260220T163040Z-38d7f16e-c4f5-48d8-b171-f954c6df8948.pdf;HORAIRE;5242
C00517;Ligne 5281- Horaire rentrée Septembre 2025;https://ilico.iledefrance-mobilites.fr/uploads/fiches/20260424T152814Z-e1cfefae-762e-43bb-81ea-279125495d28.pdf;HORAIRE;5281
C00518;Ligne 5330 - Horaires à partir du 6 juillet 2026;https://ilico.iledefrance-mobilites.fr/uploads/fiches/20260617T150724Z-5c1b7abd-7d4c-474c-90bc-750a61493780.pdf;HORAIRE;5330
C00522;plan ligne 5227;https://ilico.iledefrance-mobilites.fr/uploads/plans/20250228T185018Z-a4592f09-d9b4-4e38-b8f3-d88435a74105.pdf;PLAN;5227
C00524;Plan ligne 5236;https://ilico.iledefrance-mobilites.fr/uploads/plans/20250304T112640Z-69b356c1-5bf9-4b02-b58f-f0a9c482a585.pdf;PLAN;5236
C00525;Horaires valables du 01/09/25 au 03/07/26;https://ilico.iledefrance-mobilites.fr/uploads/fiches/20250826T132706Z-84175584-688f-486c-9280-058a32925eb7.pdf;HORAIRE;6176
C00525;Schéma ligne 6176;https://ilico.iledefrance-mobilites.fr/uploads/plans/20250826T132706Z-4e54d05a-cb86-4add-8cf3-3dfacdb58190.pdf;PLAN;6176
C00527;Horaires valables du 01/09/25 au 03/07/26;https://ilico.iledefrance-mobilites.fr/uploads/fiches/20250828T064202Z-f18f93af-d7f3-4538-93a4-e4a020c55c45.pdf;HORAIRE;6183
C00536;Horaires valables du 6 juillet 2026 au 31 août 2027 (sauf du 06/07/26 au 31/08/26 et du 05/07/27 au 31/08/27);https://ilico.iledefrance-mobilites.fr/uploads/fiches/20260702T152636Z-4e5b7ed5-e01e-4fae-a5d0-84da1992d62d.pdf;HORAIRE;5189
C00537;Horaires valables du 6 juillet 2026 au 31 août 2027 (sauf du 06/07/26 au 31/08/26 et du 05/07/27 au 31/08/27);https://ilico.iledefrance-mobilites.fr/uploads/fiches/20260702T152712Z-bc8e1e7d-d906-417c-8066-270492426fa5.pdf;HORAIRE;5190
C00539;Ligne 5192 - schéma de ligne;https://ilico.iledefrance-mobilites.fr/uploads/plans/20240702T090525Z-603ae45e-8eb6-4aca-9851-bf3dd161a9d9.pdf;PLAN;5192
C00544;Horaires valables du 24 août 2026 au 11 juillet 2027 (sauf du 28 décembre 2026 au 3 janvier 2027);https://ilico.iledefrance-mobilites.fr/uploads/fiches/20260804T133356Z-f17dfa23-2842-4ca3-ba31-46c336a53dd9.pdf;HORAIRE;5141
C00547;Plan de ligne 440;https://ilico.iledefrance-mobilites.fr/uploads/plans/20240405T163022Z-e5f5f9ac-9501-46dc-bcc9-bfbc6bc884cc.pdf;PLAN;440
C00548;Ligne 451 du 6 juillet au 30 aout;https://ilico.iledefrance-mobilites.fr/uploads/fiches/20260624T084616Z-356ec800-cd69-4d02-ae45-1be7752001e2.pdf;HORAIRE;451
C00554;Plan de ligne 433;https://ilico.iledefrance-mobilites.fr/uploads/plans/20240405T161703Z-0ed8daa8-0275-44c0-a70b-a2a5eb905a41.pdf;PLAN;433
C00555;Plan de ligne 434;https://ilico.iledefrance-mobilites.fr/uploads/plans/20241210T171622Z-1d8e6746-f58d-474a-9bc2-c59431d88e5c.pdf;PLAN;434
C00556;Plan de ligne 435;https://ilico.iledefrance-mobilites.fr/uploads/plans/20240405T162630Z-227302e2-5268-44be-a47f-d994274cb33d.pdf;PLAN;435
C00563;Informations CDG VAL;https://www.parisaeroport.fr/passagers/acces/paris-charles-de-gaulle/transports-en-commun/cdgval;HORAIRE;CDG VAL
C00579;Horaires du 20 juillet au 23 août 2026;https://ilico.iledefrance-mobilites.fr/uploads/fiches/20260717T090816Z-74c157c0-7dc8-4d8c-8dca-e89577b882cb.pdf;HORAIRE;4158
C00594;Plan de ligne 429;https://ilico.iledefrance-mobilites.fr/uploads/plans/20251210T103757Z-3ae2741b-da3b-4a32-a5b6-a764e4792349.pdf;PLAN;429
C00597;Ligne 449 du 1 septembre au 5 juillet 2026;https://ilico.iledefrance-mobilites.fr/uploads/fiches/20250917T065926Z-7d88eda5-bd58-4aa1-8001-940ac9e42ef5.pdf;HORAIRE;449
C00597;Plan de ligne 449;https://ilico.iledefrance-mobilites.fr/uploads/plans/20240913T075112Z-601c7cd4-ab63-4348-a899-b58b186f3f9d.pdf;PLAN;449
C00611;Ligne 25 -Horaires valables à partir du 25 août 2025;https://ilico.iledefrance-mobilites.fr/uploads/fiches/20250826T122517Z-188153f2-6a9a-453e-898f-914c38ab7ef6.pdf;HORAIRE;25 (future 1625)
C00613;Plan de la ligne 24 S;https://ilico.iledefrance-mobilites.fr/uploads/plans/20241014T131757Z-b1c7081e-2bba-453f-9c76-2ae1a4ce2092.pdf;PLAN;24 S (future 1654)
C00617;Plan de la ligne 37;https://ilico.iledefrance-mobilites.fr/uploads/plans/20241014T132212Z-eae0a988-5fb2-4c0e-b235-e0aabbcad072.pdf;PLAN;37 (future 1637)
C00619;Fiche horaire été ligne 2252 du 20 juillet au 23 août 2026;https://ilico.iledefrance-mobilites.fr/uploads/fiches/20260707T135846Z-0fafd046-a43e-4dbf-8e87-30060cb0c8ea.pdf;HORAIRE;2252
C00620;Fiche horaire été ligne 2251 du 20 juillet au 23 août 2026;https://ilico.iledefrance-mobilites.fr/uploads/fiches/20260707T135939Z-007f1eb4-eb23-4da7-a3cb-06d1c8e3ef6a.pdf;HORAIRE;2251
C00621;Plan de ligne 2290;https://ilico.iledefrance-mobilites.fr/uploads/plans/20240827T092131Z-5b79a510-adcd-4703-a4a9-b1f7b61d79ad.pdf;PLAN;2290
C00623;Fiche Horaire du 24 août 2026 au 18 juillet 2027;https://ilico.iledefrance-mobilites.fr/uploads/fiches/20260810T145207Z-f3344d80-b2cb-46ca-98e6-b5173afe20d6.pdf;HORAIRE;2291
C00624;Plan 3117;https://ilico.iledefrance-mobilites.fr/uploads/plans/20250728T125218Z-6d14da96-cde3-44e4-9aae-b242a63b7525.pdf;PLAN;3117
C00630;Fiche Horaire du 24 août 2026 au 18 juillet 2027;https://ilico.iledefrance-mobilites.fr/uploads/fiches/20260810T152307Z-02ed40a3-c4ff-4914-a9d6-bee34d4955b8.pdf;HORAIRE;2229
C00631;Fiche Horaire du 24 août 2026 au 18 juillet 2027;https://ilico.iledefrance-mobilites.fr/uploads/fiches/20260810T152358Z-f9ab73d1-0eea-403d-b771-4f4b457f8bb3.pdf;HORAIRE;2292
C00632;Fiche horaire été ligne 2234 du 20 juillet au 23 août 2026;https://ilico.iledefrance-mobilites.fr/uploads/fiches/20260707T141130Z-4f024307-7ddc-4a53-9949-b98b819c7952.pdf;HORAIRE;2234
C00634;Plan de ligne 2220;https://ilico.iledefrance-mobilites.fr/uploads/plans/20240418T150609Z-4aee4822-b8a6-47a7-945e-3fbba2e87465.pdf;PLAN;2220
C00635;Plan de ligne 2233;https://ilico.iledefrance-mobilites.fr/uploads/plans/20240418T150648Z-37ddb1d0-e378-4790-8f36-9ae09e0df394.pdf;PLAN;2233
C00636;Fiche Horaire du 24 août 2026 au 18 juillet 2027;https://ilico.iledefrance-mobilites.fr/uploads/fiches/20260810T153134Z-b277261d-d64d-4743-90e9-5675014374c1.pdf;HORAIRE;2244
C00637;Ligne 7718 - A partir du 20 juillet 2026;https://ilico.iledefrance-mobilites.fr/uploads/fiches/20260713T103316Z-80dd6086-3b6e-4569-bd79-8b2b05005ff9.pdf;HORAIRE;7718
C00641;Plan de ligne 6527;https://ilico.iledefrance-mobilites.fr/uploads/plans/20250819T125200Z-8c2568b4-8dea-41a1-9bfa-c48c56706a52.pdf;PLAN;6527
C00651;Plan de ligne 6518;https://ilico.iledefrance-mobilites.fr/uploads/plans/20250819T125507Z-2219de1a-aabe-4c2e-89fe-2c901b10862d.pdf;PLAN;6518
C00656;Horaires valables à partir du 03 novembre 2025;https://ilico.iledefrance-mobilites.fr/uploads/fiches/20251030T164829Z-f63bdc5e-80db-4f6e-97cf-c94e2bb03614.pdf;HORAIRE;2128
C00656;Plan de ligne;https://ilico.iledefrance-mobilites.fr/uploads/plans/20250805T124725Z-57484c05-0dc0-4d1a-b443-c4546a14e7d3.pdf;PLAN;2128
C00658;Plan de ligne;https://ilico.iledefrance-mobilites.fr/uploads/plans/20250805T124813Z-a4bb6675-4482-4274-a49e-bbf75428ef17.pdf;PLAN;2130
C00659;Plan de ligne;https://ilico.iledefrance-mobilites.fr/uploads/plans/20251030T163937Z-97d4915b-34c5-4073-b5dd-dcd2d36b027d.pdf;PLAN;2120
C00660;Horaires valables à partir du 1er septembre 2025;https://ilico.iledefrance-mobilites.fr/uploads/fiches/20250813T141518Z-534c86ce-e83d-412f-8a40-e60b637d728e.pdf;HORAIRE;2169
C00663;Plan Ligne 4541 (maj 06/01/2025);https://ilico.iledefrance-mobilites.fr/uploads/plans/20250106T105213Z-140aa900-9aa6-4f32-b32e-44e7b48e3dfd.pdf;PLAN;4541
C00664;Horaires Ligne 4523 - du 13 juillet au 23 août 2026;https://ilico.iledefrance-mobilites.fr/uploads/fiches/20260611T130143Z-6d0b7467-a95d-44d6-82a5-1041ed8393e0.pdf;HORAIRE;4523
C00665;Horaires ligne 4205 - Du 25 août 2025 au 12 juillet 2026;https://ilico.iledefrance-mobilites.fr/uploads/fiches/20260322T133917Z-5359fb7a-03a3-4626-a01c-632e3f8df41d.pdf;HORAIRE;4205
C00666;Horaires Ligne 4505 - A compter du 24 août 2026 au 11 juillet 2027;https://ilico.iledefrance-mobilites.fr/uploads/fiches/20260806T095625Z-5b5a6ea9-73f8-4f4b-93d9-451aab2169cd.pdf;HORAIRE;4505
C00666;Horaires Ligne 4505 - du 13 juillet au 23 août 2026;https://ilico.iledefrance-mobilites.fr/uploads/fiches/20260611T125003Z-7c468332-c034-4553-aee7-ffa88c99a7b1.pdf;HORAIRE;4505
C00667;Horaires Ligne 4516 - A compter du 24 août 2026 au 11 juillet 2027;https://ilico.iledefrance-mobilites.fr/uploads/fiches/20260806T103146Z-354f89f6-78fd-4e3a-aa39-f5b84c7d257d.pdf;HORAIRE;4516
C00671;Plan gare routière Saint-Michel-s/o;https://ilico.iledefrance-mobilites.fr/uploads/fiches/20251218T130511Z-496044dc-b575-4578-a187-eef395149b57.pdf;HORAIRE;4539
C00675;Ligne 4641, 42, 43, 44 - Plan Voussoire;https://portail-idfm-operateurs.cdn.prismic.io/portail-idfm-operateurs/aTcOc3NYClf9n72c_Ligne4641%2C42%2C43%2C44-plan.pdf;PLAN;4641
C00681;Horaires Ligne 4538 - du 13 juillet au 23 août 2026;https://ilico.iledefrance-mobilites.fr/uploads/fiches/20260611T130556Z-7b99d9d7-3b0d-4bcf-86b2-d886495b8e2b.pdf;HORAIRE;4538
C00682;Plan Ligne 4550 (maj 06/01/2025);https://ilico.iledefrance-mobilites.fr/uploads/plans/20250106T110048Z-0b28dc7b-7363-4f2f-9839-ae62f65814f8.pdf;PLAN;4550
C00683;Plan Ligne 4521 (maj 06/01/2025);https://ilico.iledefrance-mobilites.fr/uploads/plans/20250106T110135Z-5346ce64-aa17-40cd-a871-bc2562305c91.pdf;PLAN;4521
C00691;Horaires Ligne 4503 - A compter du 24 août 2026 au 11 juillet 2027;https://ilico.iledefrance-mobilites.fr/uploads/fiches/20260806T095514Z-188caf7b-d2e8-4b13-9cf3-e983c7d870c7.pdf;HORAIRE;4503
C00692;Horaires d'été 2026 - L6201 du 13 juillet au 23 août 2026;https://ilico.iledefrance-mobilites.fr/uploads/fiches/20260703T135430Z-5224d379-db67-4e6c-9eea-f6208fa2c825.pdf;HORAIRE;6201
C00692;Plan 6201;https://ilico.iledefrance-mobilites.fr/uploads/plans/20260811T065537Z-b7fe514c-b88d-49ca-98cd-1a928ec79cf8.pdf;PLAN;6201
C00694;Horaires d'été 2026 - L6203 du 13 juillet au 23 août 2026;https://ilico.iledefrance-mobilites.fr/uploads/fiches/20260703T135548Z-a5ef71fb-a96b-41df-8cf0-97aa5b6c0d6f.pdf;HORAIRE;6203
C00695;Plan de la ligne 6204;https://ilico.iledefrance-mobilites.fr/uploads/plans/20250811T135516Z-e92c1430-d83e-4e3e-be8a-2149e7500213.pdf;PLAN;6204
C00699;Horaires d'été 2026 - L6208 du 13 juillet au 22 août 2026;https://ilico.iledefrance-mobilites.fr/uploads/fiches/20260703T135940Z-00ed14ec-3628-468a-8c1a-606d6952a78d.pdf;HORAIRE;6208
C00700;Plan de la ligne 6209;https://ilico.iledefrance-mobilites.fr/uploads/plans/20250811T143228Z-568302dc-fe77-4336-913d-920785e0f10e.pdf;PLAN;6209
C00702;Horaires HIVER valables du 24/08/26 au 09/07/2027;https://ilico.iledefrance-mobilites.fr/uploads/fiches/20260804T121304Z-309f2910-0168-4f5d-8bc1-13828147f665.pdf;HORAIRE;6135
C00703;Horaires été valables du 13/07 au 21/08/26;https://ilico.iledefrance-mobilites.fr/uploads/fiches/20260702T133107Z-0020c772-2242-4dbb-9c01-89cc461177e3.pdf;HORAIRE;6136
C00703;Horaires HIVER valables du 24/08/26 au 09/07/2027;https://ilico.iledefrance-mobilites.fr/uploads/fiches/20260730T143445Z-5deef320-667e-42f4-89f9-ab51f049ee99.pdf;HORAIRE;6136
C00704;Plan ligne 6213;https://ilico.iledefrance-mobilites.fr/uploads/plans/20250813T114157Z-848846de-30d9-406f-8ca7-3784c4d92070.pdf;PLAN;6213
C00705;Horaires HIVER valables du 01/09/26 au 02/07/2027;https://ilico.iledefrance-mobilites.fr/uploads/fiches/20260804T125505Z-c063c6cc-dcd7-4679-819f-8fd5b407c345.pdf;HORAIRE;6171
C00705;Schéma ligne 6171;https://ilico.iledefrance-mobilites.fr/uploads/plans/20250828T061641Z-49c86e6f-93ef-4340-bd1d-9fced676aadf.pdf;PLAN;6171
C00706;Horaires valables du 01/09/25 au 03/07/26;https://ilico.iledefrance-mobilites.fr/uploads/fiches/20250828T061750Z-a32574ca-7f73-4182-820e-93e7b159d64e.pdf;HORAIRE;6172
C00706;Schéma ligne 6172;https://ilico.iledefrance-mobilites.fr/uploads/plans/20250828T061750Z-dc812220-8a60-4879-9f2d-aabd9fd5029d.pdf;PLAN;6172
C00708;Schéma ligne 6174;https://ilico.iledefrance-mobilites.fr/uploads/plans/20250828T062055Z-385cd599-fa7f-4951-b2a4-9cdc497044fe.pdf;PLAN;6174
C00727;Plan de ligne 5465;https://ilico.iledefrance-mobilites.fr/uploads/plans/20250818T092214Z-32617e98-caf0-4095-8273-5b110af79fc5.pdf;PLAN;5465
C00728;Horaires valables du 01 septembre 2026 au 04 juillet 2027 inclus (circule en TàD l'été);https://ilico.iledefrance-mobilites.fr/uploads/fiches/20260629T121539Z-34ffe4e3-948b-4d6d-8f50-f7100d7de3b8.pdf;HORAIRE;5424
C00728;Plan de ligne 5424;https://ilico.iledefrance-mobilites.fr/uploads/plans/20250818T091608Z-54a76286-d441-45e6-96ee-2dba0a434337.pdf;PLAN;5424
C00730;Plan de ligne 5467;https://ilico.iledefrance-mobilites.fr/uploads/plans/20250818T092330Z-05e1e9e2-6bba-4187-ac48-e8fac4e0096f.pdf;PLAN;5467
C00731;Horaires valables du 1er septembre 2026 au 04 juillet 2027 inclus;https://ilico.iledefrance-mobilites.fr/uploads/fiches/20260804T100437Z-fc61cc34-af06-4526-a3bd-0ec9287325d6.pdf;HORAIRE;5409
C00731;Horaires valables du 06 juillet au 31 août 2026;https://ilico.iledefrance-mobilites.fr/uploads/fiches/20260610T073612Z-29b0b4d4-11de-4b71-be54-18b0196a7615.pdf;HORAIRE;5409
C00738;Horaires valables du 01 septembre 2026 au 04 juillet 2027 inclus (ne circule pas l'été);https://ilico.iledefrance-mobilites.fr/uploads/fiches/20260629T122235Z-21c2c0f0-e0fa-450e-934c-61349ca7102a.pdf;HORAIRE;5480
C00744;Horaires valables du 01 septembre 2026 au 04 juillet 2027 inclus (ne circule pas l'été);https://ilico.iledefrance-mobilites.fr/uploads/fiches/20260629T122259Z-a379af05-6729-4baa-a9df-ac10418adbe2.pdf;HORAIRE;5482
C00748;Horaires valables du 1er septembre 2026 au 04 juillet 2027 inclus;https://ilico.iledefrance-mobilites.fr/uploads/fiches/20260804T095836Z-7fd8f707-1da2-49fa-9658-d565216f022a.pdf;HORAIRE;5451
C00752;Horaires valables du 01 septembre 2026 au 04 juillet 2027 inclus (ne circule pas l'été);https://ilico.iledefrance-mobilites.fr/uploads/fiches/20260629T121952Z-0de3f628-51fc-4e1c-b8fd-6a8dd73a4432.pdf;HORAIRE;5470
C00752;Plan de ligne 5470;https://ilico.iledefrance-mobilites.fr/uploads/plans/20250818T104312Z-f32deda6-617d-447b-9c01-2cd4a5784f99.pdf;PLAN;5470
C00757;Horaires valables du 1er septembre 2026 au 04 juillet 2027 inclus;https://ilico.iledefrance-mobilites.fr/uploads/fiches/20260804T113458Z-70aff507-5622-4b6c-b4d3-8a64bb076927.pdf;HORAIRE;5448
C00761;Horaires valables du 1er septembre 2026 au 04 juillet 2027 inclus;https://ilico.iledefrance-mobilites.fr/uploads/fiches/20260804T092951Z-c2ffb3c7-2a86-42e4-8195-d242231a9282.pdf;HORAIRE;5458
C00762;Horaires valables du 6 juillet 2026 au 30 août 2026;https://ilico.iledefrance-mobilites.fr/uploads/fiches/20260702T123940Z-c82f761f-3f30-4238-9c46-efb877e84c11.pdf;HORAIRE;1230
C00766;Plan ligne 1238;https://ilico.iledefrance-mobilites.fr/uploads/plans/20260114T130648Z-5fc51379-4e59-449d-a59b-25795460e63d.pdf;PLAN;1238
C00767;Plan ligne 1239;https://ilico.iledefrance-mobilites.fr/uploads/plans/20250818T104744Z-798b8c65-c4a6-4f02-8a06-80694b7c5c42.pdf;PLAN;1239
C00771;Horaires valables du 9 mars au 5 juillet 2026;https://ilico.iledefrance-mobilites.fr/uploads/fiches/20260211T141431Z-aee1ed93-3fd3-4d74-bc1b-358c54133f72.pdf;HORAIRE;1224
C00784;Plan ligne 1241;https://ilico.iledefrance-mobilites.fr/uploads/plans/20250818T105043Z-e0024c75-47c1-4c7d-9e36-7115bcb70de4.pdf;PLAN;1241
C00785;Plan ligne 1242;https://ilico.iledefrance-mobilites.fr/uploads/plans/20250818T105115Z-53dece71-68a0-45c2-894c-65d4653dc7e6.pdf;PLAN;1242
C00787;Horaires ligne 3405 valables à partir du 1er septembre 2026;https://ilico.iledefrance-mobilites.fr/uploads/fiches/20260805T112149Z-d522b32a-7e47-4d38-98d6-b975b43f3a67.pdf;HORAIRE;3405
C00787;3405;https://ilico.iledefrance-mobilites.fr/uploads/plans/20240913T155404Z-284c3940-29e6-4ff6-9997-9ae95a0647c1.pdf;PLAN;3405
C00788;Horaires 3406 à partir du 1er Septembre 2025;https://ilico.iledefrance-mobilites.fr/uploads/fiches/20250819T141140Z-c462e495-c500-44f1-8881-94e6a628543c.pdf;HORAIRE;3406
C00790;Horaires ligne 3442 valables du 1er septembre 2026 au 3 juillet 2027;https://ilico.iledefrance-mobilites.fr/uploads/fiches/20260806T125052Z-0f39a9ad-069d-4117-b2f0-1a42e1032275.pdf;HORAIRE;3442
C00791;3444;https://ilico.iledefrance-mobilites.fr/uploads/plans/20240913T155518Z-e1069546-0df8-4aaf-ba4b-6f2f688e3706.pdf;PLAN;3444
C00796;Horaires ligne 3403 valables à partir du 1er septembre 2026;https://ilico.iledefrance-mobilites.fr/uploads/fiches/20260805T095749Z-50bcf058-d5db-42bc-bfbb-49b6941c5c50.pdf;HORAIRE;3403
C00801;Plan de ligne 3633;https://ilico.iledefrance-mobilites.fr/uploads/plans/20250822T075319Z-0ff0b343-fc4e-40b1-88d0-9de786625ad3.pdf;PLAN;3633
C00815;Horaires ETE 2026;https://ilico.iledefrance-mobilites.fr/uploads/fiches/20260703T140651Z-3cf1921c-63c2-4959-b808-096d105a7605.pdf;HORAIRE;34
C00815;Plan Ligne 34;https://ilico.iledefrance-mobilites.fr/uploads/plans/20250909T100536Z-bf7a9f8d-4486-4c49-acc6-ac57e530737d.pdf;PLAN;34
C00820;Horaires Ligne 3530 du 01/09/2025 au 04/07/2026;https://ilico.iledefrance-mobilites.fr/uploads/fiches/20251008T100500Z-1821ac87-eeee-46d0-b8e9-3396b4a2d80e.pdf;HORAIRE;3530
C00821;Horaires Ligne 3534 du 01/09/2025 au 04/07/2026;https://ilico.iledefrance-mobilites.fr/uploads/fiches/20251008T100524Z-2359982f-a056-4198-a614-84a1a019e522.pdf;HORAIRE;3534
C00823;Horaires Ligne 3543 du 01/09/2025 au 30/08/2026;https://ilico.iledefrance-mobilites.fr/uploads/fiches/20251008T100604Z-de115bbb-1e88-4fda-a378-6b7fc80c2f26.pdf;HORAIRE;3543
C00823;3543;https://ilico.iledefrance-mobilites.fr/uploads/plans/20260730T153240Z-fda442cd-7838-4cd7-a830-4d1225c16a35.pdf;PLAN;3543
C00824;3510;https://ilico.iledefrance-mobilites.fr/uploads/plans/20260730T153309Z-5317ac02-c1b0-4e7a-8713-88964110000b.pdf;PLAN;3510
C00826;Horaires Ligne 3515 du 01/09/2025 au 04/07/2026;https://ilico.iledefrance-mobilites.fr/uploads/fiches/20251008T100704Z-05fc8ef8-eb52-4aa5-96c5-658ff24409b4.pdf;HORAIRE;3515
C00826;3515;https://ilico.iledefrance-mobilites.fr/uploads/plans/20260730T153358Z-1b8bcb11-6e57-4395-abbc-b9483aad7c91.pdf;PLAN;3515
C00828;Horaires ligne 3437 valables à partir du 1er septembre 2026;https://ilico.iledefrance-mobilites.fr/uploads/fiches/20260806T093723Z-2277f357-525b-4256-8885-b0f0f65a37fd.pdf;HORAIRE;3437
C00828;3437;https://ilico.iledefrance-mobilites.fr/uploads/plans/20240828T143540Z-40ce1807-1aa8-41c8-a1c3-8060b49fbd70.pdf;PLAN;3437
C00831;3544;https://ilico.iledefrance-mobilites.fr/uploads/plans/20260730T153514Z-b8b23a95-7ae3-43ce-88ea-7ea7e5ae7429.pdf;PLAN;3544
C00834;Horaires Ligne 3504 du 01/09/2025 au 30/08/2026;https://ilico.iledefrance-mobilites.fr/uploads/fiches/20251008T100846Z-37b275ba-6ea4-45a6-a403-2457e03f23fc.pdf;HORAIRE;3504
C00835;3505;https://ilico.iledefrance-mobilites.fr/uploads/plans/20260730T153714Z-a2f85509-3005-49b9-9a1d-e358937bc54c.pdf;PLAN;3505
C00836;Fiche horaires ligne 7715 24 aout 2026 au 22 aout 2027;https://ilico.iledefrance-mobilites.fr/uploads/fiches/20260805T130733Z-be6013af-b6d1-495a-9259-d6a6a2ad366a.pdf;HORAIRE;7715
C00837;Fiches horaires 3751-3752 du 25/08/2025 au 23/08/2026;https://ilico.iledefrance-mobilites.fr/uploads/fiches/20260127T093417Z-9beb6d3a-7b09-46fe-b816-62beef67676f.pdf;HORAIRE;3751
C00837;Fiche horaires ligne 3751 du 24 aout 2026 au 22 aout 2027;https://ilico.iledefrance-mobilites.fr/uploads/fiches/20260805T133749Z-21d220f7-2c6a-4bf3-b116-2ee5e4193b02.pdf;HORAIRE;3751
C00838;Fiche horaires ligne 3755 du 24 aout 2026 au 22 aout 2027;https://ilico.iledefrance-mobilites.fr/uploads/fiches/20260805T134019Z-5d7aa02a-bb08-4945-b413-f3678c636eef.pdf;HORAIRE;3755
C00840;Fiche horaires ligne 3779 du 1er septembre 2026 au 4 juillet 2027;https://ilico.iledefrance-mobilites.fr/uploads/fiches/20260805T135039Z-4005706c-86bf-4207-9d5c-e75c9291a534.pdf;HORAIRE;3779
C00840;Plan de bus ligne 3779;https://ilico.iledefrance-mobilites.fr/uploads/plans/20250103T092344Z-9a5659a6-0392-4591-ad21-d14566897535.pdf;PLAN;3779
C00842;Fiche horaires ligne 3775 du 1er septembre 2026 au 4 juillet 2027;https://ilico.iledefrance-mobilites.fr/uploads/fiches/20260805T140048Z-5c261614-c658-495b-a606-42b038b7e399.pdf;HORAIRE;3775
C00844;Fiche horaires ligne 3753 du 24 aout 2026 au 22 aout 2027;https://ilico.iledefrance-mobilites.fr/uploads/fiches/20260805T133903Z-5610a030-0bde-44d2-b1de-15c5efaa5f51.pdf;HORAIRE;3753
C00847;Fiche horaires ligne 3713 du 13 juillet 2026 au 23 août 2026;https://ilico.iledefrance-mobilites.fr/uploads/fiches/20260624T101444Z-e9bccc52-496c-4804-b49c-3b48b2e8a8c8.pdf;HORAIRE;3713
C00847;Plan de bus ligne 3713;https://ilico.iledefrance-mobilites.fr/uploads/plans/20250103T094128Z-8a9d006d-b46e-4b19-b99b-a95868763cd1.pdf;PLAN;3713
C00850;Plan de bus 3734;https://ilico.iledefrance-mobilites.fr/uploads/plans/20251219T085918Z-71fd7b0f-66be-45db-86d8-1260c7f5cea5.pdf;PLAN;3734
C00851;Fiche horaires ligne 3736 du 13 juillet 2026 au 23 août 2026;https://ilico.iledefrance-mobilites.fr/uploads/fiches/20260624T103017Z-fb013c20-637e-4185-b35e-5ad3f12856d1.pdf;HORAIRE;3736
C00853;Fiche horaires ligne 3741 du 13 juillet 2026 au 23 août 2026;https://ilico.iledefrance-mobilites.fr/uploads/fiches/20260624T103122Z-15cd69ba-755a-4c81-a28a-fe0b0df1a60d.pdf;HORAIRE;3741
C00853;Plan de bus ligne 3741;https://ilico.iledefrance-mobilites.fr/uploads/plans/20260105T095009Z-9feb898b-9f92-4fd1-9f42-890fab1bc427.pdf;PLAN;3741
C00859;Fiche horaires ligne Tzen 1 du 24 aout 2026 au 22 aout 2027;https://ilico.iledefrance-mobilites.fr/uploads/fiches/20260805T130545Z-47787991-0ec5-4bbf-bfd9-d4bf58481006.pdf;HORAIRE;Tzen1
C00859;Fiche horaires ligne Tzen1 du 5 janvier au 23 août 2026;https://ilico.iledefrance-mobilites.fr/uploads/fiches/20251209T092549Z-88c7ddbc-e09c-4c79-90af-2e3f475a6f7a.pdf;HORAIRE;Tzen1
C00861;Fiche horaires ligne 3714 du 24 aout 2026 au 11 juillet 2027;https://ilico.iledefrance-mobilites.fr/uploads/fiches/20260805T131543Z-9a17ef59-daa0-4a3c-a688-66162743930e.pdf;HORAIRE;3714
C00861;Plan de bus ligne 3714;https://ilico.iledefrance-mobilites.fr/uploads/plans/20250116T135456Z-fff171d6-7c1d-4a73-a320-1e5f147b3078.pdf;PLAN;3714
C00862;Plan de bus 3704;https://ilico.iledefrance-mobilites.fr/uploads/plans/20250116T135538Z-baf947ff-2e6d-4b21-ab47-3b0c5d64e991.pdf;PLAN;3704
C00864;Fiche horaires ligne 3725 du 13 juillet 2026 au 23 août 2026;https://ilico.iledefrance-mobilites.fr/uploads/fiches/20260624T102211Z-4e4dcf5d-59a2-4b6c-89ee-e264413cb4b5.pdf;HORAIRE;3725
C00865;Fiche horaires ligne 3724 du 13 juillet 2026 au 23 août 2026;https://ilico.iledefrance-mobilites.fr/uploads/fiches/20260624T102013Z-6edc2900-2425-447b-a026-118a351b16cf.pdf;HORAIRE;3724
C00866;Fiche horaires ligne 3726 du 24 aout 2026 au 22 aout 2027;https://ilico.iledefrance-mobilites.fr/uploads/fiches/20260805T132352Z-98fd7b25-756a-41fd-af21-29ec67c71ac0.pdf;HORAIRE;3726
C00866;Plan de bus ligne 3726;https://ilico.iledefrance-mobilites.fr/uploads/plans/20260106T095839Z-1b635575-14bc-4d87-aabe-cca444e3af4a.pdf;PLAN;3726
C00868;Plan de bus ligne 3732;https://ilico.iledefrance-mobilites.fr/uploads/plans/20250103T103647Z-f4e5aa70-6d47-4a3e-a757-2b4b8d3eabc3.pdf;PLAN;3732
C00871;Fiche horaires ligne 3733 du 13 juillet 2026 au 23 août 2026;https://ilico.iledefrance-mobilites.fr/uploads/fiches/20260624T102921Z-2acd30fb-94ed-44c7-aad1-c776e91aa97f.pdf;HORAIRE;3733
C00876;Horaires été 2026;https://ilico.iledefrance-mobilites.fr/uploads/fiches/20260615T155014Z-10f48f1b-3b1a-4caa-a51c-cd4d95aaefc0.pdf;HORAIRE;3609
C00877;Plan de ligne 3607;https://ilico.iledefrance-mobilites.fr/uploads/plans/20250822T083809Z-e9607262-159f-4ba4-aba0-b57a2f404952.pdf;PLAN;3607
C00879;Horaires été 2026;https://ilico.iledefrance-mobilites.fr/uploads/fiches/20260617T154113Z-0b87a2a7-938c-41c1-a37d-b0848a42537b.pdf;HORAIRE;3602
C00881;Plan de ligne 3601;https://ilico.iledefrance-mobilites.fr/uploads/plans/20250822T084323Z-88ebb341-d7f8-4f67-91a2-a38593810769.pdf;PLAN;3601
C00886;Plan de ligne 3656;https://ilico.iledefrance-mobilites.fr/uploads/plans/20250822T083523Z-d3afe3d1-dfc4-42f8-a46b-787c21f989a9.pdf;PLAN;3656
C00887;Plan de ligne 3612;https://ilico.iledefrance-mobilites.fr/uploads/plans/20250822T085054Z-3984420a-f54d-4f36-babc-d30133988675.pdf;PLAN;3612
C00890;Horaires du 1er septembre 2025 au 5 juillet 2026;https://ilico.iledefrance-mobilites.fr/uploads/fiches/20250822T075829Z-47dbbb3b-e1c5-42e2-a19f-21682699daa1.pdf;HORAIRE;3654
C00891;Plan de ligne 3611 au 9 mars;https://ilico.iledefrance-mobilites.fr/uploads/plans/20260304T153654Z-6e6769fb-a717-42b2-864f-bc105b7b70e7.pdf;PLAN;3611
C00892;Horaires du 1er septembre 2025 au 5 juillet 2026;https://ilico.iledefrance-mobilites.fr/uploads/fiches/20250822T082836Z-be814c5c-e6f6-4dd5-ae45-65e3e1565c05.pdf;HORAIRE;3651
C00892;Plan de ligne 3651;https://ilico.iledefrance-mobilites.fr/uploads/plans/20250822T082836Z-21bca22a-ae9c-43f6-ba2d-b5037702a465.pdf;PLAN;3651
C00894;Plan de ligne 3653;https://ilico.iledefrance-mobilites.fr/uploads/plans/20250822T094616Z-61f8bcd3-5ac8-4e6f-b800-29aae3c80640.pdf;PLAN;3653
C00898;Plan ligne 2315 (Ex ligne J);https://ilico.iledefrance-mobilites.fr/uploads/plans/20250915T121742Z-a0d1c0b4-c280-40a3-9ab5-d96c4216f9b0.pdf;PLAN;2315
C00899;Ligne 2335 (ex ligne Js) au 03 novembre 2025;https://ilico.iledefrance-mobilites.fr/uploads/fiches/20251029T083822Z-c2df6648-c9d0-47c4-9425-ac399d02e1cc.pdf;HORAIRE;2335
C00901;Plan ligne 2374 (ex ligne 4);https://ilico.iledefrance-mobilites.fr/uploads/plans/20250915T122415Z-ec6bb74d-0e01-4e1c-a992-6f3cd2db8355.pdf;PLAN;2374
C00902;Ligne 2303 (ex ligne C) - A partir du 15 septembre 2025;https://ilico.iledefrance-mobilites.fr/uploads/fiches/20250922T141452Z-c5fe1170-eddc-45e7-b800-8a1270ea28db.pdf;HORAIRE;2303
C00903;Plan de ligne 2262;https://ilico.iledefrance-mobilites.fr/uploads/plans/20250815T160514Z-a81fd3f2-ccf9-462b-8e93-5e693167f8a2.pdf;PLAN;2262
C00909;Ligne 2318 - A partir du 5 janvier 2026;https://ilico.iledefrance-mobilites.fr/uploads/fiches/20251230T111022Z-b7168c50-5101-48a7-b17d-552a4a3ff661.pdf;HORAIRE;2318
C00910;Fiche horaires 01.09.2025;https://ilico.iledefrance-mobilites.fr/uploads/fiches/20250728T142124Z-b88bb351-0ae6-4b1a-a137-7f42e912e8b8.pdf;HORAIRE;2490
C00913;Fiche horaires 01.09.2025;https://ilico.iledefrance-mobilites.fr/uploads/fiches/20250728T145315Z-e868368c-7976-4ce8-82fe-15ed0f0a5646.pdf;HORAIRE;2491
C00913;Plan de ligne 2491;https://ilico.iledefrance-mobilites.fr/uploads/plans/20250915T133658Z-52e90ff9-490b-47e3-9f7b-05591c2f45c1.pdf;PLAN;2491
C00914;Ligne 2319 - A partir du 4 mai;https://ilico.iledefrance-mobilites.fr/uploads/fiches/20260427T133600Z-90ffec0a-0744-4e3f-aa4b-a9381f55c218.pdf;HORAIRE;2319
C00917;Ligne 2322 - A partir du 5 janvier 2026;https://ilico.iledefrance-mobilites.fr/uploads/fiches/20251229T165130Z-0480ad7c-fb4d-4b12-8ad7-7e55984ac7c4.pdf;HORAIRE;2322
C00919;Ligne 23 (Future 2323) - A partir du 1er septembre 2025;https://ilico.iledefrance-mobilites.fr/uploads/fiches/20250829T204312Z-99bc0587-3bed-41c1-bb65-281d2703adab.pdf;HORAIRE;2323
C00919;Plan ligne 2323 (ex ligne 23);https://ilico.iledefrance-mobilites.fr/uploads/plans/20250917T072110Z-084e7eb6-6056-46c7-8e72-53d3e0fa6bae.pdf;PLAN;2323
C00921;Fiches Horaires 10.11.2025;https://ilico.iledefrance-mobilites.fr/uploads/fiches/20251031T111529Z-f4622707-6916-485d-aee0-12ac54d26195.pdf;HORAIRE;2481
C00921;Plan Ligne 2481;https://ilico.iledefrance-mobilites.fr/uploads/plans/20251001T120953Z-21cfa707-a352-4331-a5cc-5ebd8317796f.pdf;PLAN;2481
C00922;Fiche horaires 01.09.2025;https://ilico.iledefrance-mobilites.fr/uploads/fiches/20250728T151225Z-193e62b4-756c-4029-88e7-8c3981fa6a57.pdf;HORAIRE;2420
C00923;Fiche horaires 01.09.2025;https://ilico.iledefrance-mobilites.fr/uploads/fiches/20250728T151459Z-bc3fd8b7-8f05-4f2a-942a-bafccd45418b.pdf;HORAIRE;2421
C00928;Plan ligne 2341 (ex ligne 41);https://ilico.iledefrance-mobilites.fr/uploads/plans/20250917T072234Z-8a3c695e-f48d-42d1-8843-e389076585d2.pdf;PLAN;2341
C00929;Plan ligne 2342 (ex ligne 42);https://ilico.iledefrance-mobilites.fr/uploads/plans/20250917T072333Z-6caebc6a-4fac-4558-bbab-9ae989293997.pdf;PLAN;2342
C00935;Plan ligne 2350;https://ilico.iledefrance-mobilites.fr/uploads/plans/20250917T072510Z-33cb95e4-60d7-42e4-bfc0-daaeb2bdfef4.pdf;PLAN;2350
C00937;Plan ligne 2352;https://ilico.iledefrance-mobilites.fr/uploads/plans/20250917T072542Z-3de4f8b5-e69d-48b1-a6b8-aefa77e2f524.pdf;PLAN;2352
C00942;Plan Ligne 2492;https://ilico.iledefrance-mobilites.fr/uploads/plans/20251001T122400Z-9135ee5c-b5a9-4b64-95a6-3b486b6e9e07.pdf;PLAN;2492
C00949;Ligne 2311 (ex K) - A partir du 1er septembre 2025;https://ilico.iledefrance-mobilites.fr/uploads/fiches/20250830T210614Z-9567ac2c-f0a9-4546-831b-ee685f8affcd.pdf;HORAIRE;2311
C00951;Fiche horaires 01.09.2025;https://ilico.iledefrance-mobilites.fr/uploads/fiches/20250826T120936Z-6250623b-1242-44f0-98a9-abedf3619f06.pdf;HORAIRE;2474
C00961;Ligne 7709 (ex Express 69) - A partir du 1er septembre 2025;https://ilico.iledefrance-mobilites.fr/uploads/fiches/20250829T161858Z-0bf2ff2d-b8f4-4bb0-bddd-e98a1b9fcff8.pdf;HORAIRE;7709
C00961;Plan ligne 7709;https://ilico.iledefrance-mobilites.fr/uploads/plans/20250917T085349Z-beb2c7b6-ea94-4ccf-8cc9-b633bed92b6d.pdf;PLAN;7709
C00963;Plan Ligne 4552 (maj 06/01/2025);https://ilico.iledefrance-mobilites.fr/uploads/plans/20250106T110931Z-a4419691-87b3-4f8e-aa32-788cad30198c.pdf;PLAN;4552
C00964;Plan Ligne 4582 (maj 06/01/2025);https://ilico.iledefrance-mobilites.fr/uploads/plans/20250106T111009Z-3f04b608-54e0-462f-86dc-0d47a3b0e554.pdf;PLAN;4582
C00966;Plan Ligne 4578 (maj 06/01/2025);https://ilico.iledefrance-mobilites.fr/uploads/plans/20250106T111244Z-a2da95f9-41be-40b4-84d9-64819db63229.pdf;PLAN;4578
C00967;Ligne 4439 - Horaires valables du 1er septembre 2026 au 4 juillet 2027;https://ilico.iledefrance-mobilites.fr/uploads/fiches/20260807T154438Z-3a95a841-cac1-4aa4-9fb2-c9b3fb036fab.pdf;HORAIRE;4439
C00967;Plan de la ligne 4439;https://ilico.iledefrance-mobilites.fr/uploads/plans/20251103T112745Z-8eed7239-fccf-42bc-b443-ca0b343cc7e3.pdf;PLAN;4439
C00969;Ligne 4438 - Horaires valables du 1er septembre 2026 au 4 juillet 2027;https://ilico.iledefrance-mobilites.fr/uploads/fiches/20260807T154340Z-9a390294-6854-45d5-b993-19d303a29529.pdf;HORAIRE;4438
C00969;Ligne 4438;https://ilico.iledefrance-mobilites.fr/uploads/plans/20240901T092334Z-37ee73e9-aaee-4ce0-b309-19fc8f76f18f.pdf;PLAN;4438
C00970;Ligne 4440 - Horaires valables du 1er septembre 2026 au 4 juillet 2027;https://ilico.iledefrance-mobilites.fr/uploads/fiches/20260807T154509Z-90d45f55-c344-4076-8540-3a301e4416cc.pdf;HORAIRE;4440
C00972;Horaires Ligne 4555 - du 13 juillet au 23 août 2026;https://ilico.iledefrance-mobilites.fr/uploads/fiches/20260611T131004Z-fcfc5ecd-da4a-4933-9882-821460bd9a14.pdf;HORAIRE;4555
C00972;Plan Ligne 4555 (maj 06/01/2025);https://ilico.iledefrance-mobilites.fr/uploads/plans/20250106T111329Z-2eff08da-4b66-47be-9ae4-37c0e79df94a.pdf;PLAN;4555
C00975;Ligne 4401 - Horaires valables du 1er septembre 2026 au 4 juillet 2027;https://ilico.iledefrance-mobilites.fr/uploads/fiches/20260807T152238Z-0ce21333-49f7-4a1a-ab1d-b4d97d6bd06d.pdf;HORAIRE;4401
C00975;Ligne 4401;https://ilico.iledefrance-mobilites.fr/uploads/plans/20240901T092705Z-eaf20e7f-2e2c-41a0-aeeb-d0a56e5aea50.pdf;PLAN;4401
C00977;Ligne 4407 - été 2026;https://ilico.iledefrance-mobilites.fr/uploads/fiches/20260722T072955Z-5ae6856f-f919-46ba-9ea1-8b312fe024c9.pdf;HORAIRE;4407
C00978;Ligne 4408 - Horaires valables du 1er septembre 2026 au 4 juillet 2027;https://ilico.iledefrance-mobilites.fr/uploads/fiches/20260807T152845Z-56d635da-46db-4c64-b54d-69dc5cfca4a3.pdf;HORAIRE;4408
C00982;Ligne 4403 - Horaires valables du 1er septembre 2026 au 4 juillet 2027;https://ilico.iledefrance-mobilites.fr/uploads/fiches/20260807T152416Z-b5346810-e1c8-4890-8c60-fb60892b7857.pdf;HORAIRE;4403
C00984;Plan de la ligne 4409;https://ilico.iledefrance-mobilites.fr/uploads/plans/20251103T112649Z-5b6eeb21-f2c9-488f-bfec-f762362e6af1.pdf;PLAN;4409
C00986;Horaires ligne 4271 - Du 1er septembre 2025 au 4 juillet 2026;https://ilico.iledefrance-mobilites.fr/uploads/fiches/20260323T142345Z-8e67576a-73b8-4b4c-ae89-9899c5b20c6e.pdf;HORAIRE;4271
C01005;3556;https://ilico.iledefrance-mobilites.fr/uploads/plans/20260730T153839Z-8993ef14-0d87-48c4-8e38-933eeb846315.pdf;PLAN;3556
C01013;Horaires été 2026;https://ilico.iledefrance-mobilites.fr/uploads/fiches/20260626T130256Z-6850a7ed-f51a-4754-a763-8b3c9c88c6b1.pdf;HORAIRE;4341
C01014;Horaires annuels;https://ilico.iledefrance-mobilites.fr/uploads/fiches/20260730T095159Z-cc163860-4e82-461b-a6b1-95b6167d2bd3.pdf;HORAIRE;4342
C01016;Horaires hiver 2026 / 2027;https://ilico.iledefrance-mobilites.fr/uploads/fiches/20260730T095315Z-743bfc9a-d106-447a-afa9-97236147212a.pdf;HORAIRE;4344
C01017;Horaires été 2026;https://ilico.iledefrance-mobilites.fr/uploads/fiches/20260626T130618Z-1f387633-e0e1-4a4c-ab6b-3b4f008eafe3.pdf;HORAIRE;4346
C01034;Plan de ligne 5433;https://ilico.iledefrance-mobilites.fr/uploads/plans/20250901T174252Z-7232ff0f-80de-4ca9-865a-ec18892a52ab.pdf;PLAN;5433
C01035;Plan de ligne 5474;https://ilico.iledefrance-mobilites.fr/uploads/plans/20250818T104430Z-97bc79ce-4525-4b37-b3e5-3bd80e347909.pdf;PLAN;5474
C01044;Dépliant_3120 été au 04072026;https://ilico.iledefrance-mobilites.fr/uploads/fiches/20260526T124932Z-cddaeff9-052a-448d-aa4d-6f5630d8572d.pdf;HORAIRE;3120
C01046;Fiche horaires 01.09.2025;https://ilico.iledefrance-mobilites.fr/uploads/fiches/20250728T145419Z-6c25d985-ef5c-4d99-ba32-956c85b9b813.pdf;HORAIRE;2463
C01053;Fiche internet_3133;https://ilico.iledefrance-mobilites.fr/uploads/fiches/20260612T121236Z-a1afe79b-5be3-4f3a-843b-a3d6d1fe37e3.pdf;HORAIRE;3133
C01057;Période travaux SNCF du 13/07 au 21/08/2026;https://ilico.iledefrance-mobilites.fr/uploads/fiches/20260707T142118Z-5c9d8829-04a2-4e1f-86b6-088d9a9f6e93.pdf;HORAIRE;2423
C01058;Dépliant_3139 au 01092025;https://ilico.iledefrance-mobilites.fr/uploads/fiches/20260316T150827Z-6a32ff57-7ead-4c0c-b308-34dcc26c3d22.pdf;HORAIRE;3139
C01071;Horaires ligne TVM;https://ilico.iledefrance-mobilites.fr/uploads/fiches/20260722T091408Z-62edb926-0a6d-4f35-99cf-4c76cba15521.pdf;HORAIRE;TVM
C01072;Plan Ligne 20;https://www.ratp.fr/sites/default/files/lines-assets/plan-de-ligne/busratp/plan-de-ligne_busratp_ligne-20.pdf;PLAN;20
C01073;Plan Ligne 21;https://www.ratp.fr/sites/default/files/lines-assets/plan-de-ligne/busratp/plan-de-ligne_busratp_ligne-21.pdf;PLAN;21
C01076;Horaires Ligne 26;https://www.ratp.fr/sites/default/files/lines-assets/fiche-horaire/busratp/fiche-horaire_busratp_ligne-26.pdf;HORAIRE;26
C01077;Plan de ligne 27;https://ilico.iledefrance-mobilites.fr/uploads/plans/20260801T162946Z-2e2fc4b8-0d1b-476f-a480-59a7619ef077.pdf;PLAN;27
C01080;Horaires Ligne 30;https://www.ratp.fr/sites/default/files/lines-assets/fiche-horaire/busratp/fiche-horaire_busratp_ligne-30.pdf;HORAIRE;30
C01081;Horaires ligne 31;https://ilico.iledefrance-mobilites.fr/uploads/fiches/20260805T113759Z-1ffca01c-4506-4511-b63b-c45b9312d520.pdf;HORAIRE;31
C01081;Plan ligne 31;https://ilico.iledefrance-mobilites.fr/uploads/plans/20260708T164038Z-085c35cf-d7d2-4302-894a-b8251772a885.pdf;PLAN;31
C01084;Plan Ligne 39;https://www.ratp.fr/sites/default/files/lines-assets/plan-de-ligne/busratp/plan-de-ligne_busratp_ligne-39.pdf;PLAN;39
C01088;Plan de ligne 47;https://ilico.iledefrance-mobilites.fr/uploads/plans/20260801T163633Z-3c704c21-dd4d-452d-b1d9-544f4b7c6173.pdf;PLAN;47
C01089;Horaires Ligne 48;https://www.ratp.fr/sites/default/files/lines-assets/fiche-horaire/busratp/fiche-horaire_busratp_ligne-48.pdf;HORAIRE;48
C01092;Plan ligne 54;https://ilico.iledefrance-mobilites.fr/uploads/plans/20260708T163903Z-fa613e72-877d-409f-b915-0abb35558791.pdf;PLAN;54
C01094;Plan Ligne 57;https://www.ratp.fr/sites/default/files/lines-assets/plan-de-ligne/busratp/plan-de-ligne_busratp_ligne-57.pdf;PLAN;57
C01098;Plan de ligne 62;https://ilico.iledefrance-mobilites.fr/uploads/plans/20260801T163934Z-182100ac-094a-4f52-bfaa-6f9dd2c35d83.pdf;PLAN;62
C01100;Horaires Ligne 64;https://www.ratp.fr/sites/default/files/lines-assets/fiche-horaire/busratp/fiche-horaire_busratp_ligne-64.pdf;HORAIRE;64
C01100;Plan Ligne 64;https://www.ratp.fr/sites/default/files/lines-assets/plan-de-ligne/busratp/plan-de-ligne_busratp_ligne-64.pdf;PLAN;64
C01103;Plan Ligne 67;https://www.ratp.fr/sites/default/files/lines-assets/plan-de-ligne/busratp/plan-de-ligne_busratp_ligne-67.pdf;PLAN;67
C01105;Horaires Ligne 69;https://www.ratp.fr/sites/default/files/lines-assets/fiche-horaire/busratp/fiche-horaire_busratp_ligne-69.pdf;HORAIRE;69
C01108;Plan de ligne 73;https://ilico.iledefrance-mobilites.fr/uploads/plans/20260810T125610Z-f451b47f-f84a-4a64-9869-6a75bb376522.pdf;PLAN;73
C01109;plan ligne 74;https://ilico.iledefrance-mobilites.fr/uploads/plans/20260702T092341Z-fd88a77b-b5b0-480f-ad0d-0b4e17e1a95d.pdf;PLAN;74
C01110;Fiche horaire 75 - Offre d'été 2026;https://ilico.iledefrance-mobilites.fr/uploads/fiches/20260729T094934Z-c31a64d8-3281-4904-971f-43760608dfdc.pdf;HORAIRE;75
C01118;Horaires Ligne 86;https://www.ratp.fr/sites/default/files/lines-assets/fiche-horaire/busratp/fiche-horaire_busratp_ligne-86.pdf;HORAIRE;86
C01121;Horaires valables à partir du 16 juillet au 16 août 2026;https://ilico.iledefrance-mobilites.fr/uploads/fiches/20260731T172747Z-3228aeea-6650-413e-bdf3-c1c8863ee67f.pdf;HORAIRE;89
C01123;Horaires Ligne 92;https://www.ratp.fr/sites/default/files/lines-assets/fiche-horaire/busratp/fiche-horaire_busratp_ligne-92.pdf;HORAIRE;92
C01124;Plan de ligne 93;https://ilico.iledefrance-mobilites.fr/uploads/plans/20260611T094643Z-18b62467-c087-412e-a085-ebcc67591e67.pdf;PLAN;93
C01126;Plan ligne 95;https://ilico.iledefrance-mobilites.fr/uploads/plans/20260708T164208Z-7f02d8bc-469a-4a6f-8cb7-9ceeb6a744cc.pdf;PLAN;95
C01131;Plan Ligne 102;https://www.ratp.fr/sites/default/files/lines-assets/plan-de-ligne/busratp/plan-de-ligne_busratp_ligne-102.pdf;PLAN;102
C01133;Plan de ligne 104;https://ilico.iledefrance-mobilites.fr/uploads/plans/20260722T084304Z-24c97583-c9ea-4d94-a91c-3b2a0b96274b.pdf;PLAN;104
C01137;Horaires Ligne 108 du 13/07 au 16/08/2026;https://ilico.iledefrance-mobilites.fr/uploads/fiches/20260728T084451Z-57a617cf-b0e2-4191-842b-43c1ebf5a00c.pdf;HORAIRE;108
C01137;Plan Ligne 108;https://ilico.iledefrance-mobilites.fr/uploads/plans/20260211T085729Z-23559102-37a9-4484-83fa-fb6c83230c30.pdf;PLAN;108
C01141;Plan Ligne 112;https://ilico.iledefrance-mobilites.fr/uploads/plans/20260211T085933Z-eeb37844-5783-4875-8687-147939be3ddd.pdf;PLAN;112
C01142;Plan Ligne 113;https://ilico.iledefrance-mobilites.fr/uploads/plans/20260211T090013Z-4510ab7e-f40c-45e9-821c-1ff5c812f592.pdf;PLAN;113
C01146;Horaires ligne 117;https://ilico.iledefrance-mobilites.fr/uploads/fiches/20260722T084429Z-23b1aae2-3b94-4d4a-918d-08f5f2c392f5.pdf;HORAIRE;117
C01147;Horaires Ligne 118 du 13/07 au 16/08/2026;https://ilico.iledefrance-mobilites.fr/uploads/fiches/20260728T090021Z-f7fcb763-0031-4c60-8bb8-3f8024bd3ef8.pdf;HORAIRE;118
C01149;Horaires Ligne 120 du 13/07 au 16/08/2026;https://ilico.iledefrance-mobilites.fr/uploads/fiches/20260728T090101Z-49e74d84-1814-49bc-b5ab-e2b9a4fb56d0.pdf;HORAIRE;120
C01152;Horaires Ligne 123;https://www.ratp.fr/sites/default/files/lines-assets/fiche-horaire/busratp/fiche-horaire_busratp_ligne-123.pdf;HORAIRE;123
C01156;Plan Ligne 127;https://ilico.iledefrance-mobilites.fr/uploads/plans/20260211T090600Z-9e02c309-b58c-43af-a28c-ef41cf57dd7b.pdf;PLAN;127
C01157;Horaires Ligne 128;https://www.ratp.fr/sites/default/files/lines-assets/fiche-horaire/busratp/fiche-horaire_busratp_ligne-128.pdf;HORAIRE;128
C01157;Plan Ligne 128;https://www.ratp.fr/sites/default/files/lines-assets/plan-de-ligne/busratp/plan-de-ligne_busratp_ligne-128.pdf;PLAN;128
C01168;Plan ligne 143;https://ilico.iledefrance-mobilites.fr/uploads/plans/20260422T113001Z-ce905428-3c57-49c8-b523-94344a5eff64.pdf;PLAN;143
C01169;Plan de ligne 144;https://ilico.iledefrance-mobilites.fr/uploads/plans/20260611T095140Z-3b062249-c084-4e5e-a303-cdf2985a6fd0.pdf;PLAN;144
C01174;Plan ligne 150;https://ilico.iledefrance-mobilites.fr/uploads/plans/20260708T164356Z-ada7d1b8-1a4b-422b-bb3b-50095e318662.pdf;PLAN;150
C01175;Plan ligne 151;https://ilico.iledefrance-mobilites.fr/uploads/plans/20260422T113957Z-f68c7a3c-09e2-4e40-a69a-f8db5eb2552c.pdf;PLAN;151
C01180;Plan de ligne 157;https://ilico.iledefrance-mobilites.fr/uploads/plans/20260611T095425Z-4d3cdf2e-eb65-488c-8705-3ac3d7d7e9a9.pdf;PLAN;157
C01187;Plan de ligne 165;https://ilico.iledefrance-mobilites.fr/uploads/plans/20260611T100049Z-c484130a-67bb-4f6b-a4c0-8e7faa3fb61e.pdf;PLAN;165
C01191;Plan ligne 170;https://ilico.iledefrance-mobilites.fr/uploads/plans/20260708T164727Z-9e6f5403-30c2-4be8-99c0-0fa2a4ab4287.pdf;PLAN;170
C01196;Horaires ligne 175;https://ilico.iledefrance-mobilites.fr/uploads/fiches/20260706T141138Z-dff2ee42-c22e-408e-86c2-a1286bdcf3be.pdf;HORAIRE;175
C01199;Horaires ligne 178;https://ilico.iledefrance-mobilites.fr/uploads/fiches/20260706T141305Z-a5c97acb-a930-418c-9173-c9f98486c558.pdf;HORAIRE;178
C01199;plan ligne 178;https://ilico.iledefrance-mobilites.fr/uploads/plans/20260702T092842Z-13bda9d0-e997-405b-a6f9-88e813a344d4.pdf;PLAN;178
C01204;Plan de ligne 183;https://ilico.iledefrance-mobilites.fr/uploads/plans/20260722T084807Z-1432c99f-f2c4-42a1-ad22-903268dc631d.pdf;PLAN;183
C01206;Plan de ligne 185;https://ilico.iledefrance-mobilites.fr/uploads/plans/20260722T085216Z-8f4b89d4-5cc7-424f-b684-bc717dd408ae.pdf;PLAN;185
C00003;Horaires valables à partir du 18 août 2025;https://ilico.iledefrance-mobilites.fr/uploads/fiches/20250813T093447Z-caa02c16-2207-4005-a509-e33097d8ed5e.pdf;HORAIRE;Licorne
C00003;Plan de ligne Licorne;https://ilico.iledefrance-mobilites.fr/uploads/plans/20250828T075059Z-9ae8efe1-79ee-493e-a3a1-1c864c210fc1.pdf;PLAN;Licorne
C00004;Horaire valables à partir du 13 juillet au 15 août 2026;https://ilico.iledefrance-mobilites.fr/uploads/fiches/20260706T131257Z-edb12e0c-9619-4b60-92c4-b30999e6b636.pdf;HORAIRE;483
C00007;Plan de ligne 282;https://ilico.iledefrance-mobilites.fr/uploads/plans/20250828T074909Z-96a14d43-8565-4ae1-964b-b3e2306f7f92.pdf;PLAN;282
C00012;Plan 3107;https://ilico.iledefrance-mobilites.fr/uploads/plans/20251229T141626Z-1faabd15-59b3-43b0-b6f9-9ec1a10ea834.pdf;PLAN;3107
C00014;Plan 3110;https://ilico.iledefrance-mobilites.fr/uploads/plans/20250728T124044Z-3a3aa473-6985-4b09-aafa-a1312322d3ea.pdf;PLAN;3110
C00015;Plan 3111;https://ilico.iledefrance-mobilites.fr/uploads/plans/20250731T144847Z-07e09f62-8fd3-4bba-97af-fb66065bd31e.pdf;PLAN;3111
C00018;Plan 3119;https://ilico.iledefrance-mobilites.fr/uploads/plans/20250730T132450Z-2f0dd839-ee88-4cb4-b404-fd22f5b468f1.pdf;PLAN;3119
C00021;Plan de ligne 3145;https://ilico.iledefrance-mobilites.fr/uploads/plans/20250129T143855Z-fc4e6e47-b598-49e3-8b3d-ca7eddbde162.pdf;PLAN;3145
C00026;Fiche internet_3147 au 01092025;https://ilico.iledefrance-mobilites.fr/uploads/fiches/20250723T093623Z-9e9c9058-64f5-4865-af41-964cfda46eca.pdf;HORAIRE;3147
C00026;Plan de ligne 3147;https://ilico.iledefrance-mobilites.fr/uploads/plans/20250129T144023Z-ea659ef6-1a30-4e24-a61c-332cb3b665ef.pdf;PLAN;3147
C00027;Dépliant_7716 été au 04072026;https://ilico.iledefrance-mobilites.fr/uploads/fiches/20260526T121850Z-2f35d024-7da2-428f-b106-34244fafee8e.pdf;HORAIRE;7716
C00028;Ligne 501A - Horaires valables du 25 août 2025 au 12 juillet 2026;https://ilico.iledefrance-mobilites.fr/uploads/fiches/20260325T111557Z-ed9ba584-1b9e-4853-b505-ea10dc847d0f.pdf;HORAIRE;771 (ex 501)
C00028;Ligne 771 - Plans de ligne;https://ilico.iledefrance-mobilites.fr/uploads/plans/20260710T082929Z-80f9bcb8-232c-4fc2-a7b0-5ea8622c54aa.pdf;PLAN;771 (ex 501)
C00030;Ligne 770 - Plan de ligne;https://ilico.iledefrance-mobilites.fr/uploads/plans/20260710T083059Z-bced3756-184a-498c-81fa-cb3129f5eba9.pdf;PLAN;770 (ex E)
C00038;Schéma ligne 6132;https://ilico.iledefrance-mobilites.fr/uploads/plans/20250826T130453Z-64f21e40-b2b0-4c46-a3fb-15b614ded0db.pdf;PLAN;6132
C00039;Horaires valables du 01/09/25 au 03/07/26;https://ilico.iledefrance-mobilites.fr/uploads/fiches/20250826T130916Z-661ad3d6-14d3-4723-a651-d8e444d53733.pdf;HORAIRE;6175
C00046;Fiche WEB ligne 9160 Été 2026 V0, du lundi 13 juillet au dimanche 23 août 2026;https://portail-idfm-operateurs.cdn.prismic.io/portail-idfm-operateurs/ajUaoo1P9HI4UuQ6_FicheWEBligne9160%C3%89t%C3%A92026V0%2Cdulundi13juilletaudimanche23ao%C3%BBt2026.pdf;HORAIRE;9160
C00049;Horaires HIVER valables du 24/08/26 au 09/07/2027;https://ilico.iledefrance-mobilites.fr/uploads/fiches/20260804T124554Z-b732e931-df1f-4bac-8751-159dda0779f4.pdf;HORAIRE;6142
C00050;Horaires été valables du 13/07 au 23/08/26;https://ilico.iledefrance-mobilites.fr/uploads/fiches/20260702T130842Z-cdf80794-088d-445a-bea2-ceb9d7b1ac5e.pdf;HORAIRE;6123
C00054;Ligne 5332 - Horaires à partir du 6 juillet 2026;https://ilico.iledefrance-mobilites.fr/uploads/fiches/20260617T150814Z-81ccb385-d05f-4d69-bca8-652d90265a92.pdf;HORAIRE;5332
C00070;Fiche WEB ligne 4605 Été 2026 V0, du lundi 13 juillet au dimanche 23 août 2026;https://portail-idfm-operateurs.cdn.prismic.io/portail-idfm-operateurs/ajKLro1P9HI4UnXP_FicheWEBligne4605%C3%89t%C3%A92026V0%2Cdulundi13juilletaudimanche23ao%C3%BBt2026.pdf;HORAIRE;4605
C00073;Plan de ligne 4608;https://ilico.iledefrance-mobilites.fr/uploads/plans/20251020T070546Z-ea14a399-05bd-4169-9bf5-28eea2a7facd.pdf;PLAN;4608
C00082;Ligne 4437 - Horaires valables du 1 Août 2026 au 31 Août 2026 inclus;https://ilico.iledefrance-mobilites.fr/uploads/fiches/20260807T101636Z-ecd351a4-a861-4abf-87ff-213e9d384552.pdf;HORAIRE;4437
C00083;Plan Ligne 4553 (maj 06/01/2025);https://ilico.iledefrance-mobilites.fr/uploads/plans/20250106T103237Z-304d7139-a9af-46f7-bda8-bc1b685173f6.pdf;PLAN;4553
C00085;Plan de ligne 438;https://ilico.iledefrance-mobilites.fr/uploads/plans/20240405T160212Z-e9f86957-5ee8-4f02-9f21-0736b079cf0c.pdf;PLAN;438
C00087;Plan Ligne 4512 (maj 27/05/2025);https://ilico.iledefrance-mobilites.fr/uploads/plans/20250527T134200Z-52fc160e-8eb5-401a-a005-c486a71019fe.pdf;PLAN;4512
C00090;Plan Ligne 4501 (maj 06/01/2025);https://ilico.iledefrance-mobilites.fr/uploads/plans/20250106T104433Z-255efd0e-c5d8-4218-907c-35cdb2fedb37.pdf;PLAN;4501
C00092;Plan Bus 4305;https://ilico.iledefrance-mobilites.fr/uploads/plans/20260625T111754Z-75a8ff77-4055-47fb-8eb1-03689510b67d.pdf;PLAN;4305
C00094;Horaires Ligne 4515 - A compter du 24 août 2026 au 11 juillet 2027;https://ilico.iledefrance-mobilites.fr/uploads/fiches/20260806T095946Z-752ff69b-928a-4cbb-8f2e-beea9e23bebb.pdf;HORAIRE;4515
C00094;Plan Ligne 4515 (Maj 06/01/2025);https://ilico.iledefrance-mobilites.fr/uploads/plans/20250106T104542Z-0030e58a-5cf2-40ce-920d-e84c8de0a525.pdf;PLAN;4515
C00103;Plan Gare Routière SGDB (Place) - A compter du 22/12/25;https://ilico.iledefrance-mobilites.fr/uploads/fiches/20251217T132208Z-893e0471-948d-4220-938d-85eee706c75f.pdf;HORAIRE;4510
C00103;Plan Ligne 4510 (maj 06/01/2025);https://ilico.iledefrance-mobilites.fr/uploads/plans/20250106T104631Z-25a3485b-4c67-4dd2-90e2-30c590cce979.pdf;PLAN;4510
C00105;Ligne 4413 - Horaires valables du 1 Août 2026 au 31 Août 2026 inclus;https://ilico.iledefrance-mobilites.fr/uploads/fiches/20260806T155235Z-b63a65d6-4800-49e8-8153-563ba3ece8cf.pdf;HORAIRE;4413
C00106;Plan de ligne 6521;https://ilico.iledefrance-mobilites.fr/uploads/plans/20251226T122929Z-78eebede-7474-4483-af9b-2b99ffad7ee8.pdf;PLAN;6521
C00109;Horaires valables du 1er septembre 2026 au 04 juillet 2027 inclus (circule en TàD l'été);https://ilico.iledefrance-mobilites.fr/uploads/fiches/20260803T142833Z-1faca766-4ef2-4277-b7fa-18af8358308a.pdf;HORAIRE;5445
C00110;Plan de ligne 6573;https://ilico.iledefrance-mobilites.fr/uploads/plans/20250819T115302Z-c6664d4f-bb86-49d4-bda6-4ca5f0246399.pdf;PLAN;6573
C00116;Plan de ligne 6533;https://ilico.iledefrance-mobilites.fr/uploads/plans/20251226T124201Z-174e1c37-caf0-40eb-aceb-95ae01dce817.pdf;PLAN;6533
C00117;Plan de ligne 6526;https://ilico.iledefrance-mobilites.fr/uploads/plans/20260706T094043Z-b8250996-e57f-42aa-8783-bdab31c39ead.pdf;PLAN;6526
C00118;Horaires valables du 01 septembre 2026 au 04 juillet 2027 inclus (ne circule pas l'été);https://ilico.iledefrance-mobilites.fr/uploads/fiches/20260629T122322Z-85c28754-0d73-47b9-94e7-025282a7be26.pdf;HORAIRE;5484
C00119;Ligne 5341 - Horaires à partir du 6 juillet 2026;https://ilico.iledefrance-mobilites.fr/uploads/fiches/20260617T151856Z-e1cda92a-cb32-49bc-9e34-b4967dd5c4f9.pdf;HORAIRE;5341
C00120;Horaires valables du 1er septembre 2026 au 04 juillet 2027 inclus;https://ilico.iledefrance-mobilites.fr/uploads/fiches/20260804T101525Z-48f25b69-5d99-40ed-bfd4-16b89d2c7a43.pdf;HORAIRE;5442
C00122;Horaires 6283 du 1er septembre 2026 au 4 juillet 2027;https://ilico.iledefrance-mobilites.fr/uploads/fiches/20250812T082719Z-798968d6-6185-4ec4-ba02-ebe7f6d87a03.pdf;HORAIRE;6283
C00124;5270_Septembre_2025;https://ilico.iledefrance-mobilites.fr/uploads/fiches/20260212T153115Z-332f22d9-b533-4a6b-b7c4-8a3f6ae41601.pdf;HORAIRE;5270
C00142;Plan de ligne 1131;https://ilico.iledefrance-mobilites.fr/uploads/plans/20251215T152615Z-d07833ab-b862-4b39-8bc2-ed7ab26cc5dc.pdf;PLAN;1131
C00149;Plan de la ligne 6304;https://ilico.iledefrance-mobilites.fr/uploads/plans/20260714T122712Z-13502a0d-d933-42f0-918d-776c36f0466f.pdf;PLAN;6304
C00150;Plan de la ligne 6315;https://ilico.iledefrance-mobilites.fr/uploads/plans/20260714T122951Z-21c352a0-7f9f-4729-98dd-a4b37f4fcd5e.pdf;PLAN;6315 (ex 15)
C00151;Horaires de la ligne 7816;https://ilico.iledefrance-mobilites.fr/uploads/fiches/20251222T152426Z-da9edf0f-587a-408e-9212-2bb4e28d9224.pdf;HORAIRE;7816
C00151;Horaires valables du 4 mai au 5 juillet 2026_ligne 7816;https://ilico.iledefrance-mobilites.fr/uploads/fiches/20260428T152333Z-4abdc99f-0a5e-445e-8dc0-00329a14896b.pdf;HORAIRE;7816
C00153;Plan de la ligne 6350;https://ilico.iledefrance-mobilites.fr/uploads/plans/20260714T123150Z-438d972b-cb6a-4f9e-b870-5ae715417ae8.pdf;PLAN;6350 (ex 18S)
C00156;Plan de la ligne 6305;https://ilico.iledefrance-mobilites.fr/uploads/plans/20260714T123832Z-4f512e5f-806e-4fea-9aad-73845b352816.pdf;PLAN;6305
C00158;Plan de la ligne 6302;https://ilico.iledefrance-mobilites.fr/uploads/plans/20260714T124259Z-8569ff21-21e8-4e06-95c4-609e60b84fcf.pdf;PLAN;6302
C00160;Horaires valables du 13 juillet au 23 août 2026;https://ilico.iledefrance-mobilites.fr/uploads/fiches/20260531T200813Z-e4d6e3f6-d4a0-4339-a07b-96692767f767.pdf;HORAIRE;6301
C00161;Horaires valables du 13 juillet au 23 août 2026;https://ilico.iledefrance-mobilites.fr/uploads/fiches/20260531T201215Z-5cb5ee24-f306-4057-a43d-989e268ed60a.pdf;HORAIRE;6306
C00163;plan ligne 5311;https://ilico.iledefrance-mobilites.fr/uploads/plans/20250228T150509Z-130049fb-e657-461e-8d6e-41567809ba57.pdf;PLAN;5311
C00168;Ligne 5208 - Horaire rentrée Septembre 2025;https://ilico.iledefrance-mobilites.fr/uploads/fiches/20260428T100802Z-2ec152ff-eba0-4f60-abb9-73a9dc25e38f.pdf;HORAIRE;5208
C00168;Plan ligne 5208;https://ilico.iledefrance-mobilites.fr/uploads/plans/20250303T145141Z-e7a721f4-93c1-483e-8a55-bd79572f61c1.pdf;PLAN;5208
C00176;Ligne 4450 - Horaires valables du 1er septembre 2026 au 4 juillet 2027;https://ilico.iledefrance-mobilites.fr/uploads/fiches/20260807T154710Z-637438f7-46e8-4efb-9b02-8379fa0ad938.pdf;HORAIRE;4450
C00177;5224 - horaires à partir du 9 mars 2026;https://ilico.iledefrance-mobilites.fr/uploads/fiches/20260220T162344Z-3d8a0676-e0be-4807-8f87-89c512ba340b.pdf;HORAIRE;5224
C00179;Ligne 5226 - Horaire rentrée Septembre 2025;https://ilico.iledefrance-mobilites.fr/uploads/fiches/20260413T111111Z-9ed17166-7c09-4eea-a4a4-a4f5962d4aca.pdf;HORAIRE;5226
C00189;Fiche horaires ligne 1 du 13 juillet 2026 au 3 janvier 2027;https://ilico.iledefrance-mobilites.fr/uploads/fiches/20260707T092309Z-b2538856-cb4e-4fdc-8aee-0599e92d57ae.pdf;HORAIRE;1
C00189;Plan de la ligne 1;https://ilico.iledefrance-mobilites.fr/uploads/plans/64fed522f11ba_Ligne_NORD-SEINE-SAINT-DENIS_1.pdf;PLAN;1
C00194;Fiche horaire 1312;https://ilico.iledefrance-mobilites.fr/uploads/fiches/20260529T114916Z-0432ad23-1840-4aac-9a50-7545e6c4e721.pdf;HORAIRE;1312
C00197;Fiche horaires ligne 15 du 5 janvier au 12 juillet 2026 et du 24 août au 20 décembre 2026;https://ilico.iledefrance-mobilites.fr/uploads/fiches/20260701T144111Z-f85202de-7cd5-4be1-aa08-32d533d4e2f1.pdf;HORAIRE;15
C00203;Horaires valables du 09 mars 2026 au 05 juillet 2026;https://ilico.iledefrance-mobilites.fr/uploads/fiches/20260305T103121Z-2cd77c32-5bd5-4368-8754-cd2a33b5d360.pdf;HORAIRE;2122
C00205;Ligne 30B - Horaires valables du 15 juillet au 22 août 2026;https://ilico.iledefrance-mobilites.fr/uploads/fiches/20260710T152143Z-924dd972-627f-4552-8878-89ab6c219720.pdf;HORAIRE;30 B (future 1630)
C00208;Ligne 31 - Horaires valables à partir du 25 août 2025;https://ilico.iledefrance-mobilites.fr/uploads/fiches/20250826T123043Z-13b88af8-b514-4162-bd73-c9a72dcade27.pdf;HORAIRE;31 (future 1631)
C00209;Plan de la ligne 32;https://ilico.iledefrance-mobilites.fr/uploads/plans/20241014T140526Z-b5488e55-4fd1-432d-b3a8-e9727300b4a9.pdf;PLAN;32 (future 1632)
C00211;Ligne 33 - Horaires valables à partir du 25 août 2025;https://ilico.iledefrance-mobilites.fr/uploads/fiches/20250826T123341Z-d5ef4ec5-7987-4d31-bf11-c948297a8433.pdf;HORAIRE;33 (future 1633)
C00211;Plan de la ligne 33;https://ilico.iledefrance-mobilites.fr/uploads/plans/65143aba26138_KEOLIS%20CIF%20DSP%206%20-%20Ligne%2033-repaired.pdf;PLAN;33 (future 1633)
C00213;Fiche horaires ligne 39 du 23 février 2026 au 3 janvier 2027;https://ilico.iledefrance-mobilites.fr/uploads/fiches/20260702T094139Z-445e2f75-2992-48d4-8676-6d68ce72d8d2.pdf;HORAIRE;39
C00214;Plan de la ligne 43;https://ilico.iledefrance-mobilites.fr/uploads/plans/20260701T092901Z-e0a79471-b93a-4e46-aad9-8eeb83055cab.pdf;PLAN;43
C00216;Fiche horaires ligne 45 du 13 juillet 2026 au 3 janvier 2027;https://ilico.iledefrance-mobilites.fr/uploads/fiches/20260707T092336Z-28b1f68c-20d1-4bd4-bcb7-ad70ae11f36e.pdf;HORAIRE;45
C00217;Fiche Horaire 1346;https://ilico.iledefrance-mobilites.fr/uploads/fiches/20260528T132505Z-dd091a29-83e9-47b0-97a8-1c389e2660f1.pdf;HORAIRE;1346
C00218;Fiche Horaire 1347;https://ilico.iledefrance-mobilites.fr/uploads/fiches/20250910T153239Z-c224eb9e-a004-4e48-9114-d44642ba5759.pdf;HORAIRE;1347
C00225;Plan de ligne;https://ilico.iledefrance-mobilites.fr/uploads/plans/20250805T125854Z-f08656cc-89ef-4885-a866-8c471dcc0a60.pdf;PLAN;2176
C00226;Ligne R117 - Horaires valables à partir du 7 avril 2026 en période scolaire;https://ilico.iledefrance-mobilites.fr/uploads/fiches/20260402T135613Z-2a91cb86-7eba-405d-a4af-d090efb7b355.pdf;HORAIRE;R117 (future 1677)
C00226;Ligne R117 - Horaires valables à partir du 1er septembre 2025 en période scolaire;https://ilico.iledefrance-mobilites.fr/uploads/fiches/20250829T162539Z-531447e5-bcfe-42bc-928a-7fedda1f66d8.pdf;HORAIRE;R117 (future 1677)
C00228;Plan de la ligne R1;https://ilico.iledefrance-mobilites.fr/uploads/plans/20241014T124929Z-972a0481-e2a7-406b-b6b0-a3b0657a915b.pdf;PLAN;R1 (future 1610)
C00231;Plan de la ligne R4;https://ilico.iledefrance-mobilites.fr/uploads/plans/20241014T125237Z-d4a7e9b1-f776-4528-9255-eda85e70dcf4.pdf;PLAN;R4 (future 1614)
C00232;Ligne R5 - Horaires valables à partir du 25 août 2025;https://ilico.iledefrance-mobilites.fr/uploads/fiches/20250826T124624Z-aa51bd31-5556-408e-afe7-284abc1382c6.pdf;HORAIRE;R5 (future 1615)
C00234;Ligne R7 - Horaires valables à partir du 25 août 2025;https://ilico.iledefrance-mobilites.fr/uploads/fiches/20250826T124724Z-ae5d2489-f20a-4429-a4a2-3f6133eaa31f.pdf;HORAIRE;R7 (future 1617)
C00234;Plan de la ligne R7;https://ilico.iledefrance-mobilites.fr/uploads/plans/20241014T125526Z-cfc1db81-3a16-437d-b496-4f4e7011091b.pdf;PLAN;R7 (future 1617)
C00235;Ligne R110 -  Horaires valables à partir du 1er septembre 2025 en période scolaire;https://ilico.iledefrance-mobilites.fr/uploads/fiches/20250829T162624Z-178411f1-5abb-43f2-a53c-5b9afcfdd77a.pdf;HORAIRE;R110 (future 1670)
C00237;Ligne R112 -  Horaires valables à partir du 1er septembre 2025 en période scolaire;https://ilico.iledefrance-mobilites.fr/uploads/fiches/20250829T162754Z-c79b8669-5a82-4ec5-9f02-1232fb00dc74.pdf;HORAIRE;R112 (future 1672)
C00243;Plan de la ligne R108;https://ilico.iledefrance-mobilites.fr/uploads/plans/20250902T141847Z-81f0dc7a-2585-44ca-899e-a08c5a4d6868.pdf;PLAN;R108 (future 1668)
C00246;Horaires valables à partir du 25 août 2025;https://ilico.iledefrance-mobilites.fr/uploads/fiches/20250813T133215Z-ea932479-1d20-433d-a5fc-9934a5ff697d.pdf;HORAIRE;2102
C00248;Horaires valables du 24 novembre 2025 au 05 juillet 2026;https://ilico.iledefrance-mobilites.fr/uploads/fiches/20260211T112722Z-e474d561-fbed-4ac5-834b-0e87c635ea0a.pdf;HORAIRE;2104
C00251;Horaires valables du 06 juillet 2026 au 23 août 2026;https://ilico.iledefrance-mobilites.fr/uploads/fiches/20260703T090614Z-231a99d1-d4f1-4dc2-baa8-ea63ab777d67.pdf;HORAIRE;2108
C00263;Ligne express 100 du 7 juillet au 4 juillet 2027;https://ilico.iledefrance-mobilites.fr/uploads/fiches/20250901T081016Z-ba7fe488-2086-4f48-92c1-e8d56ca695ab.pdf;HORAIRE;Express 100
C00264;9501 - Horaires valables à partir du 25 août 2025;https://ilico.iledefrance-mobilites.fr/uploads/fiches/20250826T124016Z-b589ba46-1af5-4576-8085-77301ac0cae9.pdf;HORAIRE;9501 (future 1601)
C00265;Ligne 9502 - Horaires valables du 15 juillet au 23 août 2026;https://ilico.iledefrance-mobilites.fr/uploads/fiches/20260710T152304Z-97eeb66e-157e-481a-9347-7f94943c655f.pdf;HORAIRE;9502 (future 1602)
C00265;Plan de la ligne 9502;https://ilico.iledefrance-mobilites.fr/uploads/plans/20241014T130531Z-f05d3b43-869a-4d09-8915-80b5a887bf88.pdf;PLAN;9502 (future 1602)
C00273;Fiche Horaires 7809 - 25 aout 2025;https://ilico.iledefrance-mobilites.fr/uploads/fiches/20260622T125322Z-ca34e28b-5590-4adc-a921-64b45978bc3b.pdf;HORAIRE;7809
C00274;Fiche horaires 6512 - 6 juillet au 23 août 2026;https://ilico.iledefrance-mobilites.fr/uploads/fiches/20260622T122610Z-ec24a5e3-5417-4e90-8c41-dfecf508f271.pdf;HORAIRE;6512
C00275;Plan de ligne 6570;https://ilico.iledefrance-mobilites.fr/uploads/plans/20251226T130806Z-10f59050-e327-444f-91b8-80e58d690ce5.pdf;PLAN;6570
C00276;Ligne 5323 - Horaires à partir du 6 juillet 2026;https://ilico.iledefrance-mobilites.fr/uploads/fiches/20260617T150319Z-f014fa66-8494-45a3-8cd2-ba3cdcc7e964.pdf;HORAIRE;5323
C00281;Fiche horaires 6503 - 6 juillet au 23 août 2026;https://ilico.iledefrance-mobilites.fr/uploads/fiches/20260622T121926Z-2dcfa50c-701a-433f-8530-fcb8c2cbccde.pdf;HORAIRE;6503
C00287;Plan de la ligne 7804;https://ilico.iledefrance-mobilites.fr/uploads/plans/20250321T155845Z-fc119631-4b70-4a85-9fdc-665b374a35a8.pdf;PLAN;7804
C00294;Horaires valables à partir du 6 juillet 2026;https://ilico.iledefrance-mobilites.fr/uploads/fiches/20260702T142259Z-3d39e45a-39a0-4859-ae1f-1644d835fc64.pdf;HORAIRE;6422
C00304;Fiche horaire été;https://ilico.iledefrance-mobilites.fr/uploads/fiches/20260616T101841Z-a10eebbf-83f2-4af8-b1c0-1a4269f67e74.pdf;HORAIRE;1511
C00306;Plan ligne 6424  - Argenteuil Coteaux  - Gare de Houilles-Carrières;https://ilico.iledefrance-mobilites.fr/uploads/plans/20260702T142446Z-4b34ad59-4def-4109-a0e8-de6ed3ca9725.pdf;PLAN;6424
C00307;Fiche horaire été;https://ilico.iledefrance-mobilites.fr/uploads/fiches/20260616T101905Z-0ba687ac-41cd-4821-bb65-abe4d672f968.pdf;HORAIRE;1537
C00310;Plan Lignes 6464-6465-6466 - Sartrouville (circuit) - Sartrouville (circuit);https://ilico.iledefrance-mobilites.fr/uploads/plans/20260706T090653Z-68036254-b95e-4704-9f09-161f78dcc8cd.pdf;PLAN;6465
C00322;Horaires été 2026;https://ilico.iledefrance-mobilites.fr/uploads/fiches/20260625T115008Z-2dece3fd-dae4-424e-a5d3-38ebd4a71ee6.pdf;HORAIRE;4303
C00325;Plan Ligne 6450 - Croissy-Le Vésinet-Chatou - Rueil-Malmaison Danielou;https://ilico.iledefrance-mobilites.fr/uploads/plans/20260703T063544Z-adaeabcc-08ea-4fbf-aa32-f46bc7ad2f0f.pdf;PLAN;6450
C00327;Horaires 6281 du 1er septembre 2026 au 4 juillet 2027;https://ilico.iledefrance-mobilites.fr/uploads/fiches/20260811T064124Z-7daf6005-7296-4077-9f40-932110ce7cf2.pdf;HORAIRE;6281
C00328;Plan de la ligne 6282;https://ilico.iledefrance-mobilites.fr/uploads/plans/20260811T064319Z-647c3b64-b4e6-492a-8928-9d483a39771c.pdf;PLAN;6282
C00337;Plan ligne 6429 - Gare de Sartrouville - Gare du Vésinet-Le Pecq;https://ilico.iledefrance-mobilites.fr/uploads/plans/20260703T062952Z-0411519e-b9a0-44e2-9ad2-7ba1c75034e9.pdf;PLAN;6429
C00340;Ligne 402 Horaires du 6 au 11 juil. et du 24 au 31 août 2026;https://ilico.iledefrance-mobilites.fr/uploads/fiches/20260604T082300Z-1d408689-e601-4755-8d65-4c408cc1a675.pdf;HORAIRE;402
C00341;FH Ligne 3;https://ilico.iledefrance-mobilites.fr/uploads/fiches/20260223T152446Z-55563ead-7109-4889-9914-57d0ea82b72a.pdf;HORAIRE;3
C00341;Plan Ligne 3;https://ilico.iledefrance-mobilites.fr/uploads/plans/20260204T155102Z-ac6d0825-df6a-4faf-9f05-f623fa4ff53d.pdf;PLAN;3
C00346;Ligne 409 Horaires du 13 juil. au 22 août 2026;https://ilico.iledefrance-mobilites.fr/uploads/fiches/20260604T082931Z-bacb02d8-cb4a-48aa-af95-20720dde1f5c.PDF;HORAIRE;409
C00363;Horaires valables à compter du 09 mars 2026;https://ilico.iledefrance-mobilites.fr/uploads/fiches/20260305T083028Z-ee340e78-0238-4e11-8cc9-e90a913dc2a3.pdf;HORAIRE;4150
C00364;Plan de la ligne 4159;https://ilico.iledefrance-mobilites.fr/uploads/plans/20250327T142719Z-9c6dd546-5a0a-4eb7-a83c-3e6245ba7f44.pdf;PLAN;4159
C00365;Horaires valables à compter du 25 août 2025;https://ilico.iledefrance-mobilites.fr/uploads/fiches/20250821T073438Z-1bdb1c89-2935-4d8b-8bed-56ade149d73e.pdf;HORAIRE;4160
C00366;Horaires valables à compter du 25 août 2025;https://ilico.iledefrance-mobilites.fr/uploads/fiches/20250821T073508Z-39e5efec-d39d-4fda-b5fa-8289b7811ad3.pdf;HORAIRE;4161
C00376;Horaires du 20 juillet au 23 août 2026;https://ilico.iledefrance-mobilites.fr/uploads/fiches/20260717T090258Z-21f392a0-c235-4bf2-be26-eb36e1c6aee0.pdf;HORAIRE;4116
C00379;Plan de la ligne 4121;https://ilico.iledefrance-mobilites.fr/uploads/plans/20260724T101308Z-0c3e113a-ec30-4a13-bc09-d9592bd370d5.pdf;PLAN;4121
C00386;Plan ligne 4230;https://ilico.iledefrance-mobilites.fr/uploads/plans/20260706T073257Z-80f0429f-f751-41c4-93a0-d6ef0b872d1b.pdf;PLAN;4230
C00387;Horaires ligne 4274 - Du 1er septembre 2025 au 4 juillet 2026;https://ilico.iledefrance-mobilites.fr/uploads/fiches/20260323T145757Z-3a64dbc8-f901-478d-b3df-f6c1733ffdcc.pdf;HORAIRE;4274
C00387;Plan ligne 4274;https://ilico.iledefrance-mobilites.fr/uploads/plans/20260323T145757Z-58d0695d-c728-44f8-aa86-fa68b79433a3.pdf;PLAN;4274
C00388;Horaires ligne 4243 - Du 13 juillet au 23 aoû 2026;https://ilico.iledefrance-mobilites.fr/uploads/fiches/20260706T073401Z-60228458-c3d0-49be-9277-dff1cbb2f2e6.pdf;HORAIRE;4243
C00392;Horaires ligne 4233 - Du 25 août 2025 au 12 juillet 2026;https://ilico.iledefrance-mobilites.fr/uploads/fiches/20260323T101736Z-daf3d30a-5ac7-4d79-940d-9479e081e1a4.pdf;HORAIRE;4233
C00393;Horaires valables du 4 mai au 31 décembre 2026;https://ilico.iledefrance-mobilites.fr/uploads/fiches/20260424T145339Z-23790654-14c5-4d2f-815a-a774c7d87f6e.pdf;HORAIRE;1101
C00394;Horaires valables du 4 mai au 31 décembre 2026;https://ilico.iledefrance-mobilites.fr/uploads/fiches/20260424T152046Z-dcdc3cfb-1b25-4197-92c5-10cb8c5fec64.pdf;HORAIRE;1102
C00399;Plan de ligne 1113;https://ilico.iledefrance-mobilites.fr/uploads/plans/20251215T153204Z-71bb0de9-afc8-4519-918f-d5dfc6953c99.pdf;PLAN;1113
C00401;Plan ligne 5315;https://ilico.iledefrance-mobilites.fr/uploads/plans/20250312T131533Z-f8d30587-2cb2-4d7c-b9c3-d3472b237d72.pdf;PLAN;5315
C00402;Ligne 5327 - Horaires à partir du 6 juillet 2026;https://ilico.iledefrance-mobilites.fr/uploads/fiches/20260617T150551Z-e45c106c-6580-4717-b661-56c3e07f9d4d.pdf;HORAIRE;5327
C00403;Horaires valables du 13 juillet au 23 août 2026;https://ilico.iledefrance-mobilites.fr/uploads/fiches/20260702T103028Z-66a46c00-82a1-4829-a1e9-05ecce500379.pdf;HORAIRE;5110
C00408;Plan ligne 6211;https://ilico.iledefrance-mobilites.fr/uploads/plans/20260811T064447Z-bd733bee-975a-4281-806f-28deab92646f.pdf;PLAN;6211
C00409;plan ligne 5312;https://ilico.iledefrance-mobilites.fr/uploads/plans/20250228T150612Z-e7d7d85b-4b23-42c2-8860-e980ceb21fbb.pdf;PLAN;5312
C00410;Ligne 5324 - Horaires à partir du 6 juillet 2026;https://ilico.iledefrance-mobilites.fr/uploads/fiches/20260617T150407Z-b33c6a1e-5030-46f8-9e7e-47ab66045b8d.pdf;HORAIRE;5324
C00413;Horaires de la ligne 5117;https://ilico.iledefrance-mobilites.fr/uploads/fiches/20251222T152639Z-00bb43cc-bd5d-4a1f-ba82-60b29084da69.pdf;HORAIRE;5117
C00416;Horaires valables du 13 juillet au 23 août 2026;https://ilico.iledefrance-mobilites.fr/uploads/fiches/20260702T103508Z-13296316-22ee-4cfd-86df-42222fa0dccb.pdf;HORAIRE;5112
C00418;Horaires valables du 24 août 2026 au 11 juillet 2027 (sauf du 28 décembre 2026 au 3 janvier 2027);https://ilico.iledefrance-mobilites.fr/uploads/fiches/20260804T130623Z-5864b6d0-1710-42ae-a880-fb417b812a66.pdf;HORAIRE;5101
C00424;Ligne 5289 - Horaire rentrée Septembre 2025;https://ilico.iledefrance-mobilites.fr/uploads/fiches/20260413T122255Z-f81c8614-4799-4b57-976c-1117b564185e.pdf;HORAIRE;5289
C00426;Horaires de la ligne 7818;https://ilico.iledefrance-mobilites.fr/uploads/fiches/20251222T152750Z-f5672dc2-5525-4064-810d-19d4adc9bca9.pdf;HORAIRE;7818
C00436;Fiche Horaire 1353;https://ilico.iledefrance-mobilites.fr/uploads/fiches/20260505T145256Z-af149ba2-bc7e-45e6-9a80-41e7a7d05d48.pdf;HORAIRE;1353
C00437;Ligne 1401;https://ilico.iledefrance-mobilites.fr/uploads/plans/20260731T142100Z-0e18c4c0-25ed-478b-aa38-a8b21f20fc4f.pdf;PLAN;1401 (Ex 30-05)
C00446;Fiche horaire été;https://ilico.iledefrance-mobilites.fr/uploads/fiches/20260616T101958Z-74acc8a8-883e-4810-a981-a709977ec663.pdf;HORAIRE;1518
C00458;Plan de ligne - 1452;https://ilico.iledefrance-mobilites.fr/uploads/plans/20260717T163153Z-9324e972-d6b4-453e-8293-e09b24929a64.pdf;PLAN;1452 (ex 30-31)
C00459;Plan de ligne - 1453;https://ilico.iledefrance-mobilites.fr/uploads/plans/20260717T163241Z-2420d443-230d-477a-8189-263ce1b35e11.pdf;PLAN;1453 (ex 30-32)
C00460;Ligne 1454 - Horaires valables du 31 août 2026 au 3 juillet 2027 inclus.;https://ilico.iledefrance-mobilites.fr/uploads/fiches/20260810T105648Z-3c505abf-55a4-427c-9cff-023808da4397.pdf;HORAIRE;1454 (ex 30-33)
C00463;Ligne 1428 - Horaires valables du 3 aout 2026 au 30 aout 2026 inclus;https://ilico.iledefrance-mobilites.fr/uploads/fiches/20260717T163656Z-eacb446b-b302-40a4-a0ca-5d8d32192452.pdf;HORAIRE;1428 (ex 30-37)
C00465;Plan Ligne 1519;https://ilico.iledefrance-mobilites.fr/uploads/plans/64df256d4310a_Ligne_VALMY_1519_repaired.pdf;PLAN;1519
C00473;Ligne 1420 - Horaires valables du 3 aout 2026 au 23 aout 2026 inclus;https://ilico.iledefrance-mobilites.fr/uploads/fiches/20260717T163859Z-4925bc19-414c-4ab2-b19c-2bcfdbb26f4d.pdf;HORAIRE;1420 (ex 95-19)
C00478;Plan de ligne - 1456;https://ilico.iledefrance-mobilites.fr/uploads/plans/20260717T164003Z-0d9f23a7-f7d0-477e-8b5d-b06359c92cb3.pdf;PLAN;1456 (ex 95-26)
C00480;Ligne 1435 - Horaires valables du 3 aout 2026 au 29 aout 2027 inclus;https://ilico.iledefrance-mobilites.fr/uploads/fiches/20260717T164146Z-6969d8ea-caa6-45e7-97ab-c7f99796cc3a.pdf;HORAIRE;1435 (ex CitéVal Nord Herblay)
C00484;Ligne 1440 - Horaires valables du 3 aout 2026 au 23 aout 2026 inclus;https://ilico.iledefrance-mobilites.fr/uploads/fiches/20260717T164310Z-0bafdb7c-6261-4da6-9696-f496601c04f4.pdf;HORAIRE;1440 (ex 38-01)
C00490;Plan de ligne 4610;https://ilico.iledefrance-mobilites.fr/uploads/plans/20251020T070637Z-5e08af25-e2fe-4b3b-a132-43b593eb94e1.pdf;PLAN;4610
C00495;Fiche WEB ligne 4611 PVS été du 1er septembre 2025 au 12 juillet 2026 et du 24 août au 31 août 2026;https://portail-idfm-operateurs.cdn.prismic.io/portail-idfm-operateurs/JHZFyrt7Xi0BBuK1_FicheWEBligne4611PVS%C3%A9t%C3%A9du1erseptembre2025au12juillet2026etdu24ao%C3%BBtau31ao%C3%BBt2026.pdf;HORAIRE;4611
C00497;Horaires de la ligne 5146 à partir du 2 février 2026;https://ilico.iledefrance-mobilites.fr/uploads/fiches/20260126T151105Z-b6143099-ae81-4aae-86eb-4a86f2fef962.pdf;HORAIRE;5146
C00497;Horaires valables à compter du 6 juillet au 31 août 2026;https://ilico.iledefrance-mobilites.fr/uploads/fiches/20260701T152533Z-a42149dd-cf0a-46a1-8b71-832a30cbc791.pdf;HORAIRE;5146
C00503;Fiche WEB ligne 4612 Été 2026 V0, du lundi 13 juillet au dimanche 23 août 2026;https://portail-idfm-operateurs.cdn.prismic.io/portail-idfm-operateurs/ajK6jI1P9HI4Uoq2_FicheWEBligne4612%C3%89t%C3%A92026V0%2Cdulundi20juilletaudimanche23ao%C3%BBt2026.pdf;HORAIRE;4612
C00504;Plan de ligne 5337;https://ilico.iledefrance-mobilites.fr/uploads/plans/20250804T124354Z-02fd6d6e-48d0-4155-b511-90aa90b99522.pdf;PLAN;5337
C00505;Ligne 5282- Horaire rentrée Septembre 2025;https://ilico.iledefrance-mobilites.fr/uploads/fiches/20260424T153005Z-244199d4-9cd9-49a0-9807-55bf8b8152e1.pdf;HORAIRE;5282
C00508;Ligne 5285- Horaire rentrée Septembre 2025;https://ilico.iledefrance-mobilites.fr/uploads/fiches/20260424T153456Z-ee59f551-767a-4ffc-a5bc-c958967e7ac3.pdf;HORAIRE;5285
C00510;Plan de ligne 5287;https://ilico.iledefrance-mobilites.fr/uploads/plans/20250328T093857Z-ac5b38d3-ddd1-4be7-8790-0d17db63bb78.pdf;PLAN;5287
C00511;Plan de ligne 5291;https://ilico.iledefrance-mobilites.fr/uploads/plans/20250312T101946Z-31be9528-5fe2-491e-aa5e-d426fd2346c0.pdf;PLAN;5291
C00514;Plan de ligne 5294 (ex 39-29-4);https://ilico.iledefrance-mobilites.fr/uploads/plans/20250312T102703Z-575dee5c-9070-4eb6-9607-2720c4f647a0.pdf;PLAN;5294
C00516;Ligne 5242 - Nouveaux Horaires à partir du 1er Septembre 2026;https://ilico.iledefrance-mobilites.fr/uploads/fiches/20260625T160725Z-c7495ca3-85bd-43e6-9f76-d922e29fff4d.pdf;HORAIRE;5242
C00519;Plan ligne 5290;https://ilico.iledefrance-mobilites.fr/uploads/plans/20250312T101811Z-df5eee82-eafe-48f4-9bab-d4a5680f5481.pdf;PLAN;5290
C00521;Plan de la ligne 5153;https://ilico.iledefrance-mobilites.fr/uploads/plans/20251222T153130Z-ec407aa9-d993-437b-bc8a-0a8d9c0724b2.pdf;PLAN;5153
C00524;Ligne 5236 - Horaire rentrée Septembre 2025;https://ilico.iledefrance-mobilites.fr/uploads/fiches/20250804T142806Z-3010dcb4-ab0e-4c20-bfb8-e3d5a512eb13.pdf;HORAIRE;5236
C00530;Horaires valables du 01/09/25 au 03/07/26;https://ilico.iledefrance-mobilites.fr/uploads/fiches/20250826T152801Z-612656de-7a7e-44a0-8524-f5cd36ba4c41.pdf;HORAIRE;6163
C00531;Plan de ligne 5278;https://ilico.iledefrance-mobilites.fr/uploads/plans/20250328T083454Z-751f5ef3-3724-426c-a6b6-e765510088a1.pdf;PLAN;5278
C00533;Ligne 5340 - Horaires à partir du 6 juillet 2026;https://ilico.iledefrance-mobilites.fr/uploads/fiches/20260617T151802Z-3f3888f9-a8b1-42ed-a329-130e9307bfee.pdf;HORAIRE;5340
C00540;Horaires valables du 6 juillet 2026 au 31 août 2027 (sauf du 06/07/26 au 31/08/26 et du 05/07/27 au 31/08/27);https://ilico.iledefrance-mobilites.fr/uploads/fiches/20260702T152857Z-4e6439f9-4e27-40e4-bdd2-99e1f147f18d.pdf;HORAIRE;5193
C00543;Horaires valables du 6 juillet 2026 au 31 août 2027 (sauf du 06/07/26 au 31/08/26 et du 05/07/27 au 31/08/27);https://ilico.iledefrance-mobilites.fr/uploads/fiches/20260702T153427Z-a12da969-b764-448e-8aa2-814d3132a13a.pdf;HORAIRE;5196
C00543;Ligne 5196 - schéma de ligne;https://ilico.iledefrance-mobilites.fr/uploads/plans/20240702T091200Z-947f12e2-b518-4669-a2aa-c42185fbea3d.pdf;PLAN;5196
C00545;Horaires valables du 25 août 2025 au 23 août 2026 - Ne circule pas du 13 juillet au 23 août 2026;https://ilico.iledefrance-mobilites.fr/uploads/fiches/20260702T104659Z-02402178-0252-41bf-95bc-b3584a1bc38a.pdf;HORAIRE;5140
C00546;Dépliant_3101 été au 04072026;https://ilico.iledefrance-mobilites.fr/uploads/fiches/20260522T130850Z-1216b1f2-9a68-4121-8850-718881816d90.pdf;HORAIRE;3101
C00550;Plan 3121;https://ilico.iledefrance-mobilites.fr/uploads/plans/20250919T100132Z-b89f5b39-7c0d-4386-a9b6-86260c87b2c0.pdf;PLAN;3121
C00555;Ligne 434 du 6 juillet au 30 aout 2026;https://ilico.iledefrance-mobilites.fr/uploads/fiches/20260611T100511Z-5e746bb7-54d4-4e83-9213-00d95a249a11.pdf;HORAIRE;434
C00562;Informations Navette Aéroport N1;https://www.parisaeroport.fr/passagers/acces/paris-charles-de-gaulle/navettes-inter-terminaux;HORAIRE;N1
C00562;Plan (mise à jour 29/12/2021);https://www.parisaeroport.fr/docs/default-source/passager-fichiers/acces/acces-routiers/plan-ligne_navette_n1_v2.pdf?sfvrsn=6cfe35bd_10;PLAN;N1
C00574;ligne 427 du 6 juillet au 30 aout 2026;https://ilico.iledefrance-mobilites.fr/uploads/fiches/20260623T080858Z-3eef7052-b234-4a5e-a5c0-32677239d5c3.pdf;HORAIRE;427
C00580;Horaires du 20 juillet au 23 août 2026;https://ilico.iledefrance-mobilites.fr/uploads/fiches/20260717T090849Z-9dd20a38-9ec5-4144-9fb4-8637dff36739.pdf;HORAIRE;4134
C00580;Plan de la ligne de Bus 4134;https://ilico.iledefrance-mobilites.fr/uploads/plans/20250227T152546Z-8f25ea48-9764-4520-b570-9d97c9958867.pdf;PLAN;4134
C00582;Horaires du 20 juillet au 23 août 2026;https://ilico.iledefrance-mobilites.fr/uploads/fiches/20260717T090923Z-85e75da0-f26a-4cf9-b395-5c0e7dfd4c40.pdf;HORAIRE;4111
C00590;Horaires du 20 juillet au 23 août 2026;https://ilico.iledefrance-mobilites.fr/uploads/fiches/20260717T091048Z-1c4473e1-16fc-43a4-b5ac-618b16c78514.pdf;HORAIRE;4133
C00592;Horaires du 20 juillet au 23 août 2026;https://ilico.iledefrance-mobilites.fr/uploads/fiches/20260717T091151Z-1ea32992-e040-445d-b018-8fd941968622.pdf;HORAIRE;4110
C00601;Plan de la ligne de Bus 4153;https://ilico.iledefrance-mobilites.fr/uploads/plans/20250227T152506Z-f318fec3-b081-4c74-aab3-481b2b0208ed.pdf;PLAN;4153
C00603;Fiche horaire 1304;https://ilico.iledefrance-mobilites.fr/uploads/fiches/20260203T112402Z-d941999b-2a13-452e-a44b-215745dafd6b.pdf;HORAIRE;1304
C00603;Plan de ligne 1304;https://ilico.iledefrance-mobilites.fr/uploads/plans/20240520T114649Z-0361db73-0109-4376-bfd0-8af699940b62.pdf;PLAN;1304
C00610;Ligne 23 - Horaires valables à partir du 25 août 2025;https://ilico.iledefrance-mobilites.fr/uploads/fiches/20250825T144323Z-537e0e4e-592b-4540-91a3-727c1eabc43a.pdf;HORAIRE;23 (future 1623)
C00612;Ligne 24 - Horaires valables à partir du 25 août 2025;https://ilico.iledefrance-mobilites.fr/uploads/fiches/20250826T122308Z-9e4a6b7a-c9ce-422f-b3df-63b820a45c12.pdf;HORAIRE;24 (future 1624)
C00616;Ligne 36 - Horaires valables à partir du 25 août 2025;https://ilico.iledefrance-mobilites.fr/uploads/fiches/20250826T123544Z-3585f472-9cba-4caa-902c-127c3a18e384.pdf;HORAIRE;36 (future 1636)
C00616;Plan de la ligne 36;https://ilico.iledefrance-mobilites.fr/uploads/plans/20241014T132111Z-26d691eb-dcda-461a-9ba4-ff7801999524.pdf;PLAN;36 (future 1636)
C00622;Fiche horaire été ligne 2250 du 20 juillet au 23 août 2026;https://ilico.iledefrance-mobilites.fr/uploads/fiches/20260707T140054Z-1a9a3b0e-f2c0-4bf6-a12e-79f78d798adb.pdf;HORAIRE;2250
C00622;Fiche Horaire du 24 août 2026 au 18 juillet 2027;https://ilico.iledefrance-mobilites.fr/uploads/fiches/20260810T145113Z-eb2373b2-8bf8-4cff-9b59-117c5d75a512.pdf;HORAIRE;2250
C00624;Fiche internet_3117 au 01092025;https://ilico.iledefrance-mobilites.fr/uploads/fiches/20250801T093013Z-fcef5b64-12e1-4124-a83c-8c47790b0274.pdf;HORAIRE;3117
C00625;Fiche horaire été ligne 2221 du 20 juillet au 23 août 2026;https://ilico.iledefrance-mobilites.fr/uploads/fiches/20260707T140724Z-c3d9f654-9fb4-4009-b5f3-b866ca448375.pdf;HORAIRE;2221
C00625;Plan de ligne 2221;https://ilico.iledefrance-mobilites.fr/uploads/plans/20240418T150023Z-fb613abf-0d9d-4bfc-85d9-45738b03728d.pdf;PLAN;2221
C00627;Fiche Horaire du 24 août 2026 au 18 juillet 2027;https://ilico.iledefrance-mobilites.fr/uploads/fiches/20260810T145648Z-ff250849-95e3-4399-aa9d-e158e927f291.pdf;HORAIRE;2223
C00628;Fiche Horaire du 24 août 2026 au 18 juillet 2027;https://ilico.iledefrance-mobilites.fr/uploads/fiches/20260810T145819Z-7a6c1b11-d498-43c3-b498-014d345e8c73.pdf;HORAIRE;2225
C00629;Plan de ligne 2226;https://ilico.iledefrance-mobilites.fr/uploads/plans/20240418T150253Z-dae3c142-59a5-41e1-9fe1-c2f63dd546d8.pdf;PLAN;2226
C00630;Fiche horaire été ligne 2229 du 20 juillet au 23 août 2026;https://ilico.iledefrance-mobilites.fr/uploads/fiches/20260707T141013Z-47d7c995-3600-42f0-b97d-7a877f131ac7.pdf;HORAIRE;2229
C00631;Fiche horaire été ligne 2292 du 20 juillet au 23 août 2026;https://ilico.iledefrance-mobilites.fr/uploads/fiches/20260707T141043Z-550295f4-04e6-4b14-81ca-6fb83f899a2d.pdf;HORAIRE;2292
C00631;Plan de ligne 2292;https://ilico.iledefrance-mobilites.fr/uploads/plans/20240418T150428Z-ec1cb202-85aa-4010-9106-67ee93be7465.pdf;PLAN;2292
C00632;Fiche Horaire du 24 août 2026 au 18 juillet 2027;https://ilico.iledefrance-mobilites.fr/uploads/fiches/20260810T152545Z-10849dbf-e6d0-430c-98f2-7d3e5c4fec76.pdf;HORAIRE;2234
C00633;Fiche Horaire du 24 août 2026 au 18 juillet 2027;https://ilico.iledefrance-mobilites.fr/uploads/fiches/20260810T152633Z-baab6eeb-5707-45aa-81c4-cbda3b08776f.pdf;HORAIRE;2253
C00633;Fiche horaire été ligne 2253-2254 du 20 juillet au 23 août 2026;https://ilico.iledefrance-mobilites.fr/uploads/fiches/20260707T141221Z-cd556b0f-f062-474e-b1a0-d3f3d3b6627f.pdf;HORAIRE;2253
C00638;Fiche Horaire du 24 août 2026 au 18 juillet 2027;https://ilico.iledefrance-mobilites.fr/uploads/fiches/20260810T153359Z-b6c9f8bf-a674-4779-b9b2-1171fb376ddc.pdf;HORAIRE;2263
C00640;Fiche horaires 6542 - 25 août 2025;https://ilico.iledefrance-mobilites.fr/uploads/fiches/20251013T102744Z-1fa2b9ef-592b-4a36-9b1a-c002638a5e0f.pdf;HORAIRE;6542
C00642;Plan de ligne 6528;https://ilico.iledefrance-mobilites.fr/uploads/plans/20250819T125308Z-2125370c-98cf-4828-a914-c76aef3a19fe.pdf;PLAN;6528
C00644;Plan de ligne 6543;https://ilico.iledefrance-mobilites.fr/uploads/plans/20250819T125359Z-1aaa9e92-ddd4-4ca0-b9a3-93b1ef947901.pdf;PLAN;6543
C00649;Fiche horaires 6537 - 6 juillet au 23 août 2026;https://ilico.iledefrance-mobilites.fr/uploads/fiches/20260622T124432Z-471d617c-3878-4fb6-bdfc-25e7b4240984.pdf;HORAIRE;6537
C00649;Plan de ligne 6537;https://ilico.iledefrance-mobilites.fr/uploads/plans/20250819T125439Z-d1f75cf1-e63c-4ef5-8065-c476aaed08bb.pdf;PLAN;6537
C00659;Horaires valables du 03 novembre 2025 au 05 juillet 2026;https://ilico.iledefrance-mobilites.fr/uploads/fiches/20251125T095729Z-084756fc-0b42-442f-94a0-140d31fd11c9.pdf;HORAIRE;2120
C00662;Plan gare routière Saint-Michel-s/o;https://ilico.iledefrance-mobilites.fr/uploads/fiches/20251218T130636Z-ecd20bdc-b4b4-4a20-bbe6-92e3d284c28d.pdf;HORAIRE;4540
C00664;Plan Ligne 4523 (maj 06/01/2025);https://ilico.iledefrance-mobilites.fr/uploads/plans/20250106T105303Z-bda4093a-5701-4651-88ae-3b72f510c945.pdf;PLAN;4523
C00670;Horaires Ligne 4518 - A compter du 24 août 2026 au 11 juillet 2027;https://ilico.iledefrance-mobilites.fr/uploads/fiches/20260806T100045Z-cf673d26-ae33-4d7f-88b8-55d9620a6965.pdf;HORAIRE;4518
C00675;Fiche WEB ligne 4641, 4642 et 4643 Été 2026 V0, du lundi 13 juillet au dimanche 23 août 2026;https://portail-idfm-operateurs.cdn.prismic.io/portail-idfm-operateurs/7C9AglIOkbROZFbh_FicheWEBligne4641%2C4642et4643%C3%89t%C3%A92026V0%2Cdulundi13juilletaudimanche23ao%C3%BBt2026.pdf;HORAIRE;4641
C00675;Fiche WEB ligne 4641-4642-4643 PVS été;https://portail-idfm-operateurs.cdn.prismic.io/portail-idfm-operateurs/DVlMwfqzU0S8jWTI_FicheWEBligne4641-4642-4643PVS%C3%A9t%C3%A9.pdf;HORAIRE;4641
C00677;Horaires Ligne 4543 - A compter du 24 août 2026 au 11 juillet 2027;https://ilico.iledefrance-mobilites.fr/uploads/fiches/20260806T100803Z-1b5c1b41-270b-46cf-99a2-b375c44406bf.pdf;HORAIRE;4543
C00682;Horaires Ligne 4550 - du 13 juillet 2026 au 31 décembre 2027;https://ilico.iledefrance-mobilites.fr/uploads/fiches/20260611T130815Z-1dd4cbb3-494f-4c4f-8e79-89de0bde29ac.pdf;HORAIRE;4550
C00685;Horaires ligne 4223 - Du 13 juillet au 23 août 2026;https://ilico.iledefrance-mobilites.fr/uploads/fiches/20260706T074130Z-7f0507b4-edb6-449c-9eb8-727ed81e86bf.pdf;HORAIRE;4223
C00685;Plan ligne 4223;https://ilico.iledefrance-mobilites.fr/uploads/plans/20260706T074130Z-1af900f4-5cce-4e79-9675-aca8424db2b4.pdf;PLAN;4223
C00689;Horaires Ligne 9115- A compter du 24 août 2026 au 11 juillet 2027;https://ilico.iledefrance-mobilites.fr/uploads/fiches/20260806T101123Z-0ab9fbb7-f470-4fb1-a9fc-1f84acd3f328.pdf;HORAIRE;EXPRESS 9115
C00692;Horaires 6201 du 24 août 2026 au 11 juillet 2027;https://ilico.iledefrance-mobilites.fr/uploads/fiches/20260811T065732Z-e39f3932-c6ad-4f9f-907d-79e4a99a0bb1.pdf;HORAIRE;6201
C00693;Horaires 6202 du 24 août 2026 au 11 juillet 2027;https://ilico.iledefrance-mobilites.fr/uploads/fiches/20260811T065945Z-68b9f7ba-26c3-4080-ad1a-61edf081dd8f.pdf;HORAIRE;6202
C00697;Horaires d'été 2026 - L6206 du 13 juillet au 23 août 2026;https://ilico.iledefrance-mobilites.fr/uploads/fiches/20260703T135809Z-545443bf-d57f-4b0d-9fb3-cfa4e7fccda4.pdf;HORAIRE;6206
C00703;Schéma ligne 6136;https://ilico.iledefrance-mobilites.fr/uploads/plans/20250828T061351Z-cceefb46-7b2c-47b0-93b6-7227fb2e5e8e.pdf;PLAN;6136
C00708;Horaires valables du 01/09/25 au 03/07/26;https://ilico.iledefrance-mobilites.fr/uploads/fiches/20250828T062055Z-24107f42-7901-4b4b-a259-7fa7e5cb302b.pdf;HORAIRE;6174
C00727;Horaires valables du 01 septembre 2026 au 04 juillet 2027 inclus (ne circule pas l'été);https://ilico.iledefrance-mobilites.fr/uploads/fiches/20260629T121842Z-5b13e163-bd59-4122-9d0e-646695cfec44.pdf;HORAIRE;5465
C00731;Plan de ligne 5409;https://ilico.iledefrance-mobilites.fr/uploads/plans/20250829T121639Z-e4c2d022-2cd5-4d8d-91ab-7cf2c6ac9b6a.pdf;PLAN;5409
C00733;Plan de ligne 5455;https://ilico.iledefrance-mobilites.fr/uploads/plans/20250829T121710Z-57bc3485-7d1d-4e6c-a53f-4e546f9dee86.pdf;PLAN;5455
C00734;Horaires valables du 01 septembre 2026 au 04 juillet 2027 inclus (ne circule pas l'été);https://ilico.iledefrance-mobilites.fr/uploads/fiches/20260629T122042Z-1f221b57-1ef4-4f99-9aab-221d1446d745.pdf;HORAIRE;5476
C00741;Horaires valables du 01 septembre 2026 au 04 juillet 2027 inclus (ne circule pas l'été);https://ilico.iledefrance-mobilites.fr/uploads/fiches/20260629T122347Z-1c4c9eb8-887f-4949-8b7f-832a248849a2.pdf;HORAIRE;5486
C00744;Horaires valables à partir du 1er septembre 2025 (ne circule pas en été);https://ilico.iledefrance-mobilites.fr/uploads/fiches/20251010T145543Z-3a93c015-05bc-46a3-8972-2d7a66710184.pdf;HORAIRE;5482
C00747;Horaires valables du 1er septembre 2026 au 04 juillet 2027 inclus;https://ilico.iledefrance-mobilites.fr/uploads/fiches/20260803T145237Z-92feae4c-729f-484c-808a-50b4aca7fa39.pdf;HORAIRE;5457
C00749;Horaires valables du 1er septembre 2026 au 04 juillet 2027 inclus;https://ilico.iledefrance-mobilites.fr/uploads/fiches/20260804T115132Z-455895e8-8120-4f18-97d6-ed7318e46030.pdf;HORAIRE;5452
C00751;Horaires valables du 01 septembre 2026 au 04 juillet 2027 inclus (ne circule pas l'été);https://ilico.iledefrance-mobilites.fr/uploads/fiches/20260629T121927Z-ceaf786d-3d28-4d42-8885-a2ecfef261c4.pdf;HORAIRE;5469
C00751;Plan de ligne 5469;https://ilico.iledefrance-mobilites.fr/uploads/plans/20250818T104050Z-b8342f80-00c3-4d06-a42f-565bb6a71eae.pdf;PLAN;5469
C00753;Fiche horaires 7821 - 25 août 2025;https://ilico.iledefrance-mobilites.fr/uploads/fiches/20251013T123719Z-c439c642-7602-4ceb-8880-d1304873e0ea.pdf;HORAIRE;7821
C00755;Horaires valables du 06 juillet au 31 août 2026;https://ilico.iledefrance-mobilites.fr/uploads/fiches/20260610T073753Z-55207bf2-6be3-45e8-9a5b-85eeab4d1eab.pdf;HORAIRE;5438
C00755;Plan de ligne 5438;https://ilico.iledefrance-mobilites.fr/uploads/plans/20250901T100957Z-cafad8d4-0138-46dd-b179-57a3c0f04a46.pdf;PLAN;5438
C00757;Horaires valables du 06 juillet au 31 août 2026;https://ilico.iledefrance-mobilites.fr/uploads/fiches/20260610T073816Z-f0926934-b193-4df2-86a4-d29971fe9763.pdf;HORAIRE;5448
C00762;Plan ligne 1230;https://ilico.iledefrance-mobilites.fr/uploads/plans/20250818T103930Z-707b2009-0df4-4a67-9c32-2dfeadf711c7.pdf;PLAN;1230
C00768;Plan ligne 1240;https://ilico.iledefrance-mobilites.fr/uploads/plans/20250818T105006Z-cf0abdc2-dafc-4ccc-9997-1642dd00615e.pdf;PLAN;1240
C00771;Horaires valables du 6 juillet 2026 au 30 août 2026;https://ilico.iledefrance-mobilites.fr/uploads/fiches/20260702T123620Z-2bdc9fdc-3c38-4551-a9f7-e76a5564843d.pdf;HORAIRE;1224
C00771;Plan ligne 1224;https://ilico.iledefrance-mobilites.fr/uploads/plans/20250818T102653Z-fc6ef661-b886-462a-b36c-28f2fb7ff3ea.pdf;PLAN;1224
C00772;Horaires valables du 6 juillet 2026 au 30 août 2026;https://ilico.iledefrance-mobilites.fr/uploads/fiches/20260702T122907Z-32382b2d-9f9d-4060-9fd6-92af4e6b2799.pdf;HORAIRE;1201
C00774;Horaires valables du 6 juillet 2026 au 30 août 2026;https://ilico.iledefrance-mobilites.fr/uploads/fiches/20260702T123307Z-cbfb104c-8ff3-43df-b157-a7f1871b9d7d.pdf;HORAIRE;1207
C00778;Plan ligne 1208;https://ilico.iledefrance-mobilites.fr/uploads/plans/20250818T102331Z-a42d0758-cbcf-441f-8310-a46206498d35.pdf;PLAN;1208
C00786;Horaires ligne 3409 à partir du 1er Septembre 2025;https://ilico.iledefrance-mobilites.fr/uploads/fiches/20250819T141241Z-651f7d3d-df20-41be-b06d-6997225c4617.pdf;HORAIRE;3409
C00789;Horaires ligne 3441 valables du 1er septembre 2026 au 3 juillet 2027;https://ilico.iledefrance-mobilites.fr/uploads/fiches/20260806T124742Z-e904d8c8-7e1b-4f89-a7b6-399c018fe760.pdf;HORAIRE;3441
C00791;Horaires ligne 3444 valables à partir du 1er septembre 2026;https://ilico.iledefrance-mobilites.fr/uploads/fiches/20260806T131150Z-04012bb6-e5cf-4e31-b43b-4830822c8104.pdf;HORAIRE;3444
C00792;Horaires ligne 3445 valables du 1er septembre 2026 au 3 juillet 2027;https://ilico.iledefrance-mobilites.fr/uploads/fiches/20260806T131541Z-2a155342-97e3-4277-a338-9e37f7d35aef.pdf;HORAIRE;3445
C00793;Horaires ligne 3401 valables à partir du 6 juillet 2026;https://ilico.iledefrance-mobilites.fr/uploads/fiches/20260625T084833Z-d3df6d2c-c80e-4b67-b9b6-69e620f464f1.pdf;HORAIRE;3401
C00796;Horaire ligne 3403 à partir du 1er Septembre 2025;https://ilico.iledefrance-mobilites.fr/uploads/fiches/20250819T134036Z-854aa18f-f508-4956-8997-ce802aafea1f.pdf;HORAIRE;3403
C00797;Horaires ligne 3412 valables du 1er septembre 2026 au 3 juillet 2027;https://ilico.iledefrance-mobilites.fr/uploads/fiches/20260805T120524Z-c9f6f32e-4c75-46a8-af48-261ee82aee3d.pdf;HORAIRE;3412
C00798;Horaires ligne 46 du 05/01/2026 au 31/08/2026;https://ilico.iledefrance-mobilites.fr/uploads/fiches/20251211T114232Z-d364c746-a16b-4a4e-8ca1-201ebf5b04de.pdf;HORAIRE;Express 46 (future 7706)
C00799;3439;https://ilico.iledefrance-mobilites.fr/uploads/plans/20240828T142942Z-91fc927d-dfb3-4b5d-8274-a91504217dd1.pdf;PLAN;3439
C00801;Horaires été 2026;https://ilico.iledefrance-mobilites.fr/uploads/fiches/20260615T150424Z-2870d4f4-7570-46cd-bc5e-7087e9b4a8f6.pdf;HORAIRE;3633
C00803;Plan 3106;https://ilico.iledefrance-mobilites.fr/uploads/plans/20250731T121617Z-8db26308-d622-4e40-8e6b-a11f1706d563.pdf;PLAN;3106
C00819;3503;https://ilico.iledefrance-mobilites.fr/uploads/plans/20260730T153052Z-d6c9bb09-44ff-4074-8f47-592444456011.pdf;PLAN;3503
C00820;3530;https://ilico.iledefrance-mobilites.fr/uploads/plans/20260730T153120Z-82ad3cbb-b305-4f06-af02-ceb14ef237e7.pdf;PLAN;3530
C00822;3540;https://ilico.iledefrance-mobilites.fr/uploads/plans/20260730T153214Z-bf101b7d-9252-4c3c-93ff-edb04cfc3b90.pdf;PLAN;3540
C00824;Horaires Ligne 3510 du 01/09/2025 au 04/07/2026;https://ilico.iledefrance-mobilites.fr/uploads/fiches/20251008T100621Z-51e00bc5-c4e2-448f-b82e-12e2322341ef.pdf;HORAIRE;3510
C00827;Horaires Ligne 3518 du 01/09/2025 au 30/08/2026;https://ilico.iledefrance-mobilites.fr/uploads/fiches/20260707T151033Z-82a3ceb2-104b-4438-8c01-edcb9ac8ebdd.pdf;HORAIRE;3518
C00828;Horaires ligne 3437 à partir du 1er Septembre 2025;https://ilico.iledefrance-mobilites.fr/uploads/fiches/20250819T134710Z-934c2b0c-165c-4f9e-966a-fa212cac859c.pdf;HORAIRE;3437
C00833;Horaires Ligne 3502 du 06/07/2026 au 31/08/2027;https://ilico.iledefrance-mobilites.fr/uploads/fiches/20260710T101747Z-07fc5bd6-2006-4f84-8a26-8a26558a99fe.pdf;HORAIRE;3502
C00835;Horaires Ligne 3505 du 01/09/2025 au 30/08/2026;https://ilico.iledefrance-mobilites.fr/uploads/fiches/20251008T100902Z-c626742c-6dce-4838-9bfc-0a3347c6d454.pdf;HORAIRE;3505
C00836;Fiche horaires ligne 7715 du 13 juillet 2026 au 23 août 2026;https://ilico.iledefrance-mobilites.fr/uploads/fiches/20260624T103311Z-6685db4d-fd44-428b-af9f-d3ed6011a1d8.pdf;HORAIRE;7715
C00836;Plan de bus ligne 7715;https://ilico.iledefrance-mobilites.fr/uploads/plans/20250603T140910Z-d185e3e6-a2e5-4c4c-802e-60fa9a9d6e61.pdf;PLAN;7715
C00838;Fiche horaires ligne 3755 du 25 aout 2025 au 23 aout 2026;https://ilico.iledefrance-mobilites.fr/uploads/fiches/20250822T130718Z-c6ffea6d-5362-44a3-9827-51ec089d7d45.pdf;HORAIRE;3755
C00838;Plan de bus ligne 3755;https://ilico.iledefrance-mobilites.fr/uploads/plans/20250116T134708Z-8f14094e-2631-4c7b-99e7-80d6427ed138.pdf;PLAN;3755
C00839;Fiches horaires lignes 3754 du 3 novembre 2025 au 23 aout 2026;https://ilico.iledefrance-mobilites.fr/uploads/fiches/20251027T131109Z-af515ab1-b31e-4740-a63f-5eb0668aaceb.pdf;HORAIRE;3754
C00839;Plan de bus 3754;https://ilico.iledefrance-mobilites.fr/uploads/plans/20250103T091230Z-ad5ca92c-4019-4f55-aeb3-37ed4e61ef51.pdf;PLAN;3754
C00843;Plan de bus 3703;https://ilico.iledefrance-mobilites.fr/uploads/plans/20250116T135614Z-6b8e8ef1-415e-4ad6-b97d-fcd8460bd715.pdf;PLAN;3703
C00844;Plan de bus 3753;https://ilico.iledefrance-mobilites.fr/uploads/plans/20250103T092803Z-af7e3592-c97b-47ce-bd5f-9d827bf23b21.pdf;PLAN;3753
C00845;Fiche horaires ligne 3711 du 13 juillet 2026 au 23 août 2026;https://ilico.iledefrance-mobilites.fr/uploads/fiches/20260624T101326Z-00d68be2-fbab-4a1c-a4ac-e2c109987c65.pdf;HORAIRE;3711
C00850;Fiche horaires ligne 3734 du 24 aout 2026 au 11 juillet 2027;https://ilico.iledefrance-mobilites.fr/uploads/fiches/20260805T133216Z-5503d2e7-5f8f-44b0-a5d8-134f7c1148a7.pdf;HORAIRE;3734
C00852;Fiche horaires ligne 3737 du 13 juillet 2026 au 23 août 2026;https://ilico.iledefrance-mobilites.fr/uploads/fiches/20260624T103052Z-a98a5d5c-ca28-471a-aa5c-466cdf8dcaa8.pdf;HORAIRE;3737
C00854;Fiche horaires ligne 3742 du 13 juillet 2026 au 23 août 2026;https://ilico.iledefrance-mobilites.fr/uploads/fiches/20260624T103154Z-77068e5b-afe5-4069-bfd7-fc12b4803de0.pdf;HORAIRE;3742
C00854;Plan de bus ligne 3742;https://ilico.iledefrance-mobilites.fr/uploads/plans/20250103T095128Z-64a19a19-f9e3-4d51-8044-38f92d1f76ae.pdf;PLAN;3742
C00855;Plan de bus 3743;https://ilico.iledefrance-mobilites.fr/uploads/plans/20250103T100201Z-d1dd23a2-0271-4fef-ba8f-e2092d8a0404.pdf;PLAN;3743
C00864;Plan de bus ligne 3725;https://ilico.iledefrance-mobilites.fr/uploads/plans/20250116T135227Z-9401da9e-ec3a-421f-bfa5-e10688614384.pdf;PLAN;3725
C00867;Fiche horaires ligne 3722-3723 du 24 aout 2026 au 11 juillet 2027;https://ilico.iledefrance-mobilites.fr/uploads/fiches/20260805T131710Z-867fb6f9-8288-4266-bd4e-f07a9a9a60cc.pdf;HORAIRE;3723
C00867;Plan de ligne 3723.;https://ilico.iledefrance-mobilites.fr/uploads/plans/20250326T125115Z-4e1bc5dd-edae-4f5a-9659-80a679bc88a9.pdf;PLAN;3723
C00868;Fiche horaires ligne 3732 du 13 juillet 2026 au 23 août 2026;https://ilico.iledefrance-mobilites.fr/uploads/fiches/20260624T102757Z-7285c42e-ac55-4f68-aa3c-663fea593ba6.pdf;HORAIRE;3732
C00869;Fiche horaires ligne 3735 24 aout 2026 au 22 aout 2027;https://ilico.iledefrance-mobilites.fr/uploads/fiches/20260805T133253Z-2a235c6e-4b2d-47d9-ac0f-c953c22e51ac.pdf;HORAIRE;3735
C00875;Plan de ligne 3604;https://ilico.iledefrance-mobilites.fr/uploads/plans/20250822T083030Z-cab0c8c5-0bd8-4360-b8dd-d5e09bf203df.pdf;PLAN;3604
C00878;Plan de ligne 3608;https://ilico.iledefrance-mobilites.fr/uploads/plans/20250822T093618Z-5ad23a6b-93dc-4bf3-b087-a1bac6139b50.pdf;PLAN;3608
C00879;Plan de ligne 3602;https://ilico.iledefrance-mobilites.fr/uploads/plans/20260617T154113Z-bdc39788-7218-4b92-8d75-37c6eb9f2264.pdf;PLAN;3602
C00880;Horaires été 2026;https://ilico.iledefrance-mobilites.fr/uploads/fiches/20260616T083016Z-1eabda58-c49d-4cad-ac81-86e03fc0de0c.pdf;HORAIRE;3603
C00882;Plan de ligne 3605;https://ilico.iledefrance-mobilites.fr/uploads/plans/20250822T084854Z-2f912595-4959-4b3a-9e98-c3104b02a9d5.pdf;PLAN;3605
C00883;Horaires été 2026;https://ilico.iledefrance-mobilites.fr/uploads/fiches/20260616T083628Z-59b4e829-1eb1-4036-ac53-725a557bfcad.pdf;HORAIRE;3606
C00885;Plan de ligne 3610;https://ilico.iledefrance-mobilites.fr/uploads/plans/20250822T094020Z-7fbf4c45-185d-4133-acb3-22b1d9b4b0cb.pdf;PLAN;3610
C00887;Horaires été 2026;https://ilico.iledefrance-mobilites.fr/uploads/fiches/20260616T083230Z-b7141222-9b4d-4e4a-8e3f-cd2a0b576b39.pdf;HORAIRE;3612
C00891;Horaires été 2026;https://ilico.iledefrance-mobilites.fr/uploads/fiches/20260615T150511Z-cba3beb3-048c-411a-85ae-735d4c4cfec8.pdf;HORAIRE;3611
C00895;Horaires été 2026;https://ilico.iledefrance-mobilites.fr/uploads/fiches/20260616T083312Z-9754777d-dc96-4b71-b29d-cb551bb482c0.pdf;HORAIRE;3634
C00897;TàD Sainte Assise;https://ilico.iledefrance-mobilites.fr/uploads/fiches/20250822T091445Z-254241cf-a774-406d-8089-934afda7c7e5.pdf;HORAIRE;3630
C00897;Horaires été 2026;https://ilico.iledefrance-mobilites.fr/uploads/fiches/20260616T083353Z-51de1d1a-5218-4c69-8750-cbd9656b8b35.pdf;HORAIRE;3630
C00897;Plan de ligne 3630;https://ilico.iledefrance-mobilites.fr/uploads/plans/20250822T091444Z-0e61ca50-2f10-4b4f-ad44-c45deb493f68.pdf;PLAN;3630
C00899;Plan ligne 2335 (ex ligne Js);https://ilico.iledefrance-mobilites.fr/uploads/plans/20250916T162456Z-d506106c-bcb7-4175-b7d1-77523a35ca22.pdf;PLAN;2335
C00900;Plan ligne 2306 (Ex ligne F);https://ilico.iledefrance-mobilites.fr/uploads/plans/20250915T121845Z-62c4abaf-4c10-4ddc-b67e-bc79ccea40d0.pdf;PLAN;2306
C00905;Plan ligne 2412;https://ilico.iledefrance-mobilites.fr/uploads/plans/20250915T132921Z-67ab5df1-d1ca-4c42-a757-e97b6e1e4948.pdf;PLAN;2412
C00907;Plan Ligne 2414;https://ilico.iledefrance-mobilites.fr/uploads/plans/20251001T120739Z-8b0e8341-2cbd-4028-9a55-d16ed0daed33.pdf;PLAN;2414
C00909;Plan ligne 2318 (ex ligne S);https://ilico.iledefrance-mobilites.fr/uploads/plans/20250915T123857Z-e4799304-864f-45f3-83b7-6373f1d1fa2d.pdf;PLAN;2318
C00910;Ligne 2490;https://ilico.iledefrance-mobilites.fr/uploads/plans/20250915T133232Z-aa87f67d-921f-4aab-93c4-98e9cdd1bd55.pdf;PLAN;2490
C00911;Fiche Horaire du 24 août 2026 au 18 juillet 2027;https://ilico.iledefrance-mobilites.fr/uploads/fiches/20260810T153549Z-711e8073-f196-456d-9a1f-e4cbc3a8951e.pdf;HORAIRE;2264
C00911;Plan de ligne 2264;https://ilico.iledefrance-mobilites.fr/uploads/plans/20250815T161102Z-33f8f5e2-eedb-428a-b9fb-bcbcba9f8958.pdf;PLAN;2264
C00920;Fiche Horaires 09.03.2026;https://ilico.iledefrance-mobilites.fr/uploads/fiches/20260227T133132Z-4d129794-292c-4813-9bab-32e339de8195.pdf;HORAIRE;2418
C00930;Plan ligne 2346;https://ilico.iledefrance-mobilites.fr/uploads/plans/20250917T072425Z-ff7459db-0ee7-42d0-b5bf-ad9321e600b2.pdf;PLAN;2346
C00935;Ligne 2350 (ex ligne 2350) - A partir du 1er septembre 2025;https://ilico.iledefrance-mobilites.fr/uploads/fiches/20250829T212646Z-a705badd-34fc-4831-982e-499a30986b77.pdf;HORAIRE;2350
C00939;Plan ligne 2354;https://ilico.iledefrance-mobilites.fr/uploads/plans/20250917T072649Z-30b88027-a02e-4c6f-933f-ce36883ab496.pdf;PLAN;2354
C00942;Fiche horaires 01.09.2025;https://ilico.iledefrance-mobilites.fr/uploads/fiches/20250728T154421Z-31515f74-63ac-481b-894a-ef3cf4d350d5.pdf;HORAIRE;2492
C00943;Plan de ligne 2261;https://ilico.iledefrance-mobilites.fr/uploads/plans/20250815T160322Z-351e760a-f0ad-4336-94df-c060aee2101c.pdf;PLAN;2261
C00945;Fiche horaire été ligne 2260 du 20 juillet au 23 août 2026;https://ilico.iledefrance-mobilites.fr/uploads/fiches/20260707T141701Z-da24070c-f153-489a-a077-5e825f8225ec.pdf;HORAIRE;2260
C00948;Plan ligne 2317;https://ilico.iledefrance-mobilites.fr/uploads/plans/20250917T082007Z-5440c66c-a568-46c2-8dc0-cf3c05368607.pdf;PLAN;2317
C00951;Plan Ligne 2474;https://ilico.iledefrance-mobilites.fr/uploads/plans/20251001T084400Z-449225b2-b6e8-4e55-8efc-e0e0ad9c0d24.pdf;PLAN;2474
C00954;Ligne 2301 - A partir du 20 juillet 2026;https://ilico.iledefrance-mobilites.fr/uploads/fiches/20260713T103204Z-5f48a30c-8828-49f6-9d5e-a422d17f54e3.pdf;HORAIRE;2301
C00958;Plan ligne 2304;https://ilico.iledefrance-mobilites.fr/uploads/plans/20250917T085125Z-1df339ea-81d8-4051-bd5f-b85712c009f6.pdf;PLAN;2304
C00960;Fiche horaires 01.09.2025;https://ilico.iledefrance-mobilites.fr/uploads/fiches/20250728T154749Z-67bd0c6d-feb8-4e0d-ad4c-edb0e64a4d9a.pdf;HORAIRE;7708
C00962;Horaires Ligne 4551 - du 13 juillet au 23 août 2026;https://ilico.iledefrance-mobilites.fr/uploads/fiches/20260611T130836Z-08d5b23e-f18e-42cf-9e6d-8b2eff89b00d.pdf;HORAIRE;4551
C00962;Plan Ligne 4551 (maj 06/01/2025);https://ilico.iledefrance-mobilites.fr/uploads/plans/20250106T110638Z-771cdb43-77af-475d-b451-43095b954843.pdf;PLAN;4551
C00963;Horaires Ligne 4552 - A compter du 25 août au 12 juillet 2026;https://ilico.iledefrance-mobilites.fr/uploads/fiches/20250731T083922Z-85a6a032-8fe4-4eac-9f23-4636950d1143.pdf;HORAIRE;4552
C00965;Horaires Ligne 4576 - A compter du 1er septembre 2026 au 3 juillet 2027;https://ilico.iledefrance-mobilites.fr/uploads/fiches/20260806T101958Z-1873a337-5089-4273-abb4-0ec5f0de7d57.pdf;HORAIRE;4576
C00966;Horaires Ligne 4578 - A compter du 1er septembre 2026 au 3 juillet 2027;https://ilico.iledefrance-mobilites.fr/uploads/fiches/20260806T102043Z-8b6c28ea-d520-4bcf-b826-eff0a9e89938.pdf;HORAIRE;4578
C00970;Ligne 4440;https://ilico.iledefrance-mobilites.fr/uploads/plans/20240901T092405Z-86c3337c-8874-4f73-b7fa-0e693be38f68.pdf;PLAN;4440
C00973;Ligne 4459 - Horaires valables du 1 Août 2026 au 31 Août 2026 inclus;https://ilico.iledefrance-mobilites.fr/uploads/fiches/20260806T160507Z-bc6ce7fe-9261-4b86-883f-7604919a57dd.pdf;HORAIRE;4459
C00973;Ligne 4459 - Horaires valables du 1er septembre 2026 au 4 juillet 2027;https://ilico.iledefrance-mobilites.fr/uploads/fiches/20260807T155252Z-3c2d593f-e6ef-4795-884c-d51b007f79f3.pdf;HORAIRE;4459
C00976;Ligne 4402 - Horaires valables du 1er septembre 2026 au 4 juillet 2027;https://ilico.iledefrance-mobilites.fr/uploads/fiches/20260807T152333Z-e1dea5a1-f041-4bf7-a806-bdb2b4b731dc.pdf;HORAIRE;4402
C00976;Ligne 4402;https://ilico.iledefrance-mobilites.fr/uploads/plans/20240901T092745Z-31fa6af8-0861-4964-822c-ebe12b4be92e.pdf;PLAN;4402
C00977;Ligne 4407;https://ilico.iledefrance-mobilites.fr/uploads/plans/20240901T092817Z-19596448-de49-49cd-a469-7166f452cf2d.pdf;PLAN;4407
C00978;Plan de la ligne 4408;https://ilico.iledefrance-mobilites.fr/uploads/plans/20251103T112540Z-7dfa390f-5454-482b-bd04-51eccbce7c0e.pdf;PLAN;4408
C00979;Ligne 4410 - Horaires valables du 1 Août 2026 au 31 Août 2026 inclus;https://ilico.iledefrance-mobilites.fr/uploads/fiches/20260807T101524Z-ef8314ea-9046-45b1-860d-33ac8b88d928.pdf;HORAIRE;4410
C00979;Ligne 4410;https://ilico.iledefrance-mobilites.fr/uploads/plans/20240901T093200Z-f15b2304-2589-461e-aec0-2e8b30f8e159.pdf;PLAN;4410
C00985;Horaires ligne 4231 - Du 13 juillet au 23 août 2026;https://ilico.iledefrance-mobilites.fr/uploads/fiches/20260706T074638Z-cf57be25-d1dd-41a6-a374-2e12b86d3543.pdf;HORAIRE;4231
C00987;Horaires ligne 4232 - Du 13 juillet au 23 août 2026;https://ilico.iledefrance-mobilites.fr/uploads/fiches/20260706T074817Z-56df721b-c544-4a20-8727-b54a1422544e.pdf;HORAIRE;4232
C01003;3453;https://ilico.iledefrance-mobilites.fr/uploads/plans/20240828T152115Z-15710200-85e4-4b85-84b2-670f08fbf9a5.pdf;PLAN;3453
C01004;Horaires Ligne 3550 du 01/09/2025 au 04/07/2026;https://ilico.iledefrance-mobilites.fr/uploads/fiches/20251008T100938Z-910a5826-cffa-41e6-826d-da9d43979fec.pdf;HORAIRE;3550
C01005;Horaires Ligne 3556 du 01/09/2025 au 04/07/2026;https://ilico.iledefrance-mobilites.fr/uploads/fiches/20251008T101018Z-a2778066-3104-49ff-9919-47d0ecd6fad9.pdf;HORAIRE;3556
C01006;Horaires Ligne 3557 du 01/09/2025 au 04/07/2026;https://ilico.iledefrance-mobilites.fr/uploads/fiches/20251008T101037Z-3fb30c04-44a5-4360-9955-a7d59c28f2ce.pdf;HORAIRE;3557
C01016;Plan de Bus ligne 4344;https://ilico.iledefrance-mobilites.fr/uploads/plans/20250821T150720Z-484f48ba-cba0-4a29-8696-0b4f2250530c.pdf;PLAN;4344
C01033;Horaires valables du 01 septembre 2026 au 04 juillet 2024 inclus;https://ilico.iledefrance-mobilites.fr/uploads/fiches/20260629T121617Z-eb0c9ac4-1469-4374-9b5c-28f5c6c33f15.pdf;HORAIRE;5435
C01034;Horaires valables du 06 juillet au 31 août 2026;https://ilico.iledefrance-mobilites.fr/uploads/fiches/20260610T073948Z-bf942ee9-0819-4c5d-9317-654fd3a71e13.pdf;HORAIRE;5433
C01034;Horaires valables du 1er septembre 2026 au 04 juillet 2027 inclus;https://ilico.iledefrance-mobilites.fr/uploads/fiches/20260804T091353Z-b615fffc-acd9-4fc3-82ab-3f3436542740.pdf;HORAIRE;5433
C01045;Plan 3124;https://ilico.iledefrance-mobilites.fr/uploads/plans/20250731T150727Z-2d2632bc-31ba-4dc8-a8fa-9d24135d271b.pdf;PLAN;3124
C01047;Plan ligne 2464;https://ilico.iledefrance-mobilites.fr/uploads/plans/20251001T091938Z-783c8af3-7756-424a-9925-8bc07abae5b8.pdf;PLAN;2464
C01049;Fiche horaires 03.11.2025;https://ilico.iledefrance-mobilites.fr/uploads/fiches/20251024T115946Z-03525404-3371-4b4d-b7d2-13fee3f31406.pdf;HORAIRE;2466
C01052;Fiche internet_3132 au 01092025;https://ilico.iledefrance-mobilites.fr/uploads/fiches/20251007T081408Z-5d93431d-8a87-4e5d-b2ff-648ca09d3682.pdf;HORAIRE;3132
C01057;Fiche horaires 01.09.2025;https://ilico.iledefrance-mobilites.fr/uploads/fiches/20250728T152311Z-69206c34-d5b7-4732-8cd0-33e87bd2f184.pdf;HORAIRE;2423
C01057;Ligne_2423;https://ilico.iledefrance-mobilites.fr/uploads/plans/20251001T092714Z-f0a9579e-ab48-44ee-9e8f-4bd1fcc2a5a4.pdf;PLAN;2423
C01059;Fiche horaires 01.09.2025;https://ilico.iledefrance-mobilites.fr/uploads/fiches/20250728T152532Z-fd6ce515-7159-4250-ac99-f34bbc0df588.pdf;HORAIRE;2424
C01059;Ligne_2424;https://ilico.iledefrance-mobilites.fr/uploads/plans/20251001T092826Z-3eef9285-3eae-4044-89e8-8354fe35de86.pdf;PLAN;2424
C01062;Fiche horaires 13/07 au 16/08/2026;https://ilico.iledefrance-mobilites.fr/uploads/fiches/20260702T075430Z-2dc9d92e-e38b-4316-9f78-9f45dd443f7c.pdf;HORAIRE;7701
C01071;Plan de ligne TVM;https://ilico.iledefrance-mobilites.fr/uploads/plans/20260722T091407Z-e4152a86-385e-4099-ad12-fb911ff42491.pdf;PLAN;TVM
C01074;Plan ligne 22;https://ilico.iledefrance-mobilites.fr/uploads/plans/20260611T094030Z-ed84359f-5ded-446c-ae20-8b7175573691.pdf;PLAN;22
C01078;Horaires Ligne 28;https://www.ratp.fr/sites/default/files/lines-assets/fiche-horaire/busratp/fiche-horaire_busratp_ligne-28.pdf;HORAIRE;28
C01082;Fiches horaires ligne 32;https://ilico.iledefrance-mobilites.fr/uploads/fiches/20260810T125239Z-f28afd9e-d621-4b78-8919-8974de1fd238.pdf;HORAIRE;32
C01082;Plan de ligne 32;https://ilico.iledefrance-mobilites.fr/uploads/plans/20260611T094153Z-40f6d3fc-516c-45bb-8505-4a1df870221d.pdf;PLAN;32
C01089;Plan Ligne 48;https://www.ratp.fr/sites/default/files/lines-assets/plan-de-ligne/busratp/plan-de-ligne_busratp_ligne-48.pdf;PLAN;48
C01090;Fiches horaires ligne 52;https://ilico.iledefrance-mobilites.fr/uploads/fiches/20260810T125327Z-39113919-43c3-40d3-ba59-36300a7f5a1b.pdf;HORAIRE;52
C01093;Plan Ligne 56;https://www.ratp.fr/sites/default/files/lines-assets/plan-de-ligne/busratp/plan-de-ligne_busratp_ligne-56.pdf;PLAN;56
C01095;Plan 58;https://ilico.iledefrance-mobilites.fr/uploads/plans/651c1a962eae8_plan-de-ligne_busratp_ligne-58.pdf;PLAN;58
C01099;Horaires Ligne 63;https://www.ratp.fr/sites/default/files/lines-assets/fiche-horaire/busratp/fiche-horaire_busratp_ligne-63.pdf;HORAIRE;63
C01102;Horaires ligne 66;https://ilico.iledefrance-mobilites.fr/uploads/fiches/20260706T140520Z-ac85ca98-5da8-4062-a328-4c8e18560907.pdf;HORAIRE;66
C01102;Plan ligne 66;https://ilico.iledefrance-mobilites.fr/uploads/plans/20260706T143745Z-12b4c310-7dfb-4611-9c68-8e08c508561c.pdf;PLAN;66
C01116;Horaires Ligne 84;https://www.ratp.fr/sites/default/files/lines-assets/fiche-horaire/busratp/fiche-horaire_busratp_ligne-84.pdf;HORAIRE;84
C01116;Plan Ligne 84;https://www.ratp.fr/sites/default/files/lines-assets/plan-de-ligne/busratp/plan-de-ligne_busratp_ligne-84.pdf;PLAN;84
C01120;Horaires Ligne 88;https://www.ratp.fr/sites/default/files/lines-assets/fiche-horaire/busratp/fiche-horaire_busratp_ligne-88.pdf;HORAIRE;88
C01125;Horaires Ligne 94;https://www.ratp.fr/sites/default/files/lines-assets/fiche-horaire/busratp/fiche-horaire_busratp_ligne-94.pdf;HORAIRE;94
C01126;Horaires ligne 95;https://ilico.iledefrance-mobilites.fr/uploads/fiches/20260805T113941Z-45bc453e-ff4a-4eec-a1ca-4671b21fe05e.pdf;HORAIRE;95
C01130;Ligne 101;https://ilico.iledefrance-mobilites.fr/uploads/plans/20260211T085240Z-8def6ccc-8dbc-4ad3-9243-b4d8073824ab.pdf;PLAN;101
C01132;Plan de ligne 103;https://ilico.iledefrance-mobilites.fr/uploads/plans/20260722T084047Z-2b15a5d0-f7e9-4833-93eb-fb3d36c316a4.pdf;PLAN;103
C01134;Fiches horaires 105 - Offre d'été 2026;https://ilico.iledefrance-mobilites.fr/uploads/fiches/20260729T095715Z-3d85d1e1-4373-4794-a6a7-626a516dbce3.pdf;HORAIRE;105
C01135;Horaires Ligne 106 du 24/08 au 31/12/2026;https://ilico.iledefrance-mobilites.fr/uploads/fiches/20260730T114038Z-37ba7208-7497-41b2-a2ef-8512dda52901.pdf;HORAIRE;106
C01139;Horaires Ligne 110 du 13/07 au 16/08/2026;https://ilico.iledefrance-mobilites.fr/uploads/fiches/20260728T084550Z-85f68111-3eb3-4cf4-8ff9-b2450d295d75.pdf;HORAIRE;110
C01145;Plan Ligne 116;https://ilico.iledefrance-mobilites.fr/uploads/plans/20260211T090115Z-76d5edf2-413a-4dae-a57c-d40449dd2abb.pdf;PLAN;116
C01150;Horaires Ligne 121;https://www.ratp.fr/sites/default/files/lines-assets/fiche-horaire/busratp/fiche-horaire_busratp_ligne-121.pdf;HORAIRE;121
C01151;Plan Ligne 122;https://www.ratp.fr/sites/default/files/lines-assets/plan-de-ligne/busratp/plan-de-ligne_busratp_ligne-122.pdf;PLAN;122
C01154;Plan de ligne 125;https://ilico.iledefrance-mobilites.fr/uploads/plans/20260801T171524Z-9287b919-0308-40cc-961f-3852387d9592.pdf;PLAN;125
C01158;Horaires Ligne 129;https://www.ratp.fr/sites/default/files/lines-assets/fiche-horaire/busratp/fiche-horaire_busratp_ligne-129.pdf;HORAIRE;129
C01163;Horaires ligne 137;https://ilico.iledefrance-mobilites.fr/uploads/fiches/20260706T140733Z-99efa7e8-3f33-4a4e-b11e-fafc613162b7.pdf;HORAIRE;137
C01163;Plan ligne 137;https://ilico.iledefrance-mobilites.fr/uploads/plans/20260702T092459Z-dfd86a9f-e174-4c44-b814-123c265b74e8.pdf;PLAN;137
C01164;Horaires ligne 138;https://ilico.iledefrance-mobilites.fr/uploads/fiches/20260706T140837Z-53fbb9c7-1289-4b62-b2e0-6ab9bac2615c.pdf;HORAIRE;138
C01166;Plan ligne 140;https://ilico.iledefrance-mobilites.fr/uploads/plans/20260702T092612Z-38dbd528-8de5-4933-8c1c-69d06a095ca1.pdf;PLAN;140
C01167;Plan de ligne 141;https://ilico.iledefrance-mobilites.fr/uploads/plans/20260810T125812Z-0a54574f-0eef-4a87-901a-aa8a8fc7f223.pdf;PLAN;141
C01170;Plan ligne 145;https://ilico.iledefrance-mobilites.fr/uploads/plans/20260422T113200Z-909a0d05-c6f8-44f6-8563-9a1378a41607.pdf;PLAN;145
C01176;Fiche horaire 152 - Offre d'été 2026;https://ilico.iledefrance-mobilites.fr/uploads/fiches/20260729T101425Z-faf83d6c-5088-4741-ac22-5b5a30882229.pdf;HORAIRE;152
C01180;Fiches horaires ligne 157;https://ilico.iledefrance-mobilites.fr/uploads/fiches/20260810T125910Z-93f39613-3f3e-426e-af79-b1cd51afe94d.pdf;HORAIRE;157
C01184;Plan de ligne 162;https://ilico.iledefrance-mobilites.fr/uploads/plans/20260801T171746Z-aad82e15-9f42-4e4b-a833-bcedc76033e0.pdf;PLAN;162
C01186;Fiches horaires ligne 164;https://ilico.iledefrance-mobilites.fr/uploads/fiches/20260810T130146Z-c5805a16-6b5e-4152-9f71-733c41152011.pdf;HORAIRE;164
C01188;Horaires ligne 166;https://ilico.iledefrance-mobilites.fr/uploads/fiches/20260706T141012Z-a3638978-a114-4f6d-baec-d2ea52c6f407.pdf;HORAIRE;166
C01190;Horaires Ligne 169;https://www.ratp.fr/sites/default/files/lines-assets/fiche-horaire/busratp/fiche-horaire_busratp_ligne-169.pdf;HORAIRE;169
C01191;Horaires ligne 170;https://ilico.iledefrance-mobilites.fr/uploads/fiches/20260805T114149Z-81e32d88-c997-499b-aee4-f680d3a9dc5d.pdf;HORAIRE;170
C01193;Horaires valables à partir du 16 juillet au 16 août 2026;https://ilico.iledefrance-mobilites.fr/uploads/fiches/20260731T174702Z-8dbfe427-b6c8-4dfc-8f8c-f06c77f8b5b6.pdf;HORAIRE;172
C01194;Plan ligne 173;https://ilico.iledefrance-mobilites.fr/uploads/plans/20260708T164850Z-82d38437-e96b-4266-b477-6791c75d7ab5.pdf;PLAN;173
C01197;Fiches horaires ligne 176;https://ilico.iledefrance-mobilites.fr/uploads/fiches/20260810T130313Z-f06c3ac5-9a26-4ffa-b60d-bf83a919cde2.pdf;HORAIRE;176
C01197;Plan de ligne 176;https://ilico.iledefrance-mobilites.fr/uploads/plans/20260611T100235Z-327ec718-35e1-4a07-b9bd-2e6427d1bf93.pdf;PLAN;176
C01200;Fiche Horaire 179;https://ilico.iledefrance-mobilites.fr/uploads/fiches/20260713T073954Z-2319164f-2a41-4c57-867a-11eb3ef253db.pdf;HORAIRE;179
C01201;Horaires valables à partir du 16 juillet au 16 août 2026;https://ilico.iledefrance-mobilites.fr/uploads/fiches/20260804T093526Z-ffc0d4e8-fe5c-492a-a12a-9faa49803d48.pdf;HORAIRE;180
C01202;Horaires ligne 181;https://ilico.iledefrance-mobilites.fr/uploads/fiches/20260722T084641Z-6dab30c1-32d4-4036-b912-c0233575ff36.pdf;HORAIRE;181
C01203;Horaires valables à partir du 16 juillet au 16 août 2026;https://ilico.iledefrance-mobilites.fr/uploads/fiches/20260804T093641Z-3e958704-8a60-4b88-9a4b-6e5b6e5d89a1.pdf;HORAIRE;182
C01203;Plan de ligne 182;https://ilico.iledefrance-mobilites.fr/uploads/plans/20260801T172312Z-2ed54b8c-34cb-4de3-91b3-fb7d481beb49.pdf;PLAN;182
C01204;Horaires ligne 183;https://ilico.iledefrance-mobilites.fr/uploads/fiches/20260722T084737Z-d599dab1-359d-4861-8c8d-d17d0b60c263.pdf;HORAIRE;183
C01205;Horaires ligne 184;https://ilico.iledefrance-mobilites.fr/uploads/fiches/20260722T085054Z-101457ea-04cb-4cfd-932f-00217e9f6574.pdf;HORAIRE;184
C01208;Plan de ligne 187;https://ilico.iledefrance-mobilites.fr/uploads/plans/20260722T090029Z-70237fe3-528b-4a2e-a2da-a4e678674848.pdf;PLAN;187
C01210;Plan de ligne 189;https://ilico.iledefrance-mobilites.fr/uploads/plans/20260408T133003Z-431e06f0-0820-4eb9-a695-826701d4587d.pdf;PLAN;189
C01211;Plan de ligne 190;https://ilico.iledefrance-mobilites.fr/uploads/plans/20260408T133418Z-c7f51f9a-be89-4faa-bb2a-5613218af822.pdf;PLAN;190
C01214;Fiche Horaire 194;https://ilico.iledefrance-mobilites.fr/uploads/fiches/20260713T074133Z-dec52369-4853-44f8-a8d2-35f05a7dfe38.pdf;HORAIRE;194
C01214;Plan de ligne 194;https://ilico.iledefrance-mobilites.fr/uploads/plans/20260408T133516Z-2ba88194-f0c9-4983-934a-4ade813f2196.pdf;PLAN;194
C01215;Plan de ligne 195;https://ilico.iledefrance-mobilites.fr/uploads/plans/20260408T133537Z-b6c565ec-fb72-4338-b161-dd6780a34796.pdf;PLAN;195
C01216;Fiche horaire ligne 196;https://ilico.iledefrance-mobilites.fr/uploads/fiches/20260417T131424Z-ab92ca13-435c-417b-9856-c5dfb8cbfb3f.pdf;HORAIRE;196
C01219;Horaires Ligne 201 du 13/07 au 16/08/2026;https://ilico.iledefrance-mobilites.fr/uploads/fiches/20260728T090428Z-f06597fe-1186-4a18-adfb-10a8fc89cbed.pdf;HORAIRE;201
C01221;Ligne 206 - Horaires valables du 13 juillet au 23 août 2026;https://ilico.iledefrance-mobilites.fr/uploads/fiches/20260612T090533Z-55d3f27d-201c-4570-81b8-e8fd97a6aa2e.pdf;HORAIRE;206
C01222;Ligne 207 - Horaires valables du 13 juillet au 23 août 2026;https://ilico.iledefrance-mobilites.fr/uploads/fiches/20260612T090604Z-6db474d9-3728-41ce-8748-b946363b40f5.pdf;HORAIRE;207
C01223;Plan de ligne 208;https://ilico.iledefrance-mobilites.fr/uploads/plans/20260722T090331Z-64a1b403-6a38-40db-aaee-a3ae1a72729e.pdf;PLAN;208
C01225;Ligne 211 - Plan de ligne;https://ilico.iledefrance-mobilites.fr/uploads/plans/20260710T085143Z-10fe9b10-87b4-4591-80d8-762d38211c1c.pdf;PLAN;211
C01226;Ligne 212 - Plan de ligne;https://ilico.iledefrance-mobilites.fr/uploads/plans/20260710T085218Z-89ecd96f-815b-4f21-be8d-365470201cc7.pdf;PLAN;212
C01229;Horaires Ligne 215;https://www.ratp.fr/sites/default/files/lines-assets/fiche-horaire/busratp/fiche-horaire_busratp_ligne-215.pdf;HORAIRE;215
C01231;Horaires ligne 217;https://ilico.iledefrance-mobilites.fr/uploads/fiches/20260722T090436Z-e8f813c8-1b15-4396-8b34-06bebbcc7049.pdf;HORAIRE;217
C01232;Ligne 220 - Plan de ligne;https://ilico.iledefrance-mobilites.fr/uploads/plans/20260710T085338Z-db1cd255-eb8c-4b7a-99fb-ba912cc67adf.pdf;PLAN;220
C01235;Horaires ligne 235;https://ilico.iledefrance-mobilites.fr/uploads/fiches/20260706T141349Z-e0d7457e-527c-4fac-a2ca-95b0f9b1a368.pdf;HORAIRE;235
C01238;Horaires ligne 239;https://ilico.iledefrance-mobilites.fr/uploads/fiches/20260805T114220Z-0c5c7152-2518-43b6-a3aa-84998f83c063.pdf;HORAIRE;239
C01240;Plan de ligne 244;https://ilico.iledefrance-mobilites.fr/uploads/plans/20260611T100506Z-94194e63-872f-4932-9a00-c9f46371b4cb.pdf;PLAN;244
C01241;Plan ligne 249;https://ilico.iledefrance-mobilites.fr/uploads/plans/20260422T114828Z-de31ae20-be49-4598-9e55-035c1d3a0778.pdf;PLAN;249
C01243;Plan ligne 251;https://ilico.iledefrance-mobilites.fr/uploads/plans/20260422T115031Z-823c6742-6e5d-42d8-b831-a70c4733b683.pdf;PLAN;251
C01244;Plan ligne 252;https://ilico.iledefrance-mobilites.fr/uploads/plans/20260708T165104Z-84a6c842-2272-499b-b7d1-b2c8c8fcdb55.pdf;PLAN;252
C01245;Horaires ligne 253;https://ilico.iledefrance-mobilites.fr/uploads/fiches/20260805T114347Z-b4747a75-fca6-4f0a-a71a-5c2dbe4b2c13.pdf;HORAIRE;253
C01248;Fiches horaires ligne 258;https://ilico.iledefrance-mobilites.fr/uploads/fiches/20260810T130429Z-b93a63c2-b03d-4f5e-bbcd-0bfa6dea1b17.pdf;HORAIRE;258
C01253;Horaires ligne 270;https://ilico.iledefrance-mobilites.fr/uploads/fiches/20260805T114716Z-cd4cd14b-6dbc-44d2-8cfe-3af8c8110d0f.pdf;HORAIRE;270
C01254;Fiches horaires ligne 272;https://ilico.iledefrance-mobilites.fr/uploads/fiches/20260810T130453Z-b79a8eae-f36a-447a-8e7c-85b359e70db6.pdf;HORAIRE;272
C01262;Plan de ligne 285;https://ilico.iledefrance-mobilites.fr/uploads/plans/20260416T144235Z-0d9c9f2c-ac79-4fb0-aab2-0679e05eb46c.pdf;PLAN;285
C01265;Fiche Horaire 290;https://ilico.iledefrance-mobilites.fr/uploads/fiches/20260713T074230Z-fb651b7a-4b3d-4b38-ba4f-643e1c53552a.pdf;HORAIRE;290
C01267;Plan de ligne 292;https://ilico.iledefrance-mobilites.fr/uploads/plans/20260416T145659Z-d47bd8af-8628-400f-b54f-757bde082ece.pdf;PLAN;292
C01273;Plan ligne 302;https://ilico.iledefrance-mobilites.fr/uploads/plans/20260708T165603Z-c45f595f-ec98-4a7a-b4ea-a4ffca615eb9.pdf;PLAN;302
C01276;Plan Ligne 306;https://ilico.iledefrance-mobilites.fr/uploads/plans/20260211T091038Z-23709e89-4d4c-423b-9ddf-aa1083527c5a.pdf;PLAN;306
C01277;Plan de ligne 308;https://ilico.iledefrance-mobilites.fr/uploads/plans/20260722T090720Z-8e40e3a9-9e9c-4cbf-92cc-cd0ee297532f.pdf;PLAN;308
C01279;Ligne 312 - Plan de ligne;https://ilico.iledefrance-mobilites.fr/uploads/plans/20260710T085423Z-9e1626c0-f992-4224-a529-6c4edb6580e8.pdf;PLAN;312
C01282;Fiche horaire ligne 319;https://ilico.iledefrance-mobilites.fr/uploads/fiches/20260417T132137Z-4ae5de34-7d7d-45da-9227-a7b56335fdb7.pdf;HORAIRE;319
C01283;Ligne 320 - Plan de ligne;https://ilico.iledefrance-mobilites.fr/uploads/plans/20260710T085534Z-1b0c89d6-9663-4aef-82f4-027cfb67c0fa.pdf;PLAN;320
C01285;Ligne 321 - Horaires valables du 13 juillet 2026 au 18 juillet 2027;https://ilico.iledefrance-mobilites.fr/uploads/fiches/20260612T111721Z-42a9af2c-d407-4117-879e-e143baa7e779.pdf;HORAIRE;321
C01289;Horaires Ligne 330;https://ilico.iledefrance-mobilites.fr/uploads/fiches/20260423T082827Z-b7ee5788-5941-4a9e-be47-bc539968fa1f.pdf;HORAIRE;330
C01292;Plan ligne 340;https://ilico.iledefrance-mobilites.fr/uploads/plans/20260702T093144Z-49c7d2d7-ff02-4279-9d96-faffca09c84e.pdf;PLAN;340
C01294;Horaires Ligne 341;https://www.ratp.fr/sites/default/files/lines-assets/fiche-horaire/busratp/fiche-horaire_busratp_ligne-341.pdf;HORAIRE;341
C01302;Horaires ligne 355;https://ilico.iledefrance-mobilites.fr/uploads/fiches/20260422T123830Z-5ae175ea-3804-40c4-865f-4ed7115b61dd.pdf;HORAIRE;355
C01306;Fiches horaires ligne 366;https://ilico.iledefrance-mobilites.fr/uploads/fiches/20260810T130731Z-b84d8c3f-f16d-4df0-b022-9232b4fe9f10.pdf;HORAIRE;366
C01316;Fiche Horaire 390;https://ilico.iledefrance-mobilites.fr/uploads/fiches/20260713T074317Z-eef2edec-82c4-4bb2-8a74-6b1c03bcec9d.pdf;HORAIRE;390
C01317;Plan de ligne 391;https://ilico.iledefrance-mobilites.fr/uploads/plans/20260713T074754Z-a1e8a0f8-d0c4-4b2c-afbe-d66fbe3af4bb.pdf;PLAN;391
C01320;Plan de ligne 395;https://ilico.iledefrance-mobilites.fr/uploads/plans/20260416T153455Z-ec91a4c6-964b-4a67-8be0-a86193b75c49.pdf;PLAN;395
C01324;Plan de ligne 467;https://ilico.iledefrance-mobilites.fr/uploads/plans/20260611T102117Z-a3ca3336-9432-47a1-83c9-b1a6d1281289.pdf;PLAN;467
C01326;Fiche horaire ligne 485;https://ilico.iledefrance-mobilites.fr/uploads/fiches/20260417T130007Z-fac02808-bc2a-4c4c-9cc8-3fbad8485368.pdf;HORAIRE;485
C01328;Fiche horaire ligne 492;https://ilico.iledefrance-mobilites.fr/uploads/fiches/20260417T130241Z-d63833fd-6531-46c9-b159-c09deb700225.pdf;HORAIRE;492
C01328;Plan de ligne 492;https://ilico.iledefrance-mobilites.fr/uploads/plans/20260416T153621Z-3e2882c3-680c-4558-bf90-273ade005d9c.pdf;PLAN;492
C01333;Horaires Ligne LA TRAVERSE NEY FLANDRE;https://www.ratp.fr/sites/default/files/lines-assets/fiche-horaire/busratp/fiche-horaire_busratp_ligne-519.pdf;HORAIRE;La Traverse Ney - Flandre
C01336;Plan ligne MONTBUS;https://ilico.iledefrance-mobilites.fr/uploads/plans/20260204T155949Z-734801eb-295f-4582-a0ec-58f823e1139f.pdf;PLAN;MONTBUS
C01338;Horaires Ligne 541 Eolien;https://ilico.iledefrance-mobilites.fr/uploads/fiches/20260423T083455Z-c83521e8-ce5c-41d2-925f-018d821ef9d7.pdf;HORAIRE;EOLIEN
C01342;Plan Ligne 546 TUB;https://ilico.iledefrance-mobilites.fr/uploads/plans/20260423T084009Z-2197534e-ea15-466e-babc-b50a2c326e61.pdf;PLAN;TRANSPORT URBAIN BONDYNOIS
C01353;Plan Ligne SUBB;https://www.ratp.fr/sites/default/files/lines-assets/plan-de-ligne/busratp/plan-de-ligne_busratp_ligne-571.pdf;PLAN;SUBB Boucle Nord
C01354;Plan Ligne TUC;https://www.ratp.fr/sites/default/files/lines-assets/plan-de-ligne/busratp/plan-de-ligne_busratp_ligne-574.pdf;PLAN;TUC
C01356;Plan ligne 577;https://ilico.iledefrance-mobilites.fr/uploads/plans/20260702T093439Z-d7cc1081-ab42-419e-9867-5ec0a2d5c580.pdf;PLAN;RIVER PLAZA
C01369;Plan de ligne 595;https://ilico.iledefrance-mobilites.fr/uploads/plans/20260408T133810Z-75f005ed-b565-4251-b15c-59047e7d1a6a.pdf;PLAN;595
C01373;Plan Métro 3;https://www.ratp.fr/sites/default/files/lines-assets/plan-de-ligne/metro/plan-de-ligne_metro_ligne-3.pdf;PLAN;3
C01378;Plan Métro 8;https://www.ratp.fr/sites/default/files/lines-assets/plan-de-ligne/metro/plan-de-ligne_metro_ligne-8.pdf;PLAN;8
C01379;Plan Métro 9;https://www.ratp.fr/sites/default/files/lines-assets/plan-de-ligne/metro/plan-de-ligne_metro_ligne-9.pdf;PLAN;9
C01381;Plan Métro 11;https://www.ratp.fr/sites/default/files/lines-assets/plan-de-ligne/metro/plan-de-ligne_metro_ligne-11.pdf;PLAN;11
C01382;Plan Métro 12;https://www.ratp.fr/sites/default/files/lines-assets/plan-de-ligne/metro/plan-de-ligne_metro_ligne-12.pdf;PLAN;12
C01388;Horaires Orlyval;https://ilico.iledefrance-mobilites.fr/uploads/fiches/20260206T090443Z-1a716a90-4b49-41a1-b8c9-1726db82a71c.pdf;HORAIRE;ORLYVAL
C01389;Horaires Ligne T1;https://www.ratp.fr/sites/default/files/lines-assets/fiche-horaire/tram/fiche-horaire_tram_ligne-t1.pdf;HORAIRE;T1
C01391;Horaires Ligne T3A;https://www.ratp.fr/sites/default/files/lines-assets/fiche-horaire/tram/fiche-horaire_tram_ligne-t3a.pdf;HORAIRE;T3a
C01405;Horaires Ligne N45;https://www.ratp.fr/sites/default/files/lines-assets/fiche-horaire/noctilien/fiche-horaire_noctilien_ligne-n45.pdf;HORAIRE;N45
C01406;Horaires Ligne N43;https://www.ratp.fr/sites/default/files/lines-assets/fiche-horaire/noctilien/fiche-horaire_noctilien_ligne-n43.pdf;HORAIRE;N43
C01406;Plan Ligne N43;https://www.ratp.fr/sites/default/files/lines-assets/plan-de-ligne/noctilien/plan-de-ligne_noctilien_ligne-n43.pdf;PLAN;N43
C01409;Horaires Ligne N53;https://www.ratp.fr/sites/default/files/lines-assets/fiche-horaire/noctilien/fiche-horaire_noctilien_ligne-n53.pdf;HORAIRE;N53
C01413;Horaires Ligne N01;https://www.ratp.fr/sites/default/files/lines-assets/fiche-horaire/noctilien/fiche-horaire_noctilien_ligne-n01.pdf;HORAIRE;N01
C01413;Plan Ligne N01;https://www.ratp.fr/sites/default/files/lines-assets/plan-de-ligne/noctilien/plan-de-ligne_noctilien_ligne-n01.pdf;PLAN;N01
C01415;Horaires LN11;https://ilico.iledefrance-mobilites.fr/uploads/fiches/20260527T054859Z-168d0733-7228-449e-a428-e121d366a79c.pdf;HORAIRE;N11
C01419;Plan Ligne N13;https://www.ratp.fr/sites/default/files/lines-assets/plan-de-ligne/noctilien/plan-de-ligne_noctilien_ligne-n13.pdf;PLAN;N13
C01421;Ligne N122 - Horaire rentrée Septembre 2025;https://ilico.iledefrance-mobilites.fr/uploads/fiches/20250804T141329Z-2c64fe47-128c-4843-bc6e-911404f088ab.pdf;HORAIRE;N122
C01426;Ligne 702 - Plan de ligne;https://ilico.iledefrance-mobilites.fr/uploads/plans/20260710T090642Z-fa4b703f-ffb7-4f32-be24-ee4a58b1517d.pdf;PLAN;702 (ex 2)
C01427;Ligne 705 - Horaires valables du 13 juillet au 23 août 2026;https://ilico.iledefrance-mobilites.fr/uploads/fiches/20260612T090728Z-16b1d1f1-f752-480f-b657-1d9135417993.pdf;HORAIRE;705 (ex 5)
C01429;Plan Ligne Fileo Othis (sur réservation);https://www.datocms-assets.com/56495/1640343958-fileo-othis.jpg;PLAN;Filéo Othis (future TàD Roissy Othis)
C01435;Plan de ligne 3301;https://ilico.iledefrance-mobilites.fr/uploads/plans/20250825T063143Z-fa22c69b-0a96-4036-94e0-6ae04dd65476.pdf;PLAN;3301
C01436;Horaires ligne 3303 du 05/01/2026 au 31/08/2026;https://ilico.iledefrance-mobilites.fr/uploads/fiches/20251211T115333Z-70f71a0c-f8f4-412a-bf14-c45be08499f9.pdf;HORAIRE;3303
C01437;Plan de ligne 3304;https://ilico.iledefrance-mobilites.fr/uploads/plans/20250825T063324Z-5fc29111-82ea-4384-bd84-70902750296e.pdf;PLAN;3304
C01439;Horaires ligne 3305 du 09/03/2026 au 31/08/2026;https://ilico.iledefrance-mobilites.fr/uploads/fiches/20260224T115245Z-d0797539-83f5-4b09-b3e7-702d2daab464.pdf;HORAIRE;3305
C01440;Plan de ligne 3311;https://ilico.iledefrance-mobilites.fr/uploads/plans/20250825T063644Z-2e0f313a-4ae6-4a01-99a3-45268c9cd27b.pdf;PLAN;3311
C01446;3435;https://ilico.iledefrance-mobilites.fr/uploads/plans/20240828T144544Z-27055890-faeb-4bc8-a6c4-da1d46ffbeac.pdf;PLAN;3435
C01450;Horaires ligne 3433 valables à partir du 1er septembre 2026;https://ilico.iledefrance-mobilites.fr/uploads/fiches/20260806T090339Z-fa8355aa-2a84-478c-8ccf-19b56e88ea54.pdf;HORAIRE;3433
C01452;Horaires Ligne 3240 du 01 Septembre2025 au 30 Août 2026;https://ilico.iledefrance-mobilites.fr/uploads/fiches/20251211T095241Z-bb3e14cd-fbbe-47fc-8ce2-f160891c45aa.pdf;HORAIRE;3240
C01453;Horaires Ligne 3241 du 31 Août 2026 au 29 Août 2027;https://ilico.iledefrance-mobilites.fr/uploads/fiches/20260721T063415Z-f86bd05e-ee38-4681-85df-3c811c55dbd8.pdf;HORAIRE;3241
C01454;Horaires Ligne 3243 du 31 Août 2026 au 29 Août 2027;https://ilico.iledefrance-mobilites.fr/uploads/fiches/20260721T063503Z-7dd430bf-8ccf-4a06-9530-c960edce54c3.pdf;HORAIRE;3243
C01454;Thermomètre ligne 3243;https://ilico.iledefrance-mobilites.fr/uploads/plans/20260721T065451Z-74ac0d59-1e20-4fba-871c-6525daf6a9f5.pdf;PLAN;3243
C01459;Thermomètre ligne 3256;https://ilico.iledefrance-mobilites.fr/uploads/plans/20260721T065618Z-fdd5f9b9-4b8d-4562-a421-cf91e75c3f4d.pdf;PLAN;3256
C01461;Thermomètre ligne 3250;https://ilico.iledefrance-mobilites.fr/uploads/plans/20260721T065652Z-a33127e9-7eb6-42a3-baaf-10d3cc3c4251.pdf;PLAN;3250
C01463;Horaires Ligne 3258 du 31 Août 2026 au 29 Août 2027;https://ilico.iledefrance-mobilites.fr/uploads/fiches/20260721T063814Z-34c591e9-9637-49da-a34a-c15da82eea32.pdf;HORAIRE;3258
C01463;Thermomètre ligne 3258;https://ilico.iledefrance-mobilites.fr/uploads/plans/20260721T065748Z-124e51bd-f8bb-43d6-8f8d-4c1916803671.pdf;PLAN;3258
C01464;Horaires Ligne 3202 du 31 Août 2026 au 29 Août 2027;https://ilico.iledefrance-mobilites.fr/uploads/fiches/20260721T061803Z-86deffe5-753b-4c47-933a-9150117ce8f4.pdf;HORAIRE;3202
C01464;Plan ligne 3202;https://ilico.iledefrance-mobilites.fr/uploads/plans/20250926T114005Z-3944e70c-937a-47b8-8356-cfaa4b644ddc.pdf;PLAN;3202
C01468;Horaires Ligne 3253 du 31 Août 2026 au 29 Août 2027;https://ilico.iledefrance-mobilites.fr/uploads/fiches/20260721T063906Z-3e84ade8-4096-4740-b9ca-7a1b7c508708.pdf;HORAIRE;3253
C01468;Thermomètre ligne 3253;https://ilico.iledefrance-mobilites.fr/uploads/plans/20260721T065827Z-4b4ff2e5-5c21-4dd0-b2b5-320670ca2b49.pdf;PLAN;3253
C01469;Horaires Ligne 3260 du 01 Septembre2025 au 30 Août 2026;https://ilico.iledefrance-mobilites.fr/uploads/fiches/20251211T100018Z-1bbad89d-57d2-43db-8405-985c7726ee08.pdf;HORAIRE;3260
C01469;Thermomètre ligne 3260;https://ilico.iledefrance-mobilites.fr/uploads/plans/20260721T065805Z-ce874262-baf3-496e-bc98-3bb5e0b22132.pdf;PLAN;3260
C01472;Fiche horaire 9518;https://ilico.iledefrance-mobilites.fr/uploads/fiches/20260709T145012Z-a54b081f-2a94-4848-9940-2f59cf2c053a.pdf;HORAIRE;9518
C01473;Plan ligne 6412 - Maisons Laffitte-St Germain en Laye;https://ilico.iledefrance-mobilites.fr/uploads/plans/20260702T141230Z-2940a7ee-8452-4e5c-bb6a-c25ee3a30df6.pdf;PLAN;6412
C01476;Horaires valables à partir du 6 juillet 2026;https://ilico.iledefrance-mobilites.fr/uploads/fiches/20260703T061912Z-a16f790a-737a-4eb7-8e88-3e713f989f9b.pdf;HORAIRE;6428
C01481;Fiches horaires ligne 426;https://ilico.iledefrance-mobilites.fr/uploads/fiches/20260810T131004Z-d2ba5d22-d416-410d-b5ae-371ddaf4e5b6.pdf;HORAIRE;426
C01485;Plan de ligne 459;https://ilico.iledefrance-mobilites.fr/uploads/plans/20260611T102157Z-b03840d6-36fe-4f7e-bbb4-1d709a5d5ed9.pdf;PLAN;459
C01488;Fiches horaires ligne 471;https://ilico.iledefrance-mobilites.fr/uploads/fiches/20260810T130941Z-b2cadcc2-657c-4a5c-9f8a-b7f33bcf14d6.pdf;HORAIRE;471
C01493;Horaires Hiver - L6280 du 1er septembre 2025 au 3 juillet 2026;https://ilico.iledefrance-mobilites.fr/uploads/fiches/20250812T083509Z-ff74fcbb-23f5-424d-9956-6f775bd71331.pdf;HORAIRE;6280
C01494;3407;https://ilico.iledefrance-mobilites.fr/uploads/plans/20240828T152156Z-96cd0510-1c38-43ff-9078-8edc1e11692c.pdf;PLAN;3407
C01499;Horaires Ligne 7704 du 31 Août 2026 au 29 Août 2027;https://ilico.iledefrance-mobilites.fr/uploads/fiches/20260721T061922Z-bd9247c3-5e13-4095-bd99-0813a0d608eb.pdf;HORAIRE;7704
C01499;Plan ligne 7704;https://ilico.iledefrance-mobilites.fr/uploads/plans/20250926T114823Z-1a9db987-b962-4288-9ec7-ba21795e311e.pdf;PLAN;7704
C01501;Horaires Ligne 3251 du 31 Août 2026 au 29 Août 2027;https://ilico.iledefrance-mobilites.fr/uploads/fiches/20260721T062101Z-2a9a9652-d82a-4041-b914-30339ca459e4.pdf;HORAIRE;3251
C01503;Horaires Ligne 3215 du 31 Août 2026 au 29 Août 2027;https://ilico.iledefrance-mobilites.fr/uploads/fiches/20260721T062215Z-8a4ee04a-d9ab-4c16-a0ae-039e2813159a.pdf;HORAIRE;3215
C01503;Thermomètre ligne 3215;https://ilico.iledefrance-mobilites.fr/uploads/plans/20260721T064409Z-7305ba8d-367e-4baf-a4ed-2bed0de3db2e.pdf;PLAN;3215
C01506;Horaires Ligne 3218 du 01 Septembre2025 au 30 Août 2026;https://ilico.iledefrance-mobilites.fr/uploads/fiches/20251211T095205Z-3092a560-37d9-4617-9fed-c2e816df44ab.pdf;HORAIRE;3218
C01506;Horaires Ligne 3218 du 31 Août 2026 au 29 Août 2027;https://ilico.iledefrance-mobilites.fr/uploads/fiches/20260721T062335Z-31deb199-9ed9-43a8-8a00-84a181a3a673.pdf;HORAIRE;3218
C01507;Horaires Ligne 3211 du 31 Août 2026 au 29 Août 2027;https://ilico.iledefrance-mobilites.fr/uploads/fiches/20260721T062403Z-c6b528e2-d129-4bb0-93a0-a4c1fbde2808.pdf;HORAIRE;3211
C01508;Plan ligne 3212;https://ilico.iledefrance-mobilites.fr/uploads/plans/20250926T114747Z-66622277-837c-465e-ad8b-858c16d1ccee.pdf;PLAN;3212
C01510;Horaires Ligne 3214 du 31 Août 2026 au 29 Août 2027;https://ilico.iledefrance-mobilites.fr/uploads/fiches/20260721T062527Z-57a0b01c-9039-442e-a45a-4d1dc35091c3.pdf;HORAIRE;3214
C01511;Horaires ligne 3315 du 05/01/2026 au 31/08/2026;https://ilico.iledefrance-mobilites.fr/uploads/fiches/20251211T115940Z-14ce2cbe-a988-41a5-8b4d-df47099d2cb6.pdf;HORAIRE;3315
C01511;Plan de ligne 3315;https://ilico.iledefrance-mobilites.fr/uploads/plans/20250825T064002Z-dc9522ac-4618-4547-bb75-a863ac4f84c7.pdf;PLAN;3315
C01512;Horaires Ligne 3249 du 05 Janvier 2026 au 30 Août 2026;https://ilico.iledefrance-mobilites.fr/uploads/fiches/20251211T095552Z-4c2845de-776d-41dd-86c5-d0066a0834f1.pdf;HORAIRE;3249
C01513;Horaires Ligne 3246 du 09 Mars 2026 au 08 Mars 2026;https://ilico.iledefrance-mobilites.fr/uploads/fiches/20260316T104540Z-ab492e51-efbc-4d7c-9d41-cfe4c4788b92.pdf;HORAIRE;3246
C01517;Plan ligne 3208;https://ilico.iledefrance-mobilites.fr/uploads/plans/20250926T114251Z-a1162b4e-b379-4c33-8cf5-d8912c3612a3.pdf;PLAN;3208
C01519;Horaires Ligne 3209 du 31 Août 2026 au 29 Août 2027;https://ilico.iledefrance-mobilites.fr/uploads/fiches/20260721T063201Z-c9ea02d5-87ae-4679-b579-164a5c92ba92.pdf;HORAIRE;3209
C01521;Horaires valables du 24 août 2026 au 11 juillet 2027 (sauf du 28 décembre 2026 au 3 janvier 2027);https://ilico.iledefrance-mobilites.fr/uploads/fiches/20260804T133233Z-4e0a1ff9-e2dc-474f-a0ec-9a8d38436b44.pdf;HORAIRE;5134
C01522;Horaires valables du 24 août 2026 au 11 juillet 2027 (sauf du 28 décembre 2026 au 3 janvier 2027);https://ilico.iledefrance-mobilites.fr/uploads/fiches/20260804T132206Z-2711823b-24e4-490d-b8be-f42f8b6012ab.pdf;HORAIRE;5121
C01524;Horaires valables du 13 juillet au 23 août 2026;https://ilico.iledefrance-mobilites.fr/uploads/fiches/20260702T103719Z-71eab9d8-8078-4906-8721-5d47619379ee.pdf;HORAIRE;5120
C01527;Horaires valables du 27 juillet au 23 août 2026;https://ilico.iledefrance-mobilites.fr/uploads/fiches/20260709T143740Z-a74d1a6e-7a02-44a7-ba05-72931fec2781.pdf;HORAIRE;5104
C01527;Ligne 5104 - schéma de ligne;https://ilico.iledefrance-mobilites.fr/uploads/plans/20240513T154056Z-26eacb8a-b4d4-4a08-aafe-f5c4d2934d6a.pdf;PLAN;5104
C01530;Ligne 5107 - schéma de ligne;https://ilico.iledefrance-mobilites.fr/uploads/plans/20260717T081944Z-a430ab08-4452-4d79-811b-ad5bfe87b36d.pdf;PLAN;5107
C01538;Horaires valables du 27 juillet au 23 août 2026;https://ilico.iledefrance-mobilites.fr/uploads/fiches/20260709T144110Z-376dbce2-94fc-4571-b4d6-6bbfe3504217.pdf;HORAIRE;5145
C01538;Ligne 5145 - schéma de ligne;https://ilico.iledefrance-mobilites.fr/uploads/plans/20260109T164052Z-b8b482b6-06e1-4a72-a994-aeef8ea2cd5e.pdf;PLAN;5145
C01541;Horaires valables du 24 août 2026 au 11 juillet 2027 (sauf du 28 décembre 2026 au 3 janvier 2027);https://ilico.iledefrance-mobilites.fr/uploads/fiches/20260804T133654Z-6fbd68b5-6599-4e38-b081-3b34670b9910.pdf;HORAIRE;5150
C01549;Fiche horaires ligne 702 du 13 juillet 2026 au 3 janvier 2027;https://ilico.iledefrance-mobilites.fr/uploads/fiches/20260707T092407Z-c4517aee-1cf1-40c4-a9d1-cfadd00483b0.pdf;HORAIRE;702
C01549;Plan de la ligne 702;https://ilico.iledefrance-mobilites.fr/uploads/plans/64fed64020ba1_Ligne_NORD-SEINE-SAINT-DENIS_702.pdf;PLAN;702
C01552;Plan de ligne 9504;https://ilico.iledefrance-mobilites.fr/uploads/plans/20251215T153752Z-52381d26-4f37-4253-a7e2-f0edfd8e66c7.pdf;PLAN;9504
C01553;Plan de ligne 1111;https://ilico.iledefrance-mobilites.fr/uploads/plans/20251215T153850Z-f1f159d3-02ff-4e00-851e-e9a701d9b704.pdf;PLAN;1111
C01554;Horaires valables du 6 juillet au 31 août 2026;https://ilico.iledefrance-mobilites.fr/uploads/fiches/20260612T141627Z-ec52aacf-7d70-4660-8df9-b20e7b74c65c.pdf;HORAIRE;1116
C01554;Plan de ligne 1116;https://ilico.iledefrance-mobilites.fr/uploads/plans/20260123T091008Z-26c5391f-d989-4869-9bc7-12f92408631b.pdf;PLAN;1116
C01555;Plan de ligne 1137;https://ilico.iledefrance-mobilites.fr/uploads/plans/20251215T154002Z-1d562395-012f-4e05-8a0e-9dc166464250.pdf;PLAN;1137
C01556;Plan de ligne 1138;https://ilico.iledefrance-mobilites.fr/uploads/plans/20260123T091032Z-5bcdfc4d-f145-44a8-9ea1-a94bfdbbb33f.pdf;PLAN;1138
C01558;Horaires valables du 4 mai au 12 juillet 2026;https://ilico.iledefrance-mobilites.fr/uploads/fiches/20260424T154845Z-303249de-bcbd-4e38-a112-967871958f3c.pdf;HORAIRE;1140
C01560;Plan de ligne 1142;https://ilico.iledefrance-mobilites.fr/uploads/plans/20251222T154755Z-0b6a0817-c815-42da-9a4c-3d01b50b93aa.pdf;PLAN;1142
C01561;Plan de ligne 4609;https://ilico.iledefrance-mobilites.fr/uploads/plans/20250914T204823Z-a19c0c09-bf5a-428c-ba87-6e1389b26605.pdf;PLAN;4609
C01564;Ligne 9103 - Horaires valables du 1er septembre 2026 au 4 juillet 2027;https://ilico.iledefrance-mobilites.fr/uploads/fiches/20260807T155759Z-e0afe034-0492-4ca3-8585-b108203905f0.pdf;HORAIRE;9103
C01566;Plan ligne 9105 (au 04/05/26);https://ilico.iledefrance-mobilites.fr/uploads/plans/20260430T122732Z-e5d80b68-374d-440b-918d-246856a0d9d6.pdf;PLAN;9105
C01574;Ligne 602 - Horaires valables du 13 juillet au 23 août 2026;https://ilico.iledefrance-mobilites.fr/uploads/fiches/20260612T091337Z-e8b70cf8-4a2f-4eb5-85ce-48272732ba6f.pdf;HORAIRE;602
C01578;Fiche horaires ligne 607 du 13 juillet 2026 au 3 janvier 2027;https://ilico.iledefrance-mobilites.fr/uploads/fiches/20260707T101450Z-80439dd7-f0b7-4159-8e6d-c23dc59dc79d.pdf;HORAIRE;607
C01578;Plan de la ligne 607;https://ilico.iledefrance-mobilites.fr/uploads/plans/20240229T114001Z-7e20b425-316d-4f71-83c6-618992d04b87.pdf;PLAN;607
C01579;Fiche horaires ligne 609 du 13 juillet au 23 août 2026 et du 21 décembre 2026 au 3 janvier 2027;https://ilico.iledefrance-mobilites.fr/uploads/fiches/20260701T103748Z-40b40910-8b4c-4fed-83a8-d5c327fa2d21.pdf;HORAIRE;609
C01579;Plan de la ligne 609;https://ilico.iledefrance-mobilites.fr/uploads/plans/20240229T114041Z-cfd4de35-e3fe-4544-9c76-139c12ffee78.pdf;PLAN;609
C01586;Plan de la ligne 618;https://ilico.iledefrance-mobilites.fr/uploads/plans/20240319T130824Z-bac6b985-c8bc-4180-abd1-84cf1bb35e58.pdf;PLAN;618
C01587;Plan de la ligne 619;https://ilico.iledefrance-mobilites.fr/uploads/plans/64fef349ae73e_Ligne_NORD-SEINE-SAINT-DENIS_619.pdf;PLAN;619
C01588;Plan de la ligne 620;https://ilico.iledefrance-mobilites.fr/uploads/plans/64fef4028c6dc_Ligne_NORD-SEINE-SAINT-DENIS_620.pdf;PLAN;620
C01589;Ligne 623 - Plan de ligne;https://ilico.iledefrance-mobilites.fr/uploads/plans/20260710T091544Z-02080c24-8a6c-48f4-ad11-29601e341598.pdf;PLAN;623
C01591;Fiche horaires ligne 637 du 13 juillet 2026 au 3 janvier 2027;https://ilico.iledefrance-mobilites.fr/uploads/fiches/20260707T092814Z-6848c602-0c37-4bf5-b645-6ce603af78bc.pdf;HORAIRE;637
C01594;Plan de la ligne 642;https://ilico.iledefrance-mobilites.fr/uploads/plans/64fef44888ad9_Ligne_NORD-SEINE-SAINT-DENIS_642.pdf;PLAN;642
C01601;Horaires valables du 1er septembre 2026 au 04 juillet 2027 inclus;https://ilico.iledefrance-mobilites.fr/uploads/fiches/20260804T095422Z-ae94ed74-ab7b-404f-99ea-43617d7039a5.pdf;HORAIRE;5403
C01604;Horaires valables du 1er septembre 2026 au 04 juillet 2027 inclus;https://ilico.iledefrance-mobilites.fr/uploads/fiches/20260804T100552Z-4fed54eb-5f23-483a-829a-d35e621c490f.pdf;HORAIRE;5414
C01607;Plan de ligne 5425;https://ilico.iledefrance-mobilites.fr/uploads/plans/20250901T102256Z-aeaa685d-35e3-4dbc-8eac-a583b8bd82ad.pdf;PLAN;5425
C01612;Horaires valables du 1er septembre 2026 au 04 juillet 2027 inclus;https://ilico.iledefrance-mobilites.fr/uploads/fiches/20260804T100739Z-79414e0a-6772-47da-8152-d1d69b097149.pdf;HORAIRE;5408
C01615;Horaires ligne 4221 - Du 25 août 2025 au 12 juillet 2026;https://ilico.iledefrance-mobilites.fr/uploads/fiches/20260322T162719Z-0f45a188-9d43-4e46-af07-daf9bff3c3dd.pdf;HORAIRE;4221
C01620;Horaires ligne 4241 - Du 13 juillet au 23 août 2026;https://ilico.iledefrance-mobilites.fr/uploads/fiches/20260706T080909Z-e7e476bc-aa87-41ac-a40f-ebdb84f0b20b.pdf;HORAIRE;4241
C01620;Horaires ligne 4241 - Du 25 août 2025 au 12 juillet 2026;https://ilico.iledefrance-mobilites.fr/uploads/fiches/20260423T093847Z-8e8a31e6-77e1-4f32-9a58-25970acc3a0a.pdf;HORAIRE;4241
C01624;Horaires ligne 4244 - Du 13 juillet au 23 août 2026;https://ilico.iledefrance-mobilites.fr/uploads/fiches/20260706T081610Z-c4a72859-b001-4c1f-bf5f-f1091b7fee5b.pdf;HORAIRE;4244
C01624;Horaires ligne 4244 - Du 25 août 2025 au 12 juillet 2026;https://ilico.iledefrance-mobilites.fr/uploads/fiches/20260423T094222Z-04b6db75-ad3f-4720-acf4-207699b36464.pdf;HORAIRE;4244
C01625;Horaires ligne 4246 - Du 25 août 2025 au 5 juillet 2026;https://ilico.iledefrance-mobilites.fr/uploads/fiches/20260323T132816Z-e7967150-dc91-4828-b974-de6e7efa5c09.pdf;HORAIRE;4246
C01628;Horaires ligne 4245 - Du 13 juillet au 23 août 2026;https://ilico.iledefrance-mobilites.fr/uploads/fiches/20260706T082146Z-73c604d0-1c55-4c7e-bea6-23cb88a31f9e.pdf;HORAIRE;4245
C01630;Horaires ligne 4219 - Du 13 juillet au 23 août 2026;https://ilico.iledefrance-mobilites.fr/uploads/fiches/20260706T082447Z-e81dd232-046d-4364-9302-4eefbae5018b.pdf;HORAIRE;4219
C01634;Plan Ligne N130;https://ilico.iledefrance-mobilites.fr/uploads/plans/20260605T120108Z-4d31a66e-96f3-4bc8-98dd-6d5b5e86c7d6.pdf;PLAN;N130
C01637;Plan;https://ilico.iledefrance-mobilites.fr/uploads/plans/64109ce08f028_Transdev%20Ligne%20noctilien%20N150%20750x350.pdf;PLAN;N150
C01639;Plan ligne N141;https://ilico.iledefrance-mobilites.fr/uploads/plans/64fb41876c521_Ligne_MARNE-ET-OURCQ_N141.pdf;PLAN;N141
C01643;Horaires du 20 juillet au 23 août 2026;https://ilico.iledefrance-mobilites.fr/uploads/fiches/20260717T092309Z-94c65b5d-7bd6-44ae-a64d-6e2dd513e68f.pdf;HORAIRE;N135
C01644;Plan Ligne N143;https://ilico.iledefrance-mobilites.fr/uploads/plans/20250829T161900Z-5a5e4fe2-f5c8-4707-a50e-ad25838ef0ea.pdf;PLAN;N143
C01645;Horaires ligne N139 - Valables toute l'année à compter du 13 juillet 2026;https://ilico.iledefrance-mobilites.fr/uploads/fiches/20260706T082736Z-be1c9fd5-5d3e-4803-9c3e-f8158c541f4f.pdf;HORAIRE;N139
C01645;Horaires ligne N139 - Du 25 août 2025 au 12 juillet 2026;https://ilico.iledefrance-mobilites.fr/uploads/fiches/20250820T121319Z-4728f3c6-d567-4b41-b183-d0e7f0d1ec91.pdf;HORAIRE;N139
C01646;Plan ligne N161;https://ilico.iledefrance-mobilites.fr/uploads/plans/20240701T084400Z-c86c422b-437f-4f87-bc46-eb2d78e6a13c.pdf;PLAN;N161
C01647;Horaires valables à compter du 05 janvier 2026;https://ilico.iledefrance-mobilites.fr/uploads/fiches/20260522T083044Z-8255ac27-9fda-4862-886b-7d1d2a446928.pdf;HORAIRE;N154
C01648;Plan de la ligne de Bus de Nuit N133;https://ilico.iledefrance-mobilites.fr/uploads/plans/20260724T154515Z-58042999-6ec9-4f6c-a5c3-642b4c23bdff.pdf;PLAN;N133
C01651;Fiche WEB ligne S1 (4661) Hiver 2025-2026, à partir du lundi 5 janvier 2026;https://portail-idfm-operateurs.cdn.prismic.io/portail-idfm-operateurs/aUGHy3NYClf9oSH5_FicheWEBligneS1-4661-Hiver2025-2026%2C%C3%A0partirdulundi5janvier2026.pdf;HORAIRE;4661
C01660;Fiche horaire 1302;https://ilico.iledefrance-mobilites.fr/uploads/fiches/20260709T144500Z-30b9f3c7-3e15-4227-b8cf-7a2d79c97488.pdf;HORAIRE;1302
C01663;Horaires Ligne 4502 - du 13 juillet au 23 août 2026;https://ilico.iledefrance-mobilites.fr/uploads/fiches/20260611T124841Z-ed56e53f-6b1d-4f95-aea9-e649672d26d7.pdf;HORAIRE;4502
C01663;Horaires Ligne 4502 - A compter du 24 août 2026 au 11 juillet 2027;https://ilico.iledefrance-mobilites.fr/uploads/fiches/20260806T095423Z-effa35e3-36b8-47a9-a342-415833b8ef4c.pdf;HORAIRE;4502
C01664;Horaires Ligne 3203 du 17 Novembre 2025 au 30 Août 2026;https://ilico.iledefrance-mobilites.fr/uploads/fiches/20251211T094430Z-81f0a46b-5e67-469f-9fc9-5ab6b308aeae.pdf;HORAIRE;3203
C01664;Plan ligne 3203;https://ilico.iledefrance-mobilites.fr/uploads/plans/20250926T114059Z-ae704a71-0296-4c80-9cb2-5cc31895cf72.pdf;PLAN;3203
C01669;Fiche horaires ligne 3705 du 5 janvier au 23 août 2026;https://ilico.iledefrance-mobilites.fr/uploads/fiches/20251209T092633Z-f64f3a13-c8a1-4054-92ba-d05e840bf715.pdf;HORAIRE;3705
C01675;Plan de ligne EX100;https://ilico.iledefrance-mobilites.fr/uploads/plans/20250722T123608Z-34a87ab4-8089-4e55-998d-65d0e3e54d1f.pdf;PLAN;100
C01676;Horaires valables du 13 juillet au 23 août 2026;https://ilico.iledefrance-mobilites.fr/uploads/fiches/20260702T104311Z-c28c1b84-bb39-4c00-a4e3-cac4c361cfa6.pdf;HORAIRE;5131
C01676;Ligne 5131 - schéma de ligne;https://ilico.iledefrance-mobilites.fr/uploads/plans/20260717T082248Z-9bf46645-ac19-438f-9893-8bd7a82984ac.pdf;PLAN;5131
C01679;Horaires Ligne T3b;https://www.ratp.fr/sites/default/files/lines-assets/fiche-horaire/tram/fiche-horaire_tram_ligne-t3b.pdf;HORAIRE;T3b
C01680;Plan ligne 35;https://ilico.iledefrance-mobilites.fr/uploads/plans/20260708T165939Z-9a529206-4291-40d8-8c9f-c50a893a87fa.pdf;PLAN;35
C01685;Horaires valables du 6 juillet 2026 au 30 août 2026;https://ilico.iledefrance-mobilites.fr/uploads/fiches/20260702T123412Z-855563ac-649d-4186-8ad3-4f69f1c88564.pdf;HORAIRE;1221
C01686;Horaires ligne 3308 du 05/01/2026 au 31/08/2026;https://ilico.iledefrance-mobilites.fr/uploads/fiches/20251211T120013Z-4113d4f4-213a-4db7-aae7-4aa89e485262.pdf;HORAIRE;3308
C01691;Schéma ligne 6180;https://ilico.iledefrance-mobilites.fr/uploads/plans/20250828T064827Z-0fe4fe96-e37b-428f-a836-7d27c56338d5.pdf;PLAN;6180
C01692;Horaires valables du 01/09/25 au 03/07/26;https://ilico.iledefrance-mobilites.fr/uploads/fiches/20250828T064929Z-e5efcd40-56bb-4ae3-8476-87cae234802d.pdf;HORAIRE;6181
C01692;Schéma ligne 6181;https://ilico.iledefrance-mobilites.fr/uploads/plans/20250828T064929Z-f896b4bf-d454-4342-8eea-64bb46e1dd13.pdf;PLAN;6181
C01696;Plan ligne 248;https://ilico.iledefrance-mobilites.fr/uploads/plans/20260422T114712Z-fae9a583-c640-4c3a-9ba1-615f5245f18f.pdf;PLAN;248
C01701;Horaires HIVER valables du 24/08/26 au 10/07/2027;https://ilico.iledefrance-mobilites.fr/uploads/fiches/20260804T125040Z-064ca83e-e263-48e8-826a-6ccb853eb9d1.pdf;HORAIRE;6161
C01702;Horaires été valables du 13/07 au 23/08/26;https://ilico.iledefrance-mobilites.fr/uploads/fiches/20260703T115214Z-09dd9e83-63e2-4557-85a3-7f70a26317e7.pdf;HORAIRE;6162
C01704;Plan Ligne 4572 (maj 06/01/2025);https://ilico.iledefrance-mobilites.fr/uploads/plans/20250106T104050Z-8ad6fe18-0357-4aad-903e-108495e7741c.pdf;PLAN;4572
C01705;Plan Gare Routière SGDB (Place) - A compter du 22/12/25;https://ilico.iledefrance-mobilites.fr/uploads/fiches/20251217T133039Z-2e27891a-3dfb-4122-80dd-036335fa1ec6.pdf;HORAIRE;4573
C01705;Plan Ligne 4573 (maj 06/01/2025);https://ilico.iledefrance-mobilites.fr/uploads/plans/20250106T104128Z-9c73706d-b530-4fc2-b229-618046ce7de0.pdf;PLAN;4573
C01706;Horaires Ligne 4574 - A compter du 1er septembre 2026 au 3 juillet 2027;https://ilico.iledefrance-mobilites.fr/uploads/fiches/20260806T101912Z-eed1dfdb-d8fd-414e-94e8-08097975900a.pdf;HORAIRE;4574
C01711;Fiche WEB ligne 4641, 4642 et 4643 Été 2026 V0, du lundi 13 juillet au dimanche 23 août 2026;https://portail-idfm-operateurs.cdn.prismic.io/portail-idfm-operateurs/ajQN141P9HI4Usj8_FicheWEBligne4641%2C4642et4643%C3%89t%C3%A92026V0%2Cdulundi13juilletaudimanche23ao%C3%BBt2026.pdf;HORAIRE;4642
C01711;Ligne 4641, 42, 43, 44 - Plan Voussoire;https://portail-idfm-operateurs.cdn.prismic.io/portail-idfm-operateurs/aTcOc3NYClf9n72c_Ligne4641%2C42%2C43%2C44-plan.pdf;PLAN;4642
C01712;Horaires Ligne Filéo Survilliers;https://ilico.iledefrance-mobilites.fr/uploads/fiches/20250305T134947Z-29f2cdbe-a638-42cb-969a-61a168c5f71e.pdf;HORAIRE;Filéo Fosses (future TàD Roissy Fosses)
C01713;Fiche Horaire du 24 août 2026 au 18 juillet 2027;https://ilico.iledefrance-mobilites.fr/uploads/fiches/20260810T154207Z-713a13f8-ebc1-42d9-9598-7989bafbe26c.pdf;HORAIRE;2228
C01713;Fiche horaire été ligne 2228 du 20 juillet au 23 août 2026;https://ilico.iledefrance-mobilites.fr/uploads/fiches/20260707T141731Z-1ac91866-4e79-4378-9cc2-ef0c454263c2.pdf;HORAIRE;2228
C01713;Plan de ligne 2228;https://ilico.iledefrance-mobilites.fr/uploads/plans/20250815T160811Z-a380afb1-9909-405f-89c0-8e0e1b0f6ffe.pdf;PLAN;2228
C01714;Horaires ligne 4240 - Du 25 août 2025 au 12 juillet 2026;https://ilico.iledefrance-mobilites.fr/uploads/fiches/20260323T105800Z-a5cc4d9e-3c15-4aa1-b4de-08d0c7a63af6.pdf;HORAIRE;4240
C01715;Plan Ligne 2416;https://ilico.iledefrance-mobilites.fr/uploads/plans/20250915T133513Z-cb513ae5-47cc-476e-9117-f9831127c92b.pdf;PLAN;2416
C01719;Ligne 5267 - Horaire rentrée Septembre 2025;https://ilico.iledefrance-mobilites.fr/uploads/fiches/20250804T144942Z-3f729709-1093-4560-a66b-57e7b8e2e509.pdf;HORAIRE;5267
C01725;Horaires Ligne 3217 du 01 Septembre2025 au 30 Août 2026;https://ilico.iledefrance-mobilites.fr/uploads/fiches/20251211T095142Z-4acd5240-0c9a-42f9-be18-ad69ecff9fb6.pdf;HORAIRE;3217
C01725;Horaires Ligne 3217 du 31 Août 2026 au 29 Août 2027;https://ilico.iledefrance-mobilites.fr/uploads/fiches/20260721T062838Z-8ce8ffb7-6720-44eb-8d02-514f23067bd7.pdf;HORAIRE;3217
C01725;Thermomètre ligne 3217;https://ilico.iledefrance-mobilites.fr/uploads/plans/20260721T065004Z-297ac55a-5454-4a71-b63d-907ebff5037c.pdf;PLAN;3217
C01729;Fiche horaires;https://www.transilien.com/fr/page-lignes/ligne-e#content-section-1152-part-2-tab;HORAIRE;E
C01729;Plan RER E;https://www.transilien.com/fr/page-lignes/ligne-e;PLAN;E
C01738;Plan de la ligne SNCF Transilien K;https://www.transilien.com/fr/page-lignes/ligne-k;PLAN;K
C01742;Horaires RER A;https://rera-leblog.fr/horaires/;HORAIRE;A
C01743;Horaires RER B;https://www.rerb-leblog.fr/horaires/;HORAIRE;B
C01745;Site TER Bourgogne;https://ter.sncf.com/bourgogne-franche-comte;HORAIRE;TER Bourgogne - Franche-Comté
C01753;Plan de ligne 3655;https://ilico.iledefrance-mobilites.fr/uploads/plans/20250822T082642Z-264c006a-8738-4cde-a86e-6ca379f549bb.pdf;PLAN;3655
C01774;Plan Tramway T7;https://www.ratp.fr/sites/default/files/lines-assets/plan-de-ligne/tram/plan-de-ligne_tram_ligne-t7.pdf;PLAN;T7
C01775;Plan Ligne 6472;https://ilico.iledefrance-mobilites.fr/uploads/plans/20260702T142807Z-a7b24678-0e4c-4e4d-b713-217d378f8794.pdf;PLAN;6472
C01776;Plan de ligne;https://ilico.iledefrance-mobilites.fr/uploads/plans/20250805T124749Z-bfe02c93-8ce3-414d-92c3-472e2186f9d5.pdf;PLAN;2129
C01779;Plan de ligne;https://ilico.iledefrance-mobilites.fr/uploads/plans/20260213T100832Z-ea3a39f9-6cc6-4195-b9cd-6536b667264b.pdf;PLAN;2171
C01787;Plan de ligne 1132;https://ilico.iledefrance-mobilites.fr/uploads/plans/20251215T154817Z-bef525da-f3e8-4069-a2ae-a9279ad39775.pdf;PLAN;1132
C01792;Informations Navette Aéroport N2;https://www.parisaeroport.fr/passagers/acces/paris-charles-de-gaulle/navettes-inter-terminaux;HORAIRE;N2
C01793;Horaires valables du 6 juillet 2026 au 31 août 2027 (sauf du 06/07/26 au 31/08/26 et du 05/07/27 au 31/08/27);https://ilico.iledefrance-mobilites.fr/uploads/fiches/20260702T153151Z-f2bc8923-d6f2-4e95-a4c0-481ad9264ea8.pdf;HORAIRE;5198
C01794;Horaires Ligne T6;https://www.ratp.fr/sites/default/files/lines-assets/fiche-horaire/tram/fiche-horaire_tram_ligne-t6.pdf;HORAIRE;T6
C01797;Horaires valables du 01 septembre 2026 au 04 juillet 2027 inclus;https://ilico.iledefrance-mobilites.fr/uploads/fiches/20260810T075524Z-f34be2b6-435f-455b-8bc9-c40c8120b4ca.pdf;HORAIRE;5412
C01797;Horaires valables du 06 juillet au 31 août 2026;https://ilico.iledefrance-mobilites.fr/uploads/fiches/20260610T075200Z-fb17395c-1722-4fff-92d6-4696d94931d8.pdf;HORAIRE;5412
C01799;Horaires HIVER valables du 24/08/26 au 09/07/2027;https://ilico.iledefrance-mobilites.fr/uploads/fiches/20260731T121335Z-88817e31-9f2d-48ce-bba7-551df0e8843b.pdf;HORAIRE;6160
C01806;Plan de bus ligne 3702;https://ilico.iledefrance-mobilites.fr/uploads/plans/20260507T120631Z-734e91dc-fe31-4e23-848a-8f9dba647c0d.pdf;PLAN;3702
C01811;Horaires hiver 2026 / 2027;https://ilico.iledefrance-mobilites.fr/uploads/fiches/20260730T092530Z-1681729f-bec8-4334-85a6-486366cc183c.pdf;HORAIRE;4306
C01815;Plan de la ligne 32 ZA;https://ilico.iledefrance-mobilites.fr/uploads/plans/20241014T135322Z-035b2aa2-b256-4e85-94e0-c853c0732d7c.pdf;PLAN;32 ZA (future 1635)
C01816;Ligne R114 -  Horaires valables à partir du 1er septembre 2025 en période scolaire;https://ilico.iledefrance-mobilites.fr/uploads/fiches/20250829T162902Z-5c4e4d35-f6ae-4cad-8a72-2ad960cb4f5d.pdf;HORAIRE;R114 (future 1674)
C01820;Ligne 7702 (ex Express 02) - A partir du 1er septembre 2025;https://ilico.iledefrance-mobilites.fr/uploads/fiches/20250829T215135Z-598593df-91c1-4653-9e21-dc320adbf1ac.pdf;HORAIRE;7702
C01820;Plan ligne 7702;https://ilico.iledefrance-mobilites.fr/uploads/plans/20250917T090558Z-0ad58c43-7267-43ee-9270-7b882a92b766.pdf;PLAN;7702
C01821;Plan de ligne 486;https://ilico.iledefrance-mobilites.fr/uploads/plans/20260416T153930Z-4b66996d-d5e0-4d94-80aa-ee8a91c968a7.pdf;PLAN;486
C01830;Plan;https://www.paris-saclay.com/app/uploads/2025/09/fiche_horaires_navette-ABC-2025.pdf;PLAN;A
C01833;Fiche horaire;https://www.paris-saclay.com/app/uploads/2025/09/fiche_horaires_navette-DL-2025.pdf;HORAIRE;D
C01837;Fiche horaire;https://www.paris-saclay.com/app/uploads/2025/07/fiche_horaires_navette_J_ete_-_2025.pdf;HORAIRE;J
C01843;Plan ligne T4;https://ilico.iledefrance-mobilites.fr/uploads/plans/20250307T083011Z-dd1879d7-9b27-4808-b2f4-ea9ed137202a.pdf;PLAN;T4
C01858;Site TER Centre Val-de-Loire;https://m.ter.sncf.com/centre-val-de-loire;HORAIRE;Remplacement TER Centre - Val-de-Loire
C01873;Plan de la ligne 6251;https://ilico.iledefrance-mobilites.fr/uploads/plans/20250812T082219Z-05d660b4-cc7b-4942-a3d5-415522d95ab3.pdf;PLAN;6251
C01879;Plan de ligne 2224;https://ilico.iledefrance-mobilites.fr/uploads/plans/20240418T151822Z-a81624d2-a045-4697-b21f-c40c5b232c78.pdf;PLAN;2224
C01895;Plan TAD Saint Fargeau;https://ilico.iledefrance-mobilites.fr/uploads/plans/20250822T092036Z-6fb81954-c8b1-45ea-8d7d-0c405437633e.pdf;PLAN;TàD Saint-Fargeau
C01947;Horaires ligne 3408 valables à partir du 1er septembre 2026;https://ilico.iledefrance-mobilites.fr/uploads/fiches/20260805T114433Z-9e2ee23a-124a-442e-945e-f6e27b130a20.pdf;HORAIRE;3408
C01947;3408;https://ilico.iledefrance-mobilites.fr/uploads/plans/20240828T150843Z-9feaa62e-db06-49eb-a198-57d571dc0ebd.pdf;PLAN;3408
C01953;Ligne 5249 - Horaire rentrée Septembre 2025;https://ilico.iledefrance-mobilites.fr/uploads/fiches/20260428T102958Z-0d8a8492-8394-4491-9e75-f1684c5ff8b7.pdf;HORAIRE;5249
C01954;Ligne 5259 - Horaire rentrée Septembre 2025;https://ilico.iledefrance-mobilites.fr/uploads/fiches/20260428T103218Z-be07a45e-2b62-4ded-b1f7-107fee216a3d.pdf;HORAIRE;5259
C01954;Plan de ligne 5259;https://ilico.iledefrance-mobilites.fr/uploads/plans/20250312T172634Z-00ea1540-f3ae-4506-a006-8010d72f6c32.pdf;PLAN;5259
C01955;5379-Horaires valable à partir de Septembre 2025;https://ilico.iledefrance-mobilites.fr/uploads/fiches/20260401T153752Z-cbcf3765-9448-4760-b854-70b5a47839d8.pdf;HORAIRE;5379
C01956;Plan ligne 4220;https://ilico.iledefrance-mobilites.fr/uploads/plans/20260706T083925Z-c3959d51-f141-4d49-bdda-a3aab45737fc.pdf;PLAN;4220
C01959;Horaires Ligne 3532 du 01/09/2025 au 04/07/2026;https://ilico.iledefrance-mobilites.fr/uploads/fiches/20251008T101118Z-1144f6df-039e-4f75-9d93-3d56e0ef30ce.pdf;HORAIRE;3532
C01959;3532;https://ilico.iledefrance-mobilites.fr/uploads/plans/20260730T153954Z-09c49378-8222-4b1b-a5b2-e84903f153e6.pdf;PLAN;3532
C01960;Horaires Ligne 3533 du 01/09/2025 au 04/07/2026;https://ilico.iledefrance-mobilites.fr/uploads/fiches/20251008T101134Z-f8c5057a-51d5-4c68-9345-a5a369164488.pdf;HORAIRE;3533
C01960;3533;https://ilico.iledefrance-mobilites.fr/uploads/plans/20260730T154021Z-0fd78c39-95d7-481f-9417-f0b0dbf88ee7.pdf;PLAN;3533
C01962;Horaires Ligne 3541 du 01/09/2025 au 30/08/2026;https://ilico.iledefrance-mobilites.fr/uploads/fiches/20251008T101214Z-e357baa6-4204-491f-a3f0-b92c3c05b667.pdf;HORAIRE;3541
C01967;Horaires Ligne 3513 du 01/09/2025 au 30/08/2026;https://ilico.iledefrance-mobilites.fr/uploads/fiches/20260707T150946Z-4ea3ec18-17c0-4abd-94a5-95a9f2f2c70a.pdf;HORAIRE;3513
C01971;3519;https://ilico.iledefrance-mobilites.fr/uploads/plans/20260730T154517Z-b60b8618-37d6-44e8-b089-b2fa6d327406.pdf;PLAN;3519
C01974;3546;https://ilico.iledefrance-mobilites.fr/uploads/plans/20260730T154618Z-43741ed4-afe0-4d8f-9263-572432c6ac23.pdf;PLAN;3546
C01975;Ligne 4430 - Horaires valables du 1er septembre 2026 au 4 juillet 2027;https://ilico.iledefrance-mobilites.fr/uploads/fiches/20260807T153831Z-bc56393c-034a-4227-afbe-4a29709d8d34.pdf;HORAIRE;4430
C01976;Ligne 4431;https://ilico.iledefrance-mobilites.fr/uploads/plans/20260226T102524Z-5479433f-e45d-410c-aa30-96c0a60c30a2.pdf;PLAN;4431
C01978;Ligne 4433 - été 2026;https://ilico.iledefrance-mobilites.fr/uploads/fiches/20260722T073323Z-e3411f3b-c0b2-49b8-961e-f7ae62d72ba2.pdf;HORAIRE;4433
C01979;Horaires valables du 1er septembre 2026 au 04 juillet 2027 inclus (circule en TàD l'été);https://ilico.iledefrance-mobilites.fr/uploads/fiches/20260804T115538Z-91b2ffda-6f7a-4e9b-933b-b97aec8e7544.pdf;HORAIRE;5426
C01984;Plan ligne 5338;https://ilico.iledefrance-mobilites.fr/uploads/plans/20250417T102030Z-e1aa3615-db69-4922-a28d-05d3950a1647.pdf;PLAN;5338
C01985;Ligne 5240 - Horaire rentrée Septembre 2025;https://ilico.iledefrance-mobilites.fr/uploads/fiches/20260428T102518Z-50569f1d-520c-43b4-8a0a-7d0af1b304ce.pdf;HORAIRE;5240
C01987;Plan ligne 5245;https://ilico.iledefrance-mobilites.fr/uploads/plans/20250304T113515Z-49dc724f-1285-46a1-9922-b59335736e56.pdf;PLAN;5245
C01988;Ligne 5348 - Horaires à partir du 6 juillet 2026;https://ilico.iledefrance-mobilites.fr/uploads/fiches/20260617T152521Z-4741f016-928b-49f8-8175-cb54827ee51c.pdf;HORAIRE;5348
C01990;Ligne 5355 - Horaires à partir du 6 juillet 2026;https://ilico.iledefrance-mobilites.fr/uploads/fiches/20260617T152758Z-6a42d068-d3fc-4508-92fa-22e2073659db.pdf;HORAIRE;5355
C01991;Ligne 5298- Horaire rentrée Septembre 2025;https://ilico.iledefrance-mobilites.fr/uploads/fiches/20260424T154158Z-d64cb671-579c-4f1d-8296-0d7017804269.pdf;HORAIRE;5298
C02000;Fiches horaires ligne 259;https://ilico.iledefrance-mobilites.fr/uploads/fiches/20260810T131044Z-8d0c3297-4979-46a0-a853-909a8edeeeb0.pdf;HORAIRE;259
C02006;Ligne 1429 - Horaires valables du 24 août 2026 au 11 juillet 2027 inclus.;https://ilico.iledefrance-mobilites.fr/uploads/fiches/20260810T102728Z-6346f5e8-331b-4485-84c2-c430b4a2edff.pdf;HORAIRE;1429 (ex 30-49)
C02007;Horaires ligne 168;https://ilico.iledefrance-mobilites.fr/uploads/fiches/20260805T115929Z-aa550d07-a3b3-4171-bcb7-d2d58c249fe1.pdf;HORAIRE;168
C02008;Plan ligne 353;https://ilico.iledefrance-mobilites.fr/uploads/plans/20260708T170110Z-d44c6bac-e7bd-47d8-a0d3-ef2a72bc0b3d.pdf;PLAN;353
C02015;Fiche horaire été ligne 2235 du 20 juillet au 23 août 2026;https://ilico.iledefrance-mobilites.fr/uploads/fiches/20260707T141933Z-d8dba1f7-3562-471b-b8ed-e1be2c597de4.pdf;HORAIRE;2235
C02015;Plan de ligne 2235;https://ilico.iledefrance-mobilites.fr/uploads/plans/20250815T160857Z-2d481070-9970-4e9f-8c10-edec90aa5ea3.pdf;PLAN;2235
C02016;Fiche horaire été ligne 2231 du 20 juillet au 23 août 2026;https://ilico.iledefrance-mobilites.fr/uploads/fiches/20260707T141856Z-7bf7eedd-f8f5-4a18-ba44-ca052386cae6.pdf;HORAIRE;2231
C02016;Fiche Horaire du 24 août 2026 au 18 juillet 2027;https://ilico.iledefrance-mobilites.fr/uploads/fiches/20260810T154418Z-1d84082b-b78d-466f-b916-3cda5ff0b06b.pdf;HORAIRE;2231
C02021;Plan ligne 4308;https://ilico.iledefrance-mobilites.fr/uploads/plans/20260730T130307Z-9ea6b129-07b1-4c32-8653-5e12a83fbd4f.pdf;PLAN;4308
C02023;Plan ligne 4328;https://ilico.iledefrance-mobilites.fr/uploads/plans/20241028T145433Z-51043776-c36b-4b7a-addd-6a21d4e6c235.pdf;PLAN;4328
C02026;Plan de Bus ligne 4331;https://ilico.iledefrance-mobilites.fr/uploads/plans/20250821T150927Z-426abee9-0aa3-4fa6-9c67-0aba56286584.pdf;PLAN;4331
C02032;Horaires Ligne 3547 du 01/09/2025 au 30/08/2026;https://ilico.iledefrance-mobilites.fr/uploads/fiches/20251008T101543Z-d42f6768-23f6-4a50-ad26-a7da3a1eb15f.pdf;HORAIRE;3547
C02033;Fiche Horaire 1349;https://ilico.iledefrance-mobilites.fr/uploads/fiches/20250910T153424Z-be0bfc04-8429-428c-8359-041d2e971cc7.pdf;HORAIRE;1349
C02035;Fiche Horaires 09.03.2026;https://ilico.iledefrance-mobilites.fr/uploads/fiches/20260227T093056Z-d053c9e9-7d40-4380-b350-343963561d9b.pdf;HORAIRE;2401
C02041;Ligne 1426 - Horaires valables du 24 août 2026 au 29 août 2027 inclus.;https://ilico.iledefrance-mobilites.fr/uploads/fiches/20260810T100214Z-e198fe4c-c6b7-47a4-a3e7-519598aa8593.pdf;HORAIRE;1426 (ex CitéVal Franconville)
C02041;Ligne 1426;https://ilico.iledefrance-mobilites.fr/uploads/plans/20260731T152042Z-76aadddf-5619-4840-b9e4-90c1efdf7d49.pdf;PLAN;1426 (ex CitéVal Franconville)
C02049;Ligne 1432 - Horaires valables du 24 août 2026 au 29 août 2027 inclus.;https://ilico.iledefrance-mobilites.fr/uploads/fiches/20260810T103238Z-c1a00675-da4c-4881-9fb9-f6d84b3ba1e6.pdf;HORAIRE;1432 (ex 30-21 Ouest)
C02057;Ligne 4406 -  Horaires valables du 1er septembre 2026 au 4 juillet 2027;https://ilico.iledefrance-mobilites.fr/uploads/fiches/20260807T152614Z-27f6289d-ad8d-4f12-90c0-837186864052.pdf;HORAIRE;4406
C02061;Plan ligne 32;https://ilico.iledefrance-mobilites.fr/uploads/plans/20250924T133013Z-5c655f8a-5be2-4793-935f-6a6e53daddc7.pdf;PLAN;32
C02066;Ligne 4416 - été 2026;https://ilico.iledefrance-mobilites.fr/uploads/fiches/20260722T073051Z-abe45ece-0e86-417c-86ea-6020a1b6a4c9.pdf;HORAIRE;4416
C02066;Ligne 4416 - Horaires valables du 1er septembre 2026 au 4 juillet 2027;https://ilico.iledefrance-mobilites.fr/uploads/fiches/20260807T153701Z-bcbd8309-1dc3-49d2-a043-a4bd169ed50e.pdf;HORAIRE;4416
C02068;Ligne 4418 - été 2026;https://ilico.iledefrance-mobilites.fr/uploads/fiches/20260722T073144Z-2d52ddd3-cb2e-46d8-9752-3267efcc2db6.pdf;HORAIRE;4418
C02070;Fiche horaires 20/04/2026;https://ilico.iledefrance-mobilites.fr/uploads/fiches/20260414T144233Z-8f66c2f6-f50d-4c16-85c5-caac3811f89e.pdf;HORAIRE;2411
C02072;Période travaux SNCF du 13/07 au 21/08/2026;https://ilico.iledefrance-mobilites.fr/uploads/fiches/20260707T140855Z-d63f6bcb-14ab-45b3-b558-41b2a11519a5.pdf;HORAIRE;2415
C02072;Fiche horaires 01.09.2025;https://ilico.iledefrance-mobilites.fr/uploads/fiches/20250728T142315Z-ad1bda65-b8c1-4bb0-9212-f9f4660cde01.pdf;HORAIRE;2415
C02078;Plan Ligne 2472 16.03.2026;https://ilico.iledefrance-mobilites.fr/uploads/plans/20260313T161340Z-3d6cfa2d-33c8-48c5-ac3c-e3a729c5dc01.pdf;PLAN;2472
C02085;Plan ligne 1233;https://ilico.iledefrance-mobilites.fr/uploads/plans/20250818T104304Z-3e4f720c-7d88-402e-b73b-fa2425b0e0ad.pdf;PLAN;1233
C02086;Horaires valables du 1 septembre 2025 au 5 juillet 2026;https://ilico.iledefrance-mobilites.fr/uploads/fiches/20250818T102800Z-e780cfaa-40d8-4b9d-96f4-03fc7cd42013.pdf;HORAIRE;1225
C02093;Plan ligne 2450;https://ilico.iledefrance-mobilites.fr/uploads/plans/20251001T091044Z-6ffaab09-f6f9-4c68-b94b-6c6ded760209.pdf;PLAN;2450
C02095;Fiche horaires 01.09.2025;https://ilico.iledefrance-mobilites.fr/uploads/fiches/20250728T135435Z-861dc5e1-b2c4-413d-b0d0-ae2c0193fca7.pdf;HORAIRE;2452
C02095;Plan Ligne 2452;https://ilico.iledefrance-mobilites.fr/uploads/plans/20251001T122641Z-07040953-8a41-4704-913c-0880e551321f.pdf;PLAN;2452
C02103;Horaires valables à compter du 12 janvier 2026;https://ilico.iledefrance-mobilites.fr/uploads/fiches/20260114T160856Z-642c3132-f9fb-435b-a1d2-cb049b74dcdc.pdf;HORAIRE;4155
C02107;Plan 3137;https://ilico.iledefrance-mobilites.fr/uploads/plans/20260226T154450Z-671ed188-c336-4e8d-946a-cbe250e589b6.pdf;PLAN;3137
C02118;Fiche horaires 19.01.2026;https://ilico.iledefrance-mobilites.fr/uploads/fiches/20260113T165615Z-4920e6fd-c17f-4cd1-99cd-62f6b0fec253.pdf;HORAIRE;2459
C02118;Plan de Ligne 2459;https://ilico.iledefrance-mobilites.fr/uploads/plans/20260202T093806Z-3f4a2e4d-dfd1-4eb4-b2d5-3d808e1472c8.pdf;PLAN;2459
C02120;Fiche internet_3126 au 13102025;https://ilico.iledefrance-mobilites.fr/uploads/fiches/20251008T131627Z-aefdd362-cfa4-4f01-95a8-0433cbb6a276.pdf;HORAIRE;3126
C02127;Plan de ligne 3136;https://ilico.iledefrance-mobilites.fr/uploads/plans/20250129T145114Z-71c1d743-4d7f-4cb9-8729-a00768695852.pdf;PLAN;3136
C02129;Ligne 703 - Plan de ligne;https://ilico.iledefrance-mobilites.fr/uploads/plans/20260710T084557Z-7f056e11-6c26-48ec-8e75-aaa5e67bb836.pdf;PLAN;703 (ex 3)
C02131;Ligne 706 - Horaires valables du 13 juillet au 23 août 2026;https://ilico.iledefrance-mobilites.fr/uploads/fiches/20260612T110122Z-c6071777-3099-42d5-bc5e-3d7ef4b53e7a.pdf;HORAIRE;706 (ex 6)
C02133;Ligne 709 -  Horaires valables du 13 juillet au 23 août 2026;https://ilico.iledefrance-mobilites.fr/uploads/fiches/20260612T085536Z-288a1c9e-a771-4f7c-bd2f-03ef026d11fb.pdf;HORAIRE;709 (ex 9)
C02145;Plan de bus ligne 6470;https://ilico.iledefrance-mobilites.fr/uploads/plans/20260702T143632Z-df40fdef-901c-492d-a60b-580254575d34.pdf;PLAN;6470
C02152;Plan Ligne 6435 - Berges de Montesson - Gare de Houilles-Carrières;https://ilico.iledefrance-mobilites.fr/uploads/plans/20260702T140647Z-e69f1402-551c-40fe-82d7-76399de7a48c.pdf;PLAN;6435
C02154;Fiche horaires 01.09.2025;https://ilico.iledefrance-mobilites.fr/uploads/fiches/20250728T153332Z-d2fd8bf1-2021-4cff-a692-57908fa80a65.pdf;HORAIRE;2426
C02159;Horaires ligne 3421 valables à partir du 6 juillet 2026;https://ilico.iledefrance-mobilites.fr/uploads/fiches/20260625T072209Z-a836bb74-8609-4fa3-bd84-8bf7037f2c87.pdf;HORAIRE;3421
C02160;Fiche horaires 01.09.2025;https://ilico.iledefrance-mobilites.fr/uploads/fiches/20250728T151332Z-52897c3b-29d1-45ce-9eb1-df1b207c4520.pdf;HORAIRE;2482
C02170;Schéma de ligne 5113;https://ilico.iledefrance-mobilites.fr/uploads/plans/20250715T120057Z-8690b25b-a0d6-41bf-8adb-cbab60beb86a.pdf;PLAN;5113
C02171;Horaires valables du 6 juillet 2026 au 31 août 2027 (sauf du 06/07/26 au 31/08/26 et du 05/07/27 au 31/08/27);https://ilico.iledefrance-mobilites.fr/uploads/fiches/20260702T152043Z-2c4a5292-36f4-40f5-a568-8b95107731b1.pdf;HORAIRE;5183
C02173;Horaires valables du 6 juillet 2026 au 31 août 2027 (sauf du 06/07/26 au 31/08/26 et du 05/07/27 au 31/08/27);https://ilico.iledefrance-mobilites.fr/uploads/fiches/20260702T152151Z-7b2cc5b6-47e5-4eb5-a3ee-9833d51ccbae.pdf;HORAIRE;5185
C02173;Ligne 5185 - schéma de ligne;https://ilico.iledefrance-mobilites.fr/uploads/plans/20240702T143131Z-d929305a-0b48-4908-a051-a2a2e0e94fc7.pdf;PLAN;5185
C02179;Fiche horaire;https://www.aeroportparisbeauvais.com/acces-et-parking/navette-aerobus-paris-aeroport/;HORAIRE;A01 Paris Porte Maillot
C02184;Horaires d'été 2026 - L6254 du 13 juillet au 22 août 2026;https://ilico.iledefrance-mobilites.fr/uploads/fiches/20260703T143150Z-ddfb0f9d-08c2-423b-882b-eab9615d0e97.pdf;HORAIRE;6254
C02186;Ligne 4463 - été 2026;https://ilico.iledefrance-mobilites.fr/uploads/fiches/20260722T073831Z-561c5438-ebba-4a15-a119-72fc92720aa9.pdf;HORAIRE;4463
C02191;Plan de bus ligne 3778;https://ilico.iledefrance-mobilites.fr/uploads/plans/20250103T105723Z-49f63faa-735d-4b8d-94ef-85c5c5f1e400.pdf;PLAN;3778
C02202;Horaires ligne 3411 valables du 1er septembre 2026 au 3 juillet 2027;https://ilico.iledefrance-mobilites.fr/uploads/fiches/20260805T120149Z-450b8b4f-f1e6-4647-8a19-7e9b52c16d09.pdf;HORAIRE;3411
C02202;3411;https://ilico.iledefrance-mobilites.fr/uploads/plans/20240913T155706Z-9753ad48-c3f1-4f97-bd47-0dca57a75c15.pdf;PLAN;3411
C02204;Plan ligne 7802;https://ilico.iledefrance-mobilites.fr/uploads/plans/20251222T154201Z-561a49e0-68aa-4ec8-b008-ed670f19e964.pdf;PLAN;7802
C02206;Horaires valables du 6 juillet au 31 août 2026;https://ilico.iledefrance-mobilites.fr/uploads/fiches/20260616T100628Z-2fe04df3-7bcd-4ddf-b8ff-0ca5a71f9a75.pdf;HORAIRE;1117
C02216;Ligne 5123 - schéma de ligne;https://ilico.iledefrance-mobilites.fr/uploads/plans/20240513T152844Z-b9d07ee7-f21d-4ba6-9426-cebabecd85e0.pdf;PLAN;5123
C02217;Horaires valables du 24 août 2026 au 11 juillet 2027 (sauf du 28 décembre 2026 au 3 janvier 2027);https://ilico.iledefrance-mobilites.fr/uploads/fiches/20260804T132344Z-d0c22017-2790-40e2-b808-9abd1b8626f7.pdf;HORAIRE;5124
C02218;Horaires valables du 24 août 2026 au 11 juillet 2027 (sauf du 28 décembre 2026 au 3 janvier 2027);https://ilico.iledefrance-mobilites.fr/uploads/fiches/20260804T132415Z-dfb00350-4691-4e9c-a129-d3942a5ae2ad.pdf;HORAIRE;5125
C02219;Plan de la ligne 6252;https://ilico.iledefrance-mobilites.fr/uploads/plans/20250812T082305Z-445cac02-e302-4802-ac54-6f4bad6423ae.pdf;PLAN;6252
C02220;Horaires été 2026;https://ilico.iledefrance-mobilites.fr/uploads/fiches/20260626T131000Z-1fe15e36-4dfe-435a-af94-094186d982e4.pdf;HORAIRE;Soir Mennecy
C02225;Plan ligne 1255;https://ilico.iledefrance-mobilites.fr/uploads/plans/20250818T105222Z-a344d66c-b44f-4f93-b7d7-2edc7b686320.pdf;PLAN;1255
C02226;Plan ligne 1204;https://ilico.iledefrance-mobilites.fr/uploads/plans/20250818T101541Z-eb4a24be-2cb5-44e8-b42a-f0e58a9321c3.pdf;PLAN;1204
C02229;Ligne 2349 (ex Qs) - A partir du 03 novembre 2025;https://ilico.iledefrance-mobilites.fr/uploads/fiches/20251029T084109Z-2e60eeef-0d1a-492b-b511-bd32d9732056.pdf;HORAIRE;2349
C02231;Ligne 2332 (ex Ls) - A partir du 1er septembre 2025;https://ilico.iledefrance-mobilites.fr/uploads/fiches/20250829T210257Z-d5ea380f-183b-4fcd-8be2-b025c676ae4a.pdf;HORAIRE;2332
C02232;Ligne 2333 - A partir du 4 mai;https://ilico.iledefrance-mobilites.fr/uploads/fiches/20260424T140421Z-0e449e33-d5f4-44db-98c2-a31202b8b9bc.pdf;HORAIRE;2333
C02232;Plan ligne 2333;https://ilico.iledefrance-mobilites.fr/uploads/plans/20250917T091707Z-c6e49ee8-8602-422e-926f-99220e9ac88c.pdf;PLAN;2333
C02235;Plan ligne 2324;https://ilico.iledefrance-mobilites.fr/uploads/plans/20250917T093827Z-e51bab2c-cb2b-4bd1-9520-871411700175.pdf;PLAN;2324
C02236;Plan ligne 2305;https://ilico.iledefrance-mobilites.fr/uploads/plans/20250917T084649Z-6855b5f7-d5b2-4887-a17e-1f49573a64a7.pdf;PLAN;2305
C02239;Horaires d'été 2026 - L6246 du 13 juillet au 23 août 2026;https://ilico.iledefrance-mobilites.fr/uploads/fiches/20260703T144239Z-93b85a0d-8726-474f-b150-cb58b8533801.pdf;HORAIRE;6246
C02243;Horaires valables à partir du 16 juillet au 16 août 2026;https://ilico.iledefrance-mobilites.fr/uploads/fiches/20260801T162726Z-c397395b-8cf2-434c-bc56-7b25c04993b7.pdf;HORAIRE;25
C02245;Horaires Ligne 59;https://www.ratp.fr/sites/default/files/lines-assets/fiche-horaire/busratp/fiche-horaire_busratp_ligne-59.pdf;HORAIRE;59
C02246;Fiche horaire 71 - Offre d'été 2026;https://ilico.iledefrance-mobilites.fr/uploads/fiches/20260729T102207Z-1aaed437-adee-440f-8bbf-0486936cfd98.pdf;HORAIRE;71
C02248;Horaires valables du 06 juillet au 31 août 2026;https://ilico.iledefrance-mobilites.fr/uploads/fiches/20260610T074632Z-425cd718-c61b-4e72-be34-3629545e603b.pdf;HORAIRE;7823
C02249;Horaires valables du 06 juillet au 31 août 2026;https://ilico.iledefrance-mobilites.fr/uploads/fiches/20260610T074101Z-32281168-5d44-4b1b-98c4-d822ad52c4fd.pdf;HORAIRE;7820
C02252;Plan ligne 2331;https://ilico.iledefrance-mobilites.fr/uploads/plans/20250917T092458Z-475185ce-ecfc-4972-987a-2eca08bc929c.pdf;PLAN;2331
C02257;Ligne 1421;https://ilico.iledefrance-mobilites.fr/uploads/plans/20260731T152239Z-b1b2dfb6-f40f-4154-ace8-fc4bfb753a4d.pdf;PLAN;1421 (ex 95-29)
C02260;Horaires du 20 juillet au 23 août 2026;https://ilico.iledefrance-mobilites.fr/uploads/fiches/20260717T141752Z-542e6af8-6f02-4c02-ab77-d537c0bb39ba.pdf;HORAIRE;Soir Draveil
C02260;Plan de la ligne Bus de soirée Draveil;https://ilico.iledefrance-mobilites.fr/uploads/plans/20250309T083106Z-54b0a3b1-1e0d-4a29-bf8a-78a9e06e7a0d.pdf;PLAN;Soir Draveil
C02265;Plan de la ligne T'bus 1;https://ilico.iledefrance-mobilites.fr/uploads/plans/64fed5fc38d66_Ligne_NORD-SEINE-SAINT-DENIS_Tbus1.pdf;PLAN;T'bus 1
C02267;Plan de la ligne T'bus 3;https://ilico.iledefrance-mobilites.fr/uploads/plans/20240719T043903Z-b73262ef-29c8-44cf-b018-d4153c8da7ac.pdf;PLAN;T'bus 3
C02272;Plan de ligne 3661;https://ilico.iledefrance-mobilites.fr/uploads/plans/20250822T095526Z-f33825c6-7b0a-41fc-8c3c-efed6506a71e.pdf;PLAN;3661
C02274;Plan de ligne 3663;https://ilico.iledefrance-mobilites.fr/uploads/plans/20250822T103418Z-7fca97ba-b555-4270-80be-4ddb56633506.pdf;PLAN;3663
C02275;Horaires du 1er septembre 2025 au 5 juillet 2026;https://ilico.iledefrance-mobilites.fr/uploads/fiches/20250822T103623Z-c79224df-da32-4a78-a719-6d8ad4c7512c.pdf;HORAIRE;3664
C02277;Horaires 3424 à partir du 1er Septembre 2025;https://ilico.iledefrance-mobilites.fr/uploads/fiches/20250819T140342Z-488a3d2e-ced8-45ba-9d83-e8089703ada6.pdf;HORAIRE;3424
C02280;Horaires du 1er septembre 2025 au 5 juillet 2026;https://ilico.iledefrance-mobilites.fr/uploads/fiches/20250909T072820Z-2845ca1a-aaca-46b4-aec0-0e630bff88c3.pdf;HORAIRE;3666
C02281;Plan de ligne 3632;https://ilico.iledefrance-mobilites.fr/uploads/plans/20250822T092636Z-5b15b134-7a0b-477c-8c74-31036dde5be3.pdf;PLAN;3632
C02286;Horaires d'été 2026 - L6214 du 13 juillet au 23 août 2026;https://ilico.iledefrance-mobilites.fr/uploads/fiches/20260703T145037Z-149d0b58-c7ae-4950-b839-ca4d73af10b1.pdf;HORAIRE;6214
C02286;Plan de la ligne 6214;https://ilico.iledefrance-mobilites.fr/uploads/plans/20250811T144406Z-ac00d19f-0d91-4330-bc16-3ccf0e7fde53.pdf;PLAN;6214
C02287;3425;https://ilico.iledefrance-mobilites.fr/uploads/plans/20240828T152015Z-d33e0017-fbe0-46e0-a1c9-d2fcbcb5280f.pdf;PLAN;3425
C02291;Fiche horaire 01.09.2025;https://ilico.iledefrance-mobilites.fr/uploads/fiches/20251001T094216Z-7ab218c7-9890-4aa9-8e81-9c53b8fb939d.pdf;HORAIRE;TàD 2429
C02297;Ligne 4458 - Horaires valables du 1er septembre 2026 au 4 juillet 2027;https://ilico.iledefrance-mobilites.fr/uploads/fiches/20260807T155225Z-7c6c5c3d-c9ad-4126-bce7-ff7827e6cea4.pdf;HORAIRE;4458
C02297;Ligne 4458;https://ilico.iledefrance-mobilites.fr/uploads/plans/20240901T094353Z-844c2950-bd8c-4c12-9224-7949f57683b3.pdf;PLAN;4458
C02300;Fiche Horaire Bus 469 - Retour;https://ilico.iledefrance-mobilites.fr/uploads/fiches/20250903T084109Z-99944a3f-7752-4013-a8c8-89e3b7ae514f.pdf;HORAIRE;469
C02311;Fiche internet_3144;https://ilico.iledefrance-mobilites.fr/uploads/fiches/20260612T121623Z-5d80ceba-9c55-4f8a-bae4-cd1bfbda0fdf.pdf;HORAIRE;3144
C02314;Plan de ligne 263;https://ilico.iledefrance-mobilites.fr/uploads/plans/20260611T102444Z-c1cef428-6814-4c88-b0f1-d21ded3617e2.pdf;PLAN;263
C02366;Thermomètre ligne 3219;https://ilico.iledefrance-mobilites.fr/uploads/plans/20260721T064921Z-21c6be77-f71a-4c1b-8c20-724e249bd33f.pdf;PLAN;3219
C02387;Horaires hiver 2026 / 2027;https://ilico.iledefrance-mobilites.fr/uploads/fiches/20260730T100313Z-819c44b9-6d00-4af1-a78d-74792c7e0221.pdf;HORAIRE;4332
C02398;Plan ligne 4577 (maj 06/01/2025);https://ilico.iledefrance-mobilites.fr/uploads/plans/20250106T105453Z-57b4eab1-761b-4d8d-89c5-e33459f4485a.pdf;PLAN;4577
C02399;Horaires Ligne 4579 - A compter du 1er septembre 2026 au 3 juillet 2027;https://ilico.iledefrance-mobilites.fr/uploads/fiches/20260806T102104Z-3c71585d-1da0-4a77-a202-50e5c1d6f4d0.pdf;HORAIRE;4579
C02405;Bus remplacement Tram T2;https://ilico.iledefrance-mobilites.fr/uploads/plans/20260428T074935Z-98a175f8-3cba-4516-bb59-f042fff23638.pdf;PLAN;Remplacement Tram T2
C02407;Bus remplacement Tram T3b;https://ilico.iledefrance-mobilites.fr/uploads/plans/20260428T075236Z-4f30514d-5cc7-4d8e-af6b-6ecf283dab90.pdf;PLAN;Remplacement Tram T3b
C02413;Plan de ligne 1143;https://ilico.iledefrance-mobilites.fr/uploads/plans/20251215T161928Z-5a7fbd0a-e1c6-4e9a-b50f-7d0992387660.pdf;PLAN;1143
C02418;Horaires Ligne 4535 - du 13 juillet au 23 août 2026;https://ilico.iledefrance-mobilites.fr/uploads/fiches/20260611T130442Z-2f47dfdf-e95b-49ce-93af-a59eb2017e61.pdf;HORAIRE;4535
C02422;Plan Ligne TàD;https://ilico.iledefrance-mobilites.fr/uploads/plans/64df27014a08f_Ligne_VALMY_TàD.pdf;PLAN;TàD Eaubonne Domont
C02430;Plan de ligne 448;https://ilico.iledefrance-mobilites.fr/uploads/plans/20240405T160435Z-35342020-7e9a-4ff1-ba88-ed0014430e65.pdf;PLAN;448
C02431;Ligne 4404;https://ilico.iledefrance-mobilites.fr/uploads/plans/20240901T093532Z-bde40f7b-8313-4f53-9b97-ae6921c37a2c.pdf;PLAN;4404
C02440;Plan;https://www.paris-saclay.com/app/uploads/2025/07/fiche_horaires_navette_PYZ_2024.pdf;PLAN;P
C02441;Fiche horaires 6523 - 6 juillet au 23 août 2026;https://ilico.iledefrance-mobilites.fr/uploads/fiches/20260622T123405Z-8b60e203-309e-4ea0-b2d0-e73b0e16ddd1.pdf;HORAIRE;6523
C02446;5371-horaires à partir du 9 mars 2026;https://ilico.iledefrance-mobilites.fr/uploads/fiches/20260227T162719Z-02d22320-b315-4489-8fd0-d39e0869dd09.pdf;HORAIRE;5371
C02448;Ligne 5343 - Horaires à partir du 6 juillet 2026;https://ilico.iledefrance-mobilites.fr/uploads/fiches/20260617T152338Z-77f81c5c-4836-4b1f-8b02-fffc0bea0f8a.pdf;HORAIRE;5343
C02455;Plan de ligne 2280;https://ilico.iledefrance-mobilites.fr/uploads/plans/20240418T152054Z-7d8d010b-8db3-4d6a-b960-69cfcde13d65.pdf;PLAN;2280
C02456;Plan ligne 439;https://ilico.iledefrance-mobilites.fr/uploads/plans/20240405T155751Z-b9723850-060b-4412-a1c8-e0a1c068d051.pdf;PLAN;439
C02458;Fiche horaires ligne 3727 du 24 aout 2026 au 22 aout 2027;https://ilico.iledefrance-mobilites.fr/uploads/fiches/20260805T132828Z-099a84e9-85a4-4393-b6d9-ef07b306929c.pdf;HORAIRE;3727
C02458;Plan de bus ligne 3727;https://ilico.iledefrance-mobilites.fr/uploads/plans/20250116T135017Z-2ef382f2-75cc-41cb-b3e9-1162f303765e.pdf;PLAN;3727
C02465;Plan Ligne Soir Ecouen Ezanville;https://ilico.iledefrance-mobilites.fr/uploads/plans/64df2a48db39f_Ligne_VALMY_BUS%20SOIR%20ECOUEN.pdf;PLAN;Soir Écouen Ézanville
C02470;Ligne 4411 - Horaires valables du 1er septembre 2026 au 4 juillet 2027;https://ilico.iledefrance-mobilites.fr/uploads/fiches/20260807T153205Z-3b15243f-b6bf-4755-825e-adc55e8d3875.pdf;HORAIRE;4411
C02482;Horaires 6288 du 1er septembre 2026 au 4 juillet 2027;https://ilico.iledefrance-mobilites.fr/uploads/fiches/20260811T063954Z-bea3ab63-a167-456a-ab92-293401018cdc.pdf;HORAIRE;6288
C02486;Horaires hiver 2026 / 2027;https://ilico.iledefrance-mobilites.fr/uploads/fiches/20260730T100442Z-c9a114ff-1400-4fc4-81ae-0ec01e3b05ae.pdf;HORAIRE;Soir Bouray
C02490;Soir Meaux Sud;https://ilico.iledefrance-mobilites.fr/uploads/plans/20250912T150141Z-ad38dd49-3323-4bc9-8568-1e823371799d.pdf;PLAN;Soir Meaux Sud
C02491;Plan de la ligne Soir;https://ilico.iledefrance-mobilites.fr/uploads/plans/20260714T125451Z-ab5b8f60-67a9-4e9a-8494-92af026d9e0d.pdf;PLAN;Soir Saint-Germain-en-Laye
C02496;Plan Bus TàD 4301;https://ilico.iledefrance-mobilites.fr/uploads/plans/20250821T140120Z-5a095144-6fc3-4606-9440-ca5eaee1bd64.pdf;PLAN;TàD 4301/4530
C02497;Plan;https://www.paris-saclay.com/fileadmin/documents/2.Vivre_ici/Mobilite/Navettes_2024/fiche_horaires_navette_E_2024.pdf;PLAN;E
C02498;Plan;https://www.paris-saclay.com/app/uploads/2025/07/fiche_horaires_navette_PYZ_2024.pdf;PLAN;Y
C02499;Fiche horaire;https://www.paris-saclay.com/app/uploads/2025/07/fiche_horaires_navette_PYZ_2024.pdf;HORAIRE;Z
C02499;Plan;https://www.paris-saclay.com/app/uploads/2025/07/fiche_horaires_navette_PYZ_2024.pdf;PLAN;Z
C02502;Fiche horaire;https://www.paris-saclay.com/app/uploads/2025/07/fiche_horaires_navette_V.pdf;HORAIRE;V
C02508;Horaires du 20 juillet au 23 août 2026;https://ilico.iledefrance-mobilites.fr/uploads/fiches/20260717T131952Z-849892ce-64da-444f-af64-0c83279c55a6.pdf;HORAIRE;Soir Boussy-Saint-Antoine
C02528;Horaires T10 à compter de juillet 2024;https://ilico.iledefrance-mobilites.fr/uploads/fiches/20240613T064800Z-57c317fd-85dc-4476-bf9f-a11277310be8.pdf;HORAIRE;T10
C02529;Fiche horaire plein trafic;https://ilico.iledefrance-mobilites.fr/uploads/fiches/20260506T093338Z-a4bd9a14-1ef4-440c-b035-f27de6cdb73d.pdf;HORAIRE;T12
C02537;Fiche horaires 6515 - 6 juillet au 23 août 2026;https://ilico.iledefrance-mobilites.fr/uploads/fiches/20260622T122757Z-83d90ab6-ac2a-4529-b389-80d77f1b5735.pdf;HORAIRE;6515
C02539;Fiche horaires 6524 - 6 juillet au 23 août 2026;https://ilico.iledefrance-mobilites.fr/uploads/fiches/20260622T123439Z-722d7ddf-5f86-40db-a3a5-6aa4a65e3284.pdf;HORAIRE;6524
C02539;Plan de ligne 6524;https://ilico.iledefrance-mobilites.fr/uploads/plans/20250819T130308Z-2c878e26-03e8-484c-a34e-b5d0e5f7e5d4.pdf;PLAN;6524
C02540;Fiche horaires 6519 - 25 août 2025;https://ilico.iledefrance-mobilites.fr/uploads/fiches/20260622T123045Z-d745ea74-5f5f-45a9-bdad-4297492b9aa0.pdf;HORAIRE;6519
C02542;Plan de ligne 6529;https://ilico.iledefrance-mobilites.fr/uploads/plans/20250819T134824Z-a8123858-2c3e-47ce-a0a0-8390ee23cb18.pdf;PLAN;6529
C02545;Fiche horaires 6594 - 5 janvier 2026;https://ilico.iledefrance-mobilites.fr/uploads/fiches/20260622T125031Z-e031032b-8f2c-429e-9c20-c2bbce1c8727.pdf;HORAIRE;6594
C02547;Fiche horaires 6551 - 1er septembre 2026;https://ilico.iledefrance-mobilites.fr/uploads/fiches/20260319T113908Z-b4ff88b7-d75c-497c-aa75-76b1c6c393ff.pdf;HORAIRE;6551
C02549;Fiche horaires 6553 - 5 janvier 2026;https://ilico.iledefrance-mobilites.fr/uploads/fiches/20251219T152528Z-cd822a88-dfa7-44a3-aa45-e29086ce1e1f.pdf;HORAIRE;6553
C02551;Plan de ligne 6555;https://ilico.iledefrance-mobilites.fr/uploads/plans/20251226T130021Z-20f7afdd-02e8-4c62-af03-80a300eecd43.pdf;PLAN;6555
C02554;Plan de ligne 6558;https://ilico.iledefrance-mobilites.fr/uploads/plans/20250819T133254Z-578bfc4a-c098-4e8d-b1d9-5df6de86a8e1.pdf;PLAN;6558
C02559;Plan de ligne 6567;https://ilico.iledefrance-mobilites.fr/uploads/plans/20250819T132738Z-3804ade0-1bf1-4b44-a0db-b36f9b19694f.pdf;PLAN;6567
C02560;Fiche horaires 6568 - 1er septembre 2025;https://ilico.iledefrance-mobilites.fr/uploads/fiches/20251013T125326Z-c20577ac-d64a-4d2f-90e1-617dd86b247d.pdf;HORAIRE;6568
C02562;Plan de ligne 6572;https://ilico.iledefrance-mobilites.fr/uploads/plans/20250819T131431Z-f0108b83-efcb-476c-8257-cf680ae12e98.pdf;PLAN;6572
C02563;Plan de ligne 6574;https://ilico.iledefrance-mobilites.fr/uploads/plans/20250819T131402Z-0287d895-75ed-4018-bbc4-206432255d48.pdf;PLAN;6574
C02564;Fiche horaires 6575 - 5 janvier 2026;https://ilico.iledefrance-mobilites.fr/uploads/fiches/20260302T170125Z-edf10052-3f24-4ffb-8258-3292ea0a43ee.pdf;HORAIRE;6575
C02567;Fiche horaires 6505 - 6 juillet au 23 août 2026;https://ilico.iledefrance-mobilites.fr/uploads/fiches/20260622T122235Z-4897f91c-11d9-4079-a3d3-58cd32a10ced.pdf;HORAIRE;6505
C02568;Fiche horaires 6506 - 6 juillet au 23 août 2026;https://ilico.iledefrance-mobilites.fr/uploads/fiches/20260622T122309Z-4c4525f8-3f7f-4b6a-a0bf-5bc40e71ebfb.pdf;HORAIRE;6506
C02577;TàD Montereau Sud;https://ilico.iledefrance-mobilites.fr/uploads/plans/20240726T060658Z-1ee51d17-1e84-4d70-95c1-6efb1234fb40.pdf;PLAN;TàD Montereau Sud
C02581;Horaires Ligne TàD Nangis / La Chapelle-Rablais;https://ilico.iledefrance-mobilites.fr/uploads/fiches/20250425T112235Z-298d6baa-9964-404d-94d4-e615e3685bb5.pdf;HORAIRE;TàD Nangis / La-Chapelle-Rablais
C02585;Horaires Ligne Soir Nangis;https://ilico.iledefrance-mobilites.fr/uploads/fiches/20250617T060921Z-e9aaab64-038b-4e5b-a435-a2540de628a1.pdf;HORAIRE;Soir Nangis
C02594;Horaires N137 à partir du 8 Juillet 2024;https://ilico.iledefrance-mobilites.fr/uploads/fiches/20240626T153733Z-d5d41aea-84ad-46a8-9be9-2e20e39104db.pdf;HORAIRE;N137
C02599;Horaires été 2026;https://ilico.iledefrance-mobilites.fr/uploads/fiches/20260626T125844Z-42114c6c-a34d-4080-94f5-ae486c2a01fd.pdf;HORAIRE;4318
C02608;Plan de Bus ligne 4348;https://ilico.iledefrance-mobilites.fr/uploads/plans/20240523T094230Z-b6b017cf-0be5-4e81-bb7d-b1d97ed47d5d.pdf;PLAN;4348
C02610;Horaires Ligne 3559 du 01/09/2025 au 04/07/2026;https://ilico.iledefrance-mobilites.fr/uploads/fiches/20251008T100955Z-03943528-51ee-4611-b973-562d75022580.pdf;HORAIRE;3559
C02616;12 > 6312 - Horaires valables du 13 juillet au 23 août 2026;https://ilico.iledefrance-mobilites.fr/uploads/fiches/20260531T201627Z-a33727f6-5b1d-4b10-99b8-c75d976ebd46.pdf;HORAIRE;6312 (ex 12)
C02617;Dépliant_3102 au 01092025;https://ilico.iledefrance-mobilites.fr/uploads/fiches/20250730T145525Z-81a52a66-4fd8-45eb-ab71-70ba69a8f82c.pdf;HORAIRE;3102
C02622;Fiche horaire;https://www.paris-saclay.com/app/uploads/2025/07/fiche_horaires_navette_W.pdf;HORAIRE;W
C02625;Horaires valables du 6 juillet 2026 au 30 août 2026;https://ilico.iledefrance-mobilites.fr/uploads/fiches/20260702T124244Z-32bbc6e8-f757-4a04-84f9-12689b7d8c95.pdf;HORAIRE;1235
C02626;Bus Soir Vernouillet-Verneuil;https://ilico.iledefrance-mobilites.fr/uploads/fiches/20250909T133342Z-b906599c-fafc-499c-9fc9-b7e816865d3e.pdf;HORAIRE;Soir Vernouillet-Verneuil
C02627;Dépliant Bus Soir Les Mureaux;https://ilico.iledefrance-mobilites.fr/uploads/fiches/20250909T133407Z-311c84dd-4c50-4b0c-b17f-4e877a17043b.pdf;HORAIRE;Soir Les Mureaux
C02628;Plan de ligne Soir Carrières-sous-Poissy;https://ilico.iledefrance-mobilites.fr/uploads/plans/20260306T152535Z-bfcddb9f-0282-485e-b130-ba141a41a5f5.pdf;PLAN;Soir Carrières-sous-Poissy
C02630;Fiche horaires ligne 612 du 13 juillet 2026 au 3 janvier 2027;https://ilico.iledefrance-mobilites.fr/uploads/fiches/20260707T093101Z-6401463b-8007-4515-bd77-46b1dece6b6d.pdf;HORAIRE;612
C02631;Horaires ligne 4250 - Valable toute l'année à compter du 21 février 2026;https://ilico.iledefrance-mobilites.fr/uploads/fiches/20260423T071011Z-2df88294-fbb2-4bc5-8f40-fb1d742e3a58.pdf;HORAIRE;4250
C02635;Plan ligne N160;https://ilico.iledefrance-mobilites.fr/uploads/plans/20240705T113026Z-f8368fbb-3128-461b-bb4d-2226129306cf.pdf;PLAN;N160
C02644;Bus de Soirée Plaisir Grignon - dépliant;https://ilico.iledefrance-mobilites.fr/uploads/fiches/658449ea3533f_2024_01_08%20DSP29%20-%20Bus%20de%20Soirée%20(dépliant)%20v3%20copie.pdf;HORAIRE;Soir Plaisir-Grignon
C02663;Horaires Ligne 4536 - du 13 juillet 2026 au 31 décembre 2027;https://ilico.iledefrance-mobilites.fr/uploads/fiches/20260611T130514Z-8fddf82b-3466-4d8e-b7d8-319575e87695.pdf;HORAIRE;4536
C02665;Horaires valables à partir du 1er septembre 2025;https://ilico.iledefrance-mobilites.fr/uploads/fiches/20250818T110237Z-389aeffb-52e1-4b1e-af8c-54a38e09363e.pdf;HORAIRE;Soir Mantes-la-Ville
C02666;Fiche horaire C1;https://ilico.iledefrance-mobilites.fr/uploads/fiches/20260622T154530Z-9bc1c9fb-4958-424c-961a-6bef94eb435c.pdf;HORAIRE;C1
C02672;Fiche Horaire du 24 août 2026 au 18 juillet 2027;https://ilico.iledefrance-mobilites.fr/uploads/fiches/20260810T155418Z-4a41cca0-490e-4abf-ac8b-6ebcfd2f9db8.pdf;HORAIRE;2284
C02680;Plan ligne 2343;https://ilico.iledefrance-mobilites.fr/uploads/plans/20250917T094609Z-4fc8df6f-0432-4525-9731-6d872fce2d9c.pdf;PLAN;2343
C02686;Plan des lignes 60-61-62-63;https://ilico.iledefrance-mobilites.fr/uploads/plans/20250828T125058Z-db7a3008-58de-4354-92f7-ff444334e633.pdf;PLAN;6463
C02687;3417;https://ilico.iledefrance-mobilites.fr/uploads/plans/20240828T150756Z-8db3ba1d-4dc7-4d32-8186-323d0e55a508.pdf;PLAN;3417
C02692;Horaires valables à partir du 24 novembre 2025;https://ilico.iledefrance-mobilites.fr/uploads/fiches/20251121T174744Z-ad726398-0e5f-4100-b64f-5c510104691d.pdf;HORAIRE;2150
C02694;Horaires valables à partir du 1er septembre 2025;https://ilico.iledefrance-mobilites.fr/uploads/fiches/20250813T140549Z-408f3c5b-fd09-4ae2-96a1-7d0765a046da.pdf;HORAIRE;2152
C02694;Plan de ligne;https://ilico.iledefrance-mobilites.fr/uploads/plans/20250805T124953Z-c9389471-d914-4f00-8b6d-ef84c8f543ec.pdf;PLAN;2152
C02696;Horaires valables à partir du 24 novembre 2025;https://ilico.iledefrance-mobilites.fr/uploads/fiches/20251121T174836Z-7b49adcd-bea3-439b-909c-851bfa287cb3.pdf;HORAIRE;2154
C02701;Horaires valables à partir du 1er septembre 2025;https://ilico.iledefrance-mobilites.fr/uploads/fiches/20250813T140918Z-10e6b13e-02da-4eb6-a66b-e3347e0b7b9b.pdf;HORAIRE;2160
C02706;Plan de ligne;https://ilico.iledefrance-mobilites.fr/uploads/plans/20250805T125651Z-84d1b280-af21-4df5-9ff3-d9f3a97b03a4.pdf;PLAN;2165
C02708;Horaires valables à partir du 1er septembre 2025;https://ilico.iledefrance-mobilites.fr/uploads/fiches/20250813T140751Z-5d391f54-5c5c-4205-ba69-dc787c020656.pdf;HORAIRE;2157
C02711;Plan de la ligne SNCF Transilien V;https://www.transilien.com/fr/page-lignes/ligne-v;PLAN;V
C02713;Horaire ligne 245;https://www.ratp.fr/sites/default/files/lines-assets/fiche-horaire/busratp/fiche-horaire_busratp_ligne-245.pdf;HORAIRE;245
C02714;Plan ligne202;https://www.ratp.fr/sites/default/files/lines-assets/plan-de-ligne/busratp/plan-de-ligne_busratp_ligne-202.pdf;PLAN;202
C02725;Horaires valables toute l'année à compter du 20 avril 2026;https://ilico.iledefrance-mobilites.fr/uploads/fiches/20260423T070742Z-fbb96bc3-2f7b-4eee-817c-fb237cbafef7.pdf;HORAIRE;9112
C02725;Plan ligne 9112;https://ilico.iledefrance-mobilites.fr/uploads/plans/20260706T084735Z-8c0bb3d9-11cc-4cd7-a47e-895fdf3eba89.pdf;PLAN;9112
C02726;Plan ligne 3771;https://ilico.iledefrance-mobilites.fr/uploads/plans/20260720T150621Z-2533d383-1489-405c-988e-a2a72adcef81.pdf;PLAN;3771
C02732;Fiche Horaires T14 à partir de mai 2025;https://ilico.iledefrance-mobilites.fr/uploads/fiches/20250901T150702Z-36653822-9ce1-425b-a2ee-2a9d00920116.pdf;HORAIRE;T14
C02736;Horaires ligne 4215 - Du 13 juillet au 23 août 2023;https://ilico.iledefrance-mobilites.fr/uploads/fiches/20260706T082013Z-5aead128-ba7a-444a-a095-6db418a41501.pdf;HORAIRE;4215
C02736;Plan ligne 4215;https://ilico.iledefrance-mobilites.fr/uploads/plans/20260706T082013Z-51c439a9-3ec8-42ec-ac61-a5cb0344db2c.pdf;PLAN;4215
C02737;Plan ligne 4270;https://ilico.iledefrance-mobilites.fr/uploads/plans/20260323T141538Z-8ea6e549-62b5-45f9-ac86-4950c5a3cdfb.pdf;PLAN;4270
C02740;Horaires ligne 4222 - Du 25 août 2025 au 12 juillet 2026;https://ilico.iledefrance-mobilites.fr/uploads/fiches/20260322T163359Z-ad5e1984-47df-459c-8ada-acc3ed10fb99.pdf;HORAIRE;4222
C02741;Plan ligne 5297;https://ilico.iledefrance-mobilites.fr/uploads/plans/20250327T163944Z-0cedaee8-ece2-4ce8-8197-63eb766a01f3.pdf;PLAN;5297
C02747;FH TAD NEMOURS;https://ilico.iledefrance-mobilites.fr/uploads/fiches/20250704T091540Z-989b8437-af27-46aa-901a-9aef09e28625.pdf;HORAIRE;TàD Vallée du Loing - Nemours
C02751;TàD Pays de l'Ourcq;https://ilico.iledefrance-mobilites.fr/uploads/plans/20250717T114234Z-78969a77-00ea-4c2a-aa8e-bb59bba70320.pdf;PLAN;TàD Ourcq Ouest
C02755;TAD Meaux Ouest;https://ilico.iledefrance-mobilites.fr/uploads/fiches/20250917T120621Z-204b06c1-5bbe-4fb2-8853-f02217ef2fb1.pdf;HORAIRE;TàD Meaux Ouest
C02769;Plan de la ligne Bus Soirée Vigneux-sur-Seine;https://ilico.iledefrance-mobilites.fr/uploads/plans/20250226T102702Z-08ab03bf-a9c7-44a2-96bf-d298c5480538.pdf;PLAN;Soir Vigneux-sur-Seine
C02777;TAD MORET SEINE ET LOING;https://ilico.iledefrance-mobilites.fr/uploads/fiches/20250704T091447Z-759d7c25-46c2-400b-8274-863980ff04e1.pdf;HORAIRE;TàD Moret Seine et Loing
C02779;Plan TAD Melun Nord;https://ilico.iledefrance-mobilites.fr/uploads/plans/20250822T104643Z-00e670a6-1765-44de-bfde-097b0c3f7924.pdf;PLAN;TàD Melun Nord
C02792;Plan TàD zonal Etréchy;https://ilico.iledefrance-mobilites.fr/uploads/plans/20250820T075854Z-2a348c75-474b-473e-9d60-c07346d88f4e.pdf;PLAN;TàD Zonal Etrechy
C02793;Dépliant horaites TàD zonal Etampes - Horaires valables à partir du 1er septembre 2025;https://ilico.iledefrance-mobilites.fr/uploads/fiches/20250820T073352Z-d16a9f2b-a03a-45b5-96dc-43f47ce42c98.pdf;HORAIRE;TàD Zonal Etampes
C02794;Plan de ligne TAD Mantois;https://ilico.iledefrance-mobilites.fr/uploads/plans/20250901T180041Z-9c4795bc-5cc4-460d-92b9-5030668f5562.pdf;PLAN;TàD Mantois
C02805;Fiche horaires 6582 - 1er septembre 2025;https://ilico.iledefrance-mobilites.fr/uploads/fiches/20251013T130929Z-f7a8f4f4-29e1-45a1-b2dd-40b09e4b4d67.pdf;HORAIRE;6582
C02806;Plan de ligne 5404;https://ilico.iledefrance-mobilites.fr/uploads/plans/20250818T091319Z-6b206cfd-6edd-4665-8dae-7d78e5e5fcfe.pdf;PLAN;5404
C02809;Fiche WEB ligne 4627 PVS été du 18 mai au 12 juillet 2026 et du 24 août au 31 août 2026;https://portail-idfm-operateurs.cdn.prismic.io/portail-idfm-operateurs/RRvi25KKXKZwf3Ok_FicheWEBligne4627PVS%C3%A9t%C3%A9du18maiau12juillet2026etdu24ao%C3%BBtau31ao%C3%BBt2026.pdf;HORAIRE;4627
C02809;Fiche WEB ligne 4627 Été 2026 V0, du lundi 13 juillet au dimanche 23 août 2026;https://portail-idfm-operateurs.cdn.prismic.io/portail-idfm-operateurs/ajPqQY1P9HI4Ur8f_FicheWEBligne4627%C3%89t%C3%A92026V0%2Cdulundi13juilletaudimanche23ao%C3%BBt2026.pdf;HORAIRE;4627
C02810;Plan de ligne 4665;https://ilico.iledefrance-mobilites.fr/uploads/plans/20250829T090322Z-40290d2b-e4e7-4f89-b46a-83a9ac3326dc.pdf;PLAN;4665
C02812;Plan de ligne 4671;https://ilico.iledefrance-mobilites.fr/uploads/plans/20250825T100511Z-9eb6b873-b6f5-4708-82aa-21b6a1b43c2a.pdf;PLAN;4671
C02820;Horaires hiver 2026 / 2027;https://ilico.iledefrance-mobilites.fr/uploads/fiches/20260730T100823Z-67eb1ed9-0328-4147-93b4-fc696f88d6f2.pdf;HORAIRE;TàD 4318
C02822;Horaires hiver 2026 / 2027;https://ilico.iledefrance-mobilites.fr/uploads/fiches/20260730T095249Z-a0c12647-c892-4697-b5e1-623f2d84c7da.pdf;HORAIRE;TàD 4342
C02823;Horaires été 2026;https://ilico.iledefrance-mobilites.fr/uploads/fiches/20260626T130823Z-c67d58af-ec76-4ca3-b11d-8adea0cd5732.pdf;HORAIRE;TàD 4343
C02824;Horaires hiver 2026 / 2027;https://ilico.iledefrance-mobilites.fr/uploads/fiches/20260730T095350Z-10b79d3f-87ae-457f-bc54-d8c31b3de292.pdf;HORAIRE;TàD 4344
C02826;Horaires Ligne TUVIM;https://www.ratp.fr/sites/default/files/lines-assets/fiche-horaire/busratp/fiche-horaire_busratp_ligne-589.pdf;HORAIRE;TUVIM Epinettes
C02827;Horaires Ligne TUVIM;https://www.ratp.fr/sites/default/files/lines-assets/fiche-horaire/busratp/fiche-horaire_busratp_ligne-589.pdf;HORAIRE;TUVIM Ile Saint-Germain
C02827;Plan Ligne TUVIM;https://www.ratp.fr/sites/default/files/lines-assets/plan-de-ligne/busratp/plan-de-ligne_busratp_ligne-589.pdf;PLAN;TUVIM Ile Saint-Germain
C02831;Horaires valables du 5 janvier 2026 au 12 juillet 2028;https://ilico.iledefrance-mobilites.fr/uploads/fiches/20260612T150053Z-4c221832-c106-4933-8c4f-7ce0a3a9a8c2.pdf;HORAIRE;9513
C02832;Fiche horaire à partir du 20 juillet 2026;https://ilico.iledefrance-mobilites.fr/uploads/fiches/20260715T125708Z-24591616-aeac-4389-8605-fee3d377170d.pdf;HORAIRE;9509
C02837;Ligne soir Ermont Eaubonne - Horaires valables du 3 aout 2026 au 2 juillet 2027;https://ilico.iledefrance-mobilites.fr/uploads/fiches/20260731T153934Z-c955be44-b9aa-4013-b3f7-cbde009d0e9d.pdf;HORAIRE;Soir Ermont-Eaubonne
C02840;Plan de ligne - Soir Montigny Beauchamp;https://ilico.iledefrance-mobilites.fr/uploads/plans/20260731T154610Z-c8bd2ca2-9b24-4ef1-a614-bf6efda8b123.pdf;PLAN;Soir Montigny-Beauchamp
C02841;Plan ligne - Soir Sannois;https://ilico.iledefrance-mobilites.fr/uploads/plans/20260731T154811Z-a4ec85aa-92f6-4875-8ba0-64bf282e488c.pdf;PLAN;Soir Sannois
C02844;Ligne 1411 - Horaires valables du 24 août 2026 au 11 juillet 2027 inclus.;https://ilico.iledefrance-mobilites.fr/uploads/fiches/20260810T093525Z-70270c36-8b01-4aa8-bba0-e3ef797c99fe.pdf;HORAIRE;1411
C02845;Ligne 1450 - Horaires valables du 31 août 2026 au 3 juillet 2027 inclus.;https://ilico.iledefrance-mobilites.fr/uploads/fiches/20260810T105301Z-5e442fba-ba71-4384-be41-c01500e72311.pdf;HORAIRE;1450
C02845;Plan de ligne - 1450;https://ilico.iledefrance-mobilites.fr/uploads/plans/20260717T165637Z-98df9838-96b3-4431-b507-e01e994de0c3.pdf;PLAN;1450
C02846;Ligne 1413 - Horaires valables du 24 août 2026 au 11 juillet 2027 inclus.;https://ilico.iledefrance-mobilites.fr/uploads/fiches/20260810T095423Z-a4d51198-1182-445a-b9c1-ddf0cc52ee12.pdf;HORAIRE;1413
C02852;Plan de ligne 1119;https://ilico.iledefrance-mobilites.fr/uploads/plans/20260224T075934Z-e0759583-caaf-48f1-b04f-5ef888a90eaa.pdf;PLAN;1119
C02854;Horaires ligne 7711 à partir du 26 mai 2026;https://ilico.iledefrance-mobilites.fr/uploads/fiches/20260512T151616Z-e85aefdd-a259-4ea4-ae38-793deef0953b.pdf;HORAIRE;7711
C02861;Plan de ligne - 772;https://ilico.iledefrance-mobilites.fr/uploads/plans/20260608T092512Z-63446bdb-f628-4e83-86fb-34ac42a7d389.pdf;PLAN;772 (ex 501)
C02862;Plan de ligne - 773;https://ilico.iledefrance-mobilites.fr/uploads/plans/20260608T092536Z-596041d6-431c-40ff-8ddb-4ad71ebc8d58.pdf;PLAN;773 (ex 501)
C02865;Plan de ligne - 763;https://ilico.iledefrance-mobilites.fr/uploads/plans/20260608T092650Z-985935fc-e8ab-41c9-848c-3b13396bf613.pdf;PLAN;763 (ex 502)
C02869;Plan de ligne - 739;https://ilico.iledefrance-mobilites.fr/uploads/plans/20260608T092821Z-218def40-9da7-4c4c-ae25-95f78845d782.pdf;PLAN;739 (ex 9S)
C02870;Plan de ligne - 749;https://ilico.iledefrance-mobilites.fr/uploads/plans/20260608T092843Z-9011972f-5965-4bef-a969-60b7d6167f9e.pdf;PLAN;749 (ex 9S)
C02872;Plan de ligne - 313;https://ilico.iledefrance-mobilites.fr/uploads/plans/20260608T092910Z-c1527071-ba8d-41b6-904b-116c83233156.pdf;PLAN;313
