zdc,duree_mediane_secondes,nb_observations
495816,240,2
71264,452,650
70974,255,2
72881,253,132
71370,401,842
73626,459,420
74010,350,12
63687,240,2
64482,240,2
62704,464,6
64697,270,6
68987,240,2
63880,316,552
71453,375,156
71634,275,240
73622,375,30
71273,404,12
64589,393,208
65994,315,240
71139,559,918
71311,382,306
64435,301,6
71359,366,552
71350,411,72
69254,240,110
72854,240,2
71347,403,702
73596,240,552
492986,292,2
70149,240,56
73466,240,2
66834,240,132
73602,240,56
64301,390,6
493509,240,72
72933,240,2
69727,249,12
71614,418,110
70135,280,6
68499,240,2
72929,364,182
63690,240,2
65770,376,30
63244,384,600
63454,515,6
65419,287,12
60785,304,72
66436,266,20
71409,366,42
70780,286,12
61919,301,2
73099,240,2
425779,602,12
71084,333,306
64382,203,42
478707,348,20
65448,306,6
72033,411,12
63278,311,110
73471,240,2
62830,240,2
72534,291,12
66741,316,42
61693,285,2
65669,240,110
71420,376,30
68344,308,12
482368,373,110
69855,427,30
66942,240,2
71971,325,42
72267,308,20
74002,290,42
66805,449,2
71864,358,42
71586,255,20
478505,506,306
67889,261,12
71379,424,272
71355,390,30
68228,240,2
68963,240,306
72204,303,56
70902,280,306
70381,240,2
61414,256,210
68129,243,272
72028,319,56
478534,240,2
71423,409,56
72542,282,20
72517,326,132
70428,309,2
72704,278,6
70091,288,12
70452,328,42
70698,284,240
72211,272,72
72314,303,30
74041,380,42
71673,385,600
70488,370,20
60953,348,2
60941,299,2
64110,251,12
71125,408,42
463564,389,272
71435,401,156
63447,280,2
61926,247,182
60275,276,2
66647,240,2
72589,266,12
71135,476,340
60806,240,2
64122,289,12
70956,312,20
72323,413,132
426660,273,6
68365,240,2
73272,261,12
71297,465,182
68320,253,12
73531,304,20
70525,247,12
69407,412,12
66194,240,2
72064,313,240
73026,240,2
71298,406,240
68407,281,342
61764,240,2
71718,346,156
66535,253,42
71169,327,182
71607,494,108
68582,383,72
71203,389,110
65063,245,272
482910,254,12
64750,240,2
62412,259,240
422243,240,2
63084,240,2
65931,334,756
73204,240,2
412697,257,182
61151,240,2
62908,249,6
64831,282,6
71432,385,12
415852,401,90
71517,356,756
62722,296,20
71400,331,56
60376,249,2
68239,240,2
70968,251,2
73579,240,6
70638,252,20
71033,403,420
73959,240,2
60772,240,2
477288,246,30
62978,240,20
66376,282,6
71006,321,110
71613,329,2
71056,397,600
62064,290,20
73763,393,2
65958,267,6
73753,354,52
60309,354,240
427230,275,90
60757,309,6
71042,248,20
60675,240,2
72756,290,42
461505,449,182
68266,240,90
60651,240,12
63276,332,6
71009,240,2
71469,415,12
68385,588,306
70837,240,6
62638,240,2
423071,240,2
412042,268,2
70940,366,210
70503,343,56
481095,240,2
64251,240,30
72549,283,12
67402,240,2
72478,285,30
68432,320,12
71889,343,462
71873,240,2
62633,319,72
70169,255,30
65634,240,2
60419,260,20
70033,299,56
70646,254,12
72057,373,72
71318,380,182
481039,240,2
62139,240,42
69338,321,6
74192,296,42
68153,240,42
73623,293,56
72646,326,182
73618,366,90
483416,306,30
73196,266,30
63391,240,2
73653,410,12
69840,240,90
68465,240,2
66221,327,30
61579,243,110
68918,240,182
70522,329,110
73493,334,20
420144,253,272
68739,396,2
70861,291,30
416091,247,2
70990,365,20
72641,352,72
66256,256,2
70379,254,20
419995,243,2
70775,348,6
71909,372,30
462742,318,42
426624,282,2
66038,325,30
67375,278,6
71410,410,380
61645,240,2
68229,302,2
70668,344,56
66258,301,12
70294,240,2
73810,316,6
73042,276,90
72262,302,12
73695,282,90
63812,312,272
70768,302,30
70280,258,2
60359,240,2
462241,313,6
60371,240,2
71285,385,110
72434,322,72
61536,303,12
72785,316,6
71337,405,342
72131,399,20
70269,382,30
64114,240,2
71224,289,72
71294,368,56
71606,423,20
71322,376,12
63117,337,90
63071,240,42
69839,258,30
67796,244,12
71351,367,30
69503,248,42
71756,375,72
67897,261,30
72998,250,20
73699,596,186
72343,301,12
70473,299,6
70950,295,2
73640,354,110
72796,241,12
71637,432,20
65421,292,30
67053,255,2
62596,395,42
62515,240,2
69065,240,90
70372,284,30
72126,428,90
71531,348,72
71961,513,132
62732,253,2
71556,378,56
68422,260,2
481111,245,20
66063,388,2
71590,283,56
68418,240,2
73261,240,2
73279,240,20
482909,402,12
461828,240,2
73312,247,20
71897,267,56
67382,240,2
72382,256,30
70039,240,2
70772,331,20
424901,240,2
65582,245,182
64500,240,20
66858,268,156
73788,398,42
62696,264,6
62188,240,2
71744,240,2
66696,382,210
490756,240,2
71940,450,90
71434,432,42
70657,360,812
71088,371,30
60665,298,90
70152,240,2
71947,224,42
60450,284,178
63182,267,2
70092,310,12
422267,240,2
70899,415,156
70165,240,2
69772,243,20
60541,240,2
65560,365,156
60517,255,2
71630,324,12
71016,277,72
72324,324,42
64009,346,30
72203,361,156
71859,293,2
71639,387,20
63284,383,90
71505,299,30
69659,290,2
73661,402,56
71463,297,6
420835,240,2
73762,256,2
64883,350,650
66009,293,210
69846,250,30
70470,341,42
72132,518,30
64080,249,12
69718,249,6
72425,356,20
72286,325,182
62069,263,12
65404,240,2
71223,425,20
71073,280,132
71305,409,30
70648,374,56
73638,240,6
463633,240,2
70597,340,6
60994,263,2
72486,262,240
422455,240,12
66011,240,2
60864,363,20
68351,353,12
421820,240,2
60196,240,2
480713,240,2
66005,246,56
422764,248,2
61218,288,72
483669,259,12
71803,411,42
73696,287,132
70124,250,12
70848,268,12
71156,363,56
71167,435,30
66392,319,30
62290,242,132
71860,384,20
68106,290,2
73326,267,12
73491,267,110
72358,245,272
71330,365,72
62636,240,2
62924,240,2
72240,331,56
70172,495,30
73675,368,30
68961,297,6
69144,240,2
60776,311,30
67802,240,12
71199,300,56
65860,270,2
73438,268,20
72460,324,90
72031,396,30
62109,240,2
59885,275,2
61546,275,2
63426,310,90
65884,353,30
71326,377,42
72168,379,182
70669,292,56
71035,240,2
60964,240,2
70792,394,20
423365,246,12
420137,454,2
62169,240,2
416744,281,30
60247,313,156
62630,240,2
62432,277,12
65897,240,72
74149,240,2
69813,303,72
71346,405,132
65485,345,132
72777,333,56
63522,262,12
69459,240,2
72120,256,30
60915,373,156
65110,311,20
487096,240,2
490947,240,2
69878,240,2
73329,240,132
71808,345,182
62597,305,2
73608,286,2
65960,240,2
71154,254,30
71407,433,72
73676,254,12
71988,240,2
65339,368,12
72545,275,30
71274,360,182
72526,313,20
71600,263,12
71710,300,110
70079,240,2
73178,348,30
64934,253,12
63101,240,2
478887,240,6
64199,240,72
70671,315,156
70100,297,30
62247,240,2
73078,255,6
424422,262,6
67625,305,30
69293,240,2
60352,240,2
72778,287,6
71089,305,12
71054,303,90
74264,502,20
68123,384,6
72366,258,30
65318,240,2
70705,240,30
62215,240,2
64674,336,20
71426,380,72
63240,431,12
72307,240,12
60542,254,72
65678,240,2
473389,240,2
479068,409,42
71117,368,30
425790,288,42
65227,372,90
72911,283,12
63317,286,12
474258,240,2
71900,381,12
64255,240,2
480604,334,12
60393,249,2
70721,344,182
74216,240,2
72037,366,84
66545,292,12
63125,263,2
71785,357,132
71202,373,90
64488,353,20
63739,278,2
65926,260,30
72737,258,2
64201,253,12
65441,322,30
65361,240,2
71935,309,90
61495,310,12
480637,240,2
67806,240,2
70640,299,72
63025,240,30
73011,280,2
70215,249,12
68972,311,2
72285,319,72
68494,414,110
478855,240,72
73288,424,30
62062,240,2
63982,240,12
425114,240,2
482731,240,2
70572,240,2
68078,315,12
72783,240,2
60422,319,132
73486,391,20
62090,240,30
72292,341,56
69129,314,30
73620,385,110
71609,240,30
73052,240,2
65688,306,2
73721,310,72
73247,240,2
65542,539,42
73670,257,2
59948,280,42
70339,274,12
62571,240,2
490784,558,12
69742,292,12
72463,277,90
65295,243,2
69000,253,6
72939,311,6
59678,373,2
415522,267,42
70023,240,2
68213,361,12
60052,398,6
485809,240,2
59430,240,2
71760,255,20
61658,502,6
70725,317,20
65796,240,2
70823,334,156
65296,272,6
71023,395,12
70337,240,2
63561,240,6
62206,240,2
421020,242,2
62690,286,2
478883,310,156
70044,240,2
70196,240,2
73926,240,2
60839,401,6
72688,293,6
61110,247,2
416454,286,2
59836,253,132
70584,450,30
69633,351,42
59637,240,2
64276,240,2
66891,312,20
73641,480,20
72389,288,12
73799,134,2
71010,242,6
478931,245,2
72768,256,12
474150,351,90
72654,240,2
71921,291,56
70218,339,12
71511,408,90
64918,264,90
63503,325,12
60084,306,12
66156,240,2
70750,248,12
68181,269,12
71713,256,20
67237,240,2
64278,352,2
485815,248,6
74100,240,2
65377,274,2
68650,240,20
60997,240,2
68809,240,2
71750,322,56
62867,244,12
73636,378,42
71885,405,20
73625,403,56
72355,263,20
70089,328,6
62067,240,56
66375,240,2
69525,283,2
72476,312,2
72024,262,56
411284,254,12
69568,362,182
66667,340,12
72708,240,2
65872,322,12
62892,391,72
65851,240,2
72637,303,90
70046,296,12
69387,240,2
64306,292,12
69866,280,42
70730,240,2
62414,240,2
65827,545,6
69498,253,20
64979,275,12
60657,330,2
65382,240,2
66746,278,12
68865,240,2
70210,336,20
65785,254,2
64448,350,12
71150,382,56
66095,335,72
63523,336,56
61950,240,2
73568,240,56
72472,279,12
68425,295,6
71621,251,12
71209,240,2
68671,240,12
461860,572,12
416494,292,2
64152,293,12
61171,240,2
71845,254,12
62264,307,12
74037,240,2
67052,240,2
69930,240,2
480856,299,2
61801,240,2
73649,240,2
70776,335,6
424007,316,12
61778,253,2
71545,364,132
70463,266,12
71836,361,42
62970,240,6
70807,303,30
65431,245,2
70846,491,30
73849,325,12
69581,240,2
72523,240,2
60340,240,2
70191,240,2
59690,240,2
71039,366,20
63706,240,20
70272,240,2
71963,299,12
73505,240,12
73004,388,12
67836,240,2
71663,253,56
71320,407,30
63154,240,2
69797,322,20
426541,240,2
71558,347,42
61144,240,2
71201,382,30
71830,275,6
68051,240,2
71231,240,6
61682,240,2
66894,322,12
415648,240,2
73797,433,12
480755,372,20
70662,248,12
59879,281,2
71899,240,12
64940,240,2
70999,240,30
72598,312,90
73657,395,6
62901,240,2
63318,305,12
61661,240,6
71161,311,90
60868,462,6
67617,251,2
70275,243,12
72165,507,2
63080,335,6
60593,240,2
73818,240,2
73726,309,12
60483,240,2
72312,251,2
63320,417,42
73482,287,72
462549,301,2
70322,249,2
69881,240,12
73684,365,42
73097,240,72
427821,261,12
60635,240,2
72112,302,12
72082,240,6
60987,369,110
71043,385,12
70929,240,2
63388,338,12
493500,240,6
69911,240,12
64522,240,2
68808,240,2
73163,417,42
478180,297,6
70664,285,12
71572,371,210
61968,269,12
66440,240,12
69345,240,2
63564,240,2
70605,316,30
62266,240,2
71045,318,110
69539,240,6
66774,312,12
63606,240,2
62194,249,2
69316,240,2
71532,254,12
70036,240,12
72333,240,72
425947,314,2
73633,408,72
70346,247,12
70790,257,6
69440,262,12
67839,240,30
74187,240,2
64021,366,72
70726,271,156
72078,301,72
69898,282,12
63217,288,2
71874,240,12
71422,334,42
69150,240,2
63118,271,2
71954,328,12
70242,240,2
62642,258,12
67909,240,2
480872,240,30
63067,397,30
63895,240,2
73297,310,72
71454,398,6
69829,252,6
74009,240,90
70211,394,6
71324,441,90
71146,321,30
68557,272,12
420337,240,2
63400,240,2
67292,287,110
65996,252,6
424718,260,2
72787,397,72
70223,298,2
479933,240,2
69974,388,30
69759,319,156
61612,240,2
60909,244,6
70947,240,2
70300,261,6
491307,240,2
67693,240,2
71267,262,2
72013,367,12
71472,298,42
62988,240,2
66644,293,6
71282,240,6
72678,269,2
69429,397,12
66751,240,2
72004,364,20
71214,240,2
66118,243,2
69297,258,6
64909,240,6
61783,240,2
71595,385,12
421248,240,2
420410,344,12
70391,304,30
67476,240,72
73509,266,12
491418,240,2
66803,240,20
63681,240,2
67826,240,2
71097,412,12
70824,269,12
64087,248,2
483316,466,12
60769,242,12
425902,361,6
71781,400,30
70013,245,20
415528,273,20
69776,257,2
478346,350,6
68227,240,2
478926,349,12
73782,240,2
71450,247,72
70549,295,30
73394,265,12
60649,294,2
71868,375,30
63976,240,2
420712,240,6
60332,240,12
423648,373,20
70975,242,20
62512,240,2
71464,280,20
64786,374,20
72137,276,42
64746,240,2
71026,431,30
70041,305,12
71293,394,30
72430,338,156
65523,240,2
73132,342,6
67082,272,12
68096,240,2
71828,375,30
73388,286,12
63511,240,2
59946,240,12
73507,305,12
64850,264,2
412568,300,6
65399,257,72
65231,240,2
72215,281,30
69897,255,2
71904,303,2
64634,240,2
412673,519,6
71007,240,30
71242,329,42
73354,240,12
60080,263,56
63186,285,12
62939,317,56
70221,258,2
62875,281,20
69653,326,20
425686,281,12
69113,293,6
72953,268,2
73278,345,56
64019,240,2
479109,290,12
71583,240,2
485891,262,6
70311,501,72
72092,279,20
73647,384,30
63159,455,12
73530,240,6
72600,265,6
478347,285,12
71075,377,30
70494,420,12
69291,278,12
70142,240,12
67134,240,2
61274,240,2
60407,240,2
70562,389,30
71030,334,110
65549,328,12
73190,277,110
65447,297,12
68926,240,2
71817,244,90
70441,211,42
65691,240,72
70972,274,30
68306,274,6
70285,346,2
73202,520,12
71343,301,6
72622,269,42
60676,240,2
68419,258,90
60623,240,12
63526,240,2
73643,364,6
70510,240,2
71022,240,2
71277,353,42
71405,255,12
71500,393,2
72451,346,12
415789,240,2
69894,303,6
412659,242,42
61004,339,6
71403,451,42
70571,250,2
69986,272,6
68293,240,20
60874,240,12
70393,317,72
73098,339,20
73604,287,42
61058,240,2
63551,251,6
64436,240,2
66602,240,2
70255,318,30
71127,240,6
65342,281,12
72206,246,20
65327,312,6
74086,285,2
73215,367,30
60965,240,2
72408,240,20
72118,407,20
71912,240,2
68773,240,2
69978,240,12
420718,256,6
486748,279,30
63793,240,2
65635,241,12
480957,240,2
461959,469,20
73800,251,12
420299,240,12
69637,253,2
69442,240,2
426166,240,2
73692,240,12
62311,240,2
477636,240,2
73823,240,2
71528,288,42
73942,240,2
73263,246,12
478499,240,2
70626,319,30
411318,149,20
73106,406,30
63763,322,6
63290,276,42
70596,269,132
72604,456,12
70678,373,2
59569,240,2
73861,240,2
60524,322,12
65654,268,30
73578,393,12
64246,225,12
70292,400,20
69538,318,6
73857,240,42
68105,296,42
69826,300,20
64582,383,42
66335,289,132
480949,285,2
62662,240,2
59614,380,12
74261,294,6
70464,417,20
69863,295,12
70552,240,2
72459,314,2
74056,350,2
420463,257,20
422420,240,20
64031,298,20
73071,393,12
71155,240,2
67147,394,2
71053,276,12
63304,240,6
69821,331,42
67025,240,2
71521,276,72
73662,244,2
59671,294,6
68033,240,2
63471,240,2
69413,240,2
462611,240,2
67315,297,12
71159,377,56
64774,300,2
64776,240,2
73366,240,2
479607,240,2
66356,240,2
64809,240,2
71376,362,30
65539,240,2
71283,240,12
463850,289,72
65293,240,2
72634,312,6
73836,240,2
73564,240,2
69529,240,2
63325,240,6
64605,240,2
70969,267,12
60866,331,12
487076,255,2
411363,144,6
61471,292,12
480705,376,2
71647,379,20
70908,240,2
62977,380,42
65451,330,30
68895,240,2
60892,251,12
64596,274,6
69965,240,2
66598,338,12
72326,282,42
63973,240,2
70143,303,132
491395,312,2
61501,240,2
73805,286,6
63990,249,12
66400,251,2
415673,323,30
73439,390,42
463404,240,2
70945,340,30
68017,240,2
69460,313,20
74095,262,12
59704,240,2
71799,343,42
70815,275,12
67201,301,2
60853,240,2
73348,259,12
73605,240,72
61217,240,2
62903,240,2
69298,240,2
72899,240,2
67019,292,6
63490,253,12
71471,390,30
63415,324,12
60672,240,2
65046,285,12
65562,439,6
74103,271,30
73865,293,6
69253,260,12
73096,339,20
71989,425,72
62962,240,42
62012,240,2
71170,454,30
70676,267,20
73455,329,12
72697,335,6
59662,240,2
67520,240,2
67658,304,20
60381,240,2
72337,262,6
71442,294,210
60805,327,12
66927,248,12
71810,251,2
69852,374,110
63294,354,12
70537,402,12
59706,240,2
70612,345,20
63134,312,12
64897,268,12
60442,240,12
66492,240,2
62558,240,56
71903,263,42
63818,248,12
65473,249,2
73407,240,2
73001,303,2
70652,266,12
66513,283,12
61382,240,2
60358,240,2
71290,342,56
73614,388,6
71263,342,6
69307,247,12
480899,240,2
72738,286,12
424844,240,2
66065,260,2
68493,240,2
62224,240,2
70018,283,12
73499,240,12
72652,325,12
72497,354,20
62172,381,2
73635,394,6
63813,240,2
69589,324,12
60387,359,30
478648,403,12
60231,240,2
68335,240,2
73689,369,42
73941,240,2
64912,240,2
490529,285,2
72663,280,12
70238,262,20
70959,308,6
64636,240,2
72155,599,12
64405,290,20
62347,240,12
415523,346,2
64259,268,30
65942,261,12
73678,253,2
71513,249,2
65923,269,12
62543,289,12
59531,330,12
72367,267,12
63505,240,2
63964,288,42
72775,340,42
71669,306,20
64758,240,30
72383,326,72
64778,240,2
60545,240,2
70003,305,20
420828,240,56
482873,240,2
63414,241,6
71837,240,2
63900,240,2
60448,443,30
68159,240,6
62981,240,2
62932,240,2
72720,292,12
60415,278,30
65104,316,2
71253,409,42
69662,478,6
67280,240,2
482596,261,6
69591,198,30
479392,240,2
63051,240,2
63747,240,2
60716,347,2
67505,240,2
72202,310,6
72709,411,12
419352,240,2
64390,240,2
474355,250,12
71790,291,12
69704,240,6
67827,240,2
62711,240,2
70604,317,56
70736,345,2
73906,240,2
72568,272,2
67047,291,20
73619,396,30
65965,240,2
480060,296,2
66244,240,2
71218,269,2
424106,318,12
73334,261,30
65749,448,12
64091,240,12
63315,240,6
421776,270,2
69684,447,12
63010,268,12
73935,292,6
72073,377,20
70188,261,6
67309,240,2
66079,394,56
62265,290,12
72758,256,12
70316,262,20
61537,196,12
62712,240,2
61877,257,12
60107,311,20
61327,375,6
71591,301,72
68240,240,2
426521,240,2
420955,240,2
61805,240,2
72918,240,2
70586,429,30
69968,276,12
72371,240,12
73410,290,20
70741,240,2
70099,245,20
473100,249,12
60708,282,2
66332,301,12
71510,380,20
62358,274,12
495203,240,2
73715,356,20
71635,257,12
72328,301,12
66282,240,2
70016,281,12
64486,283,2
59962,248,2
67785,350,12
480952,384,22
72879,240,2
67027,376,6
64479,240,2
69786,255,20
71725,370,30
70723,240,2
71588,262,12
69870,240,12
72653,335,42
425791,256,2
69884,228,56
63935,331,12
66867,240,2
73034,240,2
63887,265,2
61711,240,2
73690,347,90
73161,381,12
480351,278,2
71525,286,2
73057,240,2
60893,240,2
64870,240,6
70030,273,6
64872,240,2
67055,304,12
496038,240,2
71168,276,20
71349,240,2
70376,363,6
493508,240,20
62231,240,2
64211,338,2
73648,521,6
70786,291,20
73734,294,30
72396,270,56
424161,240,2
71342,386,30
72158,286,12
74162,408,6
63175,322,20
63203,240,2
412678,312,20
419942,250,6
71546,281,12
70443,336,6
477285,260,30
70610,246,12
71292,437,56
60229,240,2
72287,330,20
64084,240,2
73315,289,2
61362,250,2
64476,240,2
64911,240,2
71776,336,2
69393,378,6
68283,318,12
70579,269,6
70027,240,12
72843,240,2
72901,304,12
63715,244,12
60934,240,6
71216,376,42
73498,323,2
70983,240,6
63136,276,6
73049,240,2
66632,240,6
62730,377,6
71013,436,12
71533,264,6
71602,240,6
65862,248,2
71612,240,20
419893,240,2
69757,284,2
73644,240,6
70060,240,20
72727,257,6
68206,240,2
68169,240,2
423879,256,42
63629,347,30
60333,257,6
425370,240,2
463411,240,2
64200,240,2
67709,240,2
70611,264,30
72322,240,20
65375,240,2
61143,240,2
62906,261,2
61199,240,2
60905,240,2
62411,240,2
69723,240,2
64258,240,2
74097,240,2
62002,240,2
66554,240,2
64862,240,2
66094,344,2
64374,354,12
420664,308,2
488087,405,12
71076,331,56
70600,240,2
72721,264,12
71700,244,12
463723,240,2
70164,240,6
426280,240,72
69636,240,42
73108,264,12
59447,387,2
62326,267,12
65483,240,2
73925,240,2
68595,240,2
72489,246,2
68342,350,6
69791,253,6
63045,240,2
423630,265,6
72074,292,2
65030,340,2
73058,240,2
62753,240,2
60533,240,2
66911,240,2
413555,240,2
73362,241,12
64036,329,2
73874,328,2
70627,336,6
64668,320,12
71090,268,6
63568,240,2
74001,413,30
71001,352,42
73700,384,6
72052,275,12
63555,266,12
483638,352,12
62037,240,2
71898,283,20
69448,240,2
72376,255,30
424040,240,2
70445,417,12
73033,268,6
72943,251,12
61978,240,2
74301,240,2
64173,263,2
71537,240,2
63077,240,2
62075,394,12
73971,240,6
64741,259,110
68827,264,12
74019,397,20
72480,275,6
415152,240,2
67757,240,2
59769,240,2
69625,416,12
72381,249,56
474331,312,12
490705,252,2
66299,259,2
64345,303,12
70151,284,6
482837,240,6
61889,265,2
70302,240,6
72673,240,2
61339,574,6
68751,240,2
73559,306,20
72379,240,12
65882,347,12
462127,308,42
62401,240,2
485813,242,20
63743,250,12
64977,349,20
59859,240,2
61167,240,2
65733,240,2
411505,132,6
66677,272,12
479365,240,2
70021,363,42
62257,247,12
73143,315,6
71166,327,20
73918,240,12
70362,240,30
66472,240,2
68201,240,2
70427,371,20
65449,321,20
412677,441,56
63321,240,6
66813,240,2
62176,240,42
60812,240,2
66313,272,2
61491,240,2
71233,280,2
65728,240,2
72089,243,2
69973,240,2
70163,332,56
73168,246,2
63431,240,2
70587,244,12
65758,289,30
62034,240,2
72216,274,12
60999,240,2
70113,317,90
420857,302,20
69943,275,2
73549,246,12
72739,246,12
65962,293,2
67218,240,2
68065,240,2
70910,325,30
69366,240,2
66921,300,6
63835,297,20
426173,240,2
61139,240,2
60816,240,2
69721,251,6
69792,243,30
66160,321,12
64074,240,6
59403,240,6
59518,240,2
69453,240,2
71189,240,2
61260,240,2
69629,240,2
63538,240,2
413765,240,2
66650,252,20
411422,173,20
62528,240,2
65699,302,12
63170,287,2
65854,240,2
65695,240,2
63362,324,2
73433,430,6
72878,240,2
491452,240,2
70874,358,30
73828,408,6
66147,284,12
59654,240,2
64217,370,12
486942,240,2
73650,129,2
60848,240,2
72507,240,2
71475,419,156
73411,276,56
60552,331,6
72744,265,12
66923,388,6
71128,319,56
71969,240,2
485469,240,2
60585,243,2
70524,256,20
478374,265,6
73458,268,30
69775,342,20
68974,352,6
73074,286,2
67775,240,2
72847,240,2
70948,301,12
60884,365,30
70189,240,2
64102,240,2
70901,240,2
420433,296,2
73223,310,2
67924,449,20
71465,309,12
72228,300,6
490704,348,42
64577,240,2
69738,276,12
64124,240,2
60175,311,12
59429,277,20
65980,263,2
479900,240,2
70694,256,6
73327,289,12
66044,273,12
64164,313,12
70031,251,12
70575,321,12
480561,240,12
463759,240,2
63594,445,20
71811,306,6
60718,240,2
70830,303,6
65788,564,6
64607,240,2
68217,286,12
70105,254,6
72571,243,12
70491,266,6
71366,391,20
479996,250,12
422532,273,30
413506,240,2
60725,313,12
60230,558,6
66964,240,2
70709,357,20
62148,249,2
70396,271,6
71651,450,12
71051,350,6
69143,240,2
71973,344,12
68449,292,30
62385,245,12
425816,240,2
490779,315,30
66321,308,20
71095,343,6
71190,369,30
72983,263,12
67564,275,12
62717,240,2
65474,277,42
62560,261,2
65515,399,2
69677,440,72
70349,240,2
69807,280,30
72702,420,20
64658,240,2
63044,240,72
69857,294,2
60525,289,6
71654,365,42
73035,310,30
69349,308,2
73548,240,2
61356,240,2
65604,240,12
73244,331,20
72866,323,12
69609,275,2
62989,361,6
422765,246,2
65381,240,2
71173,266,12
68884,240,2
65616,259,2
68908,240,2
72402,240,12
62198,359,6
67433,264,6
70281,338,6
67755,309,12
63807,240,2
73145,330,12
59594,240,2
68588,240,2
63732,240,2
72230,240,2
61104,240,2
72555,240,2
73617,330,42
70505,403,56
62807,240,2
67539,240,2
62993,248,2
480951,240,8
70573,256,2
71091,403,20
72241,240,2
65407,333,2
69849,396,42
63559,241,12
71597,305,56
70251,240,2
62302,240,2
64945,390,6
59500,240,2
73235,257,6
63703,250,12
74087,240,2
60460,240,2
69934,386,30
70186,342,20
63667,240,2
426785,240,2
61512,324,12
70745,264,2
67619,309,2
71062,244,2
61265,240,2
68158,345,12
72414,324,30
72588,291,12
67035,240,2
64707,256,2
411441,182,12
71870,383,20
73639,430,12
68399,349,12
70532,345,12
73424,390,6
68152,240,2
72149,247,30
478854,247,12
63329,323,6
60484,240,12
69867,286,6
62474,240,2
72022,292,2
485971,295,6
63386,240,2
70086,254,2
70565,354,6
65202,240,2
70636,321,72
70771,341,6
65816,240,2
73520,240,2
61018,252,12
71018,251,42
425730,276,20
63382,240,2
71693,293,42
71204,386,30
73798,392,20
73010,301,6
462934,240,56
491224,612,20
71270,355,56
64796,269,12
66431,360,12
65192,245,2
67948,264,12
73838,240,2
62927,289,6
70351,240,2
63570,240,2
480615,277,12
485810,333,6
64309,302,12
482783,240,2
64212,240,2
479341,240,2
60939,240,2
425945,314,6
496049,263,12
70675,344,12
72273,264,12
65824,307,2
68848,240,2
65013,256,6
66140,285,12
60186,440,6
69756,240,2
65038,240,2
59440,240,2
71728,400,12
71805,240,2
411499,146,6
66396,306,12
65490,270,20
68805,398,6
60296,251,2
60750,243,2
70622,277,42
64208,240,6
62055,241,2
60784,292,6
70049,313,42
415674,316,12
64024,304,20
413568,240,2
62626,258,2
60090,240,2
64995,240,2
71412,335,30
68617,240,2
71419,375,12
71967,339,6
68893,333,2
71554,291,2
63379,281,12
69622,474,2
72217,297,56
61702,260,2
66151,289,2
63886,376,20
67858,240,2
61042,240,2
71184,382,12
62952,240,2
70206,415,12
61640,595,12
63560,240,2
64037,240,2
60412,240,2
62460,288,2
60589,240,2
73736,240,2
66549,240,2
71252,457,2
71160,290,20
73969,277,12
60929,282,12
63412,240,2
65706,255,2
66870,272,20
62554,240,12
423760,240,2
60922,240,6
72490,331,12
72607,275,2
69537,311,6
61785,240,2
412657,240,2
65969,240,2
59619,240,2
412437,240,2
65398,288,6
66752,240,2
66533,315,12
72968,240,2
64145,324,42
68110,253,12
73953,240,2
68087,240,2
66517,240,2
65876,247,2
70289,240,2
62920,299,6
70419,346,30
73103,446,6
59719,240,2
64827,240,2
62521,240,2
66215,240,2
69171,240,2
70295,240,2
69654,261,12
72237,240,30
72645,240,2
69472,323,12
63792,281,12
65769,342,12
72139,281,12
62705,313,12
66022,306,20
65597,250,2
59577,282,12
65667,240,2
64814,240,2
72122,294,12
65207,240,2
61840,240,2
72329,271,20
65213,276,2
71561,271,12
73337,240,12
419901,260,2
60262,246,2
71109,263,30
63839,240,2
73573,349,12
63786,275,2
71188,391,2
62104,240,2
65856,240,2
59565,399,6
71186,323,12
71071,259,20
479793,263,2
419689,240,2
65647,299,12
72449,452,12
73460,580,2
480875,311,30
65307,265,2
60720,240,12
68946,380,30
61736,261,6
71840,370,20
73125,293,12
73130,240,6
72161,372,12
73377,249,2
70625,331,6
485517,240,2
63516,275,20
69814,315,30
424088,240,6
488612,240,2
70839,341,20
74132,240,2
464000,240,2
68187,240,2
482835,277,6
68345,240,2
73154,240,2
70833,240,2
60664,310,20
67072,326,20
415679,240,6
462042,240,2
63059,240,2
69685,180,12
64013,297,6
74042,255,6
72492,240,2
60499,240,2
66088,240,2
67344,256,2
74136,240,2
71421,240,6
69872,300,20
60599,303,6
71367,348,42
67541,369,2
71269,449,12
61393,247,12
73306,272,2
61429,240,2
61948,308,12
60514,321,30
68223,286,2
68263,240,2
420151,287,12
61035,240,2
61150,240,2
73624,408,12
69761,240,12
62436,240,2
62494,240,2
69161,372,12
63280,303,2
74138,567,6
71124,395,20
63312,240,2
60386,291,2
73181,240,2
63360,245,6
69177,240,2
65048,387,6
415745,290,12
480726,278,20
426634,240,2
73228,272,6
72231,418,12
61862,240,2
72453,240,2
70686,352,12
60721,244,2
70446,279,2
72524,215,20
64475,260,6
72586,338,6
485844,247,2
425723,240,20
63189,319,6
69707,307,2
68530,240,2
71594,240,6
63720,306,2
59802,240,2
70064,403,20
65050,262,12
74122,240,2
68956,240,2
61528,262,2
72521,265,20
65134,240,2
411339,745,2
72770,311,20
64989,267,2
60797,269,42
64183,290,42
69283,240,2
63295,240,2
485824,240,2
60329,240,2
481666,260,2
485812,288,2
64907,240,2
73749,346,12
72912,240,2
63265,266,2
72123,282,6
72063,240,12
72789,291,6
71501,287,6
71284,478,12
71977,397,12
60561,240,2
71473,323,12
73671,376,12
71227,301,72
63694,240,2
69605,240,2
477754,387,12
65020,240,2
68482,240,2
64820,333,12
73850,556,2
67456,318,2
73212,278,2
73706,274,12
71153,385,30
492605,339,6
69987,240,2
67260,240,2
479388,315,30
61802,240,2
68055,280,6
66678,269,6
71801,439,30
474388,240,2
474202,240,2
72932,242,2
60614,240,2
67056,591,6
60522,338,56
72360,368,12
70440,240,6
71592,321,2
65378,240,2
62686,276,12
64998,240,2
69532,240,2
70198,261,30
70020,309,6
63338,240,2
59966,265,6
60783,240,2
72666,267,12
63717,240,12
73669,311,12
71382,565,6
69535,240,2
72633,251,2
66990,240,2
72754,244,12
62683,240,2
74123,240,2
71119,262,2
73634,387,6
70309,298,56
60469,339,2
418915,269,12
60659,252,2
67129,240,2
412736,240,2
71570,252,12
65040,304,2
61216,353,12
68527,406,12
73902,322,30
72784,279,2
71136,264,6
73194,240,2
71147,383,56
483400,240,2
73735,252,20
482854,327,12
69542,292,12
70607,240,12
70895,290,12
67112,251,6
72456,327,12
72672,261,12
65830,250,2
62399,294,6
65754,240,2
65151,240,12
70449,322,12
61475,240,2
70359,305,20
63827,240,2
65281,267,6
72147,262,6
71914,240,30
73500,300,12
62874,246,6
72401,285,12
68619,240,2
70984,240,2
71632,256,12
73766,406,12
72711,267,20
59830,240,20
71957,428,12
70988,257,12
72403,240,2
70802,420,30
69710,246,6
72803,240,2
73796,353,2
66659,240,42
68658,305,2
72487,240,2
64613,240,2
62658,281,12
63989,250,20
61933,306,2
479957,284,2
63270,279,6
63501,240,2
66728,240,2
73020,256,2
73029,246,2
70746,240,2
70182,290,12
70763,240,12
482696,240,2
64017,311,12
488409,240,12
69305,269,2
68459,240,2
412695,240,6
482856,240,2
71086,379,30
474152,300,30
73392,318,30
70122,273,2
68203,301,12
73876,282,2
72372,246,12
63674,240,2
73113,240,2
69518,240,2
69060,261,12
61261,408,12
65949,288,12
67722,245,2
68401,240,2
415816,273,6
68797,240,2
416889,240,6
60351,240,2
63810,240,2
68224,303,12
72117,265,2
479994,246,2
72732,329,20
73122,240,2
61410,240,20
71497,271,6
71220,280,2
62931,299,12
63163,324,12
412734,240,2
415229,240,2
70365,303,12
61326,240,2
59940,367,6
72110,285,2
64604,240,2
71397,269,30
72319,240,2
67138,240,2
71661,246,12
66295,240,2
427564,325,2
69186,240,2
482797,240,2
70061,360,12
424820,240,2
70939,360,30
59634,294,2
67558,240,2
69577,240,12
491394,278,2
64138,240,2
71519,408,20
68371,278,12
73092,272,6
69206,240,2
71132,487,12
62667,301,30
74117,240,12
65066,240,2
63630,247,2
69782,247,12
66150,318,6
72070,240,2
59587,240,2
71522,268,2
63653,240,2
412570,262,2
63038,240,2
63659,240,2
72210,512,2
68591,263,6
61069,240,2
62209,240,2
61452,240,6
65632,298,12
63449,251,12
68745,240,2
70377,240,2
65586,262,42
64376,240,2
70453,269,2
73219,258,2
73747,367,12
66548,284,20
73544,267,12
71070,283,2
64547,270,6
71707,300,20
68714,268,2
59693,240,2
68195,240,2
59686,240,2
69939,242,30
62400,244,12
64893,244,2
60640,240,2
60900,240,2
70631,383,20
67878,268,2
64571,294,6
474405,332,6
71360,240,2
72790,286,6
70679,278,2
61903,240,2
479062,240,2
71474,370,42
71815,384,20
73630,395,30
66052,306,12
71060,263,6
61318,383,2
73731,366,42
65900,523,12
70395,276,6
72397,303,56
71148,389,30
65715,324,6
60850,324,2
68348,276,2
67468,257,2
60300,240,2
69967,240,2
69936,240,6
61263,240,2
69163,240,2
65921,258,2
66293,292,6
72550,287,12
479955,240,2
71641,240,2
70543,373,6
479240,261,6
72261,335,12
74368,245,12
72127,294,12
59631,240,2
61427,277,2
68713,240,2
72544,311,12
59549,240,2
70461,240,6
67783,272,2
69916,322,2
65077,240,2
63952,503,12
67135,240,2
71372,262,2
73378,240,2
73056,253,2
68775,402,2
480538,240,2
69367,240,2
59400,240,2
71775,303,6
74069,240,2
477701,240,2
63549,240,2
473202,240,2
63760,280,20
73859,264,20
71705,240,12
71024,313,6
72066,258,20
67339,240,2
70456,339,30
68312,240,2
70313,240,20
72746,269,30
63235,429,12
63789,240,2
68728,393,2
71079,246,12
69420,241,6
65577,240,2
66438,349,12
64020,380,12
69888,283,30
70692,305,12
61348,240,2
63510,303,6
65696,240,2
66688,240,2
66591,240,2
69289,240,2
60937,242,2
65618,275,42
66961,240,2
413521,240,6
412688,240,2
72726,243,12
69665,276,2
63357,308,2
64629,240,2
72327,320,12
61956,240,2
67929,240,2
61823,240,2
68653,421,30
65752,265,20
71721,279,2
64098,240,2
71470,324,42
73005,313,12
67809,240,2
480927,203,4
72798,240,2
66599,240,2
70710,240,2
61480,662,6
72059,271,20
64039,274,12
420114,240,2
419857,240,2
63187,339,2
72538,317,12
68391,275,12
62372,240,2
71972,376,12
69213,240,2
71631,393,12
63727,240,2
63769,240,2
61210,240,2
67008,240,2
73214,282,12
68978,242,2
71834,388,20
69597,272,2
73775,277,2
65947,286,2
63601,301,12
72940,278,2
63286,240,2
71388,265,6
70462,240,2
70161,240,2
69554,287,20
71133,401,12
412711,240,2
66976,240,2
68980,403,6
61614,240,2
59716,240,2
422211,405,12
60856,400,30
67635,240,2
69229,286,6
420192,240,2
60916,240,2
60324,250,12
63927,361,12
483315,124,2
69212,629,6
71499,281,2
424886,274,2
64586,240,2
59450,131,6
60471,240,12
59717,240,2
60727,274,2
70716,240,2
61002,240,2
61826,373,6
71568,240,2
461887,295,2
71780,254,6
68657,352,6
61727,471,20
62250,240,2
71923,242,2
71941,240,6
71092,430,30
67788,240,2
73044,375,2
71979,288,12
71063,412,12
65297,240,2
64882,260,2
61026,309,2
61376,240,2
63728,249,2
72757,337,12
74003,478,12
485896,240,2
411281,253,12
71765,303,2
64665,240,2
70811,311,20
416822,240,2
62057,240,2
425683,240,2
71958,264,12
72905,240,2
72682,272,2
419642,240,2
420096,240,2
69210,246,2
66326,240,2
61594,310,2
62659,240,2
69949,323,2
420241,242,2
60653,265,12
66981,240,2
70466,264,6
65326,326,12
71509,240,6
73504,283,12
69656,292,12
63940,240,2
478351,288,12
66881,380,12
72897,240,2
63425,310,2
68840,240,2
59801,240,2
62797,240,2
65052,262,12
62007,332,2
71623,287,6
63366,285,2
66815,346,6
72421,403,20
59922,240,2
69603,242,6
59615,550,6
415195,301,2
59655,247,12
64737,240,2
65609,240,2
69152,240,2
66230,412,6
71106,268,30
73844,388,6
66157,235,12
66467,259,2
69102,240,2
68558,240,2
64248,240,6
64341,384,6
62077,240,2
493244,240,2
70008,288,2
71493,267,6
73962,240,2
64400,240,2
72971,244,12
70592,240,2
71787,377,42
64523,240,2
72166,259,42
65156,240,2
73793,273,2
462500,240,2
72740,258,2
63684,287,12
69192,240,2
62987,240,2
66242,393,2
64747,301,12
66594,240,2
73409,240,2
73186,447,2
62204,474,12
70642,242,6
73904,334,12
483703,240,2
63367,329,12
68262,265,6
67729,240,2
64688,280,2
426083,240,20
70517,296,12
72128,387,30
62953,385,12
60430,240,2
64285,240,2
62741,240,2
62027,240,2
60673,240,2
60487,435,2
72097,280,2
60621,399,12
73164,336,20
64969,240,2
70410,247,12
72450,283,20
63991,318,12
73229,250,20
69545,240,2
73365,268,6
73651,380,12
60492,240,12
72722,250,12
483640,240,2
73383,240,2
71296,388,12
411493,465,6
66576,256,2
69779,280,2
65659,352,20
71356,415,12
67144,240,2
60511,291,6
69616,240,2
67695,240,2
73048,245,12
70342,317,12
424186,240,2
67616,240,2
70271,240,6
71162,286,20
65170,244,12
64679,391,6
65959,240,2
62955,243,2
67107,240,20
62743,240,2
60630,240,2
423702,240,6
71082,240,12
59581,240,2
60502,240,2
71137,432,20
63502,240,2
68627,305,2
64988,240,2
68311,327,20
64976,252,20
64913,240,2
63974,240,6
63184,240,2
71315,380,30
70563,257,6
463417,285,6
70401,240,2
66823,240,2
65069,240,2
61842,240,2
66115,316,6
68856,240,2
60240,240,2
64645,240,2
427329,322,2
73523,240,2
70157,279,12
73539,240,2
70159,240,6
66729,240,2
71077,245,12
64933,240,2
62563,245,2
73774,240,2
68787,240,2
72130,316,6
491896,240,2
415644,240,2
72146,279,20
60439,240,2
66715,240,2
483412,269,12
62660,240,2
71797,240,2
71731,260,12
69818,271,12
73357,264,6
65380,240,2
479998,240,2
72750,240,2
63553,300,12
69204,240,2
65615,240,2
72283,317,12
67427,240,2
66146,250,2
65217,240,2
72724,240,2
68801,240,2
63418,327,12
62462,240,2
426093,240,12
63093,240,2
65791,262,12
64616,245,12
72375,252,6
61574,255,2
61483,240,2
70567,240,2
61621,240,2
72181,240,2
67308,526,6
61555,248,6
60279,318,12
71996,240,2
71301,373,30
70591,283,2
463539,243,2
69404,240,2
71171,274,2
66395,338,2
72238,271,2
491449,240,2
73658,313,12
59910,271,2
70964,240,2
63995,319,12
61242,240,2
71398,248,2
61207,298,12
67338,240,2
72504,240,2
61162,240,2
69700,240,6
72639,303,12
59757,240,2
415527,311,6
485904,240,2
71508,259,6
420820,240,2
71333,417,12
64188,240,2
69766,361,2
63087,404,2
63799,240,12
60865,240,2
63018,248,6
68594,451,6
67380,240,2
70479,289,6
60458,303,6
59749,240,2
424897,240,2
69998,240,12
70171,391,12
61428,241,2
72039,350,56
72812,274,6
71906,378,30
62268,242,12
73679,240,2
478478,240,2
69312,240,2
61561,326,12
64177,240,2
68271,240,2
63260,240,2
62538,240,2
66619,261,12
66271,331,2
72305,241,12
71652,240,2
65683,240,2
59545,330,6
70589,394,12
68686,272,2
65301,240,2
71938,264,6
64851,240,2
64191,319,12
72882,240,2
71178,270,30
73206,240,2
62963,240,2
72719,240,2
66611,240,2
70954,279,2
71478,240,2
67241,398,6
63926,240,2
69160,240,2
61225,268,2
61864,240,2
63846,370,12
66047,258,6
62886,242,6
67254,444,2
70995,248,20
64921,272,12
70703,289,12
69956,240,2
492887,298,12
70022,269,12
66939,248,2
72675,243,6
486378,240,2
65602,399,12
72475,240,2
61101,240,2
74015,240,2
70756,240,2
483575,240,2
61235,240,2
68855,268,2
65918,240,2
72148,479,12
463658,240,2
65555,240,2
73146,240,2
71891,240,2
70001,256,20
61952,240,2
60724,240,2
71142,256,12
72113,303,2
419670,240,2
71557,395,12
64901,282,2
65954,240,2
73340,243,12
73381,267,12
61866,400,2
61034,241,12
72407,248,6
65710,240,2
65571,318,30
69021,269,2
59855,271,2
63802,240,2
68214,245,6
494528,282,2
69760,296,2
478860,408,12
61038,279,12
421849,240,2
69391,240,2
68535,240,2
70201,240,12
66334,439,12
65637,243,2
70222,257,30
478885,445,12
63634,240,2
60286,240,6
71020,243,6
69056,347,6
426737,240,2
64555,240,2
477641,317,2
66878,244,2
70601,434,12
62611,240,2
73502,240,2
65572,240,2
66709,240,6
59566,262,6
72365,247,12
63172,311,6
73015,242,2
65805,240,2
424830,349,2
65873,240,2
62088,240,2
63307,240,2
68377,240,2
68937,292,6
70273,240,12
495814,240,2
491770,263,2
65074,240,2
69214,240,2
69667,240,2
66954,240,2
71999,308,6
63444,240,2
74045,240,2
65753,346,6
73093,450,2
474149,410,20
482776,310,2
68815,240,2
478620,293,6
62628,240,12
70335,257,12
71313,538,12
67501,240,2
61569,240,2
66266,240,2
74028,360,6
66840,281,2
60072,306,20
64175,418,2
68749,269,2
63131,319,12
59553,240,2
72644,274,12
65532,256,2
420238,273,20
72186,300,2
63677,386,6
73612,137,2
70743,245,12
73227,267,12
60426,240,2
60302,240,2
70559,268,2
61351,240,2
69569,306,2
72032,240,2
69762,316,30
71968,458,12
420584,249,6
66744,240,2
72102,268,12
69964,240,12
73166,245,30
66176,255,2
482867,240,6
70949,276,12
60820,240,12
427089,266,2
71235,245,6
74131,240,2
69781,240,12
62408,301,12
422931,244,2
70230,241,12
68626,240,2
72841,240,2
424721,253,12
66315,240,2
59514,240,2
71818,340,12
68776,240,2
411512,128,6
483391,240,2
70258,252,6
64844,337,12
483783,240,2
62531,275,12
66452,438,12
59622,240,2
73524,240,2
70363,264,2
66039,258,2
426072,294,6
62760,290,6
71288,267,6
63173,240,2
72347,240,2
62811,250,2
73200,257,20
73373,296,20
66817,240,2
64471,240,2
59745,240,2
70971,333,12
62943,244,2
64757,268,6
61763,406,2
495696,240,2
60899,325,12
66977,386,12
68916,266,30
415182,240,2
70226,297,6
68329,276,2
63826,271,2
68118,240,2
463596,240,2
480582,382,2
422776,459,6
66023,275,12
61083,240,2
67604,322,12
71901,247,12
61548,240,2
68920,240,2
72081,266,30
62656,240,2
59776,240,2
479274,240,2
71100,378,12
66655,240,2
65525,240,2
69473,240,2
70842,240,2
60364,240,2
63543,317,12
62097,288,2
63699,240,2
71238,240,6
71480,240,12
68828,314,6
65099,240,2
68550,240,2
63631,240,2
61395,240,2
70130,244,2
63100,292,2
64267,282,12
70819,261,6
60553,304,2
69528,306,12
66736,240,2
59555,240,2
483637,240,2
68242,249,2
63865,252,2
60536,281,56
68621,240,2
66283,298,2
65444,240,2
69365,240,2
72500,289,6
61585,240,2
65974,271,20
66121,264,6
73136,251,6
67947,240,2
72628,240,2
73224,240,6
72800,240,2
463645,325,6
67910,240,2
65536,240,2
73848,274,12
73589,240,2
66279,240,2
64289,313,2
69434,257,2
486124,240,2
68680,319,6
481099,259,6
65233,240,2
65957,257,12
73454,353,2
64235,241,2
495866,341,2
62646,240,2
420435,276,6
63701,255,6
60944,247,2
70262,270,6
72910,240,2
62524,240,2
495803,240,2
60567,240,2
478352,371,12
69546,341,6
68888,240,2
60216,249,2
69140,276,6
69134,240,2
67377,240,2
71206,397,20
61951,240,2
68444,297,2
73360,379,20
63463,276,12
73664,299,2
63259,271,12
482876,240,2
67837,240,2
72346,352,12
61094,260,20
73414,258,6
71122,245,6
65922,247,2
60454,164,6
69294,240,2
72765,240,2
68049,240,2
73262,240,2
69921,285,2
61385,240,2
70645,376,42
72516,254,20
64801,329,6
72989,304,12
62000,269,2
72914,260,2
61349,240,2
61660,272,2
65443,384,6
73075,240,2
72093,240,2
72469,263,2
62130,273,2
63829,240,2
73920,249,12
66099,240,2
67378,240,2
491426,240,2
71120,240,2
70350,240,12
68140,258,6
61204,240,2
70312,258,12
63478,240,2
70486,240,20
61492,240,2
59791,292,2
65999,240,2
415244,240,2
66612,305,2
64304,269,2
66241,341,6
60574,293,2
64952,313,6
481093,240,2
68088,240,2
63953,256,12
60443,378,12
72048,350,12
72484,310,12
69082,240,2
479895,263,12
70469,442,20
62918,257,2
60154,278,12
69116,240,2
72829,261,2
70960,287,6
71300,257,2
63062,417,2
71352,292,6
74021,244,2
72447,567,2
73552,306,6
72684,269,12
411468,150,6
72395,360,2
65915,324,2
70150,250,2
71611,240,2
479912,265,12
67058,240,12
70566,475,12
65663,488,12
424956,240,2
66128,240,2
68277,240,2
63287,453,12
67532,240,2
72477,240,20
71638,240,12
60998,299,20
72134,327,20
63586,415,12
61126,240,2
74089,240,2
60361,240,2
72014,273,12
60882,240,2
71197,504,12
67170,240,2
73363,301,6
60846,256,2
73298,240,2
71666,273,20
60733,240,2
64483,336,12
63563,240,2
65205,240,2
67877,275,12
482888,247,2
62614,240,2
63852,240,2
71697,416,12
68379,240,2
60181,386,6
65253,240,2
70426,412,12
62390,240,2
483312,240,12
481096,240,2
67021,240,2
62440,254,2
72293,240,2
66640,287,6
479928,370,20
72438,240,2
67753,240,2
66007,304,12
60834,301,12
480950,240,22
415681,271,12
71265,240,12
68784,240,2
60476,240,2
70821,345,6
65665,309,6
66082,240,2
68274,240,2
63483,240,2
73182,340,6
63254,401,20
64980,321,12
68196,283,2
73311,299,2
67113,240,2
479898,240,2
491900,341,20
482832,252,2
71108,133,2
62652,240,2
64762,240,6
67177,328,20
71275,267,20
63015,240,2
67286,266,2
72465,433,12
70073,243,2
71515,255,2
64406,292,6
73432,240,2
63448,240,2
68883,321,2
68250,279,2
70005,240,12
61552,280,6
68168,240,2
69284,240,2
70859,278,2
69627,240,2
71365,263,6
69822,254,2
492181,240,2
59546,240,2
70891,402,42
62175,240,2
60744,240,2
66518,240,2
63274,240,2
64878,248,12
70934,292,12
72222,252,2
74231,240,2
67869,240,2
482597,245,6
71579,315,42
70095,240,2
69093,240,2
72244,248,20
65388,299,2
62668,245,2
70761,341,2
69660,240,12
70368,240,2
68058,249,2
59484,240,2
60131,255,2
73028,271,2
417874,240,2
60160,240,2
71674,438,2
64367,240,2
73922,266,12
70624,269,2
70277,489,12
72685,327,2
60434,240,2
73919,278,6
71144,457,12
72564,260,12
71408,390,30
63301,280,12
63061,240,2
68757,240,2
63095,240,2
64997,240,2
425775,240,2
61523,240,2
62402,273,2
63024,240,2
416524,246,2
67412,310,2
63314,240,2
61539,252,6
71479,284,12
71236,240,2
66468,249,6
71334,409,20
67259,240,2
62889,240,2
71456,349,12
69402,240,2
73733,240,2
69674,240,2
411391,170,2
60566,324,6
65305,396,12
490782,155,12
60698,240,2
70800,240,2
71966,435,12
69932,266,12
70307,270,2
72145,291,2
63011,240,2
60976,240,2
491705,416,12
61482,312,12
69925,240,30
71415,280,6
462315,240,2
68796,268,12
69875,248,2
65828,240,2
67758,240,2
70930,291,6
74036,278,2
68647,273,2
62912,240,12
66380,254,2
64703,240,2
66543,305,12
63624,240,2
72519,523,12
68185,270,2
463588,310,2
62297,240,2
478853,372,20
70623,359,12
66460,274,2
63562,388,2
66968,240,2
62919,252,2
63029,303,12
59882,382,2
63060,240,2
68763,240,2
71194,252,6
67109,240,2
68488,303,12
72330,264,2
67781,240,2
60595,240,2
70511,254,12
59743,259,2
68120,240,2
72225,333,12
61060,240,6
68772,240,2
65633,240,2
72851,272,2
67336,240,2
70909,240,2
70356,240,6
483392,240,2
68989,261,2
477767,326,2
62022,240,2
72584,240,2
59825,317,12
70133,416,6
71439,240,2
63710,240,2
71066,240,2
72991,314,2
71930,382,6
60644,240,2
68637,240,2
59576,240,2
60307,240,2
71934,253,2
73111,299,12
70788,285,12
59520,306,2
63575,298,6
485785,240,2
63923,273,12
66664,240,2
62990,355,20
69474,473,6
64501,255,2
480953,465,2
66317,240,2
64718,270,2
73697,240,12
413527,240,2
70407,275,2
426056,240,2
62804,384,6
61890,429,2
66193,240,2
70855,282,6
64059,285,12
70774,533,12
73903,280,12
74006,240,2
70228,408,6
66854,262,2
65592,240,2
63009,265,12
412687,414,12
73185,240,2
72023,240,6
73656,151,2
59420,391,2
478742,269,12
495701,330,2
415478,370,6
70220,277,12
68212,251,12
479271,240,2
66112,240,2
67227,366,6
67931,240,2
63834,299,12
426313,240,2
68018,240,6
70560,240,2
73149,240,2
71581,240,2
71807,266,6
64060,240,2
64832,240,2
70760,240,2
495704,240,2
70868,304,20
70854,252,6
63165,240,2
61793,240,2
66577,240,2
67578,240,2
61043,240,2
73012,255,2
63013,264,12
67797,240,2
494532,321,2
61499,240,2
64502,292,12
59774,240,2
69837,396,20
63970,240,2
71302,268,12
64128,240,2
70375,374,20
66882,264,2
71726,240,2
72099,254,12
65656,258,2
72400,324,12
64023,262,2
63936,240,2
69682,353,12
60660,240,2
74163,240,2
64290,316,12
69127,266,2
63628,271,2
68412,240,2
63552,240,2
480001,240,2
68316,240,2
60948,245,2
64686,255,12
70112,322,2
66137,300,6
486996,241,12
462640,244,2
72257,240,2
72214,263,2
65173,240,2
61860,240,2
66792,240,2
69731,240,2
73129,240,2
65819,289,12
62994,240,2
64077,240,2
65435,240,2
64936,359,2
69408,240,2
68265,275,2
66487,240,2
463593,246,2
70738,299,2
63261,355,12
73280,286,12
67442,240,2
62720,263,2
66123,240,2
72098,240,2
422355,353,6
72751,240,2
73946,240,2
74024,401,2
71492,424,20
61268,240,2
64880,294,6
71457,365,12
495913,257,2
66167,237,6
68376,280,2
415487,240,2
63049,247,6
72868,240,2
67233,240,2
74186,240,6
411385,377,2
66353,282,6
68297,240,2
479850,240,2
59824,240,2
71363,435,6
68604,240,2
64937,278,2
66962,240,6
71067,278,6
67943,261,2
62166,240,2
71701,240,2
67935,262,2
64373,240,2
62880,257,2
66040,240,2
73367,302,2
485811,240,2
70770,267,2
485501,240,2
66579,285,2
67678,240,2
71956,262,2
66175,311,12
66684,240,2
65547,304,6
69255,240,2
73086,290,12
67602,240,2
73540,240,2
63365,313,12
70546,277,6
61494,257,12
64615,240,2
65666,280,2
68457,240,2
66141,240,2
66448,289,2
64780,240,2
64885,332,2
64566,281,12
62647,240,2
65837,300,2
485302,240,2
61652,240,2
59989,240,2
63458,240,2
63975,240,2
71289,269,12
71851,240,2
60826,259,2
67268,240,2
412567,240,2
61912,305,2
60265,344,6
67731,240,2
64454,240,12
64775,258,2
72735,240,2
417799,240,2
67128,267,2
62792,274,2
415637,240,12
412439,249,6
71207,259,2
59707,240,2
62156,240,2
68940,240,2
424094,240,2
66370,252,12
62653,243,12
71044,240,2
70955,261,2
65512,313,12
62616,240,2
64160,240,2
74226,240,2
72387,287,12
73139,289,6
495943,240,2
70240,301,12
420237,254,2
416072,289,12
63544,240,2
70979,242,20
73131,400,6
71371,251,12
62472,245,2
62784,240,2
67383,240,2
68430,295,6
62242,284,12
67145,240,2
63997,252,12
59984,261,20
73283,255,12
68350,240,2
478861,287,20
67116,240,2
70310,319,42
64176,240,2
68659,240,2
462038,240,2
72763,278,2
65266,285,12
479083,240,2
63216,240,2
72760,240,2
69671,390,12
63229,279,2
60481,240,2
69773,240,2
61239,320,2
67650,248,2
65863,246,2
72268,251,12
71047,254,6
69104,240,2
70965,247,2
73038,240,2
66672,376,20
72303,319,12
62796,249,2
61033,244,2
71689,240,2
65660,244,12
483231,240,2
69643,240,2
61581,240,2
71573,256,6
70568,240,2
69885,240,2
72017,240,2
67527,240,2
65262,240,2
73070,339,2
71615,314,2
482782,259,2
74135,240,2
62186,240,2
67737,240,2
73341,277,2
70116,316,6
69487,361,42
60734,240,2
70178,240,2
71881,275,20
67126,358,12
67341,240,2
485542,240,2
68145,288,2
73135,240,2
70858,331,2
65757,240,2
60894,240,2
71945,240,2
477880,240,6
60756,240,2
70437,240,2
417082,240,2
494426,240,2
73144,240,2
66531,256,6
61562,272,2
65501,240,2
73370,265,12
72619,315,6
63076,305,6
69476,240,2
62344,261,12
62869,240,6
59721,240,2
59568,240,2
73390,244,12
70609,256,6
422926,309,6
490790,268,2
413595,240,2
71080,241,2
69223,240,2
63688,240,2
65360,399,12
60348,240,2
64204,254,2
60373,240,2
64045,240,2
69157,240,2
70658,253,2
60616,259,6
61020,240,2
67453,284,2
72483,254,2
67312,240,2
419816,299,2
72950,240,2
70946,240,2
71182,272,2
61230,265,2
72271,284,2
70378,290,2
60497,264,12
480407,240,2
72699,246,2
63816,240,2
69632,240,2
60033,240,2
67544,240,2
73928,240,2
478518,300,2
73308,240,2
72069,240,2
462034,240,2
73988,240,2
66873,276,2
72606,252,2
63397,240,2
70042,240,12
64675,240,2
72061,263,6
63405,240,2
63303,240,6
61680,240,2
60558,240,2
63603,240,2
74372,240,2
69561,240,2
71520,265,6
72439,314,6
70138,240,2
73719,343,30
70966,340,6
66988,240,2
71402,257,2
68581,240,2
68871,240,2
62525,240,2
420660,272,6
413378,240,2
69516,293,12
63622,240,2
73400,269,6
63247,289,2
66233,240,2
60202,286,2
74151,240,2
74091,240,2
61816,248,2
68981,269,12
61929,279,2
416071,240,2
72994,240,2
70225,262,2
71739,290,6
67871,240,2
62337,240,2
62866,240,2
72625,371,2
70977,240,2
64576,240,6
73839,240,2
69323,240,2
72835,240,6
69670,305,30
65188,296,6
60731,272,6
63696,240,2
73710,253,2
65309,240,2
60251,294,12
72100,452,12
479990,240,2
67253,240,2
73508,298,2
63759,341,2
69692,240,2
69014,259,2
71580,261,2
73167,246,2
69068,327,2
73126,283,12
69445,240,2
419659,240,2
73964,240,2
495454,245,2
68359,245,2
72707,264,12
425923,451,2
69831,394,12
476950,240,2
67791,240,2
72157,246,2
73847,266,6
69226,240,2
70263,337,12
70244,240,2
63116,240,2
59785,240,2
73172,240,2
73384,289,12
65031,247,2
59897,278,2
67535,240,2
65024,270,2
71662,240,2
60288,240,2
67885,240,2
59683,240,2
68150,244,2
73525,259,12
64147,240,2
60689,240,2
71893,388,20
72952,240,2
411429,389,2
463843,306,12
463520,240,2
66524,240,2
423056,240,2
67500,395,2
73068,351,30
72111,279,6
420253,240,2
479874,282,2
72501,276,6
67363,248,2
63704,254,2
72508,279,2
62754,240,2
63086,240,2
479310,300,12
59625,240,2
72080,259,2
74043,315,6
412434,271,12
64113,240,2
61396,240,2
73242,240,2
66654,385,12
59607,240,2
60378,240,2
60551,240,2
60596,294,2
69598,241,6
496932,341,2
62291,276,12
420110,331,12
74204,259,6
73503,240,2
65190,373,2
62339,240,2
68314,240,2
69619,240,2
72788,240,2
60907,360,12
61462,240,2
463421,345,2
61679,240,2
65737,327,12
66727,240,2
483446,240,2
61280,240,2
65610,240,2
73457,286,12
63633,240,2
70554,240,2
60711,240,12
63770,240,2
69066,240,2
71751,391,12
63005,251,12
66819,240,2
61970,245,2
64146,240,2
479918,240,6
66804,322,2
64310,240,2
65961,240,2
69931,334,12
67160,261,6
69848,457,12
64035,248,2
62421,240,2
478530,240,2
64369,320,12
65971,240,2
70409,449,2
427242,240,2
487073,240,2
73554,240,2
72558,266,6
62451,240,2
419371,377,2
70914,240,2
68278,270,2
62851,525,6
62350,299,2
67614,240,2
61904,240,2
62136,240,2
71015,240,6
65768,240,2
63910,241,2
67876,240,2
68288,240,2
61814,283,12
73550,278,6
70071,265,12
60903,284,2
417906,240,2
65218,270,2
61419,240,2
60730,240,2
64324,725,2
59648,240,2
65668,404,6
71430,294,2
63870,240,2
74023,240,2
72671,301,2
60622,240,2
72034,240,2
68644,317,12
65540,261,2
59758,240,2
62478,240,2
60133,252,2
66784,309,2
62835,240,2
71085,259,6
61423,406,2
411406,147,2
69362,240,2
69864,377,30
70387,240,6
74114,246,2
64963,265,2
70252,240,2
422804,327,20
70718,247,2
71838,240,12
69533,138,2
63917,282,2
65720,240,2
63574,247,2
62699,240,2
66491,446,6
73693,243,12
71112,240,6
487087,240,2
66795,380,6
68162,240,2
64494,240,2
64538,264,2
494522,279,2
70075,273,2
67670,240,2
73785,240,2
68496,266,6
421404,240,6
59964,240,2
72311,395,2
70208,319,6
61943,377,2
71299,240,2
73217,260,6
69668,268,6
68135,240,2
60233,240,2
70305,307,12
67890,258,2
70970,296,2
426139,240,6
59481,240,2
414902,245,2
73137,293,6
462471,240,2
74239,240,2
69494,240,2
73301,240,2
60482,240,2
73642,395,12
65993,240,2
70214,240,2
60619,243,2
65124,269,2
68216,242,2
68136,359,6
68779,240,2
69639,387,6
64833,263,2
415531,240,2
73003,262,2
420186,291,12
64456,281,2
67708,240,2
60847,341,6
480492,240,2
496942,240,2
69842,277,6
66272,247,2
72357,240,2
69485,240,2
412680,353,6
73561,240,2
61723,364,2
72071,331,2
60356,240,12
64896,240,2
65051,173,20
62208,240,2
480985,240,2
66443,240,2
67450,240,2
65569,240,2
72482,240,2
65885,240,2
73584,240,6
491303,258,2
421044,321,2
72861,240,2
64736,240,2
70912,256,2
62610,240,2
65705,327,2
66686,240,2
72640,240,2
62967,352,6
73994,240,2
61513,240,2
59661,402,6
60722,240,2
60557,240,2
74078,240,2
63507,386,12
72936,267,2
62968,303,6
65259,240,2
484378,240,2
65855,240,2
493568,240,2
63578,240,2
72413,240,2
64165,240,2
490825,240,2
64790,261,2
63202,240,2
65025,240,2
479431,240,2
70735,240,2
64349,240,2
71571,245,2
68939,276,6
66054,313,6
70203,315,6
63809,258,2
70832,275,6
70877,328,20
71087,254,6
72511,268,12
59640,240,2
63777,240,2
62890,312,12
72891,241,2
73041,240,2
70026,240,2
61749,240,2
73665,240,2
73398,291,2
65636,240,2
70119,250,2
67719,240,2
70682,240,2
63948,244,12
72677,421,6
462303,240,2
479829,240,2
59926,240,12
73718,311,12
65858,334,2
63751,240,2
62441,246,2
70389,338,2
61173,240,2
60053,245,2
70932,456,2
69749,251,12
71629,279,6
72243,251,12
73720,271,6
69181,240,6
69260,250,2
72855,276,2
65003,240,2
63868,240,2
67787,242,2
66281,240,2
61076,240,2
70194,257,2
73992,240,2
71327,240,2
73878,249,6
73358,240,2
70330,240,2
66184,275,2
60995,240,2
67849,240,2
73566,240,2
70422,326,6
63556,240,2
60261,267,2
73100,240,2
61312,240,2
67750,240,2
73442,243,2
66926,347,2
65489,254,2
490706,240,2
64416,271,2
424933,240,2
66383,267,2
65150,240,2
490914,240,2
70663,336,2
63369,370,2
67540,240,2
411397,153,6
67615,308,2
68347,240,2
64043,265,6
67714,240,2
67862,240,2
63571,240,2
73114,283,12
74044,271,6
69374,240,2
62742,240,2
64321,240,2
62761,240,2
70248,452,20
72982,245,12
66849,352,6
67178,240,2
411379,402,2
70998,240,2
72665,256,6
62447,279,12
72780,240,2
71338,289,2
61434,240,2
62565,240,2
64070,252,2
477077,240,6
421007,258,2
71562,240,2
73909,240,2
478906,240,2
61448,240,2
67642,240,2
68654,240,2
63608,240,2
61420,240,2
423191,276,2
492872,244,2
69620,263,6
64672,240,2
73820,245,2
72226,255,6
63968,240,2
70038,240,2
65671,587,12
62864,240,2
59458,240,2
496896,240,2
61030,240,2
68211,240,2
64049,159,12
62715,240,2
72083,256,2
71742,267,12
69886,310,12
67048,245,2
63300,299,12
61976,362,6
67575,240,2
68076,240,2
62941,240,2
66794,243,2
425949,249,2
71485,496,6
69584,240,2
411508,140,6
61831,266,2
62960,240,2
69517,320,6
485777,240,2
70765,298,6
64112,250,2
62073,410,2
70051,240,2
70512,381,12
60896,240,2
71416,131,2
68598,240,2
63053,240,2
64151,240,2
62043,240,2
66075,242,12
71458,324,6
69122,240,2
478852,382,6
61553,313,6
72474,240,12
426550,240,2
71650,367,12
61074,523,2
62877,240,2
420255,240,2
69251,240,2
66758,240,2
68748,240,2
68427,275,6
72152,270,2
62314,240,2
59578,397,2
69273,240,2
492470,240,2
60338,285,12
62718,240,2
73677,247,2
64092,240,2
66341,240,2
68112,250,12
65338,251,2
66122,240,2
73985,240,2
480550,240,2
63292,240,6
71452,273,20
62320,302,2
64622,173,6
72922,240,2
62039,284,2
73991,240,2
59406,240,2
71655,240,2
71237,539,6
64134,257,12
68363,240,2
70032,438,12
70170,296,2
60974,240,2
482730,345,6
71948,278,2
70840,271,12
72035,240,12
64250,276,6
73803,240,2
63847,240,2
65732,662,6
62907,464,12
61647,240,2
62495,271,2
423786,240,2
61180,279,2
64723,240,2
63899,350,12
73171,240,2
65797,240,2
61760,240,2
70412,264,30
73305,240,2
63569,240,2
68859,240,2
70530,240,2
70673,384,2
463667,277,2
490954,240,2
64593,240,2
72502,285,6
64172,246,6
63664,240,2
74232,240,2
65058,278,2
63495,267,6
61346,262,2
65153,266,12
72730,240,2
63985,240,2
72924,252,2
427003,294,6
64856,240,2
66292,240,6
73346,240,6
496943,240,2
490783,286,12
63765,278,6
67818,240,2
70583,338,2
73169,240,2
65724,378,6
62273,240,2
68608,240,2
64412,279,2
462321,240,2
66935,311,2
63368,266,6
67829,240,2
61703,267,2
69359,240,2
60480,240,2
61226,240,2
61041,240,2
59981,240,2
72249,240,2
74059,299,12
64067,317,2
62556,240,2
64228,240,2
66829,240,2
60658,240,2
71706,245,2
65145,241,2
66116,240,2
61192,240,2
63939,262,2
60879,240,2
463453,240,2
61016,240,2
60366,306,6
72428,301,2
60255,240,2
63676,240,2
463703,244,2
72527,240,12
64755,240,2
60473,434,12
483394,259,2
63651,240,2
412703,240,2
70084,240,6
66055,258,2
72245,240,2
70288,292,12
65528,277,12
65159,285,6
483620,240,2
73598,240,2
66483,240,2
72792,240,2
67873,249,2
67484,240,2
64860,240,2
70593,257,6
69981,240,2
65260,240,12
68900,289,2
63550,341,2
69701,240,2
60966,240,2
426714,240,2
71844,247,12
69520,252,6
66347,261,6
66734,341,2
65148,240,2
68803,240,2
415678,240,2
70290,240,2
59628,240,2
71005,244,2
427022,240,2
73770,240,2
73148,240,2
61088,240,2
63599,264,2
62971,265,12
63092,240,2
72259,240,2
63474,313,12
412652,240,2
62663,302,2
73808,240,2
61469,240,2
66247,240,2
70647,500,6
65911,288,12
69235,240,2
59949,240,2
63275,240,2
495771,247,2
70816,240,2
412992,376,20
60350,240,2
67355,240,2
69558,240,2
415677,240,6
69200,240,2
63075,273,6
66171,422,2
64579,278,12
61190,290,6
74164,240,2
66550,240,2
479376,240,2
65511,240,2
69905,305,12
61372,240,2
65286,240,2
70279,240,12
71698,240,2
61500,240,2
66269,474,2
71798,240,2
72710,258,2
70139,240,2
490707,240,2
65115,240,2
63413,240,2
63993,240,2
73654,252,6
68380,240,2
71328,371,12
62516,240,2
62863,314,2
68204,240,12
62446,240,2
74244,291,2
62058,240,2
65351,333,2
62146,240,2
63089,240,2
63745,255,2
68156,240,2
64279,240,2
473829,428,12
68950,240,2
66212,240,2
427056,240,2
60594,316,2
416964,240,2
417529,350,12
62348,305,30
62733,240,2
71339,240,2
73207,252,12
424821,240,2
59835,240,2
66571,281,6
66371,250,2
65168,360,6
483233,240,2
62950,240,2
72579,240,2
64528,240,2
72834,240,2
64186,240,2
69054,240,2
417815,240,2
73461,293,12
72104,302,2
72696,240,2
66423,240,2
73519,240,6
65991,339,2
68955,261,2
66515,304,6
65287,240,2
425080,240,2
70696,240,2
423829,240,2
68504,240,2
419830,252,2
71920,378,12
73682,304,12
69124,240,2
64916,240,2
70906,240,2
66798,738,6
68793,240,6
71908,240,6
65585,240,2
65548,240,2
474177,377,12
66050,264,2
61132,240,2
64051,252,6
62102,249,2
67969,240,2
71772,284,2
61961,494,6
66300,240,2
64275,240,2
71243,443,6
71256,395,12
70081,240,2
68936,285,2
71255,240,2
67188,240,2
71530,285,20
70492,255,2
72865,240,2
71887,240,12
477950,240,2
70717,240,2
412722,268,2
65415,288,2
73289,240,2
63914,266,2
479968,257,2
66934,375,12
69279,240,2
65232,241,12
63331,240,2
72269,250,2
67779,240,2
63942,292,12
65049,240,2
59409,240,2
70360,289,6
61868,359,6
419853,240,2
68587,240,2
72572,240,2
74016,300,2
65036,302,6
69626,240,2
71767,246,2
70719,240,2
70942,341,6
63898,241,2
73873,278,6
63404,344,12
68257,240,2
70687,274,12
62905,240,2
62470,356,6
72902,240,2
68540,240,2
71944,241,2
69635,318,12
62745,240,2
61502,269,2
65622,240,2
70923,378,6
60946,240,2
73812,258,2
66352,334,6
70358,394,12
62729,284,2
415269,270,2
419294,243,2
68456,353,2
73415,240,2
64974,243,6
60167,240,2
62900,244,2
61914,240,2
62845,360,2
61601,292,2
62011,240,2
61684,240,2
69334,240,2
65651,240,2
71997,300,2
64100,240,2
60379,297,2
63249,240,2
65734,240,2
69664,301,2
60444,240,2
71052,240,2
61182,407,12
60959,245,2
68192,240,2
70179,240,2
66851,338,12
61559,439,6
66966,240,2
65956,240,2
71842,355,2
68846,240,2
485504,248,12
63079,254,2
67760,240,2
60249,271,2
70805,360,20
68429,255,2
72171,282,12
62533,240,2
427893,240,2
71709,275,12
491329,241,12
62178,240,2
74250,240,2
62157,240,2
61291,240,2
480998,240,2
68174,240,2
59768,240,2
68149,240,2
66329,266,6
413442,300,2
71158,371,12
72540,261,2
73286,399,6
67769,240,2
61643,240,2
68170,240,2
66914,240,2
73162,311,12
424396,509,6
68026,240,2
73371,240,6
64805,240,6
61461,240,2
68518,240,2
70550,249,12
69306,240,2
415007,240,2
62319,240,2
60354,252,6
422331,343,2
72745,240,2
70661,240,2
70739,240,2
66185,353,6
68885,244,2
64139,240,6
60629,240,2
67294,240,2
66730,240,2
64783,249,2
72801,240,2
71306,266,6
477954,246,2
64514,387,6
72491,189,12
60280,240,2
60723,240,2
62259,247,2
66915,517,6
68197,290,6
68505,273,6
66218,373,2
73547,307,12
481091,240,2
70478,346,20
60218,246,2
72416,240,2
69804,250,2
65814,240,2
60765,240,12
66361,240,2
64308,240,2
72187,289,12
71105,272,6
486690,240,2
72125,248,2
61917,240,2
66280,277,6
64241,240,2
70299,279,2
64678,240,2
68670,240,2
64868,240,2
68726,240,2
65470,240,2
63822,240,2
480583,353,6
72232,240,2
71287,301,20
72182,266,6
70455,331,6
61886,251,2
71933,240,2
63585,282,12
63542,276,2
74063,240,2
421011,308,2
60852,297,6
73921,132,2
477278,240,12
65277,240,2
68606,240,2
63465,329,2
71094,241,6
64404,265,6
480712,299,6
64891,240,2
71271,271,30
69714,240,2
482718,291,12
72060,251,12
72706,240,2
70869,240,2
59912,240,2
60405,240,2
61406,240,2
69256,240,2
65324,240,2
67372,240,2
67944,364,2
59737,275,2
67458,242,12
419299,240,2
66408,240,2
72885,240,2
63535,296,6
66998,240,2
72353,284,2
67115,274,6
61665,240,2
63531,268,2
66114,240,2
479983,251,2
62929,240,2
74152,240,2
71034,377,12
71604,240,2
72948,255,2
69719,130,2
59968,240,2
71564,240,2
61317,240,2
416528,240,2
70810,295,2
72103,240,2
65312,306,2
72681,256,2
66722,352,2
485786,240,2
68646,242,2
74026,240,2
62751,240,2
72537,281,12
63224,240,2
69549,240,2
69691,240,2
426209,240,2
59590,245,2
62510,240,2
412723,240,2
64720,240,2
67823,242,12
59767,240,2
64825,240,2
71749,253,2
60981,441,6
64061,240,2
72029,273,2
63144,240,12
73943,240,2
63258,240,2
62129,240,2
418870,240,2
60303,240,2
65090,240,2
482720,330,12
73841,284,2
483478,240,2
71883,240,2
65914,283,2
480352,240,2
72473,305,6
62397,240,2
426794,240,2
64445,240,2
73807,485,2
64709,425,6
68070,240,2
68583,240,2
65902,240,2
66907,240,2
65905,377,2
63443,240,2
65359,292,2
477597,240,2
71031,240,2
480711,328,2
71222,507,12
63372,240,2
64564,240,2
69913,253,2
67429,262,12
68252,247,2
69808,245,2
73266,384,6
66755,240,2
74263,254,2
70928,255,6
415749,240,6
420298,308,2
71491,262,2
67847,240,2
68102,243,6
60317,246,2
61590,240,2
65513,264,2
62210,240,2
69724,240,2
66087,284,6
68613,342,6
72470,274,6
491694,244,2
62418,253,2
477992,240,2
59778,240,2
417455,240,2
72965,240,2
71447,240,2
65356,294,2
70614,303,12
72001,240,2
60346,296,12
70666,240,2
73006,240,2
70654,240,2
71704,240,2
69982,280,12
73085,252,2
65596,253,2
67198,240,2
59734,442,12
73116,240,2
65644,240,2
61321,240,2
69328,240,2
69585,283,2
68253,240,2
62661,240,2
71779,265,2
67489,240,2
60715,240,2
65000,240,2
60855,240,2
66810,240,2
62710,240,2
69702,292,2
62802,240,2
71152,240,6
63545,240,2
417540,260,2
63878,240,2
420882,262,2
419098,240,2
68497,248,2
71812,302,6
73950,240,2
69652,240,2
70076,265,12
62303,240,2
74070,240,2
70390,240,2
63435,240,2
64447,240,2
65068,280,2
478739,477,2
60353,240,2
66901,270,2
68082,240,2
60397,281,2
60597,240,2
72496,240,2
67634,266,2
69994,257,2
64917,318,12
61019,240,2
60144,240,2
67230,359,12
70881,295,6
70785,266,2
67628,240,2
68402,345,2
65810,240,2
60431,240,2
66103,251,2
427092,240,2
73546,240,2
65181,240,2
69242,263,2
74035,358,12
485434,240,2
492967,335,12
64459,260,2
63183,240,2
60343,240,2
73535,240,2
61194,240,2
72674,240,2
60003,240,2
64099,361,2
63037,245,12
63800,240,2
72860,258,2
69959,481,20
73681,240,2
68037,254,2
73133,240,2
71523,240,2
63073,240,2
60204,240,2
70417,240,2
63778,240,2
422496,240,2
69216,240,2
60759,240,2
65195,240,2
68519,326,12
69942,412,6
66769,240,2
72027,289,2
70373,277,6
64927,240,2
73961,240,2
67966,240,2
66045,240,2
63904,240,2
64712,240,2
69125,241,2
490919,134,2
73764,135,2
64150,240,2
73201,410,2
62964,240,2
65989,373,2
482354,240,2
64653,240,2
473133,240,2
60985,308,6
64206,326,2
65848,320,6
69154,240,2
65821,240,2
68882,262,2
65940,280,6
71853,390,30
68241,240,2
63072,240,30
63954,364,2
72250,300,2
62902,240,2
65913,274,2
71610,258,6
60168,240,2
63791,299,2
59431,240,2
61163,240,2
63253,240,2
60273,240,2
69179,240,2
67185,240,2
66860,240,2
420565,369,12
66884,262,2
66053,240,2
483648,253,2
70436,262,6
67289,240,2
422972,263,6
67735,240,2
66779,294,2
67302,240,2
482331,240,2
67828,240,2
63877,240,2
59941,261,2
65739,240,2
70879,260,2
483718,269,6
68209,240,2
65446,240,2
73115,240,2
426579,240,2
64357,273,2
70904,243,2
71642,291,6
65834,269,2
63035,310,6
68863,240,2
62502,240,2
71157,133,2
67416,240,2
66565,240,2
65189,240,2
67030,268,2
63191,250,2
70063,265,6
72713,240,2
72185,366,12
62439,240,2
71550,255,6
67906,240,6
63392,240,2
61818,240,2
483310,301,2
66944,240,2
67951,240,2
64993,320,2
61745,248,2
68817,309,2
62082,240,2
73208,280,12
415526,240,2
69912,240,2
66278,240,2
60975,377,12
62498,240,2
66874,354,12
73802,135,2
73372,297,20
65478,302,2
411346,376,2
73152,240,2
65430,244,2
62517,244,2
461808,261,2
71179,240,2
66209,240,6
496914,240,2
491773,240,2
62872,240,2
63627,240,2
64949,376,6
71732,269,6
65163,240,2
62854,291,12
63139,334,2
66822,265,2
71225,443,2
72018,267,2
70620,253,6
73246,245,2
67921,240,2
66109,240,2
62949,240,2
62030,251,2
69647,390,6
60575,276,2
64866,368,6
65535,297,2
68642,240,2
73391,240,2
60735,278,6
63387,240,2
72648,390,6
67221,240,2
73282,350,2
72388,240,2
69290,240,2
64669,240,2
64935,240,2
66484,384,6
61498,240,2
68414,240,2
72012,489,2
72151,272,2
411502,130,6
73611,269,6
65073,240,2
67914,288,2
65531,240,2
62606,240,2
61806,240,2
72189,240,2
419935,346,2
66251,240,2
67599,240,2
60663,240,2
68099,240,2
417569,240,2
66845,240,2
68334,244,2
478935,242,2
66651,241,6
64984,309,12
71081,259,2
60606,240,2
68258,240,2
63902,240,2
490532,253,2
482347,240,2
73063,247,12
485908,240,2
60284,288,6
67011,240,2
63596,257,2
71831,240,2
71121,240,2
69953,240,2
69690,270,2
68232,240,2
68413,252,2
423142,240,2
69638,240,2
73027,242,2
69470,240,2
60573,261,2
70397,304,6
60913,240,2
63199,249,2
72786,297,12
462671,240,2
485506,240,2
69195,240,2
59659,329,6
70096,240,2
67162,240,2
59439,240,2
69201,240,2
64873,240,2
65054,294,6
60316,291,12
71878,240,2
73364,240,12
66179,240,2
69138,240,2
61051,240,2
66665,293,2
461840,320,2
62197,270,2
61114,240,2
69169,240,2
73468,240,2
68491,240,2
73492,327,6
69479,285,12
68337,240,2
416711,240,2
69880,240,2
71915,240,2
62637,240,2
74133,240,2
70052,332,2
64316,242,2
412655,240,2
63469,240,2
69370,240,2
70207,242,2
479475,262,2
63201,317,12
67685,240,2
65894,250,2
64702,281,12
67023,240,2
68842,240,2
64601,240,2
71057,249,12
478416,240,2
69995,240,2
72753,255,6
60330,240,2
463764,290,2
69572,240,2
69174,240,2
65193,240,2
60200,240,2
61371,266,2
62706,307,2
419138,240,2
71877,240,6
72560,284,2
63978,240,2
70444,240,2
62774,240,2
59753,240,2
72313,397,12
61606,240,2
72725,240,2
74255,240,2
61520,272,6
463630,240,2
415574,240,2
67941,240,2
417630,240,2
65314,240,2
65973,295,2
68564,240,2
61189,240,2
69743,278,6
73032,240,2
63636,240,2
60831,240,2
68572,240,2
61932,240,2
61325,240,2
65556,240,2
62965,240,2
71217,388,12
65320,240,2
66868,257,2
412564,251,2
71113,404,6
64328,253,2
72533,240,2
60382,240,2
70740,240,2
495822,588,4
60414,240,2
70564,350,2
60982,244,2
479934,262,2
69540,240,2
62196,254,2
60690,240,2
71504,311,6
71681,494,6
66164,240,2
63114,240,2
491308,240,2
70504,240,6
70781,259,2
70355,242,2
72044,364,2
72009,240,2
72260,240,2
68577,240,2
62728,240,6
61599,240,2
60760,240,2
425794,240,2
65693,241,2
66064,240,2
66605,240,2
68397,297,2
70769,240,2
60243,240,2
63648,272,12
59792,240,2
73276,240,2
70180,240,2
67882,441,12
61998,281,2
68935,299,12
60666,240,2
73778,240,2
71574,269,2
71551,306,2
62716,240,2
60709,240,2
66294,240,2
64890,314,2
71145,240,2
73819,240,2
66144,240,2
70125,390,2
64465,240,2
72068,440,12
66683,240,2
63169,240,2
71692,240,2
66778,311,2
67469,249,2
425600,268,2
63197,306,6
59446,291,2
59814,240,2
61767,375,6
481668,240,2
68953,265,6
71703,386,30
66089,240,2
59696,240,2
67193,240,2
61664,240,2
66403,240,2
64326,240,2
60504,240,2
66740,240,2
67360,240,2
69480,240,2
69774,240,2
463536,240,2
72636,240,2
69705,240,2
60815,255,6
59736,240,2
67322,240,2
69050,240,2
415191,240,2
66102,240,2
70809,240,2
60108,240,2
71862,332,2
62398,240,2
64816,240,2
72618,240,6
60749,240,2
422262,240,2
66284,240,2
72335,133,2
70080,297,6
67792,240,2
63626,268,6
61271,240,2
66017,255,12
412440,240,2
66509,240,2
59509,271,6
72974,260,12
72593,298,2
69694,271,2
66265,242,2
477228,240,2
69698,252,6
62991,240,2
72552,323,2
67605,240,2
63096,250,12
492343,310,2
59880,240,2
60706,240,2
63709,240,2
60631,240,2
73307,240,2
63078,240,2
424436,240,2
62592,240,2
69482,260,6
60867,240,2
63012,240,2
485796,240,2
69432,274,12
70853,240,6
71151,240,2
66536,240,2
72246,249,2
74349,217,6
62648,240,2
414773,275,2
73939,248,12
73053,297,2
69355,240,12
68247,240,2
70656,285,6
65772,240,2
72054,272,2
61689,240,2
73781,284,2
71677,276,12
71467,240,2
68676,240,2
65870,240,2
71055,242,6
60707,240,2
494150,240,2
71925,262,6
70594,295,2
59426,240,2
64744,286,2
65196,314,6
61759,240,2
422463,240,2
69977,240,2
67807,282,2
73557,240,2
66582,252,2
71762,345,6
69224,240,2
65495,340,2
60192,240,2
73813,240,2
73413,243,2
59819,240,2
62232,251,2
63168,240,2
61409,240,2
424926,136,2
66245,276,2
463754,493,6
62099,240,2
60424,307,2
60032,240,2
63858,286,12
72458,240,2
496684,240,2
60008,240,2
483251,240,2
74119,240,2
67255,240,2
68103,315,12
73724,243,2
74367,394,2
62471,377,2
69245,240,2
73583,310,6
63208,392,2
69865,263,2
412664,240,2
415207,240,2
59963,240,2
65007,240,2
482790,293,6
73112,240,2
424149,241,2
68248,240,2
64638,244,6
67817,240,2
60764,267,2
63875,308,6
64673,284,6
67037,273,12
64719,240,2
70672,271,12
68510,306,2
65711,256,12
61258,240,2
69669,240,2
72325,240,2
70173,268,2
74067,240,2
64030,240,2
68355,263,2
63336,418,2
72256,240,2
71358,240,2
416745,257,2
64738,240,12
68020,240,2
64769,280,6
61175,240,2
477593,240,2
67555,240,2
70843,240,2
69534,240,2
417712,240,2
67570,240,2
426775,245,2
62009,240,2
68905,240,2
417725,240,2
479910,240,2
415823,240,2
66086,240,2
478348,248,2
66289,240,2
64118,268,2
67721,240,2
65386,240,2
62134,240,2
67332,311,2
62882,240,2
71384,412,2
65857,240,2
59953,394,2
69680,240,2
64619,272,2
71541,257,2
65135,255,2
60105,324,2
72927,337,12
68625,240,2
66368,240,2
59470,389,2
67939,240,2
69556,240,2
61454,247,6
63862,273,6
66639,283,6
64864,240,2
73220,240,2
67767,240,2
65713,240,2
59988,240,2
73470,281,6
73251,240,2
463621,240,2
59711,240,2
425786,240,2
64724,643,12
60213,240,2
71099,339,6
63461,312,12
424027,240,2
69106,240,2
415177,240,2
72890,240,2
70467,240,2
71876,324,2
62212,240,2
64611,240,2
70489,240,2
72935,240,2
65619,240,2
413632,343,2
65445,240,2
66756,286,2
60515,240,2
71567,240,2
65729,240,2
62357,309,2
486941,270,2
63718,240,6
69123,240,2
66273,240,2
482599,240,2
64340,240,2
63346,280,2
67606,240,2
60258,240,2
495863,240,2
68756,240,2
65245,240,2
72390,240,2
63957,240,2
69741,242,2
73481,278,2
70520,286,2
59479,240,2
63889,268,6
463639,240,2
72694,240,2
65649,260,12
68624,297,6
65934,240,2
69716,240,6
63222,240,2
73993,240,2
61015,240,2
65509,240,2
63590,240,2
66806,280,12
66799,240,2
63819,240,2
71919,330,2
63133,240,2
483614,331,2
482432,242,6
67326,240,2
61389,253,2
62342,240,2
66692,240,2
425367,240,2
60547,240,2
60790,283,12
69580,240,2
62898,240,2
478387,240,2
70154,281,2
478569,240,2
65139,240,2
69447,257,2
63424,240,2
63376,240,2
61858,312,12
74222,241,2
61123,240,2
63999,323,12
67171,240,2
65950,240,2
71761,240,2
70502,247,6
72986,269,2
62332,240,2
482340,240,2
72266,422,12
73231,240,2
63955,381,2
73128,342,2
68415,247,6
72418,240,2
59848,240,2
65137,240,2
66581,240,2
64567,240,2
60260,240,2
69203,240,2
65043,266,2
69993,318,2
72288,251,6
65315,240,2
65299,240,2
67068,240,2
65093,267,2
67172,374,6
60519,257,2
59854,240,2
480549,281,6
69215,240,2
73389,252,2
64553,281,12
64875,240,2
420957,240,2
60339,291,2
66726,240,2
68478,260,6
71316,240,2
67883,240,2
72804,258,2
66497,354,2
71983,240,6
478844,240,2
462627,240,2
477958,240,2
72454,282,6
74034,240,2
485553,240,2
70829,327,12
486992,128,2
63438,240,2
60878,240,2
69802,240,2
61592,240,2
63297,240,2
60777,240,2
68533,240,2
63814,240,2
62483,240,2
66069,250,2
71589,240,6
71995,277,2
72582,240,2
70264,240,2
69410,240,2
65455,240,2
62158,240,2
73752,285,2
479922,240,2
70212,240,2
64609,271,6
68034,316,2
67566,240,2
60798,240,2
485780,240,2
66638,279,6
71907,308,2
66413,240,2
67502,240,2
67545,247,2
63123,360,2
70953,240,2
70097,240,2
64218,401,2
63238,261,2
60423,240,2
68362,240,2
60781,240,2
74176,240,2
66120,240,2
65573,284,12
66793,240,2
63971,240,2
65928,269,6
70047,240,2
64229,240,2
67264,240,2
60241,293,2
427087,249,6
482698,240,2
63428,240,2
65898,274,2
66937,265,2
67234,240,2
60293,244,2
70535,295,12
415670,240,2
70371,240,2
474220,240,2
64351,240,2
416882,240,2
483713,240,2
60403,240,2
61983,273,2
477074,240,2
72764,240,2
64527,370,2
70961,410,6
64598,240,2
65681,240,2
70711,293,6
69655,240,2
60478,240,2
420661,240,2
70862,240,2
68176,240,2
60942,251,2
67250,244,12
70338,302,2
71800,240,2
72129,284,6
72318,251,2
61777,240,2
71129,240,2
73480,274,6
73192,240,2
66732,240,2
64588,252,2
71694,379,12
72815,240,2
69678,240,2
70918,279,6
61855,240,2
60137,333,2
69315,240,2
61683,240,2
63030,240,2
412739,240,2
61001,240,2
61796,240,2
71260,250,2
64012,240,2
70754,240,2
63377,278,2
63174,240,2
70871,263,2
66592,240,2
63296,265,2
66037,251,2
74352,240,2
68388,240,2
473197,241,6
61532,240,2
73750,240,2
59834,333,6
67089,240,2
422930,240,2
67213,240,2
66430,240,2
73746,292,2
63692,284,2
419905,240,2
63212,283,2
68280,272,6
74102,240,2
59843,411,6
60417,240,2
61781,240,2
67117,240,2
70782,327,2
67603,240,2
71138,382,12
67568,240,2
59638,240,2
494524,263,2
62137,240,2
62182,250,2
62301,240,2
71708,240,2
71724,289,2
60400,240,2
62003,341,20
71019,240,2
70933,291,6
73854,248,2
69687,240,2
66771,240,2
63863,240,2
68210,240,2
60823,240,2
61063,240,2
65829,240,2
63198,240,2
61884,240,2
425952,240,6
63148,248,2
71802,240,2
64731,240,2
65809,240,2
72532,318,2
65010,255,2
72471,252,6
60505,245,6
415128,240,2
67571,301,2
63758,240,2
71882,250,12
69016,240,2
65988,387,2
68251,301,2
70523,258,6
68502,242,2
65804,281,6
66973,240,2
67759,259,12
67636,347,2
73087,272,2
72846,274,2
67167,240,2
64159,277,2
71987,240,2
67522,271,2
69950,369,2
66913,240,2
426014,240,2
72743,283,12
71946,240,2
71596,308,2
64195,390,6
72976,240,2
71247,318,6
69358,240,2
72668,245,2
64263,240,2
71319,262,2
64135,240,2
419795,240,6
72575,240,2
68991,240,2
62205,240,2
69462,240,2
482857,339,2
419810,240,2
69087,240,2
67013,240,2
59763,331,12
59927,240,2
72278,240,2
60794,240,2
64676,240,2
60956,240,2
66049,240,2
71348,397,12
63384,247,2
415629,240,2
60968,295,2
63192,265,2
71383,240,2
59639,240,2
68492,240,2
65702,240,2
71332,257,2
70860,282,12
74292,240,2
59786,240,2
61177,240,2
72576,266,6
478446,240,2
72209,240,2
69928,240,2
72832,354,6
70900,326,6
424876,240,2
69259,240,2
67620,246,2
70235,240,2
65075,240,2
63831,240,2
63897,240,2
62915,240,2
419400,240,2
62410,263,2
418913,240,2
60215,355,2
61982,240,2
64972,240,2
65155,240,2
65234,240,2
60554,289,2
68389,240,2
73180,291,6
68574,240,2
63310,245,6
60228,261,2
70057,240,2
63566,240,2
72728,240,2
64914,240,6
62749,240,2
64650,240,2
71304,306,2
70009,282,12
73572,240,2
68903,240,2
60949,240,2
60453,240,2
66979,240,2
63724,287,2
66699,240,2
63856,240,2
73437,314,6
70056,383,2
60396,292,2
480000,240,2
71278,335,2
69606,290,12
494526,240,2
483807,240,2
60425,240,2
481083,240,2
59498,240,2
59756,240,2
64389,240,2
72755,327,2
70017,254,12
72512,299,6
62588,265,2
481098,240,2
71118,272,2
69022,240,2
65987,254,2
69737,240,2
62680,240,2
66708,240,2
61567,240,2
71268,240,2
425131,240,2
72179,383,6
63513,240,2
60311,240,2
64178,253,2
73945,240,2
63784,240,2
60691,240,2
69385,240,2
60264,240,2
63298,240,6
69270,240,2
68215,599,12
62362,240,2
60961,240,2
72601,240,2
70431,305,2
63264,276,6
71867,340,6
67438,286,2
485910,240,2
412737,299,2
66000,240,2
61067,240,2
64426,285,6
67691,286,12
70347,240,2
64900,240,2
70321,327,6
70282,254,2
72887,240,2
61800,240,2
60520,253,2
66519,267,2
59435,240,2
72006,240,2
70757,280,6
492836,240,2
480961,240,6
66920,290,2
71839,240,2
496892,361,2
66777,240,2
65294,240,2
61505,240,2
62119,258,2
64307,240,2
72079,240,2
62168,396,2
69648,275,6
71246,399,2
72661,240,2
64203,240,2
66139,302,2
67293,240,2
66310,240,2
72424,131,2
65568,240,2
68965,242,6
65304,240,2
64808,240,2
64689,240,2
69208,240,2
71684,253,2
61416,240,2
485761,250,2
61975,377,12
59603,240,2
60018,312,12
72612,240,2
70090,240,2
68063,240,2
70907,245,6
61617,240,2
464022,255,2
66419,240,2
65028,240,2
419945,240,2
59740,240,2
65116,279,6
63289,240,2
63130,240,2
71131,240,2
65014,240,2
65084,260,2
61591,240,2
67567,240,2
60747,240,2
68256,244,2
69300,396,6
73541,240,2
473253,240,2
67369,240,2
63160,315,6
474334,240,2
72889,240,2
68030,240,2
479946,240,2
71886,360,6
63257,240,2
73350,240,12
72437,240,2
66033,240,6
73404,367,2
67638,240,2
61627,240,2
72342,282,12
62028,247,2
68766,240,2
72919,240,2
72298,240,2
66174,240,2
62138,265,2
63920,255,2
61981,240,2
64835,240,2
68701,240,2
66285,336,2
420177,240,2
72848,250,2
66754,240,2
419363,240,2
63485,547,6
72651,240,2
70577,240,2
477007,240,2
71417,298,2
67195,240,2
68968,240,2
64143,240,2
60529,240,2
73292,245,2
60165,240,2
59972,240,2
64618,240,2
71658,303,2
72900,240,2
69145,240,2
61915,293,2
63901,240,2
463652,240,2
72926,263,2
424167,276,2
473040,290,2
65916,240,2
71111,240,2
65497,240,2
63712,251,2
69984,240,2
69679,262,2
67096,240,2
69414,240,2
64821,240,2
67884,240,2
482833,240,2
68151,240,2
71394,260,6
63237,240,2
417697,240,2
68416,240,2
70256,240,2
64481,240,2
491696,250,2
72563,240,2
70993,255,6
426772,240,2
61648,240,2
60620,240,2
66745,268,2
61906,240,2
64759,240,2
61488,240,2
63514,260,2
70618,269,2
70729,250,6
70713,402,6
61412,384,6
68044,240,2
73698,298,2
62959,240,2
415847,240,6
72041,422,12
72281,240,2
62627,349,2
486140,240,2
68238,240,2
72700,319,6
71852,277,2
67016,450,6
69252,240,2
63342,240,2
73273,240,2
482071,240,2
64594,243,2
71213,240,2
70878,456,12
415682,280,2
61050,240,2
476965,240,2
68816,240,2
463751,249,2
69874,240,2
72384,240,2
419687,240,2
72443,240,2
423124,240,2
492348,297,2
62171,240,6
74317,240,2
73119,240,2
67974,243,2
74130,325,2
63230,256,2
61293,240,2
67734,240,2
72282,240,2
71626,240,2
61705,240,2
68411,240,2
70680,288,2
72297,308,2
67424,240,2
425920,240,2
64044,299,6
64770,240,2
64722,240,2
68268,240,2
72284,240,2
64726,240,2
63488,240,2
67804,272,2
67983,240,2
65818,240,2
72344,240,2
484393,313,2
71911,372,6
72838,261,2
71928,277,2
496047,240,2
417451,240,2
65682,240,2
61391,258,2
70177,240,2
64317,242,2
65505,260,12
478419,240,2
65477,240,2
71411,240,2
62383,240,2
68913,240,2
64799,240,2
73996,240,2
59538,240,2
60646,293,2
66243,240,2
62145,240,2
73986,240,2
71789,271,2
68542,316,12
487807,240,2
66983,240,2
72300,240,2
479066,240,2
68117,240,2
64595,247,2
73045,240,2
67623,240,2
73709,250,12
70109,517,12
412689,240,2
72441,240,2
66675,240,2
73927,240,2
71565,273,2
73345,240,2
63194,274,2
73497,249,6
59821,240,2
62834,240,2
67141,240,2
69032,350,2
68660,240,2
66607,240,2
68720,240,2
68836,240,2
64583,240,2
60729,240,2
59562,240,2
64356,244,2
60767,240,2
68698,240,2
64343,240,2
487150,240,2
67716,240,2
63804,240,2
493580,240,2
73880,313,2
63695,240,2
59973,240,2
68927,240,2
73120,252,2
60374,245,2
61580,240,2
65467,241,2
72917,240,2
65516,240,2
69053,240,2
65867,246,2
69266,240,2
71722,240,12
67519,296,2
422245,268,6
60248,240,2
66843,240,2
67700,240,2
61379,240,2
426665,415,6
68904,240,2
478604,240,2
60290,299,2
65429,248,2
66833,291,2
64991,240,2
73412,240,2
62641,240,2
64946,240,2
70701,240,2
66407,240,2
60862,240,2
65985,376,2
413345,240,2
62650,240,2
72782,280,2
73265,240,2
65938,240,2
67169,397,2
65903,240,2
74101,242,2
70749,240,2
477563,263,2
424431,240,2
67774,320,2
59445,240,2
59896,266,2
61753,240,2
482702,240,2
415594,240,2
69617,240,2
69945,240,2
66255,240,2
65395,254,2
70598,240,2
60971,240,2
71369,293,2
71763,240,2
64578,240,2
71850,240,2
415626,240,2
66523,255,2
71729,240,2
424920,271,6
67175,240,2
66832,240,2
69055,304,2
64999,305,2
60740,240,2
68317,240,2
70103,268,2
70301,260,6
473782,240,2
61708,240,2
68338,240,2
65282,240,2
494371,240,2
64174,240,2
462253,240,2
65533,240,2
68984,446,2
61792,240,2
70507,380,2
69063,240,2
72345,240,2
60308,240,2
68634,240,2
70153,240,2
62809,240,2
69426,240,2
70144,240,2
65459,240,2
427306,546,2
463333,240,2
62310,240,2
60705,240,2
66276,240,2
73402,240,2
67015,295,2
63657,240,2
73036,240,2
63548,240,2
71325,240,2
69379,306,2
72348,240,2
61424,240,2
62428,289,2
66108,300,2
69236,240,2
480406,240,2
69582,342,2
490562,416,6
422319,452,6
71991,341,2
60246,252,2
69645,240,2
68879,240,2
72794,240,2
60990,240,2
481667,240,2
65256,240,2
65476,240,2
67959,240,2
71149,240,2
63081,240,2
68700,266,2
68889,240,2
65672,297,2
68826,240,2
64530,240,2
63178,241,2
485949,254,2
62174,240,2
68475,240,2
481097,240,2
64496,240,2
60151,240,2
61022,240,2
63450,240,2
70024,240,2
72809,283,2
69790,240,2
424612,240,2
64265,240,2
66706,268,2
426525,240,2
67904,339,2
64920,240,2
73581,240,2
64694,240,2
72693,240,2
70004,281,2
69924,292,2
61765,240,2
74039,311,2
65628,301,2
65114,293,2
60787,425,2
60486,369,2
68068,240,2
64904,347,2
486993,240,2
65071,240,2
64518,240,2
73607,296,2
64227,240,2
67018,314,2
69548,240,2
63950,240,2
70962,256,2
68166,240,2
463776,240,2
62529,240,2
59586,240,2
63845,272,2
72503,281,2
70748,240,2
67283,240,2
70542,240,2
69276,240,2
66303,240,2
69919,252,2
63682,240,2
61172,240,2
64355,240,2
64953,283,2
64644,240,2
480828,251,2
67624,240,6
66252,240,2
74030,276,12
65517,240,2
73555,240,2
426767,240,2
61236,387,6
63670,287,2
60188,240,2
424021,248,2
67028,240,2
70766,257,2
62133,240,2
427281,240,2
71582,240,2
65836,240,2
417424,240,2
63963,240,2
66494,240,2
70515,400,6
64696,240,2
473166,273,6
62925,309,6
66474,240,2
64065,314,2
72772,240,2
72235,240,2
68395,240,2
68928,411,6
70341,246,6
61201,244,2
72718,270,2
479927,240,2
64167,240,2
67226,240,2
67278,240,2
63980,240,2
415627,240,2
72316,240,2
70531,259,2
66609,275,2
66908,240,2
74148,240,2
72275,297,6
60315,318,2
69630,299,2
74082,240,2
73908,240,2
67507,240,2
70043,318,2
65849,240,2
423192,240,2
63129,240,2
69184,240,2
424124,243,2
67867,261,2
491428,242,2
72567,242,2
61875,240,2
71164,258,2
73425,247,6
73156,243,2
67675,240,2
68445,240,2
68508,240,2
66496,240,2
64048,240,2
61756,240,2
62032,240,2
62909,240,2
66838,240,2
64843,382,2
60844,240,2
65008,297,2
72791,278,6
419305,240,2
59592,240,2
62281,291,2
67583,240,2
71396,240,2
69979,279,2
68237,240,2
426828,240,2
67100,240,2
66742,247,2
72596,240,2
64944,291,2
73043,240,2
62787,240,2
60323,240,2
463720,240,2
65418,240,2
72592,240,6
63181,240,2
72270,252,2
66470,240,2
61744,240,2
70863,322,2
72767,240,2
63801,240,2
424020,287,2
61009,240,2
72106,240,2
68774,240,2
64591,285,2
64779,240,2
62155,240,2
479958,351,2
64565,312,2
73046,240,2
70752,264,6
61147,240,2
70702,240,2
62112,288,2
485874,240,2
66750,240,2
71888,301,12
71098,269,6
60182,240,2
74262,240,2
63460,240,2
59597,240,2
60516,240,2
72331,290,2
70101,240,12
66148,261,6
68100,240,2
67183,240,2
67176,373,2
72656,240,2
65237,240,2
74142,240,2
60126,240,2
61867,240,2
71004,268,6
482493,378,2
72657,240,2
491421,251,2
60563,370,6
70639,291,6
462586,300,6
416878,240,2
69954,240,2
72605,258,2
63489,240,2
71792,245,2
61148,240,2
72301,244,2
63614,269,2
70187,249,2
60269,369,2
493516,240,2
71449,284,2
60467,240,2
67711,240,2
62253,240,2
65972,240,2
485301,240,2
67076,432,6
67820,240,2
63716,240,2
67913,240,2
68285,245,2
71037,240,2
490533,287,2
73253,240,2
69027,240,2
73426,240,2
60738,240,2
70216,266,6
70803,281,2
73088,388,2
64857,345,2
63520,253,2
59633,240,2
63000,240,2
65820,240,2
72701,240,2
73007,240,2
63451,240,6
72999,240,2
69390,240,2
63056,240,2
66767,278,2
71783,265,2
72277,257,6
69722,321,2
71483,274,2
72734,240,2
69673,244,2
63906,240,2
63946,240,2
70328,270,2
68097,281,2
491793,243,2
72934,240,2
68343,255,2
420704,240,2
493249,282,2
66892,240,2
73022,240,2
69877,247,2
63609,240,2
68368,291,2
73213,240,2
71771,240,2
62855,260,2
64841,284,2
69196,618,6
71291,293,6
66158,240,2
483238,254,12
74126,240,2
66603,240,2
65694,240,2
67525,240,2
68664,240,2
72248,240,6
60612,240,2
63319,240,2
69918,302,2
67798,240,2
422453,257,2
61910,240,2
73376,312,2
61942,240,2
59404,240,2
60147,240,2
60059,240,2
61633,240,2
415812,252,2
482332,240,2
70082,273,12
60452,240,2
68711,240,2
68788,240,2
73960,240,2
60863,240,2
67859,240,2
59933,240,2
73313,240,2
61731,240,2
67277,249,2
64109,240,2
60110,240,2
60917,240,2
61155,240,2
68693,240,2
63795,240,2
71671,294,2
65613,240,2
67092,240,2
74038,324,2
65692,240,2
68326,240,2
61397,240,2
62762,244,6
477549,271,2
59751,240,2
71905,240,2
71986,240,2
67114,240,2
60531,240,2
70257,241,2
68071,240,2
62996,271,2
65919,262,2
64714,240,2
412726,270,2
74127,147,2
72446,251,2
420355,298,2
70493,291,6
62331,240,2
68094,264,2
71377,243,2
64569,240,2
64884,440,6
481649,240,2
70007,240,2
61193,280,2
73134,290,6
65719,240,2
68137,240,6
65353,276,2
73489,278,2
63944,240,2
69696,274,2
60365,256,2
60888,240,2
66447,240,2
62422,240,2
59658,240,2
69047,240,2
70883,314,2
65484,240,2
482877,240,2
63157,240,2
60993,260,2
61259,240,2
63226,240,2
73386,247,2
62843,257,2
416374,240,2
427580,260,2
66482,317,2
64670,240,2
66003,241,2
66512,278,2
70000,240,2
66668,240,2
67152,240,2
69261,240,2
73537,240,2
65132,263,6
415704,240,2
73748,240,2
73429,242,2
62979,240,2
63255,246,6
65280,240,2
69176,256,12
69715,275,2
62159,240,2
73264,259,2
70236,293,6
66106,245,2
66291,246,2
61474,240,2
60161,240,2
70684,244,6
66691,240,2
67920,379,2
61187,240,2
65250,319,2
72391,293,2
61493,240,2
69378,240,2
61953,267,2
67395,242,2
67243,240,2
73521,240,2
477481,240,2
59864,240,2
62050,240,2
64919,243,2
63473,319,2
67945,240,2
70519,240,2
66159,240,2
62687,240,2
60793,240,2
60932,240,2
71599,246,12
421059,240,2
72949,240,2
68596,246,2
70864,277,2
66514,240,2
462030,240,2
61145,373,2
70158,301,6
412263,240,2
63892,240,2
65621,240,2
69324,240,2
72251,240,2
68090,240,2
64240,240,2
73141,240,2
62584,240,2
62455,240,2
63722,240,2
70917,240,2
72218,240,2
63316,282,2
71286,426,6
63308,306,2
66239,385,2
64543,240,2
69101,240,2
63496,240,2
73061,240,2
69992,284,2
64082,240,2
67577,240,2
62679,244,2
70518,252,2
66062,240,2
71104,271,2
491566,240,2
65011,240,2
426731,240,2
66235,240,2
485806,240,2
63541,240,2
73375,240,2
68396,240,2
74376,240,2
479939,267,2
61881,240,2
62758,240,2
72494,248,2
65761,240,2
484133,240,2
74084,240,2
65890,338,6
480061,240,2
61174,240,2
69098,240,2
66710,240,2
70374,240,2
66216,240,2
68164,240,2
66965,293,6
60739,240,2
72990,240,2
66042,240,2
66606,335,2
69046,240,2
69490,240,6
411480,136,6
70386,240,2
63583,240,2
60656,240,2
70499,329,2
422276,240,2
71902,240,2
71657,240,2
60236,245,2
426985,240,2
65703,240,2
66502,240,2
426620,240,2
425787,240,2
73226,240,2
73221,348,2
67454,240,2
480612,240,2
69463,240,2
66903,240,2
61944,240,2
64273,240,2
70836,347,2
492985,240,2
63593,286,2
62625,240,2
70643,240,2
61584,240,2
71786,240,2
72036,275,2
59620,240,2
69363,240,2
66628,375,2
68719,240,2
67733,240,2
65016,251,2
71943,363,2
63864,240,2
70894,240,2
482366,240,2
64660,240,2
478608,268,2
69564,243,2
67418,240,2
62167,240,2
64727,240,2
59679,240,2
73951,290,2
426832,240,2
67496,240,2
67810,240,2
64441,240,2
73322,294,2
68565,240,2
68674,240,2
71809,240,2
72642,240,2
424483,244,2
67825,240,2
70118,240,2
64381,240,2
59598,240,2
63043,240,2
63660,240,2
61803,240,2
59652,240,2
67962,240,2
66453,240,2
65223,240,2
69780,240,2
72595,240,2
68529,240,2
65222,240,2
62689,253,2
71601,240,2
485793,240,2
462604,240,2
63836,241,2
73771,240,2
482786,240,2
60661,240,2
60590,240,2
64581,240,2
64549,240,2
62695,269,2
60770,240,2
72448,240,2
63905,240,2
462653,240,2
71932,240,2
70354,274,6
63534,240,2
70286,269,2
64666,240,2
72963,240,2
66505,240,2
70400,249,2
65593,240,2
64767,240,2
65553,285,2
70817,240,2
70606,255,2
59985,240,2
63479,389,2
483631,240,2
65765,315,6
66888,250,6
68860,240,2
60618,240,2
66275,240,2
66084,240,2
67831,240,2
72608,298,2
73333,240,2
74252,240,2
63757,240,2
60325,240,2
73603,368,2
72692,287,2
425058,240,2
68287,316,2
64753,266,2
68111,240,2
69565,240,2
427076,145,2
62881,240,2
64097,272,2
70439,240,2
71072,272,2
497005,240,2
65992,240,2
64361,240,2
60021,240,2
60604,240,2
60197,277,2
73356,240,2
72432,240,2
491328,240,2
67795,365,2
63023,259,2
481027,240,2
481656,240,2
416584,240,2
59960,257,2
69621,291,2
68532,333,2
66601,240,2
72691,240,2
72498,246,2
61733,240,2
65005,240,2
65358,240,2
63913,240,2
70888,262,2
61692,240,2
69430,240,2
70394,240,2
72105,251,6
70762,240,2
61642,280,2
69890,240,2
72227,302,2
461532,240,2
73211,240,2
411496,397,2
65387,240,2
72207,240,2
66046,271,2
424619,240,2
61573,240,2
73592,262,2
70850,294,12
60036,240,2
66765,249,2
66957,240,2
67794,240,2
70266,240,2
59463,240,2
70059,240,2
72864,240,2
73496,273,2
73195,240,2
72658,240,2
71229,399,2
478390,240,2
67840,240,2
68372,240,2
70471,247,6
61031,240,2
60537,259,2
61000,240,2
69695,247,2
59583,240,2
486070,240,2
67958,240,2
70267,240,2
66358,252,2
67852,240,2
462700,240,2
68233,240,2
425876,240,2
416840,240,2
62527,240,2
69570,260,2
67971,240,2
416592,240,2
71826,240,2
479943,242,2
69469,240,2
66714,240,2
60211,240,2
65714,240,2
64437,240,2
63811,240,2
70234,353,6
68405,240,2
64721,240,2
65029,240,2
71262,240,2
62883,240,2
72616,240,2
60758,358,2
62361,240,2
415203,242,2
64297,240,2
71730,282,2
66558,240,2
71813,240,2
66312,240,2
67841,240,2
424624,240,2
72198,285,2
61538,240,2
485861,240,2
61807,240,2
63617,314,2
66264,240,2
64271,240,2
66217,240,2
66936,240,2
71494,312,2
72252,321,2
62509,240,2
64752,240,2
69493,240,2
63547,252,2
67229,240,2
484179,240,2
73109,240,2
65392,251,2
70435,288,6
66297,240,2
62429,240,2
417573,240,2
482420,273,2
427114,240,2
73441,240,2
64647,240,2
73173,240,2
69611,314,6
427133,240,2
64161,240,2
63309,240,2
61439,240,2
485779,240,2
65653,240,2
66138,240,2
74062,240,2
478212,240,2
60753,245,2
65059,240,2
68589,240,2
73691,240,2
67676,240,2
63269,240,2
65214,240,2
60081,240,2
69823,304,2
62025,240,2
63907,278,2
70296,248,2
64322,279,2
67155,240,2
417482,240,2
67610,240,2
73511,274,2
66761,240,12
68771,240,2
478969,240,2
69471,240,2
61667,240,2
71856,452,6
66958,240,2
66952,568,6
72373,251,2
69615,250,2
72698,283,2
66529,267,2
69049,286,2
71177,258,2
60527,240,2
63884,275,2
61618,251,2
63965,307,6
71796,267,6
70936,292,2
61221,247,2
60221,240,2
63127,240,2
411486,384,2
63661,240,2
66198,257,2
412706,240,2
73870,349,2
71688,290,2
63941,240,2
61460,240,2
425797,240,2
65580,244,2
68874,240,2
68339,240,2
73309,242,2
66428,297,2
69961,290,2
63190,305,2
491482,240,2
64277,240,2
62522,240,2
481077,267,2
66388,280,2
69172,240,2
425818,240,2
63050,335,2
72629,240,2
67916,240,2
63922,240,2
72520,240,2
74076,240,2
64155,240,2
72201,240,2
487072,240,2
60121,321,2
68812,296,2
64242,240,2
64233,240,2
68484,271,6
59410,375,2
62640,240,2
483576,324,2
67743,240,2
66481,240,2
67725,251,2
62464,272,2
70513,240,2
63352,373,6
60237,240,2
66345,240,6
69887,240,2
74184,240,2
66557,362,6
485776,240,2
63066,240,2
64881,240,2
66161,245,2
69955,240,2
72142,247,2
69277,240,2
66872,275,2
60833,240,2
72920,240,2
65741,240,2
59588,240,2
60877,246,2
62072,240,2
64807,240,2
67000,370,6
67459,248,2
71448,240,2
70784,240,2
62513,265,2
70931,240,2
65152,242,2
66855,240,2
63911,260,2
71832,240,2
61832,240,2
62491,317,2
66850,258,2
64189,240,2
70167,240,2
61704,240,2
62287,240,2
62966,240,2
68446,240,2
61138,240,2
61843,257,2
73866,240,2
411376,374,2
70828,264,2
69491,259,2
66663,243,2
63350,258,2
62211,240,2
59616,240,2
68428,240,2
62585,240,2
67080,240,2
73577,240,2
61557,240,2
62975,240,2
74071,240,2
480873,240,2
63604,267,2
72853,240,2
72870,240,2
60668,283,2
69454,240,2
62669,246,2
488232,240,2
69544,279,2
72903,240,2
72877,240,2
61746,240,2
69119,277,2
71755,240,2
477223,240,2
63581,240,2
64029,240,2
70727,240,2
65544,240,2
59650,240,2
63233,240,2
65522,240,2
60087,240,2
422901,240,2
63188,240,2
72274,275,2
65088,240,2
68089,240,2
65520,265,2
66871,240,2
73705,240,2
484132,259,2
69675,317,2
72510,245,2
64256,240,2
62051,247,2
64858,240,2
69505,240,2
62618,251,2
64121,240,2
72308,240,2
482794,311,2
70856,345,6
70659,240,2
60549,274,2
73095,281,2
66735,240,2
70131,263,6
69061,240,2
73000,240,2
64773,240,2
71847,321,2
69439,240,2
62917,240,2
72961,240,2
59694,313,2
71603,381,2
65554,240,2
71212,417,6
64452,245,6
72774,240,2
71455,240,2
427174,240,2
73105,286,2
63239,240,2
66426,240,2
69527,240,2
63776,240,2
425941,240,2
65925,240,2
64906,240,2
72194,336,2
65723,240,2
63441,240,2
415684,250,2
66154,240,2
62670,287,2
73216,240,2
60897,240,2
65453,240,2
68462,247,2
73165,348,2
73160,263,2
59726,240,2
69018,240,2
66404,240,2
60925,240,2
72514,251,6
60051,322,2
74083,240,2
73023,240,2
479925,244,2
63647,240,2
62066,279,2
73772,265,2
63641,240,2
72184,240,2
71354,296,6
59524,240,2
71699,240,2
419035,240,2
64822,240,2
66861,240,2
62821,240,2
60362,240,2
62942,240,2
67648,240,2
61438,240,2
69023,336,2
427072,240,2
73443,240,2
74008,132,2
415675,282,6
64772,241,2
72752,252,6
59928,240,2
63532,240,2
74022,291,12
65773,240,2
62063,240,2
69357,240,2
65235,325,2
62541,360,2
70548,295,2
73436,240,2
63028,240,2
63639,240,2
60488,240,2
72830,240,2
73515,387,12
64768,240,2
72759,259,6
69248,240,2
425737,240,2
67432,257,2
71427,294,6
63361,240,2
64194,376,2
71702,308,2
61283,240,2
66001,240,2
60811,240,2
62631,240,2
66387,272,2
427073,240,2
63528,250,2
73606,240,2
412691,292,6
64700,240,2
63225,294,2
70010,240,2
61197,242,2
73232,259,6
59828,240,2
61931,240,2
70791,240,2
70176,240,2
69985,282,2
61892,240,2
70406,240,2
61586,240,2
62759,240,2
71872,306,2
68155,240,2
482838,240,2
64053,240,2
480614,240,2
72649,259,2
63740,314,2
73090,273,6
67587,240,2
70066,240,2
485318,240,2
68307,240,2
486939,240,2
65933,240,2
69958,282,6
68703,240,2
61846,240,2
60174,240,2
66336,255,2
72880,240,2
69057,240,2
61729,240,2
60768,246,2
68546,240,2
65781,304,6
63646,240,2
69468,240,2
74075,240,2
62340,240,2
68173,240,2
60408,240,2
424800,287,2
68421,243,2
59797,240,2
68663,240,2
68764,240,2
73545,240,2
59842,389,6
65215,240,2
480709,240,2
67393,240,2
66098,240,2
485795,240,2
479953,410,2
478689,360,2
64954,308,2
72574,240,2
65416,240,2
61638,240,2
479942,240,2
64232,240,2
66359,250,2
72174,240,2
69576,240,2
473790,240,2
66455,240,2
63546,240,2
70344,397,6
60271,240,2
67087,240,2
62635,240,2
60411,240,2
72369,240,2
69836,240,2
61820,240,2
479929,240,2
65777,240,2
71627,240,2
61850,773,2
61769,240,2
72928,240,2
62286,291,2
65310,240,2
61603,285,2
73417,241,2
69222,240,2
67763,362,2
72164,240,2
68552,240,2
62096,240,2
60926,240,2
479899,240,2
64354,240,2
67407,240,2
71777,143,2
69683,240,2
73319,240,2
73897,240,2
69205,275,2
60496,240,2
421002,240,2
65803,271,2
61672,240,2
66621,240,2
73332,240,2
427185,289,2
69286,240,2
411483,374,2
412672,351,6
60579,240,2
63621,240,2
495702,240,2
62486,240,2
60179,240,2
66019,240,2
63380,240,2
71387,545,2
60910,240,2
65107,240,2
63390,240,2
74094,240,2
60088,240,2
63711,240,2
65169,240,2
60282,240,2
60493,311,12
73449,251,2
66556,240,2
68501,269,2
62862,240,2
424157,240,2
64649,243,2
67413,448,2
490918,153,2
70438,250,2
421034,240,2
74077,396,2
69330,240,2
72876,240,2
63241,240,2
491697,260,2
482784,240,2
61003,240,2
60550,240,2
69970,240,2
63132,240,2
64336,339,2
411343,373,2
61965,248,2
67290,241,2
63112,240,2
66010,334,2
67581,240,2
60650,240,2
63330,247,2
68056,240,2
72979,240,2
463655,275,2
64599,297,12
72431,240,2
65437,240,2
71691,316,2
59761,396,2
69314,240,2
69750,240,2
69165,281,2
63423,240,2
73450,296,2
66270,298,2
63480,240,2
485730,240,2
73079,240,2
62956,240,2
69944,240,2
480495,240,2
68515,371,2
482726,242,6
66623,240,2
69735,240,2
480356,240,2
68730,240,2
73025,240,2
60692,240,2
72884,240,12
473130,269,2
63632,240,2
66027,240,2
63016,240,2
65044,240,2
61185,240,2
60082,240,2
61447,240,2
70544,359,2
71821,249,2
64986,256,2
61367,267,2
59579,240,2
413550,240,2
74005,240,2
427315,247,2
73594,240,2
61237,240,2
66325,240,2
412665,240,2
61894,283,2
71272,250,2
72077,279,2
479897,240,2
67246,240,2
73073,240,2
65846,240,2
74373,240,2
71498,240,2
69118,240,2
72276,320,2
71827,240,2
62195,240,2
60344,240,2
68447,240,2
418987,260,2
68881,240,2
60226,240,2
65103,240,2
426758,240,2
63020,240,2
71029,240,2
71307,240,2
69399,240,2
73030,240,6
64219,240,2
72749,278,2
68178,240,2
73694,297,2
68440,243,2
424837,240,2
423708,269,2
424776,240,2
67131,506,2
65487,302,2
60001,240,2
481092,240,2
60859,250,6
62688,240,2
72539,240,2
71059,240,2
63007,240,2
72294,321,2
60564,579,2
64839,240,2
69220,240,2
64231,272,6
63962,240,2
480611,247,2
63209,240,2
62609,240,2
68474,240,2
64095,254,2
63888,240,2
73300,240,2
65760,246,2
66322,240,2
65700,240,2
71331,240,2
72643,240,2
73157,240,2
67899,240,2
62800,338,2
482098,240,2
63417,240,2
73197,283,2
60699,240,2
63666,240,2
62604,351,2
62270,240,2
73250,240,2
70195,240,2
67860,240,2
73396,240,2
63396,240,2
65089,240,2
69450,161,6
69631,264,2
64158,240,2
73932,240,2
71101,240,2
70615,240,2
59669,240,2
72615,256,2
66070,240,2
65019,240,2
63768,251,2
61407,240,2
72005,287,2
71747,240,2
70852,263,2
68208,240,2
422080,252,2
74054,240,2
68750,240,2
73002,257,2
71461,253,2
62496,259,2
62857,240,2
65330,240,2
490531,240,2
60996,240,2
67842,240,2
461992,240,2
65793,240,2
63744,240,2
461500,276,2
67613,240,2
67098,240,2
482717,240,2
64713,240,2
61687,240,2
60360,240,2
68867,240,2
59877,240,2
60398,240,2
61861,240,2
73948,240,2
66618,344,2
65639,240,2
62824,240,2
72159,241,2
491774,240,2
66649,240,2
64364,240,2
70432,240,2
73428,267,2
66463,240,2
69424,240,2
65096,335,2
66520,393,2
61905,240,2
59965,240,2
60299,245,2
485315,285,2
68031,240,2
61489,240,2
66029,240,2
74205,279,2
59958,240,2
69435,367,2
63673,240,2
72114,240,2
73281,285,2
484172,240,2
463400,240,2
63929,265,2
66320,263,2
67979,246,2
70870,328,2
69299,240,2
421885,240,2
63306,240,2
69595,240,2
66671,240,6
60955,427,2
74020,240,2
70413,246,2
69787,245,2
61935,240,2
69771,240,2
65413,240,2
72863,258,2
72647,349,2
73277,241,6
65264,240,2
69703,240,2
62275,240,2
462026,254,2
71620,240,2
61699,240,2
63916,240,2
60895,240,2
70175,275,6
70561,257,2
63305,240,2
73452,240,2
64028,247,2
67900,276,2
60257,305,2
60830,240,2
70246,240,2
60328,240,2
69873,312,2
71774,240,2
427556,240,2
61040,403,6
68284,240,2
69415,316,2
66522,240,2
69796,392,2
68945,240,2
67434,240,2
71816,247,2
480864,240,2
73703,240,2
64941,256,2
66149,240,2
67079,240,2
63381,240,2
72254,240,2
73138,240,2
72205,240,2
63808,240,2
71918,284,2
67683,268,2
480990,240,2
69217,240,2
62103,240,2
63121,240,2
462511,240,2
65022,240,2
73147,240,2
420662,327,2
64664,254,2
63671,292,2
72977,240,2
60539,240,2
72433,281,2
72689,289,2
68052,240,2
486946,316,6
69466,278,12
74121,240,2
426718,240,2
59528,240,2
60538,240,2
65350,240,2
68308,240,2
66704,240,2
66133,240,2
65111,240,2
70014,242,2
61146,240,2
71276,240,2
70588,240,2
67085,240,2
66685,298,2
478487,240,2
70134,307,6
69697,240,2
73786,240,2
68662,360,2
70481,262,2
67524,332,2
482729,305,6
63771,240,2
59567,272,2
64315,240,2
64392,240,2
66588,255,2
64196,240,2
67007,240,2
71953,256,6
72941,240,2
487788,240,2
74128,240,2
69717,240,2
71822,240,2
69232,240,2
463511,240,2
61604,240,2
72695,240,2
64075,240,2
417846,326,6
69088,240,2
59453,240,2
71512,240,2
63919,240,2
70644,240,2
420954,240,2
73051,240,2
488104,240,2
72169,240,2
72814,240,2
70261,240,2
61028,240,2
419963,330,2
65937,240,2
61812,240,2
66143,424,2
69536,240,2
62634,320,6
69218,240,2
73891,261,2
63042,240,2
64745,240,2
61752,240,2
67012,240,2
64313,259,2
67550,240,2
63111,240,2
66277,240,2
72007,251,2
73080,252,2
478850,283,2
68011,240,2
70706,240,2
65060,257,2
60609,240,2
61987,252,2
65603,247,2
59746,240,2
60601,240,2
72714,257,2
71540,240,2
68590,240,2
482787,240,6
65984,240,2
66967,240,2
63958,240,2
72058,259,2
66825,258,2
71116,240,2
63579,240,2
62267,240,2
62923,240,2
73744,259,2
72140,240,2
69941,240,2
463515,240,2
63956,240,2
426857,240,2
62013,240,2
59530,240,2
66931,240,2
63452,240,2
69263,240,2
64286,240,2
69067,242,2
480608,240,2
61176,240,2
72528,246,2
61847,260,2
60598,253,2
68281,240,2
66703,240,2
488099,258,2
479892,240,2
64419,240,2
72871,240,2
66764,291,2
63643,240,2
68302,240,2
73385,240,2
66328,246,2
419644,240,2
72455,240,2
65101,240,2
67866,240,2
62065,240,2
71865,242,2
70217,250,2
69816,267,2
69024,240,2
65589,240,2
66646,300,2
66624,362,2
412569,299,2
427129,240,2
63151,257,2
63672,275,2
72224,460,2
68356,263,6
68069,259,2
69551,319,2
419861,277,2
68898,240,2
64015,245,2
70087,240,2
70759,425,6
417102,240,2
74092,288,2
479919,348,2
65333,240,2
69455,240,2
66916,240,2
64507,240,2
72138,240,2
64434,240,2
495865,240,2
420251,253,2
64292,242,2
67272,271,2
72019,329,2
64493,240,2
59976,240,2
69141,320,2
66503,240,2
67335,240,2
71622,240,2
72233,325,2
62467,270,2
61754,246,2
65026,305,2
63102,240,2
65251,240,2
421035,246,6
70229,240,2
63277,260,2
62921,240,2
62603,240,2
73142,240,2
59869,240,2
71656,240,2
64590,241,2
73225,240,2
68095,240,2
63855,240,2
71782,265,2
62078,240,2
480715,240,2
68710,240,2
64137,240,2
73914,240,2
69225,240,2
62573,240,2
60153,240,2
66578,276,2
62456,370,6
65904,240,2
72030,240,2
60294,240,2
415663,242,2
71251,240,2
67652,240,2
66057,314,2
71577,240,2
71711,240,2
65755,240,2
61907,240,2
67768,240,2
72234,366,2
68942,344,2
67065,378,2
71926,240,2
61387,240,2
70704,289,2
422406,240,2
424029,240,2
71130,240,2
67538,261,2
65750,261,2
65845,240,2
68171,340,2
63713,240,2
68704,240,2
70411,240,2
62466,240,2
68638,254,2
415187,244,2
62675,240,2
67593,240,2
64056,240,2
72810,240,2
482603,251,2
67215,240,2
64663,241,2
73310,292,6
69100,240,2
478524,240,2
66575,240,2
60465,253,2
68866,254,2
63753,240,2
423789,240,2
62125,240,2
68906,273,2
495862,240,2
61465,240,2
73477,265,2
64011,240,2
424793,240,2
62426,240,2
66538,240,2
63618,240,2
66206,240,2
70053,240,2
70370,353,2
64975,240,2
63459,240,2
73040,240,2
67480,240,2
74348,390,2
67043,240,2
60392,240,2
64492,240,2
60662,240,2
70110,241,2
73728,240,2
69777,240,2
60669,240,2
413171,240,2
416960,260,2
63119,270,2
64287,240,2
62998,240,2
415135,240,2
66569,278,2
482570,240,2
68554,240,2
63719,269,6
69923,240,2
70094,265,6
61096,240,2
64640,240,2
73123,290,2
71281,288,6
66261,240,2
61577,240,2
71548,274,2
68310,240,2
62115,240,2
478866,423,6
64467,241,2
63580,262,2
73082,240,2
61876,240,2
62973,240,2
66486,290,2
72975,240,2
73084,240,2
68108,252,2
60684,240,2
63457,240,2
65906,240,2
61940,240,2
64429,240,2
480353,240,2
70634,240,2
68127,240,2
73299,240,2
64829,314,2
67833,240,2
73952,240,2
65970,240,2
70476,240,2
72404,240,2
67420,240,2
67491,240,2
65095,240,2
71939,240,2
66760,240,6
69755,240,2
65822,240,2
64105,240,2
64693,240,2
72886,240,2
69559,352,2
60930,469,6
70578,342,6
73222,240,2
421890,409,12
66788,281,2
59991,240,2
479926,240,2
66424,240,2
64879,240,2
64542,240,2
73189,240,2
73780,240,2
418916,240,2
482069,246,2
69929,240,2
73054,240,2
477254,300,6
415144,240,2
59979,240,2
60751,240,2
485920,240,2
67224,240,2
72845,240,2
480984,240,2
480344,240,2
477907,240,2
70603,297,6
62255,240,2
67258,240,2
65118,240,2
65978,240,2
60042,240,2
485751,240,2
424911,240,2
415225,240,2
66723,260,2
65363,240,2
73102,244,2
67133,240,2
70937,243,2
66085,240,2
72895,240,2
66290,240,2
71871,240,6
66411,289,2
63401,320,6
61735,240,2
62076,240,2
66625,240,2
478922,240,2
61006,246,2
60580,259,2
73571,240,2
72659,267,2
72445,314,2
73316,240,2
63283,240,2
64163,240,2
69441,240,2
72264,256,2
60183,240,2
69933,318,2
483607,271,2
72898,240,2
67996,365,2
69155,240,2
69745,240,2
69963,240,2
492208,240,2
70146,509,2
427806,241,2
60947,240,2
480962,240,2
463642,268,2
66126,240,2
485765,240,2
67180,678,2
62702,240,2
69835,240,2
64466,240,2
70475,412,2
73233,240,2
67856,318,2
424589,240,2
426008,240,2
66597,240,2
64803,240,2
474216,240,2
72566,240,2
60881,240,2
73110,240,2
62154,240,2
64213,250,2
73599,291,2
63782,240,2
62330,303,2
73832,240,2
426509,240,2
423856,240,2
68877,240,2
65546,240,2
64533,240,2
70276,246,2
415786,240,2
72614,240,2
478242,240,2
63288,242,6
70557,308,2
62972,240,2
68795,240,2
61212,240,2
71444,240,2
64691,240,2
62300,240,2
70978,370,6
65199,240,2
73091,240,2
485867,240,2
62391,240,2
67391,240,2
61597,251,2
66970,240,2
66078,240,2
69280,240,2
68998,262,2
485921,240,2
485837,240,2
62808,240,2
61883,240,2
66056,240,2
462420,240,2
487822,240,2
478563,240,2
60912,240,2
71309,240,2
68218,240,2
69446,240,2
70447,240,2
60587,240,2
60010,240,2
68084,240,2
415680,284,2
61872,240,2
71764,247,2
418852,240,2
65778,240,2
64193,240,2
65335,295,2
64069,240,2
423119,240,2
63623,240,2
60693,240,2
68230,240,2
63252,250,2
63918,240,2
64156,278,2
420345,240,2
495852,240,2
477911,240,2
66409,240,2
64563,321,2
60370,311,2
481654,240,2
69871,240,2
479368,259,2
71484,256,2
72405,240,2
64729,252,2
72795,245,2
72144,282,6
426363,267,2
61411,240,2
73987,240,2
59865,240,2
62193,240,2
63635,240,2
72255,262,2
73911,310,2
66192,261,2
419794,289,2
63986,240,2
60406,240,2
69128,240,2
416835,240,2
65479,240,2
71608,251,2
64797,240,2
61899,240,2
74257,250,2
67190,240,2
61247,240,2
66365,240,2
68133,240,2
72107,240,2
477260,240,2
66899,240,2
427295,256,2
74190,254,2
62153,240,2
64498,240,2
64740,240,2
68833,240,2
424527,282,2
61973,240,2
62405,240,2
61276,240,2
73318,279,2
61865,245,2
67662,240,2
69072,370,2
70744,240,2
60389,240,2
68931,240,2
70887,240,2
62678,262,2
482756,240,2
72180,240,2
69651,240,2
415850,433,2
69730,240,2
69025,240,2
73590,240,2
483450,240,2
61662,240,2
415026,240,2
65184,240,2
63683,283,2
68834,240,2
477476,240,2
64093,240,2
63006,240,2
68988,263,2
492180,240,2
61668,240,2
60011,240,2
70190,250,2
71670,281,6
61102,263,2
69521,240,2
73822,240,2
479959,240,2
73905,245,2
69501,264,2
60457,240,2
71232,132,2
69794,240,2
483874,240,2
67596,240,2
60970,240,2
461884,424,2
72837,240,2
414332,240,2
70323,261,2
69120,240,2
68782,240,2
412708,240,2
60643,240,2
69302,240,2
59656,363,2
423225,254,2
62665,349,2
482847,240,2
70708,240,2
61657,240,2
66236,240,2
70213,319,2
61524,240,2
71804,240,2
69383,266,2
65864,240,2
59738,242,2
63656,240,2
73714,276,2
66337,240,2
67064,240,2
62916,240,2
476957,250,2
473405,240,2
68116,243,2
416061,240,2
74223,240,2
69175,406,2
69601,258,2
73569,240,2
70753,240,2
64943,240,2
62612,424,2
68635,240,2
62239,252,2
414744,240,2
69005,240,2
60475,240,2
63179,240,2
66014,244,2
70886,476,6
64335,240,2
70115,240,2
72781,240,2
65105,240,6
70758,297,2
66567,268,6
60989,240,2
65764,474,2
63842,305,2
62666,240,2
73711,274,2
68167,240,6
62450,240,2
64444,270,2
61023,280,2
60512,302,2
65267,240,2
68820,240,2
70472,240,2
483624,240,2
72915,240,2
482561,240,2
70973,255,2
70012,312,6
415199,244,2
64612,240,2
67611,240,2
62944,240,2
65191,240,2
64587,240,2
68163,240,2
68576,317,2
60201,240,2
61441,277,2
71890,240,2
67609,240,2
66024,240,2
69910,240,2
69209,324,2
70457,240,2
425895,277,2
72875,240,2
427797,240,2
69187,240,2
67776,240,2
72610,240,2
65178,240,2
67070,240,2
68354,284,2
60880,240,2
65806,303,2
70202,240,2
65899,240,2
59395,240,2
73864,240,2
68264,240,2
70541,258,2
68586,269,2
68270,240,2
485550,269,2
66458,240,2
73368,267,2
65037,240,2
67119,263,2
64541,241,2
64606,240,2
71404,240,2
62116,240,2
65677,240,2
65744,240,2
62048,240,2
67589,240,2
61170,240,2
64962,240,2
69858,240,2
61374,240,2
482705,240,2
65799,240,2
60141,291,2
59983,240,2
61971,240,2
66839,251,2
70889,312,2
68398,240,2
59760,240,2
66991,240,2
62445,289,2
72412,240,2
63567,240,2
68458,242,2
66773,240,2
70893,296,2
69162,384,2
65080,240,2
73459,240,2
59856,240,2
62579,246,2
426104,240,2
70617,247,2
65454,240,2
69006,240,2
62700,240,2
70536,245,2
72535,240,2
485885,240,2
68899,240,2
74240,240,2
62938,240,2
63348,240,2
71317,253,2
72761,240,2
66948,263,2
62958,267,2
69339,240,2
65390,240,2
66026,270,2
63530,240,2
72427,248,2
65336,240,2
63833,240,2
67118,240,2
72836,240,2
483240,283,6
478350,240,2
420171,240,2
461843,240,2
64007,240,2
423055,240,2
415614,240,2
61243,240,2
71174,396,2
63725,341,2
67039,240,2
485712,240,2
62018,240,2
72334,273,2
485843,240,2
73794,131,2
60466,240,2
64931,425,2
68556,240,2
62220,240,2
63210,240,2
65319,240,2
62070,242,2
69754,252,6
61966,240,2
66902,240,2
72716,240,2
74225,324,2
65369,240,2
63689,240,2
63616,240,2
69108,240,2
64784,240,2
64730,240,2
68742,240,2
62651,240,2
66377,314,2
65558,240,2
68225,240,2
60605,240,2
70495,379,2
72541,274,2
74285,293,2
73708,327,6
60521,240,2
59709,240,2
69788,240,2
67813,241,2
72793,241,2
423496,240,2
72315,250,2
73230,260,2
61675,240,2
68799,240,2
421852,240,2
59405,240,2
478845,240,2
66101,240,2
65341,240,2
65450,268,2
70399,240,2
420953,313,2
68673,240,2
66681,240,2
70192,240,2
69711,240,2
60763,240,2
63291,240,2
64068,240,2
63242,240,2
70233,240,2
478355,240,2
69590,298,2
66480,240,2
61364,240,2
64264,240,2
60253,240,2
70569,382,6
61817,240,2
419184,240,2
68138,240,2
473194,271,6
68822,240,2
60477,240,2
60592,279,2
62735,240,2
64811,432,6
61963,240,2
61694,240,2
62957,240,2
66224,240,2
71208,240,2
482759,282,2
73467,240,2
61732,395,2
68128,240,2
462770,240,2
481094,240,2
67803,240,2
64513,240,2
61848,240,2
62569,298,2
62017,255,2
69372,240,2
66462,240,2
65374,240,2
66766,240,2
62951,400,2
61762,240,2
73510,240,2
73255,240,2
62934,240,2
69541,240,2
66495,240,2
70822,270,2
61526,258,2
70521,240,2
61747,240,2
68526,240,2
61479,240,2
482604,240,2
61047,240,2
65935,240,2
71628,240,2
69801,240,2
71481,240,2
65285,240,2
482703,240,2
64787,240,2
67337,358,2
67228,240,2
59952,240,2
412732,254,2
64027,240,2
63521,240,2
69264,240,2
69244,240,2
423912,240,2
69064,247,6
65792,240,2
64215,271,2
74198,380,2
419650,140,2
71659,240,2
68243,240,2
414356,240,2
69708,240,2
426955,300,2
61136,240,2
71680,294,2
69069,240,2
73083,240,2
485314,260,2
61233,240,2
67186,336,2
69663,261,2
426930,240,2
68929,240,2
67503,240,2
65469,299,2
492624,240,2
63737,240,2
413153,295,2
62423,240,2
73529,240,2
68443,240,2
64153,240,2
68358,240,2
61287,240,2
69451,240,2
73060,240,2
60565,240,2
61974,240,2
61158,240,2
70088,260,2
480662,503,2
65138,240,2
426846,240,2
67732,240,2
73259,240,2
62213,240,2
66316,353,2
60870,240,2
64965,240,2
65712,240,2
62590,240,2
65081,240,2
74195,240,2
63933,272,2
68958,240,2
62674,240,2
67918,240,2
61209,240,2
63334,240,2
71215,240,2
483590,240,2
493501,240,2
70813,240,2
64861,240,2
64337,268,2
73723,240,2
60967,240,2
485321,240,2
60301,298,2
64223,240,6
62433,240,2
62790,240,2
69012,248,2
64849,261,2
68804,240,2
66246,240,2
70500,240,2
74134,240,2
424789,240,2
65742,240,2
72680,255,2
65743,240,2
70126,240,2
66631,240,2
423704,240,2
66041,240,2
64869,244,2
61564,240,2
62489,240,2
62887,240,2
72981,240,2
68279,240,2
70162,404,2
416377,240,2
71824,134,2
63734,268,2
64016,308,2
59552,240,2
73177,240,2
412432,240,2
59937,240,2
60911,240,2
73427,240,2
69902,269,2
67891,240,2
61157,240,2
67940,240,2
66947,240,2
73621,133,2
68852,240,2
63714,240,2
61370,240,2
427730,240,2
62708,302,2
68536,240,2
479932,283,2
61208,240,2
72617,287,2
60518,240,2
64646,240,2
63587,275,2
482862,240,2
70764,342,2
74267,240,2
72462,240,2
487151,240,2
73972,240,2
62770,240,2
61115,240,2
66464,240,2
66456,317,2
60611,284,2
68765,240,2
65588,240,2
64041,276,6
63094,240,2
66590,240,2
70722,316,12
60819,263,2
63893,367,2
73495,240,2
71994,240,2
423172,240,2
415585,240,2
482566,272,2
62615,271,2
66186,240,2
64346,240,2
63726,240,2
68387,240,2
68721,240,2
61383,240,2
494529,240,2
65039,240,2
68046,240,2
68000,240,2
65434,240,2
63083,240,2
73712,277,6
60157,240,2
73421,240,2
70239,355,2
63107,240,2
67390,240,2
72290,240,2
69587,256,2
424825,240,2
72141,251,2
66540,240,2
65686,240,2
72087,240,2
63146,306,2
61691,240,2
73627,525,2
479097,240,2
473293,242,2
480562,257,2
73923,279,12
481464,240,2
64789,306,6
65847,324,6
66909,240,2
65142,240,2
65439,251,2
62980,240,2
66030,240,2
62936,240,2
62775,247,2
482351,240,2
65397,240,2
63155,240,2
70558,256,2
69401,240,2
73187,272,2
68272,240,2
59813,240,2
63669,334,2
64323,240,2
71846,240,2
62381,240,2
66883,261,2
70957,250,2
63903,240,2
68122,240,2
60078,240,2
70963,240,2
64002,240,2
463475,249,2
62806,240,2
70796,240,2
70715,240,2
60238,240,2
73563,240,2
65646,306,2
61024,240,2
74108,240,2
61195,240,2
69608,261,2
67196,370,2
66724,240,2
60199,240,2
64378,324,2
68605,240,2
70107,240,2
70903,290,2
72816,240,2
69194,240,2
71549,240,2
60268,240,2
68207,240,2
61893,255,2
63882,240,2
63595,240,2
68086,240,2
74236,240,2
61234,240,2
66248,240,2
66096,255,2
67838,240,2
67203,240,2
415299,240,2
61222,322,2
66697,363,2
61165,240,2
415161,240,2
72683,310,2
70245,251,2
72338,319,2
67300,240,2
63994,240,2
482775,240,2
67515,252,2
71134,240,2
64733,240,2
71312,240,2
62284,240,2
421932,291,2
65366,253,2
67399,240,2
65606,291,2
67310,240,2
74228,240,2
64754,263,2
65179,240,2
60876,269,2
72040,240,2
67189,248,2
60117,246,2
71825,240,2
72212,426,2
479102,240,2
73238,341,2
69269,240,2
72717,271,2
64509,286,2
64695,240,2
60914,240,2
60000,240,2
61054,240,2
69059,240,2
68327,264,2
71644,240,2
66596,240,2
65230,240,2
70633,240,2
73995,252,2
64959,240,2
61582,240,2
62803,240,2
65241,240,2
61360,240,2
63468,250,2
60270,240,2
60327,240,2
420742,240,2
73418,240,2
72495,240,2
71028,282,2
65559,240,2
59489,240,2
63464,240,2
64557,270,2
67844,286,2
68919,240,2
59604,240,2
73081,262,2
61945,240,2
63798,240,2
70317,498,6
72664,240,2
493232,240,2
63983,240,2
73686,401,2
69948,310,2
61547,240,2
66412,240,2
67276,240,2
64347,267,2
61779,240,2
64119,240,2
70050,240,2
73975,240,2
63481,240,2
61930,240,2
63805,240,2
474351,250,6
72733,259,2
73900,300,2
68770,240,2
65967,240,2
66657,240,2
64216,321,2
72638,240,2
67528,240,2
424125,240,2
72811,240,2
67136,240,2
61081,240,2
60641,319,2
66432,240,6
62309,240,2
66997,295,2
415634,260,2
74315,240,2
69748,240,2
68194,240,2
61726,240,2
71678,261,2
62682,240,2
62033,266,2
72247,240,2
65907,240,2
64005,240,2
59788,242,2
68143,240,2
68330,240,2
64453,240,2
61142,240,2
73576,240,2
72766,240,2
62788,240,2
63708,240,2
424296,389,2
67688,327,2
72295,240,2
59585,240,2
71843,297,2
72272,254,2
482825,263,2
71784,240,2
70629,354,2
61535,240,2
73050,240,2
64939,240,2
69149,240,2
69547,240,2
66889,240,2
72551,240,2
61571,240,2
60875,289,2
73374,240,2
67374,240,2
66475,240,2
63324,240,2
61857,240,2
480008,240,2
70364,240,2
70334,240,2
66444,240,2
481037,242,2
71451,313,2
69076,240,2
72075,240,2
63928,240,2
61232,244,2
68042,320,2
62461,240,2
61773,240,2
478480,240,2
412096,240,2
62793,240,2
421434,240,2
69566,240,2
73837,247,2
69344,298,2
72172,240,2
65121,262,2
478521,240,2
61121,240,2
70136,253,2
461920,240,2
66249,265,2
60841,240,2
72280,240,2
65963,240,2
59617,297,2
62271,240,2
60441,243,2
66237,240,2
69237,365,2
73347,240,2
63120,244,2
64302,240,2
62766,341,2
70551,277,2
73351,313,2
60464,240,2
60954,240,2
62926,318,2
72742,240,2
66366,240,2
61632,268,2
72351,247,2
70570,299,2
61758,265,2
67641,245,2
71559,240,2
59808,240,2
68296,240,2
64621,240,2
62312,240,2
60883,240,2
60085,240,2
411489,376,2
66943,240,2
73501,240,2
483241,285,2
59996,240,2
73188,254,2
61901,240,2
491703,290,2
74025,360,2
64300,240,2
63987,240,2
62170,240,2
71078,290,2
63104,325,2
73646,478,2
61487,240,2
71738,263,2
62928,240,2
66949,240,2
68685,240,2
493476,240,2
61229,240,2
59517,240,2
476961,240,2
73117,240,2
422726,240,2
61021,240,2
411373,399,2
64742,478,2
70806,255,2
68814,240,2
65410,240,2
65372,252,2
61481,240,2
73101,240,2
61045,240,2
60056,240,2
72553,129,2
72599,240,2
61375,240,2
67582,240,2
72818,257,2
72364,131,2
69397,240,2
68298,240,2
70434,420,2
69191,240,2
71566,284,2
65258,240,2
415581,240,2
59708,240,2
59540,240,2
59411,240,2
423038,240,2
68487,240,2
70128,362,2
61134,240,2
73009,302,2
68147,240,2
63790,240,2
66187,240,2
73542,240,2
62639,240,2
61578,240,2
63251,291,2
70952,240,2
68800,240,2
61517,275,2
70298,240,2
61521,240,2
73153,240,2
420235,240,2
71535,278,2
72817,321,2
67329,240,2
71672,240,2
66680,245,2
69997,353,2
60263,240,2
65944,240,2
479063,402,2
419148,334,2
73198,435,2
65220,252,2
63853,240,2
63403,240,2
64728,240,2
62243,240,2
64558,254,2
69990,278,6
61669,240,2
65034,240,2
61583,240,2
65500,337,2
71114,240,2
72406,240,2
62681,240,2
64517,240,2
63436,240,2
65561,344,2
64096,240,2
72015,287,2
60973,240,2
67346,240,2
62010,240,2
67986,240,2
478901,263,2
480557,240,2
72807,240,2
73355,287,2
62582,319,2
69086,240,2
67084,240,2
68602,240,2
66781,240,2
61808,249,2
463493,308,2
65526,240,2
64162,240,2
61600,240,2
73933,240,2
420997,240,2
424928,257,2
60978,240,2
65086,240,2
463950,306,2
62407,240,2
70841,240,2
60904,240,2
71445,275,2
61799,240,2
62500,319,2
73527,313,2
70442,421,2
73344,260,2
59412,240,2
61873,240,2
65664,241,2
65394,240,2
69092,240,2
420351,334,2
67192,240,2
72163,240,2
70935,240,2
60891,240,2
65406,240,2
72536,240,2
62419,240,2
66929,240,2
64978,240,2
65149,250,2
63762,240,2
65697,251,2
60355,240,2
66904,240,2
66984,240,2
64892,240,2
60259,240,2
68294,240,2
70632,313,2
72729,254,2
69770,240,2
63702,240,2
65650,240,2
66676,240,2
64631,251,2
496894,240,2
62948,240,2
69342,240,2
485794,240,2
491425,240,2
62313,240,2
71211,240,2
73954,240,2
71183,240,2
63861,240,2
68451,240,2
65094,240,2
60572,240,2
69947,240,2
70204,240,2
65861,240,2
71937,240,2
69557,240,2
494519,240,2
63938,240,2
63558,240,2
63128,240,2
65519,240,2
65102,240,2
60166,240,2
71795,131,2
61739,240,2
64662,240,2
61011,289,2
70123,240,2
67680,240,2
63756,267,2
61086,240,2
59513,253,2
69510,240,2
63476,240,2
70114,240,2
64372,240,2
71753,240,2
477545,247,2
63934,247,2
63969,249,2
62583,240,2
61508,241,2
63068,240,2
60474,240,2
65676,240,2
486693,240,2
67547,240,2
61087,240,2
72769,255,2
73248,240,2
481081,240,2
59571,240,2
65180,240,2
65655,273,2
72907,240,2
73159,262,2
462311,240,2
61674,254,2
66844,240,2
482804,240,2
72944,240,2
463377,245,2
68923,312,2
418842,240,2
65087,240,2
66712,264,2
71833,240,2
69166,240,2
64765,240,2
63797,240,2
71717,240,2
482363,240,2
71879,240,2
63775,240,2
61659,240,2
63665,240,2
73031,240,2
65055,240,2
71814,240,2
59629,240,2
65183,240,2
73533,280,2
65624,307,2
62318,240,2
72867,240,2
63103,240,2
62654,240,2
63355,282,2
483696,240,2
73295,240,2
412694,282,2
62709,240,2
497021,240,2
64136,242,2
69258,240,2
59750,240,2
73475,294,2
62865,240,2
61990,240,2
66768,240,2
68364,291,2
63600,245,2
70402,279,2
60220,240,2
72603,263,2
71002,240,2
483405,240,2
63504,240,2
60363,291,2
65373,240,2
60402,240,2
70392,250,2
474317,240,2
65838,240,2
67673,240,2
63685,296,2
72904,240,2
66669,240,2
61718,240,2
60118,240,2
67632,240,2
62607,262,2
64859,240,2
70398,240,2
416736,291,2
63817,240,2
69706,240,2
70866,240,2
61995,240,2
61228,255,2
70783,278,2
70232,246,2
68811,240,2
72253,243,2
478720,240,2
64908,240,2
71788,240,2
72529,245,2
61455,240,2
66511,240,2
59644,240,2
493045,240,2
415335,240,2
63149,244,2
68549,240,2
69131,240,2
419849,240,2
66227,240,2
73851,262,2
68476,288,2
69262,240,2
66435,240,2
485922,240,2
62740,240,2
70308,240,2
65896,338,2
63351,240,2
491564,360,2
60342,240,2
59889,240,2
61119,298,2
63215,298,2
425901,278,2
70093,240,2
66301,240,2
68573,240,2
64699,362,2
64359,240,2
65623,240,2
63937,240,2
62322,240,2
68702,240,2
65187,240,2
60960,264,2
493231,240,2
496641,240,2
70529,240,2
71766,273,2
73591,318,2
62506,240,2
61887,240,2
411650,240,2
59680,240,2
71618,313,2
485544,240,2
61507,240,2
69825,240,2
69097,240,2
67872,240,2
62657,240,2
68357,240,2
67282,240,2
66636,240,2
73285,240,2
63341,240,2
63236,240,2
67744,240,2
66863,240,2
61969,280,2
70693,315,2
483629,287,2
73465,240,2
73567,258,2
63036,300,2
61856,276,2
73252,240,2
71172,240,2
64170,240,2
64187,240,2
65206,240,2
72354,382,2
420402,240,2
61568,270,2
415505,240,2
59599,240,2
60795,240,2
68353,243,2
59596,240,2
61049,240,2
59415,240,2
74033,259,2
67626,240,2
67202,240,2
61377,240,2
424824,321,2
62375,240,2
415641,258,2
67705,240,2
65009,240,2
65210,244,2
73359,256,2
64046,240,2
419897,297,2
63754,240,2
68896,240,2
424596,240,2
70516,240,2
61013,240,2
70324,258,2
70197,240,2
67895,240,2
68142,296,2
463415,248,2
60921,240,2
496897,240,2
66820,250,2
73759,240,2
70943,403,2
72195,240,2
69211,240,2
69686,240,2
477931,240,2
73732,240,2
70733,267,2
68839,240,2
66319,240,2
419089,240,2
63591,240,2
68912,240,2
71696,296,2
73789,240,2
66330,240,2
72336,273,2
479184,240,2
66442,250,2
63554,240,2
71040,292,2
419969,240,2
68850,240,2
66032,240,2
427474,240,2
69805,240,2
64230,240,2
60462,240,2
64487,240,2
68512,240,2
492983,240,2
72442,240,2
62810,256,2
59547,310,2
72862,240,2
73595,134,2
477561,240,2
62207,240,2
68438,285,2
69250,240,2
413213,240,2
63126,240,2
60083,266,2
67097,240,2
67537,256,2
72951,240,2
415131,240,2
66228,240,2
69231,240,2
72821,283,2
73940,240,2
69412,240,2
64244,240,2
65002,240,2
70058,256,2
60224,270,2
65924,240,2
66969,244,2
62117,259,2
72762,240,2
63972,240,2
63027,240,2
71759,305,2
66429,240,2
74247,240,2
64003,240,2
62992,240,2
63032,240,2
62846,240,2
72611,240,2
61272,240,2
69733,240,2
60326,252,2
64970,331,2
68332,240,2
66229,240,2
71441,240,2
496642,240,2
421297,240,2
67449,240,2
71857,240,2
68498,294,2
462215,240,2
68417,240,2
62868,292,2
65879,272,2
482697,250,2
66828,240,2
70798,264,2
73560,240,2
68618,240,2
70072,240,2
72361,240,2
72690,240,2
64680,240,2
61824,240,2
60940,240,2
68679,276,2
69996,240,2
69230,240,2
491424,240,2
65591,240,2
424078,240,2
69574,240,2
482831,243,2
67182,240,2
60741,240,2
60509,240,2
62997,240,2
59817,272,2
71433,240,2
73756,240,2
64086,240,2
72378,132,2
72525,240,2
68524,253,2
68464,240,2
71181,240,2
60671,240,2
69847,240,2
60195,240,2
59595,240,2
63205,240,2
68269,240,2
61014,309,2
66253,240,2
64633,240,2
66476,298,2
60391,240,2
61918,350,2
60413,240,2
482355,240,2
72133,240,2
72993,240,2
60780,240,2
65690,240,2
64253,240,2
62632,241,2
62600,240,2
64951,240,2
65284,240,2
64398,240,2
73077,240,2
427818,240,2
74139,273,2
69599,240,2
72779,243,2
71578,383,2
61530,305,2
73835,240,2
65929,240,2
70037,240,2
72436,240,2
63453,240,2
74283,252,2
73451,240,2
73936,263,2
71163,240,2
67853,240,2
66791,311,2
68360,242,2
72420,240,2
68466,240,2
426572,240,2
64508,240,2
70451,404,2
60713,240,2
67348,240,2
65786,240,2
71012,277,2
463369,240,2
485784,240,2
61166,240,2
70345,240,2
64269,240,2
65680,240,6
462515,247,2
59700,240,2
61776,304,2
73395,285,2
417682,240,2
60528,240,2
71502,240,2
66105,240,2
61079,240,2
63824,240,2
69507,240,2
73016,240,2
72042,307,2
494449,240,2
73485,240,2
65529,256,2
63332,240,2
72143,240,2
418861,240,2
427810,249,2
60610,240,2
490540,240,2
65122,242,2
60737,240,2
68864,295,2
67893,244,2
68669,240,2
68952,313,2
73667,132,2
69895,240,2
70403,240,2
60889,240,2
67232,240,2
63323,244,2
68261,256,2
62910,240,2
63477,240,2
63446,240,2
71690,247,2
423709,240,2
61039,240,2
66555,240,2
63557,240,2
60028,395,2
68761,296,2
63353,240,2
69346,240,2
61277,240,2
70243,245,2
60297,240,2
61445,240,2
72562,240,2
59956,240,2
67347,240,2
482706,240,2
480747,240,2
72621,562,2
66956,240,2
71869,240,2
72363,240,2
60858,284,2
474398,240,2
70944,240,2
72660,240,2
61072,240,2
59397,240,2
463625,240,2
59452,240,2
62406,240,2
60256,240,2
65129,240,2
61678,240,2
62514,240,2
70576,248,2
64380,240,2
69560,313,2
69649,240,2
73453,240,2
61403,240,2
70418,240,2
425773,240,2
68092,243,2
69657,240,2
66787,381,2
65658,240,2
60869,240,2
72799,240,2
68949,240,2
73352,240,2
62396,256,2
482826,240,2
59783,240,2
426958,240,2
67822,240,2
63434,240,2
65503,240,2
66119,240,2
67765,240,2
72410,240,2
427178,262,2
412565,240,2
60588,240,2
70831,240,2
63779,302,2
61463,240,2
69927,240,2
64025,373,2
71737,240,2
67034,240,2
65983,240,2
72394,240,2
480842,240,2
71952,240,2
65927,245,2
65601,240,2
68509,331,2
69436,241,2
59967,240,2
66327,240,2
64683,240,2
72916,240,2
71576,134,2
64973,319,2
64225,240,2
74303,240,2
66772,240,2
62047,240,2
68378,280,2
68917,240,2
64370,240,2
72984,240,2
68600,240,2
493489,240,2
73551,291,2
70231,240,2
66092,240,2
63930,261,2
64685,263,2
68932,240,2
415236,293,2
65200,240,2
64992,445,2
73538,257,2
59943,240,2
62519,240,2
63697,240,2
68072,240,2
66077,240,2
73176,241,2
61925,240,2
70078,240,2
63064,240,2
68130,240,2
60040,245,2
68824,240,2
426369,240,2
64299,240,2
72609,274,2
65018,304,2
70083,261,2
419636,240,2
61425,240,2
60957,240,2
474307,240,2
66309,240,2
420947,240,2
64365,240,2
65456,240,2
65147,240,2
61710,240,2
66136,240,2
66173,240,2
493021,240,2
71861,240,2
60748,240,2
68336,240,2
414341,240,2
72008,302,2
414898,274,2
60532,240,2
63014,240,2
62844,240,2
415545,240,2
463334,240,2
63680,240,2
493250,271,2
66207,240,2
61959,311,2
64464,240,2
73209,240,2
62217,240,2
65371,240,2
67154,240,2
65035,247,2
73431,240,2
425907,240,2
59787,241,2
72452,240,2
71849,240,2
66268,240,2
67917,432,2
69193,240,2
63741,280,2
71279,285,2
60936,240,2
72972,240,2
67930,263,2
477489,271,2
65771,240,2
425796,240,2
67821,240,2
62135,240,2
483468,240,2
60885,240,2
414686,240,2
67063,240,2
68813,240,2
62435,240,2
478494,316,2
60027,240,2
66357,240,2
63456,240,2
66633,308,2
68941,293,2
72088,240,2
61161,240,2
67660,240,2
59623,240,2
419201,240,2
488626,252,2
66562,240,6
63147,240,2
65574,269,2
495456,240,2
65598,240,2
412712,240,2
61677,240,2
72444,246,2
71524,266,2
62896,250,2
66201,240,2
72955,240,2
424879,240,2
413472,240,2
65997,357,2
70795,242,2
66450,240,2
60234,240,2
61164,249,2
463436,240,2
491907,240,2
64902,273,2
482853,240,2
59827,240,2
66274,240,2
72051,318,2
60124,484,2
74096,240,2
415215,240,2
69767,240,2
64469,240,2
72468,242,2
66169,332,2
479834,240,2
74193,240,2
478407,240,2
64625,240,2
74224,240,2
65726,240,2
73804,240,2
70085,240,2
63867,240,2
69285,240,2
63815,275,2
65345,240,2
73290,240,2
67814,240,2
65853,240,2
61610,240,2
59570,248,2
67699,240,2
71617,240,2
73155,240,2
73565,326,2
63419,240,2
64103,240,2
72229,313,2
73575,240,2
65670,240,2
60206,240,2
61336,240,2
65831,240,2
61010,240,2
66880,250,2
64888,240,2
74188,285,2
68236,240,2
65047,240,2
68858,249,2
486689,380,2
71038,240,2
491380,314,2
72923,240,2
462649,240,2
417882,252,2
64058,240,2
67674,240,2
61655,240,2
73966,240,2
417070,240,2
66674,240,2
427097,240,2
69729,132,2
65144,240,2
65968,240,2
61619,279,2
66972,247,2
73104,240,2
67181,240,2
60603,240,2
425994,240,2
424153,240,2
64898,259,2
69130,240,2
67562,274,2
71529,240,2
62431,240,2
70905,240,2
61473,240,2
68933,240,2
61097,240,2
69672,240,2
70433,240,2
463383,240,2
72667,288,2
425800,240,2
68021,240,2
70731,303,2
71605,240,2
415625,263,2
491302,240,2
59804,240,2
492106,240,2
65452,258,2
59727,249,2
63525,240,2
71259,240,2
65006,240,2
71829,240,2
68121,240,2
65409,289,2
69834,240,2
67483,240,2
66197,240,2
66170,240,2
477676,240,2
426762,240,2
64855,240,2
70778,240,2
61008,240,2
64894,240,2
65662,240,2
64314,240,2
70274,240,2
68369,240,2
65833,240,2
421424,240,2
483242,299,2
65756,240,2
60063,240,2
62258,240,2
60700,240,2
70812,275,2
64079,240,2
69563,249,2
425930,240,2
463577,240,2
64895,240,2
59837,240,2
73175,240,2
62823,268,2
62252,240,2
495725,240,2
66974,327,2
425106,240,2
65652,259,2
70728,240,2
66941,241,2
425132,240,2
483603,240,2
65154,344,2
60540,240,2
69784,240,2
68193,242,2
71646,240,2
70581,240,2
65550,376,2
72967,240,2
65056,240,2
61248,304,2
420300,240,2
64771,303,2
478110,240,2
72561,240,2
70015,240,2
70141,258,2
60632,240,2
73408,267,2
66980,240,2
464035,261,2
72239,240,2
63207,240,2
65383,258,2
63090,255,2
63766,240,2
67561,240,2
68725,285,2
69268,240,2
72602,240,2
62503,240,2
67579,240,2
62370,240,2
66757,240,2
71976,240,2
60037,240,2
65990,240,2
64585,240,2
64117,240,2
424727,240,2
64874,240,2
62586,240,2
73517,240,2
73882,240,2
68738,240,2
69107,306,2
66113,263,2
60009,240,2
477620,240,2
68555,240,2
60277,240,2
479940,240,2
66559,240,2
62094,240,2
65278,240,2
419836,240,2
62744,240,2
63654,308,2
68139,240,2
63245,300,2
71560,254,2
65775,240,2
423617,240,2
71975,276,2
64838,312,2
68957,322,2
64050,240,2
63803,240,2
66821,269,2
60969,240,2
479080,240,2
70174,240,2
69906,476,6
63250,240,2
71793,240,2
69243,240,2
68802,310,2
63943,240,2
63004,267,2
65889,240,2
62801,240,2
66018,240,2
480607,240,2
67739,240,2
491706,321,2
64428,279,2
69416,251,2
71041,129,2
67099,240,2
73570,240,2
62161,240,2
64708,291,2
61825,240,2
67843,240,2
72548,240,2
74316,240,2
66796,240,2
60570,240,2
73249,412,2
71598,299,2
63110,240,2
427192,240,2
62587,240,2
482352,240,2
68260,240,2
73241,242,2
491419,240,2
72422,240,2
69650,240,2
65162,240,2
61206,240,2
72748,240,2
62911,240,2
68473,240,2
62805,240,2
420234,240,2
427235,318,2
68029,240,2
72747,282,2
61878,240,2
482350,248,2
71187,240,2
67819,240,2
68093,240,2
64794,240,2
65083,240,2
67640,240,2
69859,240,2
427552,240,2
65465,240,2
73076,335,2
62620,281,2
73801,133,2
66507,240,2
63486,240,2
427560,240,2
68614,259,2
61811,263,2
62621,243,2
60801,240,2
70580,240,2
425731,240,2
68119,240,2
63389,240,2
59428,240,2
60295,240,2
71103,514,2
69634,240,2
71593,364,2
68806,262,2
67404,243,2
65092,292,2
72587,240,2
62671,240,2
62693,250,2
68538,258,2
63491,240,2
63322,263,2
68661,240,2
478358,240,2
68276,240,2
69602,250,2
61472,240,2
63537,240,2
65268,240,2
66877,259,2
69900,275,2
64955,240,2
65127,246,2
61400,240,2
69530,240,2
71025,265,2
60289,290,2
491454,257,2
67291,240,2
483397,240,2
62553,240,2
67892,240,2
61544,240,2
72505,297,2
63442,240,2
62842,240,2
70468,240,2
72398,311,2
72978,318,2
67364,240,2
64107,380,2
65638,252,2
68506,289,2
69241,240,2
65491,240,2
69288,277,2
72962,240,2
69618,240,2
63588,240,2
61656,240,2
419197,240,2
60173,240,2
68911,240,2
68639,257,2
70734,252,2
72883,240,2
60451,240,2
74234,240,2
62551,274,2
60918,240,2
66469,240,2
65625,240,2
62723,331,2
65859,300,2
60835,240,2
66346,240,2
67269,240,2
60796,240,2
64293,240,2
60562,240,2
60703,240,2
61129,240,2
73556,240,2
62413,241,2
64418,240,2
62755,240,2
479956,363,2
488480,240,2
71633,240,2
61996,240,2
71069,274,2
66008,240,2
69348,240,2
63512,241,2
412676,240,2
68081,240,2
63879,270,2
63399,242,2
69734,240,2
72559,240,2
65611,258,2
61947,240,2
67530,240,2
71303,319,2
70845,133,2
60101,240,2
64842,240,2
64460,240,2
70641,240,2
426380,240,2
59863,240,2
66912,240,2
73613,131,2
65400,240,2
70424,240,2
71768,240,2
66876,306,2
63539,335,2
64994,240,2
72219,247,2
61611,240,2
66586,240,2
482859,240,2
73448,325,6
491798,240,2
69586,240,2
70509,438,2
486998,171,2
68098,259,2
64812,240,2
63243,240,2
62338,240,2
71341,240,2
485778,240,2
59610,240,2
493992,260,2
493456,258,2
67851,240,2
62374,240,2
67881,240,2
462755,240,2
60002,257,2
68246,240,2
70526,240,2
61888,241,2
73628,253,2
64915,240,2
63874,240,2
62256,240,2
67618,240,2
74090,240,2
492871,240,2
420959,276,2
64690,240,2
461880,240,2
60377,240,2
63841,240,2
61741,240,2
66288,240,2
59537,240,2
424392,240,2
68134,245,2
71981,240,2
63607,240,2
62643,240,2
72893,240,2
71141,388,2
64010,240,2
68819,240,2
412699,253,2
68531,243,2
70599,240,2
63164,323,2
73488,339,2
69502,285,2
65708,240,2
73275,240,2
70117,240,2
65402,307,2
64947,240,2
67799,240,2
62520,240,2
68165,246,2
68435,240,2
73191,240,2
63755,240,2
62214,240,2
423878,240,2
69110,240,2
70773,240,2
67166,240,2
73683,240,2
64338,380,2
64078,240,2
67868,240,2
71675,240,2
63402,240,2
65198,295,2
69147,240,2
60792,271,2
64865,240,2
417701,255,2
67548,379,2
68520,240,2
67173,240,2
420729,240,2
477962,240,2
61609,240,2
73151,240,2
63439,261,2
68665,240,2
65041,240,2
61724,240,2
72488,247,2
61436,240,2
72121,352,2
62409,264,2
72377,267,2
62776,240,2
69247,255,2
481056,240,2
474219,240,2
72072,240,2
64624,240,2
63218,240,2
67694,240,2
60581,325,2
480259,240,2
491912,240,2
59515,240,2
63293,250,2
70650,276,2
66165,240,2
490754,269,2
72802,285,2
413545,240,2
70388,240,2
424098,240,2
70070,255,2
59563,261,2
72964,240,2
65508,240,2
480002,240,2
74066,240,2
60134,240,2
73024,260,2
63019,247,2
69337,240,2
68083,240,2
68433,328,2
59488,240,2
73183,244,2
61457,240,2
427291,240,2
74109,240,2
63398,240,2
485516,240,2
59925,313,2
66298,240,2
72409,240,2
424781,240,2
59868,240,2
70677,240,2
426111,240,2
66071,240,2
67235,240,2
69105,240,2
59902,240,2
64000,240,2
72221,240,2
62114,240,2
61077,240,2
68786,240,2
64698,240,2
68007,240,2
477557,241,2
63644,240,2
68400,240,2
73047,240,2
60054,260,2
66879,280,2
65499,240,2
63961,240,2
65955,240,2
63420,240,2
65340,240,2
62200,240,2
488406,240,2
63098,240,2
62087,257,2
63894,300,2
64932,240,2
73863,622,2
73516,274,2
412662,240,2
415240,240,2
64930,240,2
72162,270,2
63026,240,2
412740,240,2
66367,262,2
60752,240,2
63749,240,2
61478,240,2
73526,258,2
483634,290,2
66600,240,2
66673,240,2
66809,240,2
71855,240,2
62518,240,2
63166,240,2
70241,257,2
71951,240,2
59741,275,2
73140,240,2
71036,242,2
60007,240,2
486959,128,2
72258,240,2
60636,240,2
70029,302,2
65730,240,2
70630,240,2
65779,240,2
74230,240,2
67811,240,2
62933,241,2
66900,240,2
69364,240,2
63470,240,2
60292,240,2
61413,240,2
69221,240,2
60047,240,2
68636,292,2
72150,240,2
59770,240,2
68235,240,2
66013,240,2
72703,284,2
59823,240,2
68794,240,2
65457,240,2
61542,240,2
64245,240,2
68831,240,2
416255,246,2
70958,304,2
69819,240,2
73039,240,2
63407,240,2
491616,240,2
69666,240,2
61437,298,2
63843,282,2
70651,240,2
68115,240,2
72265,262,2
60223,249,2
71769,256,2
62093,240,2
67994,240,2
63584,240,2
60584,240,2
71668,240,2
60754,286,2
68346,240,2
65070,240,2
61100,240,2
424836,240,2
68712,240,2
66414,240,2
62746,240,2
65346,254,2
63896,240,2
480003,311,2
67965,266,2
68148,240,2
496054,240,2
68611,266,2
73019,240,2
72506,240,2
64423,272,2
63085,240,2
64402,305,2
71875,268,2
62285,294,2
427085,240,2
62448,240,2
73379,309,2
477707,240,2
68925,319,2
72686,240,2
65946,253,2
68259,240,2
67060,240,2
64734,259,2
421055,240,2
68630,240,2
411641,240,2
416600,304,2
413312,240,2
63228,240,2
63924,388,2
60129,240,2
71660,321,2
72960,240,2
481078,240,2
62230,240,2
473026,240,2
70140,240,2
68003,240,2
71380,240,2
66626,240,2
411336,240,2
69207,240,2
63945,306,2
65325,240,2
65328,315,2
415638,286,2
71716,345,2
486692,323,2
62147,240,2
70111,240,2
62820,240,2
72942,240,2
65982,247,2
73938,279,2
63047,240,2
485901,240,2
64520,240,2
68778,240,2
59653,240,2
62226,240,2
63266,240,2
71399,299,2
70925,240,2
61780,240,2
65140,240,2
66180,240,2
70913,240,2
69688,280,2
65745,249,2
72687,273,2
492206,240,2
72153,240,2
62481,240,2
481055,240,2
66635,240,2
73701,298,2
462639,240,2
70621,240,2
461864,240,2
65242,240,2
422285,240,2
425792,246,2
67950,269,2
74093,240,2
60092,397,2
61853,262,2
63162,240,2
71745,240,2
65510,240,2
67062,240,2
65298,240,2
71074,240,2
72156,257,2
73522,257,2
66587,251,2
62152,240,2
69400,240,2
68008,240,2
69658,240,2
67299,240,2
59675,380,2
66564,264,2
70508,489,2
69519,240,2
71619,240,2
72399,240,2
71406,279,2
62945,248,2
73479,321,2
413613,240,2
65893,248,2
69728,240,2
59558,240,2
60704,240,2
61365,289,2
60067,240,2
70875,240,2
60164,240,2
482100,240,2
68559,243,2
60638,240,2
73729,240,2
69275,240,2
69646,240,2
65524,240,2
462751,240,2
66340,263,2
69908,240,2
65578,240,2
73949,240,2
59444,308,2
415643,240,2
61751,240,2
67780,240,2
73089,318,2
62477,240,2
72038,260,2
67423,240,2
62038,240,2
65012,240,2
68361,240,2
425109,240,2
63947,269,2
60368,240,2
72546,240,2
66189,240,2
487921,240,2
65880,240,2
61572,240,2
65874,240,2
422757,368,2
73257,241,2
73055,240,2
67439,240,2
478001,336,2
69475,242,2
411382,691,2
480639,240,2
71254,396,2
59715,240,2
60122,240,2
65537,240,2
68423,275,2
61596,240,2
63340,255,2
60331,240,2
63996,240,2
64169,269,2
61381,240,2
73528,240,2
69002,240,2
71863,240,2
420737,240,2
67517,271,2
62577,240,2
73240,240,2
66263,321,2
74137,240,2
70976,240,2
59521,240,2
72873,265,2
70742,240,2
63883,240,2
69709,292,2
70538,248,2
59539,240,2
70898,240,2
72630,262,2
480517,240,2
60845,240,2
64956,240,2
63232,240,2
73440,240,2
63347,240,2
62780,240,2
60613,240,2
69524,285,2
65401,240,2
65966,318,2
68131,240,2
63039,240,2
60266,240,2
488095,240,2
474399,240,2
69351,240,2
61870,243,2
60298,240,2
68146,240,2
65065,240,2
413760,240,2
496895,240,2
68584,240,2
420816,261,2
491693,240,2
66066,240,2
60254,240,2
66214,240,2
68727,240,2
463420,240,2
67666,240,2
63519,240,2
65543,241,2
63572,240,2
63592,240,2
59584,240,2
69132,240,2
415211,240,2
65748,252,2
420434,240,2
61676,240,2
64659,240,2
60906,240,2
74314,240,2
59867,240,2
60559,240,2
68740,240,2
72289,240,2
60395,240,2
66304,240,2
73947,240,2
488441,250,2
65599,280,2
63515,240,2
63213,240,2
66572,240,2
65329,240,2
421878,240,2
63638,240,2
63960,240,2
66660,250,2
417619,240,2
60337,245,2
73532,240,2
62858,240,2
67388,240,2
421970,240,2
482602,240,2
61641,240,2
66305,320,2
73037,240,2
478962,240,2
72175,240,2
64004,240,2
72712,240,2
61819,240,2
59602,240,2
65721,240,2
72578,314,2
68666,240,2
69641,240,2
73494,240,2
68970,240,2
62995,240,2
62487,274,2
71032,240,2
64331,240,2
67911,240,2
62185,240,2
61178,240,2
66254,240,2
72350,450,2
59974,259,2
64871,240,2
60746,240,2
67533,322,2
422826,240,2
63041,246,2
60507,343,2
65414,240,2
64243,277,2
62873,240,2
59496,240,2
68267,240,2
65909,240,2
63282,266,2
69146,240,2
59876,270,2
72859,294,2
66378,246,2
59853,240,2
72374,246,2
62724,269,2
59465,240,2
60762,240,2
73476,245,2
72154,240,2
73014,240,2
72679,242,2
67004,240,2
65648,240,2
462307,262,2
70820,240,2
482864,240,2
60470,341,2
61359,328,2
60449,240,2
65800,240,2
60191,240,2
69189,296,2
65255,240,2
68470,240,2
73513,240,2
71841,253,2
482795,278,2
492707,302,2
490530,240,2
66853,240,2
422239,240,2
64535,240,2
71587,240,2
479941,291,2
71955,240,2
491126,271,2
67493,240,2
491747,240,2
71990,240,2
65291,252,2
478714,240,2
66978,240,2
62118,240,2
65704,240,2
67156,240,2
64982,240,2
64580,245,2
60212,240,2
63263,279,2
69661,240,2
67745,240,2
62071,247,2
67464,240,2
62974,261,2
60019,240,2
65534,299,2
60980,279,2
63577,240,2
72650,240,2
64806,240,2
63374,240,2
70129,240,2
485915,240,2
73787,130,2
60726,240,2
64226,307,2
63611,246,2
