zdc,latitude,longitude
72977,48.78844382992812,2.5359685133713716
72975,48.78762271537658,2.5447830729610694
478348,48.72869026131951,2.266139387853967
478347,48.96558342918106,2.283986217933262
60539,48.63417253759853,2.0112778585170474
59984,48.57103314759818,2.4326412698821294
59985,48.57079210085153,1.9113280441999811
59987,48.57189828648986,2.17597526724027
59992,48.57210944734329,2.170115928754656
72981,48.78970975856298,2.5496514294535215
59991,48.57137812093558,2.449588067126989
60536,48.635780463881154,2.306549703361846
72982,48.78968081502941,2.5736352877551822
72984,48.78995106951461,2.529415592021843
60535,48.6365710327934,2.4732164252272266
60532,48.636271059868676,2.229732160187485
72986,48.79059579795806,2.507508286596922
60530,48.634262012531124,2.471801113601239
72979,48.78942294701296,2.5846899320683274
60529,48.635143861324096,2.064150319539044
60527,48.63447178498183,1.8184710481944197
59996,48.57253476461419,2.4546252632657164
59999,48.572636889033774,2.3587470444083434
60564,48.63809649329403,2.276259144813684
60566,48.63874527337303,2.4130075067928884
60567,48.63899812058122,2.3615984971098216
63096,48.70979467417787,2.4985183870569903
60561,48.63861217348722,2.437629401654773
63091,48.71025398405054,2.3913419843446344
63094,48.70932877251402,2.2974463496504955
63092,48.709568094808006,2.177283855956411
59920,48.56187786862333,2.213335557933669
63093,48.70989317776242,2.490981305246921
59925,48.5631801757559,2.431750472892596
59927,48.562349195008096,1.7898380439206016
60554,48.63672547715725,1.9541767151456424
60552,48.635899965036245,1.8287270468884385
60558,48.6381341008055,2.4204587820903263
60556,48.63677717194891,1.831944595359266
63085,48.708977769117965,2.172563449097467
60551,48.6377052828062,2.4266456701194214
60550,48.63483546036278,1.8234032680757275
63080,48.709216641513876,2.2683156026834204
63081,48.709596498777216,2.359390550775154
63082,48.70971622369072,2.4375505737081444
63083,48.709428756882524,2.1272906260794384
60549,48.63419560479517,2.4491920818982864
59937,48.5644154380171,1.933363977927705
60589,48.64024753021994,2.3255130831939237
60585,48.64002385986493,2.4688723195322604
60587,48.63992991250276,2.0728331189883105
60581,48.63826440462109,2.3327592013621574
63079,48.70798606936825,1.8136556592543138
63078,48.70940225533363,2.2250593879693645
63076,48.70865612655614,2.382336384446526
63075,48.70888520682154,2.4320620893393454
63073,48.70985698564856,2.4416671083517185
59941,48.565771387823254,2.3258820439304015
63071,48.70821933929571,2.4142385668045065
59943,48.56622546090583,2.4432177466234646
59946,48.56574194305903,1.9868293484146382
59949,48.566150727183995,2.484523212346186
60578,48.63856430579266,1.8343886630880366
60575,48.6396835756005,2.2521316439289776
60573,48.639287640668456,2.261482212698932
63067,48.707303423054235,2.2378520474592185
60570,48.63901452123938,2.3455554397155605
63066,48.70898417316248,2.187234925917072
59952,48.56652430417152,2.4265908898928035
59953,48.56630613621681,2.4924234540437733
63062,48.707652344752795,2.2735970617016115
59956,48.56693982466305,1.9319638982899272
59954,48.56741786010576,2.355137748210329
59958,48.567575694425415,2.4443690465886947
59959,48.56790531732763,2.1638999861694215
63051,48.70737910056535,2.049177508247647
63053,48.707544906329154,2.044037104729745
63055,48.708118354980186,2.1988617632608456
63058,48.708661405253864,2.389478224838934
415177,48.896239264854906,1.5360516710998458
63043,48.70711514277617,2.075100016849476
63041,48.70743078778742,2.311313766486802
60591,48.63924165209425,1.8300707040649404
60592,48.6407960389829,2.3749596187923383
60593,48.6402761566553,1.9569562275751489
60594,48.64076321777972,2.2680986945318673
60596,48.64095202914462,2.3704175491656576
60598,48.64112579626962,2.337381673135601
60599,48.64142946809449,2.428559400824666
415148,48.74885032649046,1.3876030857476405
59902,48.55649831929204,1.8086889736678056
63036,48.70709377723747,2.1976475242242333
63030,48.70649862154968,1.9880690967133066
63038,48.706884183193765,2.0519794204089314
59915,48.56140323844369,2.3092956456352796
59919,48.562097374629865,2.306453965853484
59910,48.55935268806511,2.3140455638135826
63025,48.70613407136652,2.192022276193522
63023,48.704876157150515,2.1265172678830524
63020,48.70602669376915,2.033117654910215
63027,48.706516857071186,2.0358878899286936
63016,48.7056734041223,2.071299827058762
63018,48.70610346788577,2.385301997934795
63010,48.70567376865522,2.335357230948838
63012,48.70604497888834,2.313547215600892
63014,48.70596827069659,2.333328567725889
63006,48.70541797239079,2.346857539102975
63009,48.705445996325025,2.355316897027299
63004,48.705247496689765,2.3395823037791748
63002,48.70543903818461,2.499049411197207
415187,48.74337103652573,1.390213866751422
71879,48.87622715161637,2.4255676897761638
71885,48.877147428192245,2.393352586759853
71883,48.87689363724714,2.4497070556917238
71889,48.8771184656046,2.4082282894845704
71887,48.87739283683545,2.484054169667907
71881,48.87641624318252,2.4674367670230404
415195,48.74333490717359,1.3611131358994968
71893,48.87778941125399,2.37050679184217
71895,48.87793548795872,2.396247627674587
71897,48.87760926145612,2.4547647778183115
71890,48.877995046257745,2.475696920690836
71892,48.878058535055914,2.4193027366610367
71891,48.877992171063134,2.4269935124569737
420828,48.625136494579536,2.4403047820564594
420835,48.62920807906379,2.431074363284169
478110,48.93893476132634,2.9402930370338267
462755,48.968844838708705,2.3581289803984897
462751,48.83561892887821,2.1700218946924847
479184,48.937366055452294,2.5910028323555396
462770,48.753348923922225,2.177165298689891
462761,48.397600533842116,2.7260193695747192
418852,48.64083246675497,1.8212526577081458
479122,48.88069911935177,2.226314997078459
479102,48.72634690276317,2.8243541265959147
462719,48.88961798368009,2.732513648183015
420882,48.9487835756298,2.024952366990477
420954,48.99194582756849,1.8165614896924878
420953,48.97501546863286,1.8051503139957443
420957,48.98548655026852,1.7593733490717829
479068,48.86364981981673,2.3499446739974927
479062,49.03283457739796,2.020529242018896
462653,48.6546457860664,2.4376063881056975
479071,48.93516785071515,2.1772243966141263
462640,48.709983498088334,2.5237480329752704
479083,48.84620328847428,2.521794690213742
461505,48.810622111384355,2.3026794607873935
479097,48.84326786303456,2.5197845941711146
462671,48.87444826134756,2.727226729875133
420962,49.0059190763484,1.7335484638376413
462611,48.874131872538996,2.5703468036556325
461532,48.78896365458629,2.0427222797971925
417573,48.968316707181245,3.2333155051216376
411284,48.930711853270864,2.5151490870048305
69054,48.97147236875236,3.1491082178705545
69056,48.97462564547156,2.6383146290475197
69050,48.973028002996784,2.9035784322110882
69052,48.973875559428336,2.8387346510142346
69059,48.972564893753066,3.187575903051069
69045,48.96980564418568,3.2375358629571065
69042,48.97258723046257,2.5798664554288835
69049,48.97246330147331,2.867744454916191
69048,48.974063299658376,2.6412007578472023
69073,48.97569245174132,3.170682799948774
69074,48.97755372854611,2.872656143445473
69076,48.97571006318031,3.1973064300428953
69060,48.975232157700326,2.6322453234765537
69063,48.973902246283735,3.1511299835828317
69068,48.975987002892666,2.870713407121835
69066,48.97842225177958,2.6257269726973784
69098,48.98240041141156,2.6386225658146687
69097,48.982446677292536,2.506489685202772
69093,48.981131997272826,2.6340069160196817
69088,48.95156062961079,2.601609523032803
69086,48.980629796444674,2.503118849486139
411330,49.21386914583918,2.417612686308621
417529,48.95207649211346,2.910198450655829
69018,48.96517511270347,3.200305211389303
69016,48.966629295822806,2.9210721613302697
69012,48.966101846935786,2.8422073044179412
69008,48.963782808886336,3.130819967835514
69004,48.963954210254606,3.1383454133738153
69006,48.965979154474205,2.949378379126475
69000,48.961928206929905,3.1328023194325203
69038,48.97195684903848,2.869214098251371
69036,48.97057266069264,2.840049308712335
69034,48.96895294266969,3.13920553209636
462934,48.77022152274514,2.6900885516691293
69025,48.96864723103448,2.9346317219598017
69027,48.96895420400437,2.878502483516671
69020,48.968870556788744,2.57650918915249
69022,48.9667615682757,3.1444852148401985
69024,48.967786408293094,2.9489122472788694
479310,48.97213000995741,1.7802721344320336
417443,48.96384697547498,3.216831908641797
417451,48.99708083221575,3.188354529182543
411376,49.13538084659193,3.0757524882096337
411346,49.261285329956,1.8728977843623518
411336,49.17603914230882,1.9028132153833028
411343,49.22060498779062,1.9054228558161719
411391,49.14251149150929,2.794315509719981
411382,48.990548997099616,3.3652942184882852
411385,48.96881149087925,3.322486295490619
69193,49.007779107951194,2.6692346389482413
69195,49.00615650577202,2.932131100531278
69190,49.00784902653169,2.5162539096865983
69191,49.0050559104557,3.170902285331029
69189,49.00704605883539,2.511156172158421
69186,49.005048934087775,2.9742430368106665
411406,49.096158341965925,2.7450375042109756
69175,49.003609124438476,2.5030220722259844
69172,49.00362151739817,2.511516421252808
69174,49.00306569202544,2.7683393589641287
69166,49.00004752353475,3.046787200026179
69165,49.001312578949126,2.527754105657502
69164,49.00057047896153,2.9570048162546225
69162,48.99830747000515,3.0073454874678704
69160,49.0001628365929,2.788681318144429
411441,49.264196569064374,2.469389091869545
411422,49.13859023453911,2.4898945251735154
69115,48.98341942375265,2.855284036618293
69113,48.98284454919452,2.620824582644056
69117,48.98545034758309,2.6159689385154437
69110,48.9840444503477,2.6502378459189355
69102,48.982972276570855,2.611560711598187
69105,48.98355087087587,2.632521185575809
479274,48.95760458772218,2.1916657063498555
69108,48.98090923748633,3.199020192233352
69101,48.982009414852236,2.78208134577132
69151,48.99739067137509,2.7748832675877537
69150,48.99541392500838,3.0845743234921446
69153,48.99662215442991,2.9547669280503137
69147,48.996299092101225,2.6511939401994913
69149,48.99450487381457,3.176340436569277
417424,48.796066436293735,2.1256983278790416
69141,48.99171750098651,3.0547733110189585
69143,48.9915259778954,3.1687056635244564
69145,48.99447827251362,2.9567297244881594
69137,48.992750385916345,2.650746329900897
69133,48.9905489140357,2.857976486685032
69134,48.9893105491351,3.197433219468473
69131,48.98990441348361,2.942700793963385
69130,48.98845492145285,3.1656555730373137
69128,48.98972110814212,2.648040741616899
69124,48.985723330980164,3.164184952301317
69126,48.987415859063866,3.0241428022729817
69122,48.98466265991612,3.199512752689333
411483,48.00672778886036,2.7429394830349696
411493,48.73157378987803,1.3710627915334217
61230,48.273532142504884,2.7060561692309526
61233,48.273463687057806,2.8114553936928375
61235,48.2734234205039,2.9620525806313824
61237,48.27472099916268,2.670648323480643
61221,48.27035427062538,2.6827445877965936
61225,48.27154919088425,2.704652072939804
61223,48.27137921577204,2.737497936967022
61229,48.27349121537634,2.6900241325729546
419942,48.838236665801865,2.7819127081276576
61210,48.26650584206601,3.0051209826660457
61217,48.268306423985216,2.710451797446219
61219,48.269147506801325,2.6724419010328533
419969,48.80949425307345,2.2061965967252113
61209,48.26724834243051,2.695768163568502
61207,48.26685683430925,2.6922463283193823
61205,48.265398534771826,2.715319155399545
61203,48.2646291801895,2.6499180304805012
61201,48.264628874231,2.7096162762877776
419905,48.71687846826842,2.3984282246704987
61271,48.299533073185835,2.9388737670993637
61270,48.29968521802189,2.699707223337064
61274,48.30226599464156,2.824244408010622
61276,48.303690939301056,2.8265322426742925
61261,48.28577644797752,2.9607697122700216
61265,48.29198042802156,2.9432015714093835
419901,48.71666430594302,2.3934353550988816
61258,48.28372937469814,2.792410856821393
61252,48.28120959941671,2.6776915918359974
61251,48.27886442795927,2.96913210442782
419935,48.85599038582529,2.7459061868331913
61248,48.278618440060825,2.7017480740609003
61243,48.27726881949155,2.689509928496275
417774,48.9894158107236,1.6646390883659616
61282,48.307880895157744,2.944703890078959
61283,48.30878811968959,2.711409407938903
61285,48.31096639976272,2.9232449185211427
61289,48.31493872441658,2.6836225805799936
61291,48.31580234941868,2.902090914590275
61293,48.317178049140345,2.570493870803666
417719,48.978699955192305,1.6894937730717143
417725,49.00413740705742,1.6969101574610563
422805,48.892262411934645,2.297446736445412
417712,48.97194720909283,1.6978742706922971
422826,49.111475261338185,1.9323480769276138
419849,49.02715232372328,2.1989448978108683
419853,49.02881611495506,2.2084710404455046
61114,48.19430553132197,2.899012341606532
61116,48.20094889579636,2.7392883603111042
61110,48.18988568616155,2.7560495836304386
419830,48.99810825593615,2.1450469967393455
61104,48.18832437885709,2.7538095817189268
61102,48.186462749777,2.7315419983388334
61109,48.18908865895307,2.7348524240313736
61107,48.18799437518739,2.736405394423319
61101,48.183862079918065,2.8218129221114125
61134,48.221606850843955,2.7958531623144136
61139,48.22660784605303,2.7127678963411874
61138,48.22489245195569,2.743485812221596
61123,48.205784517335275,2.781006506034134
61129,48.2125233929696,2.823708606236664
61150,48.23512179304899,2.700896331129218
61155,48.23649697016068,2.9052079443807557
61157,48.237278504218175,2.7033758483963743
417693,48.976089002516154,1.6463189787051136
61145,48.229950466939734,2.7036326933140242
61143,48.22975065576996,2.669030219623082
61148,48.23368112537977,2.62625133379158
61146,48.23195862859376,2.6885308568962953
417682,48.971569311587636,1.7305740369863367
61162,48.2402926719524,2.6997827008862023
61164,48.24271776788578,2.8667595304414997
61165,48.24427703905358,2.6973824448200796
61166,48.244698394999304,2.6135039232452812
61170,48.24457427171302,2.69926664644881
417678,48.91448892033792,2.1978956291749863
61173,48.2465838235149,2.695193597114339
61171,48.24592867107179,2.600596253479492
61177,48.25059790635236,2.6956284546671894
61175,48.25012136886327,2.692283367197041
61180,48.25356155773852,2.702273776832312
61189,48.25559970070258,3.017171954103074
61183,48.25559492638818,2.7022353489571915
61192,48.260768598201544,2.7022532930264975
61199,48.263591875829576,2.6996971940141004
61198,48.263254201600695,2.680705339829255
61196,48.26259096181991,2.693585077523986
61194,48.264602633654604,2.7026763441630512
419897,48.7164800865171,2.38906064190251
417630,48.82084263604628,2.2188608495701967
419893,48.71390498168464,2.3789646749099336
422901,48.71180413515165,2.442590907712117
422926,48.70663093437501,2.440390131418176
422931,48.68418024745503,2.397935056365692
411650,48.982345964200995,2.0020521745696356
422972,48.79385126827456,2.4776722855652156
61037,48.682384203379065,2.215149505760018
61038,48.68085847532725,2.3789972242614987
61030,48.67965571935396,1.6370410868622427
61032,48.68100997823535,2.180680906801747
61028,48.68140511300337,2.1991216517967236
61026,48.680777943048696,2.1419367848376623
61020,48.6807679545291,2.232166945814598
61023,48.68084823002794,2.4272660612592283
61021,48.680648028515144,2.3143221066556086
61018,48.68084761221327,2.342573235921479
61014,48.67866356669999,2.108155838592268
61011,48.679115370122155,2.3457123274323273
61013,48.67961751128197,2.1628065063558815
61009,48.67897044575055,2.179714493257683
61008,48.680452585010194,2.1152636092312176
61006,48.67866701250061,2.1912581791603225
61003,48.67807871775481,2.404497845292923
61001,48.67867531495053,2.174747666918424
422597,48.60197914670589,2.478175766872928
61084,48.178158605979455,2.7483745515891145
61086,48.17725170136445,2.864913399083211
61088,48.180101985233435,2.7241139242661023
61089,48.180434669254105,2.7481618909063013
61082,48.17593606105968,2.746266257349117
61096,48.18449811193895,2.740230729670243
61093,48.18227046348417,2.731899682277667
61065,48.15015465177661,2.7085712845168297
61063,48.1498943029998,2.7033957709473193
61069,48.155762404558516,2.695051890249476
61079,48.17317475969021,2.872268877527136
61077,48.170502264941476,2.8722148072870897
61072,48.15772564091747,2.826917384059772
61040,48.681905407638084,2.285650487223472
61042,48.68250977280342,2.1705779186496708
61045,48.682853776583286,2.3599898927227976
61049,48.68342375254785,2.1636353419362866
61051,48.14316968800923,2.6952052246754405
422633,48.605458517201065,2.4676020322746046
61054,48.14572417546861,2.696548493336644
422641,48.61221889039243,2.474777290626467
422602,48.60244139454646,2.4728409005967813
461836,48.848105456436365,2.4664042916223567
461843,48.44087064809983,2.1542119560296578
417906,48.97965692354688,1.9130392051374276
461860,48.83473800999463,1.9926778746590967
461884,48.90846331809247,2.601700651609439
461887,48.90289606851478,2.6015113495191193
463900,48.85560903970246,2.3073586902211036
463950,48.827019652953986,2.4544561469103714
418915,48.775721368483275,2.0463537622188497
417874,48.97069936390459,2.193190009274445
417846,48.78684248702405,2.2601492274269104
422757,49.01286310663178,2.188837169862269
422765,48.58870543913678,2.471840138134257
422776,48.605808324908466,2.463380106996186
418987,48.64687041252752,1.8555717251844281
426962,48.43686017404471,2.1363953209813844
426958,48.44372764669522,2.1436183982417107
62760,48.69305805926736,2.1812257656069733
62761,48.69235299348373,2.4199120540777495
62767,48.692907725940394,2.2688359958859805
62751,48.69165344484495,2.370642499002056
62754,48.692583500097925,2.1075515042895705
62752,48.69057437931475,2.37411991898998
62758,48.6926724194897,2.4153298648007024
61694,48.46123741880957,2.8726166186539017
62740,48.69148756355343,2.1797898111347767
61691,48.45989048635713,2.530216053794026
62745,48.691249310691425,2.21797145322538
62742,48.691919159775225,2.3383037358984646
62741,48.691629989523896,2.176961568272028
62743,48.69132339226119,2.3330805732584494
62739,48.69173456661961,2.249396583163359
61682,48.45067654445229,2.7489152101828225
61684,48.452518326968935,3.061851977143086
61680,48.45151946269177,2.7518931790697474
61689,48.4591758566563,2.537235646462644
68598,48.8956460218986,2.8178022596138645
62732,48.69189933151122,2.426540397112698
68596,48.896395402900424,2.6198788696115263
61687,48.45682662290908,2.539244569231709
62730,48.691168984142514,2.269858908312759
68594,48.89661083104905,2.7744120375156736
62729,48.690483455189174,2.015022496929808
68590,48.890875654203214,3.251509195384449
62728,48.69069176039954,2.439304056601413
425683,48.810899948570714,2.2093072472789093
62722,48.69013300764287,2.294253481087046
62724,48.69072626736243,2.351205227265147
62716,48.690187385889764,2.119799721534847
62710,48.68996505067875,2.339524027708237
62715,48.68925953472146,1.8515392041433518
62713,48.689719488250915,2.499784224253042
474331,48.69885237747885,1.88655819434543
62706,48.6893246411139,2.261033498485256
62709,48.68969711488486,2.17841853699324
62703,48.689531729173076,2.210531656536584
62700,48.690202163936945,2.108468476682235
474355,48.881879716477684,2.3401378727107924
61629,48.43172356035421,2.758732480059564
73280,48.88395345943862,2.5322343173842703
73289,48.88749409171163,2.5047372046563527
73287,48.886784760305076,2.53299301094389
73285,48.88579896732234,2.5575820426115654
73283,48.88478742888089,2.5350836662917824
61631,48.432374138379245,2.766901648094722
61633,48.433517087197,2.5792836142007256
61618,48.42585987421674,2.7509937706505094
73290,48.88784341117502,2.55114152839114
73291,48.88945016147321,2.5385196440437827
73298,48.890381115122665,2.5612935336859293
73293,48.88966199126411,2.5589334483870245
424527,48.40398262061467,2.6995844550114927
73296,48.88985298685601,2.557077093667691
61626,48.431504967430996,2.5852750210299744
61609,48.424845888001585,2.761014623092059
422420,48.805778171623686,2.1682704999631928
73262,48.8764887942466,2.564321467909851
73260,48.87643300032047,2.5081350717508424
73261,48.87659187382148,2.560537088983634
73267,48.87803250259015,2.5684262239639453
73265,48.87682504090948,2.525044844405323
61614,48.425008808494944,2.982333410103351
73269,48.87773179126061,2.515676398545459
61611,48.42413291439859,2.9963167030150175
73272,48.8793657425031,2.5471240843183423
73274,48.88146708255016,2.5120145856236995
73276,48.8818955684079,2.521248776896551
73277,48.8825440660516,2.5147930357426147
73278,48.882993183451674,2.5258817473195223
73279,48.88413205122409,2.5105441628216125
61604,48.42335518132119,2.738827219994755
61675,48.44861585655895,2.766275132542945
61677,48.44909443788634,2.749504269055889
61679,48.45110389725619,2.548342224663703
61670,48.44813291550274,2.548956023380604
61672,48.44674294632235,2.752145622043016
61665,48.44591838425469,2.6013408699697185
61664,48.4459590121916,2.612246433395775
61663,48.44587351694195,2.6064668924515533
61668,48.44607668754232,2.7476255226821347
62790,48.69380834583312,2.1661798295082493
61662,48.45013945685683,2.7566869962304876
61661,48.44463423347081,2.777590492255842
61660,48.44328108775038,2.890887311850362
422460,48.808117362423076,2.1670825636811664
69693,48.749476855247664,2.305271045423316
69695,48.74964178281168,2.45091220655608
69691,48.749274409202776,2.476248218582931
61657,48.44346533174391,2.785255490590021
61659,48.4450341252749,2.5514572069074393
69696,48.749930830101235,2.3232394188453545
62788,48.69406526968094,2.297556383999985
61652,48.440524199791774,3.0467012021798974
69698,48.74974536023408,2.481112745381688
69699,48.75003070209997,2.292369385056818
62784,48.69424597293224,2.276623065280126
62780,48.69364668412123,2.281644936523458
422453,48.76202644790542,2.2709766027556593
69683,48.74806677532078,2.466562939603472
69681,48.74805717461793,2.2947763166554886
61638,48.43379061565699,2.999013100555076
61647,48.43962139944575,2.756039388096939
61645,48.437761045660366,2.592783529653662
62774,48.69344130076691,2.368542201873613
61643,48.436822701557645,2.7449524478812033
62776,48.693241638971514,2.413102083483683
61642,48.43734153131843,2.5670374162960456
61641,48.4365553978796,2.7547151490875397
62770,48.693471314253735,2.3449212367825933
424589,48.996384340742104,1.7248698179014754
73211,48.860928148403595,2.530416959636718
73210,48.86008232906277,2.505740619588754
73215,48.86099137818457,2.502658369434175
69789,48.75888718894587,2.3340812043862074
73216,48.86170279749121,2.5790909704114657
73214,48.861174591157,2.5089129361110727
73219,48.86307594252036,2.5131341949202737
69787,48.759603635129,2.301265925860491
69786,48.7587134882123,2.323975804075795
69780,48.75822555463758,2.3611472760670846
69782,48.75866904038153,2.414318698672466
73200,48.85717652393335,2.5312071944026804
73202,48.85654737103465,2.5244664586923036
73204,48.85845871671997,2.534827940355943
69797,48.760513376328525,2.399034148490397
73208,48.858840049562154,2.519804624175517
73209,48.85980361858674,2.5156590546811675
69795,48.760806766342114,2.349456804803832
69793,48.760372204774974,2.495855904389192
69791,48.76008660227267,2.4036100214252563
69790,48.75978347523611,2.4802103446199455
69762,48.75585567342014,2.368780348842384
69767,48.75657708815028,2.2815680585761298
69769,48.756871655057424,2.318000588579935
69761,48.75585430590857,2.321775123832814
69775,48.75636846489566,2.3276042110268502
69773,48.757638052468494,2.2777784635793656
69778,48.75811616163339,2.494082038603037
69771,48.75604961665885,2.4268628168588453
69770,48.75633648452908,2.3983272576961845
69745,48.75435331424911,2.3833532808820603
73259,48.87627423639179,2.5696474204364885
61703,48.4604669522378,3.337232189893912
73257,48.8753713130274,2.5431913245657785
61702,48.465158670583826,2.6072212690625873
69741,48.7543499883098,2.2919435705816174
69742,48.754085322697215,2.4122549332747667
69743,48.75354172899347,2.305169348971309
73251,48.87326442578889,2.5496584189487614
68619,48.89775850814567,2.8862659219383433
68618,48.898425601461526,2.7126769188500286
73255,48.87475547437208,2.5515678962660044
69749,48.75435456993241,2.312742027815429
68616,48.89790845336717,2.8305406426010165
422398,48.69979083560268,2.463964314212489
73247,48.87247526785502,2.546679564418504
61714,48.469694757247765,2.6951770083232716
73246,48.87220429619449,2.507677391785385
73249,48.8719354421522,2.563555202117393
68625,48.90000252935605,2.6145464248531165
73248,48.87259201412604,2.559889173561032
69756,48.75527669617842,2.4841999950038374
61711,48.465903324170725,3.250792352824352
424619,48.994185192890534,1.8683061680870097
69754,48.75501183196055,2.3942753063019495
69751,48.754949792757095,2.3900387783813524
73241,48.869311960101896,2.555690844615017
73243,48.87022448826414,2.525166375568784
73242,48.869838992183396,2.5054776360542883
424612,48.683966312594166,2.1614802935485518
68629,48.899635102393475,2.8582381593140425
68628,48.898746119712776,2.867229279044518
69750,48.75406526742057,2.4191856125151388
61706,48.46357075262924,3.2274946567433545
61705,48.46583890103765,2.607527315621401
73239,48.86952042371095,2.522255442352987
73238,48.86722292060348,2.505713765174881
69723,48.752703322010746,2.3236319527771614
69724,48.75280562377556,2.3131908880537373
73235,48.867774893855746,2.533442892026575
73234,48.867174462932624,2.533986728020368
424624,48.69141107572123,2.1610347994181374
73233,48.866695108041775,2.5096719836132797
69728,48.752880731760705,2.4482053297839834
73231,48.86624942770942,2.5754214203010104
73229,48.865676433521486,2.56363490269398
73228,48.86489556384311,2.5205530520456945
69730,48.75312168397033,2.3284349594627107
73225,48.86480495756939,2.5553203473080903
68600,48.89553675368636,2.9521678626639822
73224,48.86423318721678,2.5168583033299483
69733,48.752582069384204,2.345451427466672
69734,48.753439332033025,2.31940566583469
68602,48.896455819972886,2.840147449571749
68605,48.89667994801228,2.8147025014793536
68604,48.895343159817465,3.09942830208557
73223,48.86392543629722,2.5497936731723896
68606,48.89721352747717,2.7116265410113605
68608,48.89727251948446,2.829178759297599
69708,48.75079772446563,2.5000968096555054
68659,48.90343829344014,3.1964595595826264
69705,48.75052013369275,2.4620901925269503
69703,48.75016626159328,2.4485944527953927
69702,48.75008864727034,2.2999106826930236
68657,48.90451119365553,2.8024791795658137
69700,48.75016738584781,2.354594724513594
68653,48.904146314562844,2.810413004945707
68661,48.90541173370909,2.881938439279283
423496,49.00111353034329,1.683939291586084
69716,48.75127103685833,2.2891901314797583
69718,48.751660797844465,2.486235172558268
62803,48.69349756657471,1.7704488046549944
69711,48.75122225646333,2.3386199579786546
62802,48.69380712417997,1.8464525466640467
69714,48.75137222950679,2.491311435370193
62801,48.69478379615988,2.481943658932355
62800,48.6948201773427,2.3580906421298207
68665,48.90779167216138,2.6691060833360534
68662,48.906150633453024,2.601247699058708
68637,48.90112236506668,2.7927117602651705
68638,48.90085853061127,2.812702938535398
68639,48.90183920553723,2.597420357424024
68630,48.90011391932765,2.856306757598151
68632,48.90129180236948,2.5898130608626913
68634,48.89904250161272,3.039549078668283
68635,48.900371027175304,2.868766492352105
68636,48.90051803160225,2.871644239739117
425731,48.9999511453979,1.7407194089040252
68642,48.9021755092051,2.7958995212947966
474307,48.89751376401351,2.158525273706219
68641,48.902447696264666,2.6732187037367288
68646,48.90332107402196,2.6104226564782973
68644,48.90339922270082,2.593350010370227
68693,48.91240397744204,2.920540439667675
68699,48.91497570214589,2.6574627821674435
68695,48.91353807154941,2.8305989029244407
68670,48.9061585052139,3.185249389059635
68672,48.90967236802761,2.5948494716751993
68673,48.90694841743891,3.158022631625776
68683,48.91159780702809,2.8258437108535137
68687,48.912346179908084,2.821079630352185
68685,48.90941308420958,3.2128056354253522
62625,48.68439007857143,2.342297756679345
62627,48.68442407942039,2.3753889705244577
62626,48.6846766304314,2.2000632234235176
61577,48.41638530104537,2.7071223970980967
61578,48.41521135995712,2.9804919748496634
61576,48.41231058956984,3.395005529675088
61574,48.41557878019659,2.7393253530298303
61572,48.41436584174982,2.9404565406645795
62618,48.6825705254476,2.117027695229475
62616,48.68390649142515,2.3953843731425613
62615,48.68400539361792,2.4152162290722656
62614,48.68341566162553,2.337698184272614
62612,48.68305024904531,2.236690945094291
62611,48.68330799793121,2.0018310375207578
62610,48.67776754765593,2.356717595739618
61567,48.41050590462429,3.3554654640908086
61562,48.41039937143928,3.2288928970820576
62609,48.6833510730714,2.1476543783209325
62607,48.68356069884561,2.4320790800725587
61599,48.420550555457126,3.020807520315032
62647,48.685796835838985,2.208876343974959
62649,48.686186144228465,2.277298360765796
61591,48.417985862318375,2.9591911373492383
423648,49.00252227879054,2.4182532683781193
61590,48.418884339373335,2.7369843086321985
61596,48.420870808028326,2.5651118999735742
62641,48.684252419392124,2.1267735292445957
61594,48.41934446222763,2.7335355458237904
425793,48.821868237512184,2.4232518730553227
425791,48.78746148146023,2.233496108970803
425796,48.995205287972006,1.9294895315809344
425790,48.706019685871446,2.371808109632527
61586,48.4152010398131,3.2745791603203847
61587,48.41858844053125,2.754224593395423
62631,48.68454416970606,2.1066562845295254
62637,48.68578920404991,2.177827865572396
62635,48.68352138429596,1.6332789448138834
61580,48.416058486489284,3.0059464283471713
62630,48.68485354848209,2.391474674748122
61583,48.41652169270264,2.9921074117881266
474258,49.003609462847365,1.8943175951206175
61584,48.41648048011522,2.9846675519182706
425787,48.776245394761325,2.5240210882385674
62628,48.6844516423501,2.194035068167742
425775,48.97191050079076,1.9744335118747507
425774,48.974342183129316,1.9711752267763667
423630,48.97980158483626,2.6154642231705263
474202,48.6299782096138,2.5926723252728037
62603,48.68138006687442,2.95887013214544
62604,48.68373283516002,2.1763794890464787
425737,48.37479098313375,2.9433236726250924
474219,48.83876954516853,2.6278947202528724
73149,48.83995694628926,2.5412195697552384
73148,48.83887967475103,2.56090955606777
73142,48.837052348467914,2.5274372317560396
73140,48.83469697595689,2.507602506386286
73146,48.83803779163926,2.5185793479456766
73144,48.83706063180556,2.5726755361682385
62698,48.69002457474862,2.4146394307892565
62699,48.68914537735173,2.3549269369846804
73151,48.83932347420838,2.572949911754342
62696,48.68868323108627,2.198622960448737
73153,48.8405179338925,2.519183185267604
73154,48.840471412368295,2.5584368614723707
73155,48.84049807617136,2.528884290690426
73156,48.84029759987397,2.5070318517652006
62691,48.688931715255066,2.2791352336042205
73160,48.84253001619413,2.5230614945285827
61507,48.39952453374991,2.958036819095555
61508,48.40152976810521,2.721168727493349
61512,48.40117865706019,2.9685131140844505
73169,48.845438447306385,2.528492163246698
73168,48.84492470759244,2.549201568150176
73166,48.844497587937894,2.525952625879713
73164,48.842955045593975,2.5037365832455936
73162,48.84309811536315,2.5734776292802253
73171,48.8457591413699,2.5719297145455156
61500,48.39759400855278,3.189935364429356
61505,48.40075363340707,2.718241014909292
61503,48.39858470537599,3.1203616947424675
73177,48.84776811353846,2.5703802036250054
73179,48.848401512419336,2.542317143891373
73173,48.84622770566571,2.552515129336366
73175,48.84682913289207,2.53223369251716
73182,48.84898853058506,2.5536769782867013
73186,48.85075993431365,2.5033897026998093
62663,48.6871837935462,2.3311227748276364
73184,48.84942642714662,2.5469550189331307
61530,48.405583018089956,2.7789177234650584
62661,48.686748148784204,2.1727658406145127
73188,48.85178345544558,2.508415442851252
61536,48.40691038104911,2.6888659364506564
61538,48.40783387759387,2.725871450996706
62669,48.6876265385093,2.1275187231918653
61532,48.40778305033831,2.7214328383243793
61531,48.40656731315752,2.790858387030412
61534,48.40939199011481,2.562909630910793
62665,48.68709696803013,2.1203272458198894
61517,48.40291744600697,2.7182902134331957
73191,48.853531077228745,2.5168553223145405
73193,48.85541570844183,2.5037950797961717
73194,48.85565302920671,2.5200861294318755
73197,48.85586596416887,2.5764941229772087
73196,48.855511275260604,2.5830524403175223
73198,48.857133517965245,2.5092644971892435
61527,48.40499788403009,2.697281636724329
62658,48.68651669167374,2.40918361814938
61525,48.40424765395346,2.6906922587296727
62653,48.68618714374904,2.418078595443619
62654,48.685697983286715,2.150693139252463
61521,48.39973169010629,3.3356402126727676
61520,48.40296471141181,2.725011845956948
62681,48.68514079955693,2.063085567601444
61550,48.40963509807059,3.056619301300117
62682,48.6874733665157,2.1530621460610613
62683,48.68794062986532,2.1800220723310346
62688,48.68823892353332,2.3912450745355405
61553,48.4131140179713,2.712215115878083
62687,48.68820215694737,2.2080723565803693
61558,48.413100855242035,2.741668792412847
61559,48.41353940763924,2.734524468887577
62670,48.687053718791105,2.1675577960832904
61541,48.40953073087711,2.7224302972241134
62672,48.6870976834311,2.498749684069874
62675,48.687290450352705,2.3922206619065105
61544,48.410046010032104,2.706637457832969
62678,48.68743221859398,2.275121069240046
62679,48.68731623074459,2.3981910223244443
61547,48.41026617709306,2.704724109335607
61546,48.41026705876946,2.7356017800180505
69884,48.769031359323755,2.464355360661029
69886,48.76901389031846,2.4715396622207346
69888,48.76875396796564,2.368032489255301
422496,48.96522192224021,2.3295674517176432
69880,48.76859629996774,2.473720878609035
69897,48.77040286810204,2.3635086785644424
69895,48.770042816133596,2.337809990932817
69898,48.770960255308346,2.484725342887155
424720,48.706174327844316,2.32677550502354
69891,48.769912802860375,2.2721795054006826
68701,48.915232813690714,2.5917157298883984
68707,48.91668985473659,2.7380779746009267
68704,48.91580164798295,2.6268868501756026
68706,48.917009562006875,2.599909169191968
69847,48.76726891080674,2.479707220179791
73112,48.83043093854587,2.558651317685936
69849,48.76745570057707,2.3855387221613933
73110,48.82963620951104,2.5638820884944122
69840,48.76346024220772,2.357797608784391
69842,48.76447663776665,2.4419400336976715
68713,48.91731045859021,2.650599946763856
68712,48.917296240608984,2.712320303311116
68711,48.915203333268686,3.119611925300305
73114,48.83010476635736,2.538942828887141
73100,48.826422480116626,2.574274680199565
68725,48.92041546404792,2.7155575482960868
73102,48.82700835291052,2.5177549424459524
69859,48.767443011757834,2.319325117745778
73101,48.826793970338095,2.549256181087143
69852,48.764891736703206,2.410398584126722
73107,48.82826614226394,2.542602887811674
73109,48.82876559823262,2.553393782467767
69856,48.767713640296954,2.331410644857422
69857,48.76668816304196,2.2900822662789113
73103,48.826661320331546,2.54156813060875
68724,48.91985496385862,2.9086438949856874
69855,48.767309816836814,2.2715831166099463
73131,48.83338874185755,2.5277565274139335
73130,48.833984101067465,2.5158308421133726
424723,48.89910935810721,2.296440419410497
69869,48.767837373523705,2.4186650017492215
68739,48.92378574310835,2.7185208933590106
68738,48.92133810584788,3.2684681552382147
73133,48.83395169250274,2.565964381953277
68736,48.92245402742837,2.8618740930190127
69865,48.76650483752456,2.3339908243500114
73139,48.83499878180909,2.5475844807279606
69866,48.767034089725286,2.41440851768775
69867,48.767114431521605,2.4939948243149854
73137,48.83485585889132,2.520141369844319
68732,48.92282977925558,2.9063597553063136
68730,48.92115863234255,2.970525154440305
69863,48.76625532992217,2.471118606364036
69864,48.766538458367506,2.2800975748780874
424739,48.77018337717789,1.8783959485176278
73122,48.832994879990466,2.551607005947227
68748,48.92569330685757,2.9000087650638213
68747,48.92634418812214,2.714726775704368
73123,48.83252149528017,2.5313471803581837
69878,48.76880118555349,2.408878138540228
68744,48.925085775212025,2.8592059783324024
68743,48.92257785548316,3.2370882830078465
73128,48.8337688866071,2.5375821668465535
68746,48.92541865441395,2.8672158074331557
68745,48.92480073917788,2.9144691865972696
68740,48.922807661509374,3.1273736296481776
69875,48.766247552666535,2.3100547656614756
73129,48.83379746387939,2.525361964157822
69872,48.76822458479604,2.4864735164549616
68741,48.92483875292141,2.8633279645435366
69870,48.768380152939976,2.402889374218422
68751,48.92651451401037,2.9092736194864433
68753,48.92707062722358,2.864823308505961
69801,48.76192388004402,2.3183359207167196
68756,48.92422474054738,3.2763912806999813
69806,48.761510456514664,2.255855471685978
69805,48.76215060516182,2.413565397705633
69803,48.761707586902226,2.260804764819097
69808,48.7620717551955,2.4195182720927377
68760,48.92850764887765,2.8632364407302404
68764,48.92868105114932,2.8972802978615917
68761,48.928856642987895,2.7200220205521544
69811,48.76254487950349,2.267506920640934
68768,48.92720411310625,3.2885601477315656
68765,48.92921586778887,2.8090182789555675
68766,48.93059155317723,2.7752132562324396
69817,48.76326002931104,2.2631364597505836
69819,48.76221719631166,2.406109333289768
425849,48.88281228981714,2.425999586682304
68770,48.93090993122302,2.717451894836605
68776,48.93045786155093,3.2013521204544735
69822,48.7637018278711,2.397249199497665
69821,48.763066442387625,2.3089948094162023
69820,48.76316251171113,2.3493186076251584
68773,48.93302845977894,2.7751617800808304
68774,48.93132130726204,2.8623350710432076
425816,48.77396130085954,2.5309409302751584
69827,48.764305555762235,2.421112441208879
69825,48.763785887188575,2.3391750452871296
69833,48.76468366743424,2.3528370277064767
68787,48.93601483864206,2.8876223242242225
69835,48.765829289130615,2.323414252053679
68788,48.93698203693756,2.8703053008050916
68786,48.93643396351701,2.624957553307673
68784,48.93683707298944,2.615945626032298
69836,48.76493263089693,2.415976293276293
69838,48.76687403668977,2.424036412250562
68792,48.937399720681,2.936759442188773
68795,48.93652026639645,3.132573657823252
68797,48.93662050874501,3.108946051737892
68796,48.938553174834,2.6057906417049432
68799,48.93748475733116,3.1027643862016334
425800,48.79021695688023,2.5318496976269382
62958,48.7021802898474,1.890380809382149
62962,48.702796584175374,2.320391302294769
62963,48.70314757050461,2.177548001678555
62965,48.7032413964352,2.4349703586027984
62967,48.703114510819205,2.2439264676690347
62960,48.70309585432674,2.4539356034665323
62948,48.70206077345785,2.173223324351115
62953,48.70162579155071,2.4854225004980246
62950,48.70214679070467,2.3623559397495355
62951,48.70086080167035,2.0982307170469556
62957,48.70277215830929,2.181161914319521
62955,48.7023525333986,1.9823329608462075
425895,48.640057246238236,2.3348672923249842
412992,48.84109258135611,2.288081000562114
62939,48.700264158872336,2.3078072163938113
62943,48.70203458701887,2.3872862790815645
62945,48.701934100757164,2.3277134092299563
62941,48.70108643267069,2.124902345987301
62942,48.70179277337787,2.167024078377276
61495,48.399705214944426,2.7124911555367257
61493,48.39902935934306,2.7993728238192346
61491,48.39851709881313,2.8709582090304764
68397,48.87344784788793,2.7091132483631433
68395,48.872913470625626,2.700288724362741
62927,48.70066250739963,2.358134393368063
62925,48.700646852856245,2.334755310804891
62934,48.70034127993446,2.2204308714300574
62933,48.700736970506156,1.8947872862297324
62930,48.70086566030485,2.424383347145799
62931,48.700841285847794,2.189508608393033
68399,48.87394970309977,2.5888968008573476
61489,48.39797702612409,2.804929451010134
61480,48.39565831840662,2.7641809751786064
425876,48.64520151749695,1.8546172380364283
61481,48.39434262664039,2.9471661838925236
68384,48.87154240477101,2.8076824188025853
61471,48.38970445578335,2.957376016560585
61474,48.39102411117772,2.803124877662192
61475,48.39194339628269,2.95407814868885
61473,48.390115356040106,2.961934614921428
61478,48.39417984487775,2.8045720383421524
61479,48.39331620635086,3.1073069098994273
68388,48.87241366298544,2.6964470686498485
68371,48.87043183248182,2.6830168959979277
68374,48.87069864607163,2.787359346373158
423760,48.98580372227038,2.8602369780825896
61461,48.38833152125963,2.954837728448682
62993,48.7043543522132,2.3302303336295127
61462,48.3867124955672,2.850956157263828
74102,48.75128905817329,2.4650746403094237
61463,48.38921502637034,2.8081565338847665
62991,48.70460125153541,2.029828009442196
74100,49.144209350429186,2.295681601571334
61465,48.388297092603196,3.0898314890574703
68379,48.87145483228807,2.714284404850848
74105,48.72802619786169,2.4407659398171027
62995,48.703641826752865,1.859363792636225
61468,48.389361503836625,2.935149287555093
61469,48.38746778842694,3.2528091216227164
74109,48.6215848727554,2.349423165267514
74108,48.63123392213442,2.3431557455602086
68362,48.87014470005759,2.584734811073793
68364,48.869764989698595,2.6411285178031134
68360,48.86903557784274,2.8119312714512614
61452,48.38726361136203,2.900337019696126
61453,48.387318089308295,2.951536074915373
423789,49.064650485606485,2.5965745664137034
62988,48.70423084062984,2.217573357736592
62987,48.70418945612836,2.4462937085150767
62989,48.70451296676641,2.2553284671522995
62983,48.703915606265504,2.195868496851754
61454,48.38687067971295,2.957884829812949
68368,48.87014833424137,2.707666181016662
68353,48.869246301832966,2.710247739379539
68350,48.8691600652771,2.6749202608381486
424399,48.59763178006037,2.2824126614278364
62971,48.703203367968385,2.429813667684495
61441,48.38568142180232,2.966705726329805
61447,48.38632242494907,2.947930630931827
62978,48.70283094038205,2.0707181022808663
68358,48.865666459614424,3.3458457451127632
68359,48.86978486629576,2.6073539668325463
62975,48.70367156215353,2.225599613966027
62974,48.703150094375836,2.191735463914804
62973,48.703490660800675,2.174478133014326
68354,48.868941302902144,2.75267953859768
68355,48.86988366172793,2.589883166614779
62972,48.703572462887664,2.3716812467183384
61433,48.385289041211635,2.9250512906350825
61435,48.38508730054985,2.9525106095366875
61437,48.385283258911976,3.024271544029527
61439,48.38482995705624,2.905784789243772
73089,48.820704410333306,2.5562344352679887
73087,48.81881918005784,2.5393081919938747
61431,48.38486397134993,2.956657336351052
61430,48.38463809792861,2.9541182932321335
73083,48.819372412777994,2.514339002841856
73081,48.81890126674457,2.5190420341545448
61424,48.38300419751457,2.811846108119602
61421,48.38260695654752,2.7846058080843656
61427,48.38372586972216,2.915058849329967
73099,48.82569967954168,2.5848436438669014
61420,48.381302928761514,2.949488753290016
73098,48.82488111899386,2.511050846486051
73091,48.82179572866776,2.532267596777318
73093,48.82213153788336,2.507271708399368
73090,48.82154224241559,2.5105052061997193
61419,48.38122392675264,2.95434411472905
61416,48.381381334274444,2.7883416700295403
61410,48.37789758834025,2.800000365841167
61412,48.37885322727502,2.896902026004226
73069,48.81401423458303,2.557748485757973
73066,48.813684658554614,2.5014141119734217
73061,48.812295112756075,2.5212136763916253
61409,48.37791548870922,2.7949494821120426
73074,48.8161116991182,2.5619388085953227
73076,48.81644395047694,2.511880879424666
73078,48.816898502522754,2.533373783566307
73079,48.81720741840054,2.5353321256292674
73070,48.8142655237642,2.564957085490017
73046,48.80895322579312,2.5487771991852926
73044,48.809053919709974,2.5237284752173545
73042,48.8070899464093,2.510913169046467
73040,48.80687579905771,2.557230332340331
73048,48.809806255188036,2.5424992591501683
73055,48.81100907929235,2.5372188624269167
73057,48.81156012090878,2.5520227967368343
73051,48.81055020514613,2.545372738260922
73053,48.81045884840674,2.520828831461786
73059,48.81186440164776,2.567489520080234
73020,48.80190110277052,2.5064212779335318
73024,48.80319422538432,2.518056809766977
73022,48.80313252508633,2.554307631492013
73023,48.80336375317765,2.5500100719927308
73028,48.804404084297595,2.5468491229264907
73029,48.805029575715004,2.5726043846816076
73027,48.804635376466436,2.524204518894707
73031,48.80499973942202,2.5582129646822236
73033,48.80582438615792,2.5337996389068875
73035,48.806625612766396,2.5762948559366285
73037,48.806303158808674,2.581777876863422
73039,48.807127840868475,2.505656964382211
69986,48.776724268605555,2.245806316930723
69987,48.777178658435815,2.4721374044581017
73015,48.80068266071813,2.5186041729474598
69984,48.776464063693886,2.2566696902712926
69985,48.7767824256554,2.479197320313898
73014,48.80075145458374,2.57594775131345
73011,48.800068537013765,2.5431632730826825
69990,48.77752502601503,2.3216091616081083
73004,48.79644486593685,2.5493074060632144
69997,48.77803186183729,2.348024091934574
69998,48.77779300292645,2.4666809543291937
69995,48.777700140188884,2.2763440681071354
69993,48.77826208527829,2.3548120335811236
73001,48.79129702447351,2.504173518306279
73003,48.79698429902062,2.515908788508425
69961,48.77558827515867,2.3218724808675884
69965,48.775871531779735,2.28861011991669
69967,48.77601351210308,2.3399864024130697
74190,48.9997397194672,2.141801522150354
74194,49.069263311863345,2.1151416314209555
74193,48.939224536859065,2.608966159840359
69973,48.77530429086859,2.48994191043421
69977,48.77642809561005,2.274225174196199
74195,48.84824869235887,2.58551568790699
69979,48.77617803900094,2.357797604333506
74199,48.755024229160675,2.419406190449079
69900,48.770428347100705,2.4262422977683546
69901,48.768467136787486,2.2507491177132564
68459,48.875755374324,3.2960669098654036
68454,48.87917931786014,2.5876147401634104
74149,48.64811110205615,1.5343471927405625
69908,48.76992772571809,2.322102502728012
69909,48.77085686261006,2.3337788105810073
69902,48.77026838921757,2.4684586684531946
69903,48.77084773745962,2.3289348531361287
69910,48.77111352615207,2.355145327271422
69912,48.77042612609399,2.280452159866638
74139,48.46235574858095,1.7738524932564579
74137,48.68779033648515,1.5794309050625293
68464,48.87922217169263,2.635466218221921
74135,48.6846682331465,1.599612701297753
74136,48.686574013571686,1.5906458195337905
74133,49.10027952884904,1.4719688087741143
74134,49.107696186396595,1.4963917651559375
69913,48.77032393401089,2.3505151701027116
425901,48.396793341984996,2.956059833367801
69916,48.77192080467273,2.467897557838
68460,48.8749892002409,3.368028496303139
68432,48.87712888549028,2.6008836174643433
74128,49.090257503085446,1.4847998974126342
74129,49.09090725415607,1.4889093317351865
68433,48.8775497416668,2.726726464597001
68435,48.87768302954583,2.7319818459697536
74121,49.077085805367815,1.5091271953319292
74123,49.078083745885905,1.4910899602215826
74117,48.794883581011845,2.1563418008336166
68444,48.87798847481332,2.5917690982297117
74115,48.81584902980425,2.2668398858538925
74116,48.81781558902798,2.2692705192804787
74119,48.771623789341916,2.5288936880509643
68447,48.87840355630443,2.6948646231668705
68446,48.878096145500486,2.7504409034057336
425920,48.62848378574881,2.3395263643733313
74111,48.605126091013226,2.469707786477904
68440,48.877468482326115,2.8131279123836612
74189,49.000475147585405,2.1503724960364994
74185,48.66599106599918,2.3128235861231663
69949,48.77374353521611,2.313051429362012
68418,48.87594158297128,2.7500967433550865
68419,48.87564875180399,2.6388792728635884
74187,48.87613400235208,2.2632302881321458
68413,48.87574643855509,2.596265454541051
68414,48.875699194944964,2.6854321349876047
68415,48.87553578093352,2.5898522953901626
68416,48.87607141814966,2.6418690251030283
69941,48.77453842153278,2.2579762717381224
68412,48.87534977871946,2.703567281570494
425940,48.554637738773565,3.003509536913419
425949,48.71684612132956,2.2955442061702285
74176,49.02841742401893,2.483654380650109
74174,48.91144827657797,2.0080166281189276
69959,48.774774818789886,2.2390780617122927
68429,48.877302288008856,2.686315504471664
69954,48.77469663859671,2.2690509803820222
69953,48.77460540281467,2.4568751196591325
68425,48.87660725484001,2.805973084886708
68422,48.876990660907424,2.630668916033983
68423,48.87704413333255,2.6334363101709553
68421,48.876442926173944,2.707419521782479
425952,48.9841293137951,2.550221156235667
74163,48.72436156598375,2.2413214163629434
74162,49.0091360311493,2.546484836210108
69925,48.77244051798459,2.3678313661995736
69924,48.77200594773513,2.4140193591105046
69928,48.77278460318953,2.457975846987421
69922,48.771897169149504,2.4861244201034545
69920,48.772017877063654,2.422006614023588
68408,48.87554249181798,2.5762864122433276
69935,48.77350965897154,2.267625184277399
68406,48.874759563256305,2.8062117398338384
69938,48.77374734029499,2.4650417660340356
74151,48.6481120017489,1.530403081761516
68400,48.87407667660671,2.685714604709751
69930,48.77300130312285,2.280920136887393
68405,48.87491618385561,2.6938693393424633
68402,48.87327245147468,2.7204230543904346
68403,48.874103738469294,2.7905902139653156
62819,48.696162959523214,2.3763764564248753
62817,48.695649705882666,2.3643442151787375
61375,48.365284177007304,2.9797543980798387
61372,48.36406679083944,2.9537176919630834
61370,48.36309413508354,2.8265186789625023
62824,48.696248495091815,2.289537543889467
61379,48.37000949572458,2.81545057332796
62820,48.69594160709385,2.337002771806304
62821,48.69589728223825,2.418140338021985
62808,48.69533783117797,2.3556725472228575
62806,48.6933504600358,2.1760105617702665
62804,48.69352763580563,1.8566631316869995
61362,48.35998720953892,2.9690507694864183
61364,48.36205113646985,2.9902727176888115
61360,48.36110095896139,2.8262687400181252
62814,48.69559064309231,2.1702344800312736
62812,48.69553660571806,2.179325441947638
61366,48.36409058253515,2.9571739946719986
62839,48.696696931072154,2.4253803804144405
423851,49.04197738897901,2.706384010382179
425994,48.80830068557699,2.0471265667335232
61393,48.37393871229323,2.808273008969772
61391,48.373512042757106,2.814351237251646
61397,48.374185471742244,2.9584553949680537
61395,48.37500086087545,2.8200852250110846
62841,48.69682320399519,2.187254173909831
62843,48.6968960653952,2.434108201978461
423849,49.03859339279882,2.703291695218026
62846,48.69667766574666,2.021156345600776
62827,48.6962985672134,2.4535378483691894
61381,48.36888176177511,2.834661870423066
61383,48.37042446335309,2.957479405355514
61385,48.37160767640093,2.810536543410171
61386,48.3712988924723,2.940599805235549
61389,48.37276141518369,2.9416917787102332
62830,48.696292118997896,2.4751350350212884
62834,48.696617065262764,2.435972708072052
68485,48.8820628667789,2.573847111109534
62859,48.697726985029526,2.461064114856887
62867,48.69733625145708,2.293218660176634
62869,48.69825356605613,2.124365474167102
62868,48.69777629510408,2.3377675994908222
61335,48.33999249690049,3.026828222823115
61336,48.34163802276319,2.692241011571639
68488,48.8820038586634,2.6305174598096266
62864,48.697825372693366,2.428105918886395
62861,48.69774969715105,2.361764156509414
68474,48.88039556451494,2.6280881637030644
68470,48.879333639554,2.7885816357286113
62858,48.69756287147989,2.49658400334145
61327,48.336629949144346,2.7385422681861944
62856,48.698453414287165,2.47469890079546
61329,48.337184057997256,3.032305502910402
68477,48.88079062979517,2.7223325380231924
68478,48.88164908956479,2.6909799393537717
61323,48.33488915661798,2.942293872338595
62851,48.69515916620117,2.1638348158289875
61325,48.33627862370965,2.790341461072711
62885,48.69892091617361,2.1995055106012527
62887,48.698248680483225,1.8956416473482378
62886,48.698744332777196,2.206057816061946
62888,48.69925209333629,2.3634986973302543
62881,48.698468873091976,2.0267960651641093
61351,48.34960134485835,2.973484071716659
62882,48.69920909125044,1.9797443223061086
68491,48.88316485431463,2.6095439283636708
68494,48.88291820691642,2.707526318411471
68499,48.883543097755904,2.720654271288964
61346,48.34463236811152,3.0162899994266126
68497,48.88133722250131,2.77492816608535
68498,48.88349547097583,2.602068887341059
61348,48.3512375648143,2.813106881531149
62879,48.69880735765292,2.190674780854706
62877,48.69866333937466,2.2363610251136703
423879,48.7869889862198,2.254056105432068
61341,48.34397076180004,2.605115918895469
62870,48.69815443423433,2.112776242824393
61343,48.344186476041386,3.0198393507837196
422342,48.976606519632554,2.18637708599536
62891,48.6992315470819,2.2988729650623516
62893,48.69929568354704,2.167525886336493
62899,48.699617069233526,2.453421623952471
62896,48.69964111313659,2.361394557182724
422331,48.9749804806289,2.1839709484744185
61312,48.32526517443586,2.8487218777756222
61318,48.332717058540446,2.6921108343978024
61303,48.3197748721415,2.685360718786108
423829,48.943848812506836,2.6861326108120047
424431,48.63659758380744,2.348524006554877
67018,49.070230792180936,2.221134783033951
67015,49.069581582214575,2.079697106136759
67013,49.069943421473354,2.1597864995314784
424422,48.81537014811526,2.393247372757578
67011,49.06915523686081,2.2998755323967783
67007,49.068583194564795,2.134107474989269
67004,49.065060645002184,1.558379555311549
67000,49.066244526294646,2.3226241337185964
74080,49.005928433058,2.6030514583019277
74083,48.77371380351269,2.372211211433754
74081,49.007536876815415,2.6081785690510655
424504,49.05422933717062,2.4944108015689546
424508,49.055025415657795,2.4977002239995567
74071,48.99489925099124,1.9099802098234935
74070,48.98367867834838,1.897966239083508
74074,49.17354045410051,2.046541805765654
74076,49.088746002848644,2.2021143655555675
74077,48.14778819643277,2.7628471495020683
74079,48.14070162142451,2.7861698985073886
422276,49.15437348467025,2.274440277497826
422285,49.129997111865286,2.3699710960980753
74095,48.614122028692364,2.5332412156567776
74091,48.76418294452935,2.384012655834234
68509,48.884362148035905,2.7133340527032543
74096,48.61389414327425,2.5189244237922273
74097,49.040628636676004,2.970163265537772
68508,48.88471367573713,2.617127776099342
68507,48.88477574682096,2.5729930882367436
68501,48.88409438684435,2.727687558347591
68500,48.883950447205784,2.660762262901969
422262,49.1430021552056,2.254967442848197
422257,49.18470738398369,2.3046835636548915
422245,49.14162840092138,2.284924491360304
422239,49.097022326654795,2.447317383389661
74002,48.838536527899485,2.2706081760621872
74004,48.88227567253157,2.4210147486723153
68552,48.88851335023827,2.8083493320615434
68555,48.88936428100257,2.602317244962887
74008,48.739976174720425,2.3595006712155424
68557,48.88872933302295,2.607483862947053
68556,48.889324972415366,2.598621757341127
68559,48.890014021704665,2.581855610386848
68550,48.888612429446795,2.704528216357762
68565,48.89010469542872,2.593828878479384
68563,48.889476030607575,2.7374511651866174
68567,48.89016052284162,2.7219689041894917
68562,48.8895631180189,2.7203083109848594
74023,48.92028790561729,2.3033182643355925
74025,48.92967127154295,2.273643506258855
74020,48.491084896547704,2.3514942602589173
74022,48.92248780937079,2.2996519794105317
68575,48.89083426991082,2.725552073667911
68574,48.89191816629379,2.579890042952137
68577,48.89095431015253,2.608612683123131
68570,48.89035759695586,2.717794692667117
68572,48.89083900932877,2.618869309767906
74014,48.924160445831305,2.252744777424254
74010,48.953873077869495,2.5487009322436274
68588,48.89288191632807,2.8099084860107015
74019,48.83725082515798,2.244589945575632
68586,48.89298887586064,2.617626104055422
68583,48.89105492854411,2.9275760704044833
68581,48.890900170357234,2.9320426772440595
74049,48.67753741958337,2.3256501064921586
68511,48.88493136565299,2.690905916299151
68513,48.885018665658784,2.730778181344736
68515,48.88440517647447,2.840082169672014
74042,48.85605513995233,2.3401446417914666
68517,48.88526414122897,2.7360133025991775
68518,48.88583580053609,2.834016336802532
68519,48.88517604205646,2.623976712739375
74045,48.8409280760491,2.6676367292100216
74047,48.680795400381825,2.322796298618042
68520,48.884622397786295,2.8312656883392098
62902,48.69957072852918,2.4938809985353614
68526,48.88557057844455,2.7713098350565786
62900,48.69967858219119,2.316226221917843
68529,48.88679166700971,2.6187216533255606
68527,48.886998281679375,2.5848526929163196
68528,48.88608455672516,2.7172178369421154
74036,48.86871707613003,2.4612037088971968
74034,48.83871681588865,2.251026851936915
62911,48.69996938603376,2.476830617824719
62910,48.69976720171488,2.243023687908554
62912,48.69995775758005,2.214756526072207
68530,48.88812403391637,2.830463387664582
68532,48.8867040529255,2.6265907793654555
74068,48.91556275428468,2.0096438696649437
74069,48.509977830661335,1.9278700061742802
74063,48.673391109239915,2.1410597213369806
74065,48.889787651126056,2.4197038071101598
74062,48.76564406159627,2.4908594308691656
62908,48.698524548008585,2.1874451324202444
62903,48.69886687287078,2.4438770665359955
62905,48.69980751479696,2.383623141324328
62924,48.69967751566669,1.8596405610956503
68547,48.88831294004914,2.7241198155910027
68548,48.888362306078406,2.7107414077208887
68545,48.88811741794916,2.7330804808782942
62921,48.70075413977329,2.4217823629253723
68543,48.888120951908704,2.6897687319277
474405,48.838752008795744,2.274985522453513
74059,48.91695719117404,2.315227339729536
74057,48.93148340068385,2.2796101353330607
74055,48.83279495960067,2.2939977967064213
68549,48.88762805028061,2.856975333009804
74051,48.67469959592837,2.3296526269808346
62918,48.70006880749924,2.3383704188644265
62916,48.70016819503522,2.376009338727138
62914,48.70024678119021,2.3661771114072385
69262,49.03545038610823,2.9294465381589956
69260,49.03565651209452,2.699246721971863
69264,49.03648737946593,2.6918089076222103
69269,49.03806886939053,2.700272167253934
67127,49.099320066800644,2.1357440325534784
67129,49.10033525088875,2.202641238641462
69271,49.03862011680165,2.505340227788161
67131,49.10022212586175,1.9705312485291762
69275,49.03980285971384,2.6925961704032466
69276,49.038159612070196,3.0569558464126967
69279,49.03942562595539,2.97902655445982
67135,49.101056218462716,2.1827946527521926
67133,49.10132675191914,1.9668524863968035
69244,49.029953742578314,3.0149939273892516
68197,48.850205756399276,2.6340816170508896
69242,49.026696593732865,2.750444635382543
69241,49.025096248940216,3.0262386278777416
68193,48.84949004335436,2.6412613306256683
68195,48.84971176834916,2.6900314619438164
67109,49.094038831646984,2.1935370641594663
69249,49.03197224740282,2.5600630335596066
69247,49.02880351007001,3.0336655106055503
69245,49.03065934246627,2.8048641422583622
69253,49.03316845484967,2.6353016594265894
69255,49.03174651712166,3.1062192310418237
69251,49.030752872759216,3.02231004944527
67119,49.096595930036735,2.2014664051709314
67112,49.09826452155663,2.4661168566162983
69256,49.033783447565845,2.6394546930206837
69257,49.03205959214749,3.160352068748113
67115,49.09579496880075,2.48748813530265
67116,49.0963443149113,2.4529921342127308
69222,49.01612919052132,2.779292895047712
69226,49.017669144835246,3.025530812988654
69224,49.017498426308954,2.7050732588259745
69223,49.01789351994517,2.591346191764209
69229,49.01975789203533,2.5869770362196514
473202,48.877750055877854,2.356340677898284
69231,49.02081328141466,2.5985626065477603
69233,49.02110733879248,3.103216966500375
69237,49.02174508684982,3.0317741723454987
69200,49.007444388001275,2.8267320474137416
69207,49.011941161866304,2.5164345161270125
69205,49.01110223459058,2.5327912123815164
69203,49.00975530113383,2.83632685791896
69209,49.01257300379918,2.5855919881816445
69211,49.01496040280497,2.600179961184886
69216,49.0147134854818,3.033020706873684
69213,49.01524285522181,2.705646560491122
69215,49.014337695745134,3.0777084971903634
412739,48.77743635463894,2.1943750116816383
74348,49.28534290353868,1.784771800840228
68137,48.841886290677685,2.6309653652726803
68136,48.84103540154639,2.6177552001625193
412734,48.950855041807465,2.5228873261820994
68134,48.84043925820387,2.7152174108088514
412738,48.82987145867104,2.352722543757209
412737,48.82826648004634,2.352796958588053
68133,48.84081004491399,2.5957117746872425
68130,48.84014503722051,2.752768494255863
412740,48.92486437806771,2.2395581462986525
412729,48.778347492328784,2.423406257357159
66008,48.99500296277496,2.32517231568429
412723,48.896400318018024,2.184779854539568
68145,48.842639401833374,2.655826281960223
66006,48.99458656954436,2.175080916272119
66005,48.993506546536985,2.234652110031795
68148,48.84366595263153,2.643978851832879
68147,48.84321523326255,2.6686576798265063
412726,48.84673010453385,2.3816334330221993
66001,48.99444588575662,2.163849892279825
412724,48.866122764853145,2.3795493182422462
66000,48.99449462657784,2.2061104350195015
68142,48.842218049254214,2.7051523051592663
68119,48.83974715130678,2.6019192225169343
68117,48.83942585911968,2.6691450082194863
68115,48.838693557310954,2.705526473309966
412711,48.93623938180748,2.342758520885946
68110,48.83760135097467,2.7534685688696126
412708,48.488470553793256,2.3455852609117978
412706,48.919493882029144,2.378012364694072
68128,48.84066126311394,2.5916254688602436
412703,48.95035267701079,2.5054357051185203
74314,48.44168138350322,1.8080000185272025
74315,49.1340280820909,2.2312473772504884
68120,48.839827153220845,2.6599117938110206
68122,48.839483239085034,2.792582231193426
66038,48.995689406908774,2.421302063402292
68178,48.84661374828661,2.652461573469401
66033,48.99592279623064,2.220260332101549
74301,48.46077734027141,1.7678289129974682
66032,48.99162182005703,1.6536084054644258
66031,48.995970003805375,2.2516847014388675
68176,48.84841866048111,2.6011239440152085
68174,48.84693514173372,2.60942020848729
66049,48.99458129831705,1.705978646696178
66047,48.994373193878076,1.6954808644340862
66045,48.99629926203881,2.39187946209687
66042,48.99662368669475,2.0940751421929567
66040,48.996292911371505,2.329904492707623
68187,48.84878069313201,2.6569780793173865
66013,48.99394370363193,1.7958507884518193
68158,48.844181358947225,2.7213080863080235
68159,48.84478648590317,2.5830019827325628
66017,48.99503840898347,2.302281842086758
68157,48.84396043237753,2.8254429575729536
69280,49.03899989804843,3.0811714371920202
69285,49.04168432437287,2.966982653155157
68153,48.84363365814831,2.6160874434983716
69288,49.04366273622369,2.50490234422245
69281,49.042514560189446,2.5055766748854698
69282,49.042631186564115,2.503332378401528
66010,48.9943282085649,2.2501368037601415
69284,49.042377871938704,2.809094361552882
66025,48.99571174691268,2.1596886891099913
66023,48.99543865219794,2.200663789928633
66028,48.99536631632634,2.1546788435108195
68168,48.84307033919772,3.194787710476715
66026,48.99380915360752,1.6977841989759348
69290,49.04355174935374,2.8506915789022833
68164,48.84471151158239,2.653966291915662
69298,49.046652450128434,3.092694080865118
69299,49.04366738528916,2.625407009515612
69296,49.047566405039,2.663769351570941
69297,49.048228604355,2.506609758622511
69294,49.04680286673457,2.6245636442939646
68162,48.84511223025003,2.6200485332439234
412694,48.84727407959318,2.3116188736403713
412697,48.84066165016273,2.550355682334223
412692,48.8050434851329,2.3618264922179093
412688,48.7809092912992,2.3612166133641526
412689,48.79850542478208,2.400134853818667
412672,48.846920893575714,2.4290657432235854
412665,48.87383260275924,2.4307271940017343
412686,48.81994864151204,2.214127692132796
412677,48.78489580939867,2.448309112426073
68221,48.84912925980595,3.2292320310649183
68229,48.852431215260324,2.5843921829780245
68224,48.851880862846286,2.601049744888874
68223,48.851509855389125,2.7040095209419635
74375,49.03584722450455,2.4606865096980175
74372,48.7490943404678,2.3700861947724925
68210,48.85078496130422,2.651875028475751
68215,48.84966218015855,2.734885454401502
68217,48.85155466910681,2.6210508911735007
68211,48.85014826644881,2.786857233002771
68212,48.85099347194599,2.6270579044066116
68213,48.850693053400384,2.637580450860937
68203,48.85077735732647,2.7696364594782796
68206,48.85057583567914,2.6301338785338246
68204,48.85032365174787,2.5847905590473723
68208,48.85066175121582,2.6574835393973544
74368,48.945834604429876,2.3476751161757132
69319,49.055275388936856,2.674705364690025
69316,49.053555537673034,2.6856059685108242
69311,49.05227879107773,2.667268354394556
69312,49.05244590294383,2.533663957574128
69310,49.05211591721345,2.663671475951826
67097,49.088168995334804,2.3716292266252452
67099,49.08956420977755,2.2842391266996054
67090,49.08669789545123,2.5008432506113483
69304,49.05045809105094,2.5086884473185234
67089,49.08419141770822,1.647214431845526
69307,49.05129600319222,2.671187162320511
69301,49.04989950075555,2.658897932010637
69303,49.050652357101086,2.51222974608232
67087,49.08310074482836,1.6590234320345667
67086,49.08494877619302,2.501859390683434
67085,49.085516352388446,2.197817571387395
473253,48.416338736998675,2.723326865579266
67076,49.08087405853872,2.0039346478485185
67070,49.07962024810924,2.194828923537976
67072,49.07929713289789,2.351841476258197
67065,49.07777496094889,2.205342315295818
67063,49.07784922427968,2.107049370547282
67056,49.07527336875233,2.026694778442739
423055,48.98909995350721,1.9130808105894372
67053,49.075908581608594,2.49879825303859
67048,49.07512358150483,2.1624810621795145
423038,48.91798607648184,1.966994782534291
473293,48.83989638690671,2.1858544161276234
67043,49.074757986269546,2.104898969713646
67039,49.07656419080444,2.3569603811357625
67035,49.073751838934186,2.184641359717243
67037,49.07224242186399,2.0702473190273487
423071,48.980784958643476,2.5259050384737813
67029,49.07029857606918,1.7681233910947343
67027,49.07046709680563,2.174367072242313
67025,49.070557866355585,2.3091833297132287
67023,49.070816392818706,2.07422130679284
69365,49.06981220285955,2.801432506248281
69363,49.06990965483407,2.5666180957307576
61959,48.53332160561207,2.572035527747327
61957,48.532935116271716,2.6459938054601433
67221,49.13087990747177,2.2648630208762217
67223,49.132074175751356,2.223808800619171
67224,49.13288252643389,2.048927465320013
67226,49.1324223827534,2.1708723673840313
67227,49.13271839147569,2.280443574165953
61961,48.52921314541608,3.25473114370952
69366,49.070654480203174,2.572482860235601
67228,49.133325233884925,2.271467051561303
69374,49.07164378562266,2.797141970342919
69376,49.07136821522202,3.0201994559296654
61968,48.533270912164966,2.675397602926998
67230,49.133746359459735,2.3614301514937015
61976,48.53460681924075,2.5462414257113046
67235,49.136352182810136,2.360281249352443
61978,48.535843722828524,2.563047702620684
67233,49.134548752591336,2.3567751463185727
61972,48.53497395751654,2.657182076472983
67239,49.137009400112724,2.225050375629114
61971,48.534875204993476,2.53652701037952
69379,49.073026034912374,2.7930787399828003
61973,48.53496682730506,2.625018588156364
67237,49.13672224604335,2.3673542665242886
69383,49.07511684693897,2.7880954281996484
69382,49.074091898108996,3.0240462788540077
67241,49.13601005772986,2.2424955227732624
69387,49.0781884367111,2.7938588430597613
69384,49.073983074626305,3.0283025615541757
61983,48.53772223150625,2.623027923977177
67243,49.13788093332029,2.282968667373452
67246,49.13880578973324,2.11219977373648
69390,49.0802144752001,2.5028766968482676
69391,49.07873720815397,2.963215615758807
69394,49.080101631054156,2.792715167294788
67250,49.138948652917115,2.3326021983149032
69395,49.07920474415684,3.0753624813333986
69397,49.074640183553846,2.6752682481554726
67258,49.13931924915328,1.6617003109864141
67259,49.1413686416305,2.1489595285356
67256,49.13781887346961,1.6537560250382972
61998,48.53981829187734,2.673203158401822
61997,48.539680589087496,2.6578286348139586
67255,49.140303846132134,2.2966460160743942
69320,49.0541392814075,2.6802258639787384
473100,48.85132816689886,2.2784560473856863
69325,49.05638108115423,2.691649720606064
69323,49.05719074829273,2.542295556773314
69331,49.05871664430578,2.6907738741762617
69338,49.06124312428011,2.6855183423649116
69337,49.056284235788986,2.6959872976661163
69334,49.05778782463836,2.9892325125455916
69342,49.063222260325084,2.6946193750688407
67207,49.12808999936226,2.292167231614359
67203,49.12579709306593,1.8144912480658475
67206,49.12808219497855,2.171256936997458
69345,49.062175793966496,2.717086077622219
69344,49.06264696778831,2.526764880273868
67202,49.12736411714759,2.370242867092373
69348,49.06430130969996,2.5997108214529043
69352,49.06654357941739,2.6061729759927577
67218,49.13127892767631,2.2691117316496596
69356,49.06592832922155,2.916884381417166
67216,49.12470110349376,2.3673640235205307
67215,49.129939382220584,2.3787542457847297
67213,49.130466453730264,2.0532536458105874
67211,49.12853161588193,2.4219216655384637
68239,48.85406276773743,2.766473809346431
68237,48.853097862711586,2.671531684984763
68236,48.85296430863424,2.7178813711664462
74206,48.883025288826154,2.843897612170007
74204,48.97756726001928,1.9211434013204551
68232,48.85250398758918,2.7152809401688445
66102,48.998294278058474,2.1866866215616025
68248,48.85428127616601,2.7214857490555016
66105,48.99839874132154,2.1955137159803524
66103,48.99978222773191,2.3898023378845275
66109,48.99704833087447,1.7087392512352344
68240,48.85307304664557,2.74008081317613
68242,48.85456031032353,2.578583083565605
68258,48.85049491417112,3.4266033542242367
66114,48.99607118226428,1.733938860378663
74228,48.27137088116754,2.677711315534689
68256,48.85527756390817,2.5935415897448957
66116,48.99891003378245,2.1112079406940083
68259,48.855188188587725,2.74295951641802
74223,48.59707890823647,2.588947890166535
66118,48.99707269274952,1.7105977200039633
68250,48.85448321372477,2.6271623975603844
68251,48.85370029635042,2.8165111607154096
66128,48.998232583239115,1.7419228237725881
68266,48.855024435817114,2.773168869053864
68269,48.85674863774391,2.779041291476527
68268,48.855398185018345,3.0426982225353303
74217,48.81956225675309,2.242115443309661
74219,49.125522705977886,2.24695068629102
66121,48.99906289381144,2.1057589890815103
66120,48.997506270584346,1.7061791448720098
68261,48.85535181654871,2.7634288570994117
68263,48.85611160858122,2.6244794852488313
68264,48.856156838239514,2.7197584919830624
68265,48.85600834241021,2.6719494595394226
66133,48.99949980083538,2.360599778805497
66136,48.99956411886491,2.239783663881282
66137,48.99888463723304,1.9215959404679281
68277,48.8584246305284,2.6708915931179313
68278,48.85924070522718,2.588740267652152
68274,48.858432300583445,2.594300676143433
68271,48.85768522889489,2.586237935172996
66130,48.99953679739318,2.227060095433027
66146,48.99956606340302,2.093716321162099
66144,48.99963497099286,2.082077426641732
68288,48.859919448461355,2.8639071587763394
66147,48.99961806372707,2.29272867064199
68285,48.86068290621042,2.7366830548031515
68287,48.860488348935064,2.691044115459967
68281,48.858422322171236,2.925508884038275
66141,48.99981222166264,2.1532739518540174
68283,48.85980749378401,2.814111264683022
66159,48.99947308454614,1.8870592526372894
68299,48.86285393318401,2.694689900998013
66154,48.99980452142062,2.1464746408534516
66156,48.99857233551628,1.7464591467872188
66151,48.9993524335475,2.2194161745914207
66150,48.99918352047748,1.7020164427787483
68291,48.86111135560604,2.695517920845778
412662,49.06109774014835,1.5489171097615093
412664,48.78478370803751,2.099141858440987
66169,49.00031541584488,2.235604177781299
66165,49.00016174152038,2.357420897113309
66163,49.000475780296654,2.1542813566728434
66162,49.000670249638986,2.3050558129675087
66161,49.00033065193703,2.348719753500977
412652,48.72118985765098,2.097104943772633
66063,48.99647227567829,2.2594466737537315
66065,48.996838837578395,2.2256311060862757
66066,48.997159783599805,2.3257319494359847
66069,48.99713774156239,2.3817498806731763
423140,48.86775790957702,2.377498645462409
66053,48.9948553174671,1.7397495723492127
66051,48.99640648048841,2.1613037420238657
412564,48.796037142643335,2.5075181768786736
412565,48.92177421880437,2.444967982642796
66050,48.99639773516227,2.3794969729212307
66057,48.996113723512075,1.8759107575848748
66055,48.99516356569998,1.7425574835061814
74285,48.442112282818,1.7967595000189247
66081,48.99774998221337,2.1166876472663434
66084,48.997828171479775,2.296483975419886
412570,48.771423844308075,2.4090525398923774
66086,48.99594954190411,1.6875447600384974
66089,48.99764601357648,2.2697549391801433
68304,48.862731520834444,2.8539086715619177
412567,48.86998292070883,2.211089301540019
68302,48.86258365449318,2.818183680782212
68300,48.86220784265713,2.8559069853678007
423126,49.09311103936378,2.528122975075677
68308,48.86329839885071,3.0435361576550273
68307,48.86435595936546,2.718603462636172
66071,48.9972798729334,2.309686198088416
66070,48.99712828283972,2.1752728902270526
66075,48.99722918009451,2.430195210990621
412581,48.91105139912693,2.236096622491145
66078,48.99758406754156,2.284098702845746
423119,48.80403053264381,2.320815109577276
74231,48.84391638915373,2.627285680676784
68329,48.86669543164592,2.698790944455581
74232,48.967743463031745,2.2708510788185667
74236,48.966144095143996,2.2792527818173194
68326,48.86688829812829,2.6370315656576424
66097,48.995784086038945,1.9841711483686157
66095,48.997073284298615,2.0982492804225203
66092,48.9957886569067,1.6351588039761655
74240,48.42928618671191,2.7482266061235294
74244,48.97806635268467,2.54017136583397
68311,48.86319168215563,2.8840378156146707
68312,48.86487826954372,2.709488245184355
68315,48.865071123967866,2.7885954860909723
68316,48.86532643215609,2.7163626998437387
68342,48.868413064984246,2.5731067693885397
74256,48.982519595176164,2.6133948077945304
74252,48.48707108998439,2.730661077743433
68347,48.869266443901964,2.6208947786316834
68348,48.869318158893236,2.615959495071395
68345,48.86903408367477,2.6019544278959326
68343,48.86871257682153,2.6321726183412046
68331,48.86729463037447,2.719623600644716
74260,49.06521541157188,2.111283213263368
74267,48.97906945934239,2.5009138152128614
74261,48.55468571944991,3.0191805177421087
74263,49.11131863947805,2.1759900339898164
68337,48.86662003374043,2.9921687175536085
68339,48.86759859528051,2.816060069433942
68334,48.867345899600025,2.757505929790695
69412,49.08707371786958,2.521401524921529
69410,49.084759059785334,2.5193079253785733
69417,49.08902220678949,2.508487388804875
69415,49.08881516865357,2.559457633094886
473133,49.03441547315362,2.0835276279291284
67196,49.123797953229385,1.949130578756817
67198,49.12463294351589,1.8918724797601196
67193,49.12350872669557,2.000662862757303
69401,49.08340083591108,2.5047831093431485
69403,49.08366281333081,2.6464929947572933
69405,49.08373750960008,2.7894838202166756
69406,49.084463659487085,2.50413642312413
69407,49.08471941279356,2.571853587930521
69409,49.086391262400014,2.506061902407617
67187,49.12293115342532,2.431573607843576
67185,49.12036091179633,2.0528080919138145
67183,49.119789439764574,2.0010565105662343
67181,49.12070984755214,2.424851382826585
69439,49.09707487254363,2.5175849061045765
69434,49.094874158317786,2.507035362400418
69432,49.09399337436995,2.5027582936069708
69426,49.08795996592774,3.078955048018513
69421,49.090647036487674,2.5167137398273316
69423,49.091370785911366,2.5045495559478668
473123,48.528209636428485,2.5713865121251382
473130,49.04736019671479,2.0082851193321796
67159,49.11070666060113,2.233003965117392
67155,49.105953964340195,1.8470961665376229
423192,48.89809283948605,2.2167128418596285
423191,48.86529070744295,2.4006949214091127
67153,49.10839124393101,2.3480675304430694
67154,49.10864609417623,2.2320620543162177
422067,48.85642935230206,2.2158467701643167
67145,49.10573071991471,2.2047563059511885
67141,49.104234337573516,1.961852777697077
473194,48.84152586541586,2.313745422349437
67178,49.119093455485675,2.2270374304865674
67179,49.119334467633266,2.2309721794946866
67171,49.11579486143534,2.4227074951576895
67173,49.11673394166486,2.0170876481660707
423172,48.901387551800156,2.2096653019358756
473166,49.05114523937997,2.0313405044573987
67168,49.11410378871058,2.231337426833541
67166,49.11352678466929,2.4222328235116843
67165,49.112568887627724,2.2275387816877665
67325,49.154900208435464,2.325596475221746
69466,48.784055627027755,2.2255839671411835
67321,49.15488099287964,1.7905271826630769
67323,49.154308861886626,2.171125132969125
67322,49.15411295013798,1.7928413329340611
67329,49.15721533967654,2.2843185788727816
69463,48.781902156219,2.2263780865538414
69462,48.78064939943635,2.232956517485378
69476,48.79000756665358,2.223855360922354
67337,49.161643427593646,2.1400439020440056
69479,48.797387664094614,2.1887029348084
69478,48.79436319384657,2.2200877535526606
67333,49.15770480665669,1.943431778565916
67339,49.161103786395586,2.301902149844345
69470,48.7869991388723,2.2252612460453998
69472,48.78760306527418,2.2289409902927493
69474,48.787046539909426,2.221483394268916
61889,48.52227749731862,2.69209531451179
69448,49.0997560090141,2.5481158906772827
67300,49.149434964677916,2.272549431047498
69446,49.09928756716213,2.5325922598242645
67302,49.151878692674835,2.168148419089697
61886,48.52201755672981,2.5705771857250226
69444,49.09714052722582,2.5284696895504477
61884,48.52196473907521,2.539640667497581
61882,48.52135069887621,2.6851402480387256
67309,49.151369417025684,1.8864753078925545
67308,49.15277369712487,2.291144524257482
69442,49.09829976534654,2.5387354549726315
69459,49.10877746283782,3.093661108931593
61899,48.52396906319341,2.657687364792398
61894,48.523059454920656,2.5602899872300116
69454,49.10223331338619,2.514709165138483
61895,48.52360796531675,2.6781658893871674
61890,48.52098220546243,2.642330171698885
61892,48.52241552764234,2.545744260718812
69450,49.09951086248167,2.5253261424056497
69453,49.101617855284395,2.547093192799296
61860,48.51798383549121,2.6613554075561563
67368,49.177721808791595,2.0269286230377888
61862,48.51829787759748,2.673933032852391
61868,48.51906770251578,2.6473873538801116
61867,48.51915115877365,2.5616227204084954
61866,48.51793744387989,2.6836983108044086
61865,48.5191830724071,2.554479370943069
61858,48.5133943832306,3.250322076861581
61859,48.518145390281575,2.633920209376174
424776,48.77520759978057,1.806969685851103
61873,48.519850638173054,2.6859888222655255
67379,49.193527478501615,1.6916542849667497
61875,48.52036281306712,2.611236035077271
61877,48.519949852275936,2.6743831748117977
61876,48.519986127632755,2.6896239013083014
67378,49.19328108031369,2.0615222239914828
67375,49.18345701338401,1.7324486383676592
61869,48.519325347396105,2.6403034951564877
67372,49.180689638838174,2.1144232934156744
67371,49.178389931529686,1.6846237044981716
67370,49.180395263663094,2.038508786506318
424789,48.67840712050643,1.6494558262104622
67343,49.1603691917359,2.3398319605829787
67344,49.16066160955075,2.2962187078860308
69489,48.80061251031104,2.1887685039211875
67346,49.15864532236912,2.0435600874881517
61840,48.51456628516768,2.619992074061956
69487,48.799370363385535,2.184662590927662
69488,48.79996879473299,2.193325848831562
69486,48.79942127163939,2.1975003901197647
69484,48.797592235694545,2.196350904831359
61839,48.51462954976053,2.640322151392237
67341,49.15840298469466,1.7929401192283512
61855,48.517070464332,2.6428172286115066
61854,48.51709090876027,2.6246385886607797
61857,48.51794190354353,2.5593782383339794
69498,48.810783038440945,2.1918240495057626
61850,48.51452400647291,2.596256512715276
69494,48.80969575906953,2.232229734741549
67352,49.16300140123273,1.936865953454158
61847,48.515619696002766,2.6331592610831684
69490,48.80217478158999,2.188369784014423
69493,48.808225556134765,2.2336811478706067
69492,48.80817469232072,2.181896882475265
474161,48.55652963723598,2.642595779931484
474152,48.87103532895117,2.27616753818159
474149,48.8796540658892,2.3625825823820072
423226,48.936175263889524,1.992351759170918
473099,48.92964283341897,2.496877213365408
412437,48.8871516891658,2.5863038143715866
412434,48.832145372219195,2.252946760883524
412440,48.61109145108809,2.4620101324103287
67290,49.14776205526634,2.401395010244253
67292,49.147884285137806,2.279246059781958
61949,48.531102213039,2.643730720067699
61948,48.53093583988239,2.5437132894173273
61947,48.53104221147955,2.6554199278485804
69516,48.81640265693981,2.1915803338925572
67299,49.14976837973168,2.149863228562379
69515,48.81565342643906,2.2244337749527845
61953,48.53106044685053,2.666546500057674
61954,48.532242183258575,2.6582022400286958
69511,48.81478902790182,2.1943631238438974
69510,48.81454763169108,2.157385531236118
69519,48.81649426188461,2.2320819688606446
69517,48.81575027729184,2.1941984650155337
67280,49.14543353140536,2.2951510048484587
61935,48.52950463801497,2.683161283007869
67283,49.14410596086446,1.6708901624324592
61938,48.56714759461682,3.3182657947683873
69503,48.8122311472798,2.1878523948512134
61942,48.52976752046475,2.8351163217423423
61943,48.529579697262,2.5721337826541406
69502,48.81185442401154,2.2122000142030753
69505,48.81282706557761,2.2144460938292516
61940,48.53031477309793,2.525244286014648
69507,48.812410992818904,2.229983651523504
424844,48.90878681228269,2.215487737471925
69508,48.81415415239628,2.213833700510113
473063,48.607786690997266,2.3049806915271565
61927,48.52938349582736,2.55303831721446
61926,48.52788402211089,2.6551901146606722
61925,48.52827625035275,2.6228994354280712
61929,48.52947870151949,2.6921207568231904
61933,48.53060873886324,2.578152611072748
67276,49.14567166417175,2.385342847731727
67279,49.145508703758345,1.9847986532839244
67278,49.14592495659034,2.3117074119558687
424879,49.04760916642781,2.336840947460281
67264,49.14485185377909,2.281172724870255
61915,48.52696222788746,2.6491355404886776
61918,48.526663402201756,2.58822669835606
61917,48.526903070638255,2.5442020772713305
67269,49.14294793837579,1.9807578029421573
67267,49.142790100083886,2.296680782439441
67265,49.14309975647893,2.3004453866491463
61908,48.525531860300866,2.691277177775872
69551,48.725389509872414,2.4521187632921113
61907,48.52550436256308,2.6693445806374165
61905,48.524336025488566,2.696755430374604
61903,48.52154908891531,3.24384058979537
61912,48.526991645365094,2.6624010273339267
69557,48.72776774553097,2.4186758647719504
69558,48.7277050544323,2.4500483470841123
69553,48.72656818433147,2.410667985500793
69541,48.824744334653396,2.213803412458761
424800,48.78834498055609,1.6055461386731988
69547,48.7239368977043,2.4580272421192944
61901,48.524418360652206,2.6437422629319234
69542,48.824277009988144,2.1869564552379583
69544,48.82535524372259,2.1512106023359783
69530,48.821138337475624,2.1751693427669023
424836,48.94632871635149,2.2989964489955876
424837,48.84939372797127,2.6160245678801863
69533,48.82196336906857,2.2322057254731047
69532,48.82132069952414,2.2273799897903164
69538,48.8229897083858,2.2102680455742694
69536,48.82257220999674,2.190204330221053
69528,48.81893189778071,2.229955452133465
424820,48.81504514961871,1.760541502510888
424821,48.794354197822585,1.6025059877420151
424825,48.83144516682212,1.7027194262768655
69521,48.81739807622674,2.163052798597851
69523,48.81817481370796,2.208434240581767
69525,48.81839456238029,2.166005883282868
69527,48.819459321402825,2.1690873805632265
61760,48.4863896051573,2.7567016596483978
67427,48.69138491115278,3.0797621193322846
67420,48.689068893217296,2.530011245256214
69569,48.73063882205216,2.303883214514742
69568,48.73057207934404,2.4466530774665505
61764,48.48742646764328,2.7366949996159082
69567,48.73030708862086,2.413752946580068
69566,48.730085602156464,2.3100701359299074
61762,48.482617420662145,3.345980756072445
67426,48.68963924202364,2.610955477235728
69564,48.73020171538933,2.42724839741367
69560,48.7281663369578,2.4535443762831597
61759,48.4862305127553,2.7173491561844263
67438,48.69131696090771,2.606907971223358
67433,48.69031862434932,2.615202734386933
67432,48.69001840616843,2.6240084006872175
61779,48.498247291626335,2.5432665690689187
69576,48.731413574531864,2.418383753710621
61775,48.49412745399489,2.5981391209284834
69578,48.73228489163569,2.3990869947282993
69577,48.733536345894336,2.371381993093596
69572,48.73276468961592,2.4404296728473605
69570,48.73123413172935,2.4586313517057996
61783,48.50064727703929,2.5630768149962084
61780,48.49763584126838,2.8035370817649428
69589,48.73480608833168,2.309008358767012
67445,48.69251217332763,2.612075340265727
69587,48.73489707069639,2.4180050267707225
69586,48.734964841578275,2.287059649726852
61789,48.49806711910786,3.417687455325715
69581,48.73304757875077,2.450012492159516
69585,48.734787979115424,2.4122613236720762
61790,48.50315505789618,2.6358387729026225
61792,48.50197203743509,2.7829449384660134
67459,48.69542977753639,2.5213806096102234
67458,48.69511723295198,2.5021578613674476
61796,48.50463164111882,2.6333173065798534
67456,48.6958085333873,2.5149436113037127
67454,48.694009255833976,2.543336134585166
67450,48.69408368334529,2.616852969405904
69591,48.73511607101674,2.46480515912586
69595,48.735903909833276,2.284660397337374
61725,48.47535876202672,2.6276564902041217
61724,48.47284485053701,3.084341211581857
67468,48.696503754577904,2.614226474636569
68070,48.83078608902235,2.5876025183753972
68078,48.832092335600045,2.718586907881531
61718,48.468093882735346,3.2529199582043478
67461,48.696636113952785,2.5040252450451352
61734,48.47973226391804,2.704989663284252
67477,48.69601599839699,3.2914414291112624
67475,48.69953700130587,2.527314989147093
61730,48.47430229324149,2.7083078895666683
61732,48.477893556588086,2.6826947537545123
61731,48.47834960746868,2.505526123373724
68081,48.8325285341115,2.629492244799201
68089,48.832524516616544,2.698491162960163
68087,48.83341398446297,2.6758038920223095
67473,48.695233717791815,3.4383660839659957
61727,48.47411302416369,2.690402448001752
68082,48.83115021495335,3.0349613778257254
67489,48.699132289414756,3.2685836127741856
61741,48.47849575623996,3.251826721578015
61747,48.479858294364135,3.1973097363267207
61746,48.483013649911236,2.5207667014617416
67487,48.7023225690987,2.5110103260702172
424886,48.91335391043873,2.4877158323563813
68090,48.82949776206793,3.439542680721846
61739,48.48125489032909,2.5483128556725227
68094,48.83594806763667,2.586212938612763
68095,48.83497035439174,2.7205535584959635
68096,48.83512524860179,2.652667591791687
68097,48.834838731394285,2.659365349577363
67480,48.70018862499831,2.7746076354508364
61752,48.48620524441242,2.7124436675314763
61751,48.485096168186864,2.700487033276534
61754,48.482141860175965,3.293745130850034
61756,48.48251826002996,3.364106023610845
61755,48.48367766808522,3.1799759956142637
67496,48.70192945703247,2.963277024990608
424897,48.99714969010334,2.303497118514638
474098,48.69551328252698,1.8858819723709623
61749,48.48500244350179,2.7043713828221825
67492,48.703218601576715,2.5014895585409986
67490,48.702809922167916,2.6008559959459223
68033,48.82680912268701,2.6474992649421476
68031,48.82707143724701,2.5954096738165084
68037,48.827338476380994,2.644035865131835
68042,48.82718127487265,2.7107880073659967
68040,48.825717919803374,3.0879630206641253
68048,48.8281759004682,2.6743789605730157
68049,48.82771855381496,2.9504252626676437
68052,48.82725549387546,3.0368453000364224
68056,48.82946102538618,2.5986127166254747
68057,48.829442025780416,2.6769728292821906
68061,48.8298505457842,2.6717667029952588
68065,48.83063900212345,2.5906005771634715
68066,48.82640309992809,3.097403508345
68069,48.8303223698652,2.603394273159248
68001,48.821697407271415,3.0885418867513588
68006,48.8242022821916,2.706221241181268
68003,48.82382615792911,2.617704302065289
67403,48.68562756056141,2.608186932358063
67404,48.68591149883169,2.625165449932133
67402,48.68410237962999,2.963323505869111
68018,48.823412403011666,3.0921950093531585
67409,48.68667061952615,2.6220219399110944
67406,48.68569276906737,2.557407622763629
68021,48.826484080402544,2.610833377149323
67412,48.68742402670173,2.534896250086192
68026,48.826555870651326,2.70511829146951
68028,48.82672963724121,2.6330341023012798
67416,48.688329378694824,2.617554020747654
424911,48.9877799426708,2.378896195106494
424901,48.99612193173842,2.3061484297377843
68108,48.83762365805526,2.6711319223443755
68106,48.83801370371377,2.5879881201035944
68102,48.83650601009314,2.649674793742811
63999,48.8073736939474,2.040307775059704
63996,48.80801171135612,2.1596970713682397
63994,48.80635709401827,1.6722476917441678
63991,48.80722157791779,2.131570793181123
63989,48.806388385797796,2.152070746625082
63984,48.80657465965568,2.1261077013269647
63986,48.804931583560695,1.6730737850434836
63983,48.8059310323425,1.959777889107383
423365,48.992887228534165,1.742885900760285
67393,48.68417675024311,2.6664597912974575
67395,48.6827277423205,2.954698927970248
63949,48.80382729104086,2.1441811458632443
67390,48.6834456807967,2.537675597553097
61808,48.50735192561352,2.615915148458232
61807,48.50393480433627,3.2505070838226002
69619,48.739178811026086,2.305374037261535
69617,48.739070915522355,2.2773484890214664
69616,48.73850693594827,2.2981485354217206
63955,48.80263340840436,1.8156354836934856
69611,48.738178700915704,2.2905513885929323
69610,48.73790335242697,2.4468337699921365
63957,48.8038527312188,1.8970072311152826
63958,48.80442344723093,2.036937578631126
61812,48.50897553579936,2.625732358113979
69614,48.73869240905561,2.308351802381839
69613,48.73843879089447,2.3111564598415035
61811,48.508154766621615,2.608320945404193
69612,48.738303160112494,2.413758380298469
67399,48.68436962227533,2.9358973062088345
67384,49.20823131068653,1.6820054102856261
67383,49.20682432432022,1.679557391469101
63939,48.80222452154912,2.0561285752912823
63938,48.802941417515456,2.165817287905753
69606,48.73789045580569,2.3698269736784296
69608,48.73768506969312,2.4414852064224597
69609,48.737614766484036,2.452520846436703
63947,48.80309720708057,1.9753294573188693
63945,48.803310851412974,2.1055821156174757
63942,48.802078264506584,1.9661520257908864
67389,48.68400594741288,2.5585357959159967
63943,48.80365254899939,2.0113672389138304
69601,48.73687354379613,2.454663492121083
67388,48.68371393300741,2.533801779823393
63940,48.80288375538017,2.127503860788162
61801,48.50594147807852,2.609603263171739
63941,48.802296760814485,1.796342134096305
61828,48.51246655493995,2.5943835690975248
61825,48.50988849476516,2.68290065487164
69639,48.741698566633865,2.402874864195226
63972,48.804846022370384,1.8945079923605057
69637,48.74153889246125,2.4823366091038777
63973,48.805201144002744,2.064074334808759
63974,48.80563971647526,2.1410604968368574
69635,48.740846310693875,2.3021220544457464
69634,48.74123506864927,2.2834790302295986
69633,48.74117525130972,2.352434788890079
63978,48.80495486564131,1.77467065825781
61831,48.51264157413645,2.617318395499026
69630,48.74046946146751,2.457223327672961
61818,48.50644959310933,3.2880328041149793
61814,48.508827019146175,2.6329156731848213
61817,48.509659705235656,2.605033306648464
61816,48.50992831235177,2.614230996970914
63960,48.80470766535398,2.179956516302865
63961,48.80303684235283,1.782381801282638
63964,48.8047145838481,2.1312789406384227
61822,48.51017047792994,2.6017394724727514
63962,48.80420643225252,2.0531175827576593
61823,48.51078903878233,2.6636154958788567
63963,48.8047181598934,2.0713404608314305
63968,48.80533893172606,2.1367627094847204
63969,48.80494101397361,2.0347562107298707
61820,48.507778492784716,3.1966159713779554
63904,48.799621186382886,2.020422754891372
69650,48.744790183672094,2.476116393871215
63906,48.79996633275604,2.138206301495266
69654,48.74476853146573,2.3591902895347747
69655,48.744935620408846,2.4524032949195917
69652,48.74414856967785,2.459299860751987
63913,48.80076300736846,2.0116262365659945
69658,48.74455399517195,2.3032285167203463
69659,48.74509356282534,2.469456123847196
63910,48.80067977920502,2.1206991487948006
69657,48.74479960071272,2.392666552584406
69640,48.74263415053209,2.4221006408646204
63903,48.79984086670468,2.0374987137913743
69642,48.743036050822894,2.417812325041659
63901,48.799746954476596,2.0187593570489164
63900,48.79982867874571,2.061985528076421
69646,48.74338091481767,2.311098069565637
69648,48.74347247182216,2.402378590588404
63926,48.801715534658626,1.9794140655856742
63927,48.801634650324765,2.152658597688528
69671,48.745844340976504,2.4379501626150333
63929,48.801357652712205,2.1472238216279926
63930,48.80178974296409,2.0326836933134516
69678,48.74764023625161,2.4627046905532484
63932,48.802134296868466,2.017584344142291
69676,48.74739080332511,2.350113575015986
69677,48.747281339706916,2.3716721518865116
69674,48.74733900025116,2.285176990295713
69675,48.74711416354208,2.452822468878987
424931,48.99109644228323,2.299403702446976
424933,48.5175377576473,2.627993535446097
69660,48.74558944864734,2.3142922273062485
69662,48.7459952784461,2.4169089102027157
63916,48.80090722397905,2.030330992934882
69667,48.743350611899615,2.3648379814385616
69668,48.746090349321065,2.383029243957299
69663,48.7458259697093,2.4465322410122012
63924,48.801826622631125,2.0871178077474015
63923,48.80082212035793,2.1714673688212214
69665,48.74625851575866,2.3764446276703834
63922,48.80156644927315,2.0043947712996766
424926,48.89629319244605,2.3187726787757943
63121,48.71241608136668,2.496264220215483
424007,48.69156480710834,2.3777491759017226
63126,48.71186853694486,1.8164695382542506
63127,48.71270327166489,2.4793534925819087
63129,48.71314102435333,2.4694883264531224
426274,48.957710218844994,2.5918669799925578
63136,48.71337449619352,2.464368641386029
63133,48.71341371173842,2.4329507076524046
63139,48.71359225665746,2.2416137033812213
63138,48.71115648013091,2.3711143599345643
424027,49.0027567564656,1.6923451521535233
427295,48.520573099154795,2.5666889902637404
424020,48.98437065831769,1.9708058963524235
424021,48.976103500404136,2.6290289799808346
63101,48.710722790684706,2.432626537655918
63102,48.71013955123001,2.218810040955347
63108,48.71080542637007,2.3883658769099583
63104,48.710679721717696,2.2648904757103843
63114,48.71125765068455,2.24366593415401
70598,48.82013048547289,2.3797356831268663
70597,48.819373746142084,2.305095677247026
63112,48.71128983900283,2.488412547921487
63117,48.71220042477278,2.17357258944253
70591,48.81923989915031,2.2998811465709768
70594,48.81929428943575,2.407263839290497
70593,48.819205488078865,2.2634626823468493
71119,48.842845113141216,2.277374419158776
70583,48.81830457246013,2.2509114682081552
70580,48.81821595473353,2.492497943089602
71117,48.84188816967195,2.3292601073444943
71114,48.842098691541544,2.3379913735750484
71113,48.84152114146061,2.3082408110738704
71111,48.841626519937606,2.2354246438702576
63163,48.71561438869196,2.062294462374347
63165,48.71637022842312,2.2984812275310462
70588,48.819124810331466,2.411188164503159
63164,48.71561655688674,2.3098602079201913
70586,48.81861849633613,2.320788529742438
63168,48.716614161913924,2.067054561557058
70585,48.81842108175351,2.2494116506561417
63160,48.715389304306086,2.490037467964417
63161,48.71473079635791,2.067767829330509
71106,48.83981269895206,2.3368895385642996
70570,48.817839680762106,2.308091926964179
70571,48.81794682590294,2.4470197176818904
71108,48.840942420836484,2.3253305810186986
71104,48.84061334893973,2.3336910655694645
71103,48.83963360080857,2.2976315908185243
70578,48.81761621775922,2.3927786178116555
63175,48.7169140056319,2.2470095009005777
71100,48.84045621319383,2.351742220181727
63173,48.71876043953188,2.297571004124695
70574,48.81816900617017,2.2711790909217338
63179,48.71877292054245,2.120956191873257
63149,48.71501221532243,2.493364441922144
70561,48.817558267619845,2.4515044828924477
70564,48.817298720900276,2.4967831923013075
63145,48.714157174212176,2.440873597694903
63147,48.71464856293547,2.258697661400623
70562,48.81476897726171,2.2966523149053093
63146,48.7136112917585,2.3014528055929433
70563,48.8174448556035,2.2608999006553847
70566,48.8169492377811,2.304208703622623
63143,48.7142401829606,2.3987508292044355
70567,48.81763494632752,2.283260011813678
62094,48.550781074933475,3.295240778483806
70559,48.81690305713871,2.4667099531942007
62091,48.55353182790658,2.671444221798179
72698,48.94177683198793,2.4954015262534206
72699,48.941734625675636,2.498200480199088
70551,48.81631863084918,2.352870346347152
63158,48.71603689712831,2.4663802236762224
72691,48.9402450355778,2.462633351661935
70552,48.816591980266445,2.4565467648300325
70554,48.81724328708693,2.32890297676829
72694,48.94007420793806,2.3841277083721657
70556,48.81748976459641,2.4825427719761763
63153,48.71576267018466,2.401016851581798
63151,48.71529350180131,2.405222276267857
70558,48.81756022211932,2.265024896123155
70549,48.81624206997331,2.3679813023172094
70548,48.817384110152716,2.381709062289829
413489,48.57465864570077,2.3533405843382904
413472,48.75635233825459,2.3742836053561116
59817,48.530204428102564,2.493070837210876
59814,48.528943009841726,1.7949908298415203
62074,48.551231470231045,2.5949643618559173
71152,48.84709584984991,2.343923704405645
71153,48.846475950203825,2.3514670575552037
62073,48.55062761375073,2.6378395159518213
62076,48.55112901951528,2.650586193842038
72681,48.93802501465657,2.4949601539813098
62075,48.55215823068769,2.6533909227196175
62078,48.54686269179283,3.29374193477369
71151,48.846510535292396,2.246833605446065
62079,48.5511982891102,2.6451184760923656
72688,48.939669023384184,2.4716284384196427
71156,48.846343591787985,2.2863536203253294
72686,48.93935729224122,2.4300851949271536
71158,48.8469872962231,2.2940439983762047
71159,48.847222336748466,2.3159256625249243
59808,48.529250243920536,1.9548301268361377
62082,48.55208194300139,2.6741361675879562
62083,48.55037815841652,3.007628219079205
62081,48.55204240643896,2.5980068106067997
71143,48.84545528916062,2.2981050026989815
71144,48.84515328125336,2.3103523809078896
72673,48.93659602548196,2.465100768350922
71141,48.84492837590066,2.2664921206801347
72672,48.93590846960511,2.4941890075203363
72679,48.93783454245218,2.4736810011274475
72678,48.93749096447053,2.499490420825551
72675,48.93665255231927,2.427691919896818
71147,48.843048489709275,2.2383946783359385
71145,48.84567204326537,2.2500820440698077
72677,48.93728534617964,2.3726466019204357
59837,48.53543800371801,2.3543796274644175
477701,48.82618095830802,2.679027872346035
62050,48.546135531395144,2.662738397511028
63180,48.71824153198192,2.4645906080130455
59834,48.533855336286344,2.0018110382002705
59833,48.534055958784364,2.4430919924490686
73398,48.922172312687714,2.5318907592283675
62055,48.54834829824244,2.670704423911047
63188,48.71851837141928,1.9947284221242727
62058,48.545622890201095,3.2949136732867332
62057,48.54893793855542,2.644300513492531
71130,48.84396555660779,2.3421917277616946
62052,48.54843988103711,2.5941052499870345
73394,48.92060805422843,2.5262963824772715
62051,48.54738437873776,2.675106991563404
63187,48.71890908278019,2.473113527189377
72660,48.9344827099033,2.490906506643474
71132,48.84418399096182,2.294504382131205
62053,48.54462717586343,3.291954642968768
71133,48.84314744143787,2.352135848945632
73393,48.92053736524884,2.5022052657008533
71134,48.84447488866631,2.251359702915838
71135,48.84235421610177,2.3668334950792076
71136,48.8452290916955,2.271550119521434
72663,48.93562334809025,2.468816708593797
71137,48.84299440812691,2.2925719898179917
72667,48.93603538843772,2.3692286767584165
72649,48.932965619036864,2.3868052241390703
413442,48.70872940316556,2.3713949962211682
59827,48.53270521974393,2.362249120826294
63192,48.71888680152177,2.242501993593856
63191,48.71850362646764,2.1017052597343855
73380,48.91457167078818,2.568573484903971
63193,48.719135505871805,2.402786104299952
63199,48.71987144275433,2.4414581382104674
62069,48.55009175838722,2.666865801128674
73386,48.91605550205922,2.583829513726922
62068,48.55065742016127,2.647764285567213
73388,48.91689276116345,2.531699463651269
62065,48.54944419820464,2.898111542878363
73381,48.91487618314137,2.5346033901368865
71122,48.84261561926318,2.302346784142863
62063,48.54984414081686,2.70060489592293
73383,48.91546119568521,2.5721204951722445
71120,48.84285907411966,2.243268702062124
62062,48.55000792895593,2.65020073713117
73384,48.91497520740687,2.579635698345407
72653,48.93255973353252,2.423710456048578
72652,48.93290892926509,2.4551065439302597
71123,48.84275349033509,2.2645537989334197
73389,48.91754296081237,2.5733587199502224
72656,48.93360676916487,2.499650633995052
71127,48.84357576316736,2.246385479058459
71128,48.84221554170481,2.29929318644691
59856,48.54001481163483,1.7889242181501117
71190,48.849791130325364,2.348632154524656
59853,48.53971955895072,2.323541453349722
72638,48.93063019628567,2.4827141387495923
62037,48.545057682057646,2.676272987280789
62038,48.54195254591376,3.2913098077591787
72648,48.932451407115856,2.4765403222364855
72646,48.93202435262075,2.495434697681643
72643,48.93213015686308,2.394049065799319
72641,48.93103984650866,2.4255630441099902
72642,48.9316289302103,2.485973095673374
62032,48.543836344723125,2.76987431731811
71193,48.851673470948185,2.3563220861441003
71192,48.85105521678518,2.3517507623268723
62034,48.544894492457985,2.6504042022030134
71194,48.8511654679281,2.3111245584804814
71180,48.84963679139544,2.3390675765731674
59842,48.53560006035516,2.0693948161772817
59843,48.534947212012106,1.9964123582617095
72629,48.92844286120954,2.4618203615753065
72634,48.929744322895175,2.458271980897603
72636,48.93003571605658,2.4318660649603463
62048,48.54748330038437,2.648219160263207
72631,48.9284911583755,2.4988809524487547
71189,48.85027177330998,2.2601072384419525
71188,48.84981414173125,2.289965110867283
71187,48.85023324936188,2.3594401640501745
71183,48.84974621857364,2.268243595518024
62047,48.54705709848586,2.639571293772458
71181,48.8499371462954,2.2722678977113646
62045,48.54713024465055,2.658254212608325
59877,48.551121532001204,2.2651091346795695
59878,48.55128755316931,2.3666977752983263
72619,48.9267724160464,2.4387800797035273
72618,48.927230607186,2.380287765386307
72621,48.92674453998099,2.494121148242269
72622,48.927092066333245,2.392749792585301
413409,48.93714590552455,2.274631178197175
72625,48.927576974378454,2.41797897419034
62017,48.54208241557794,2.6705608885382808
72623,48.92774900456193,2.4998980350311375
62018,48.542714005743306,2.6299147588440683
71171,48.84878692486648,2.358067961897115
71172,48.84892520316873,2.2752051117053993
71175,48.84916708488396,2.2402608068466927
71174,48.84855307627133,2.2888784818588253
71177,48.84811635401061,2.2842648235640683
59871,48.549189744275516,2.4046680373158855
59864,48.54707941126228,2.366213430364406
59863,48.546467354105445,2.4273318780541944
59868,48.547700425089516,2.4246695988122156
413401,48.94631125672831,2.2823674381410077
72606,48.92570329976103,2.4665706524547106
72608,48.9255045903738,2.500806673537022
72607,48.926031484422644,2.3770948939803875
72610,48.926314532772366,2.4275326834004183
71168,48.847905873848944,2.2420575447791915
71167,48.84781466221392,2.301698037878076
72612,48.92639528408618,2.469504582399549
72615,48.926974271321114,2.495285781518702
62024,48.53954708391927,3.283500418530095
62025,48.54310711940972,2.6334004661074744
71161,48.846496106838956,2.34036772554391
62023,48.5431093686464,2.6583210628573157
71166,48.84771844593106,2.2697642383686474
71164,48.848016287948866,2.248869554345235
71163,48.847976916216496,2.2519158038477207
67617,48.73994502010885,2.7730150231109967
62003,48.5397019791629,2.6246663798045846
62002,48.54037710184544,2.6687156954622564
67615,48.73779516903322,2.7218825880092754
67618,48.738798122506566,2.768260648448234
62009,48.54140253185311,2.6408023043936053
72710,48.94411905640867,2.4723409233373803
67612,48.73706107505381,2.7770932731706917
72713,48.94478867063303,2.434783511966357
67613,48.735362061833776,3.1940732750749934
72712,48.94401554441559,2.3819922564637843
72711,48.94433231523099,2.4957726455271483
67611,48.737536930062575,2.7269015757266097
72706,48.94328967244755,2.4334687393595673
415640,48.79689110085392,2.371278831420988
72705,48.94354787199193,2.4682374832121483
415644,48.90465944897714,2.3659255846497405
415642,48.55948942019081,3.298596441836262
72708,48.944120173563505,2.446661301789535
59763,48.522340007334165,2.0202049651396936
59767,48.521836198233025,2.0153050715321448
59769,48.52291269125605,2.287727953042451
67605,48.735232796752975,2.780622760000375
67606,48.735366326805234,3.011890767370801
59772,48.52308303194665,2.432130710424947
59770,48.52286161491952,2.349435646031269
413506,49.04325677057242,1.8733509119502885
72721,48.946428480854564,2.3860526001547466
415648,48.881374014516325,2.395969138451687
73334,48.90237702367656,2.511156979368528
73336,48.902668654232585,2.502267011437308
72724,48.94735997895157,2.484527418047096
73337,48.902344512709114,2.5607971217939243
72715,48.94540318855065,2.4832771370724616
425141,48.56119343372855,3.3041760746623607
72717,48.9459891687747,2.4522116814898514
72718,48.94626733338219,2.4993718316303934
72719,48.94684376627009,2.440590943458434
59783,48.524850350429254,2.3755491261484494
59784,48.52498749868368,2.3524226246003703
73303,48.89337723576905,2.5354434032406767
73304,48.893730440047214,2.5068259995644437
73302,48.892917364853346,2.5421304167547114
73307,48.89418120269278,2.5517210987358596
415615,48.91891551446607,2.188834759511582
73308,48.89440985926177,2.577510399959533
59786,48.52461360899338,2.0128353883362577
59785,48.52470585925716,2.021271347344186
59787,48.525435367415994,2.347954594082943
59794,48.52649027797695,2.2910110960596186
59791,48.52580081132227,2.008472207264664
73310,48.89496384889999,2.5434558729701027
415629,48.76326157541688,2.333841734173762
73312,48.89672217681508,2.5061088584036377
72703,48.94299983122563,2.4406868928990084
72702,48.942129153577014,2.38589857228934
415625,48.85270995672657,2.34677628966917
73316,48.89743792092309,2.559324502303624
73319,48.898481646906454,2.5521955700103414
477794,48.821776263383356,2.198886115013441
415631,48.984841914438285,2.2296833688869135
415632,48.925327455304355,2.3835516598580684
59797,48.528520851760064,2.371306778880414
67653,48.74613582863396,2.595519965249419
67650,48.74579950003112,2.614848319314636
67657,48.747508987478206,2.636555761475156
73367,48.90951235744798,2.5266838690139983
67654,48.746285175434494,2.603848953035507
73365,48.90944813027318,2.549679602722298
73364,48.908427852366636,2.5391494819869305
425106,48.143195989223706,2.488272954895555
425114,48.14332400484017,2.4960631710635557
67640,48.74072130348667,2.6022117075532156
66597,49.02831666302226,2.4811393270940965
67641,48.74240783078144,2.769835726521089
73379,48.913849195743076,2.5652435036714656
66598,49.02992218422426,2.1199762121801573
67648,48.744524722386636,2.776286234461598
73374,48.91266006720313,2.540592355154083
73377,48.913200877394445,2.5058774389887972
73376,48.912765623201956,2.518242873597296
73373,48.912393045514136,2.521766400913329
73372,48.912054900969586,2.5505643471685926
66591,49.0286798286812,2.3564594595380473
66590,49.02857793158368,2.3737520417525495
73347,48.904635667978205,2.5854554979478737
67634,48.74195742908847,2.6061052352277474
73346,48.90498372859486,2.559512993018847
66586,49.02858306895938,2.190376135339142
73340,48.902727567957214,2.50781841573408
67638,48.74150963591641,2.7800252408458817
425132,48.2794699842553,2.698703587050544
66582,49.02768638903718,2.124116485933038
73357,48.90667059800771,2.5572614009082235
66578,49.029169382419056,1.9741298907722065
66576,49.027717044957505,2.3272413813409116
73359,48.907725629397405,2.534298978425761
66577,49.02802060450559,2.45391704453883
425118,48.13395378801689,2.520208280943973
67629,48.735300240600026,3.428266341188091
73350,48.90472498576664,2.5479947911025707
67626,48.74034400073939,2.777120056999697
73355,48.90676195573584,2.576305124800493
67628,48.73883121293905,2.755539402259894
425121,48.13103142709997,2.5185276751152474
425124,48.13906758546146,2.4784315424258283
67693,48.75853176729408,2.677432001050116
70649,48.82350644931391,2.288280271044934
70648,48.821424045676444,2.4142062777363003
70652,48.82243020586791,2.249067904250971
66569,49.02654212809953,2.0169558231549694
70657,48.82241845693561,2.325567466692253
70655,48.82315995222075,2.4188381697426258
70654,48.82357915040812,2.4044160917925512
66568,49.027215604546605,2.2174042519102404
66567,49.02740767157269,2.4737234384158415
66565,49.02702817439774,2.374878327758853
424093,48.692263719510755,2.431257660687167
70658,48.82398600810168,2.3025075344990102
70659,48.824761425848905,2.3891811986568148
70662,48.824449555830356,2.260650769502336
66559,49.02579070560342,2.1102829146132023
70663,48.82430288976806,2.347493157659022
70666,48.824847171351365,2.394546851261453
70668,48.82446177658352,2.338760156898659
70667,48.82493522263306,2.3698101048745666
66550,49.0256161472567,2.4630899235104815
67686,48.756180340448395,2.8741075240257774
67683,48.75594622178021,2.633851298254631
66555,49.02387871438341,1.8749063214640356
70629,48.82198843993473,2.3518942282748956
70627,48.8222342011418,2.2815759559102586
427230,48.77984587005202,2.2809142810460457
70625,48.82196670005995,2.342966414140645
70634,48.822366231348234,2.4202226643866096
70633,48.822584707389744,2.284533590171269
70631,48.821824034769314,2.4014465165342136
70630,48.821977630713995,2.3136894489449005
66545,49.02438254290856,2.112597395588918
67677,48.754201021272124,2.8652845065780648
66543,49.02398008042227,2.022562739580644
66542,49.024957586980406,2.3787454974260056
66540,49.02469419639698,2.188419900662586
67674,48.75382744424808,2.6470738607978452
67660,48.74813829620979,2.6163407468913094
70636,48.82137654868544,2.3694989944462144
70646,48.82242000880587,2.3469106142686296
426209,48.793751190189454,2.157741854532037
70640,48.82050572962252,2.463847011791583
66537,49.02433902470607,2.0291194618510366
70642,48.82238162972735,2.3925256248594127
70641,48.822392337858545,2.492218938919135
66533,49.0231477777198,2.3628449474117548
66535,49.02389306357176,2.462841114300335
67662,48.74789041498756,2.8723118438543476
70606,48.82005363063148,2.4785540258434864
70604,48.81979621841988,2.364887415568556
70603,48.819286641012965,2.314153886337405
415681,48.86236889061939,2.310683353772501
70607,48.82017313396018,2.4740106834927094
415682,48.858408483262544,2.4334649161286896
415684,48.83400668787577,2.3573780805525986
66522,49.022839031345065,2.323662055498611
66527,49.023277221988316,2.2327639759968583
66526,49.02316222904824,2.457290646924868
70612,48.81970014584736,2.2583686976294173
66529,49.0233430763658,2.1191989343945274
70611,48.820572021859775,2.291657222692155
70614,48.822553713793084,2.2544326283179763
70617,48.82104018785403,2.288708918941792
416744,48.78430304807667,2.213888760008404
416745,48.89902615436274,2.0904537008983652
66511,49.020046251503416,1.7131653695727376
66512,49.021363081985484,2.2245544287993537
66515,49.022250474148805,2.4655174332666374
66517,49.02186634015758,2.144416575414672
66518,49.02262119430635,2.3738512234290727
70621,48.8210169934286,2.3210773569656085
416711,48.94678400813647,2.342857368410367
415663,48.85101235343677,2.475089424936001
66502,49.020651364663976,2.106624626284011
66500,49.0211725597382,2.4488619165839687
66508,49.02151720845244,2.451469699157119
66505,49.021178825430574,2.1425820684764814
66503,49.021063190554095,2.2192128909027105
66504,49.020938926020726,2.016849961663412
415675,48.80731712627106,2.4751615583257576
415674,48.852125273837,2.4859601546601047
70600,48.81969750640493,2.2666904342950427
70601,48.81958124172643,2.3927557342196044
473829,48.85414786198107,2.289762954220385
70484,48.81255084218544,2.251293712014774
70483,48.813747616003745,2.348129101878471
63226,48.72045755893076,1.8975444554714733
63224,48.722842100613924,2.302614059465833
70485,48.81253741679948,2.3439227097674866
63220,48.72229180016733,2.498344054315142
426173,49.05136788124355,2.3384892982877155
63238,48.724320679527786,2.471400401926289
70470,48.81090933396748,2.4431725709426106
70473,48.81165076630976,2.2812247095910303
63236,48.723817820401194,2.156306727285416
63235,48.72333990021396,2.270041445829372
70477,48.812021242937675,2.294347121542554
70476,48.81229326551538,2.4737020595479415
63233,48.7235568569835,2.463496158258499
63231,48.72219106291836,1.7667620876142915
70478,48.811526104020075,2.46902542308756
63247,48.72522916269505,2.2300247865578013
63249,48.725950227288386,2.125777419963093
63244,48.7244580528689,2.258823567644015
63245,48.725522223422956,2.3165609192725225
70492,48.81288204872101,2.293143900930821
70495,48.81281674395913,2.3793937113485844
70494,48.812917640441555,2.3084568274212445
70491,48.812749869370506,2.3615687722264203
63253,48.727158950541224,2.2406213969504254
63250,48.72618042247396,1.9144392365169502
63257,48.72689045181576,2.121526577908186
70499,48.81340349056041,2.4654792783297275
70498,48.813295216564335,2.488004287559932
63255,48.72747507406761,2.235192078319797
426161,48.969990766336785,2.20830816943554
70443,48.81008144368712,2.3429867872269354
63265,48.728675703188046,2.2536380024025755
70444,48.81002741387658,2.482072134526095
70448,48.81025110304694,2.3306065953782653
63261,48.72876903056944,2.27980913695828
63264,48.726931580047605,2.3067197035216025
70446,48.810070459406184,2.2824107654593986
71213,48.853855325629816,2.31125935512602
71212,48.85327897315688,2.280561902163861
71218,48.85429667418157,2.3383950123731645
63269,48.728917470104065,2.2599635520363615
71215,48.853742444598026,2.3261841789983357
71208,48.853138614526756,2.297810707528749
70439,48.809776719516755,2.452062915541128
63260,48.727236093200986,2.323737370039517
63279,48.72921134315539,2.1270757018339093
70431,48.80931801951246,2.476135448852154
63277,48.73013019495394,2.148434291628077
70432,48.81058081285011,2.3723189216779805
70435,48.80929620424168,2.454171762445197
63274,48.72856081292433,1.9086519432286864
63272,48.729486873349806,2.326502246857226
70437,48.80971282479039,2.242660286106713
71203,48.85156138487256,2.326961924012207
71202,48.851486107532125,2.3319848170653725
71204,48.8512739486678,2.3143529548883706
71207,48.85271971573548,2.3085009942063275
70427,48.80846155752264,2.33387035333971
70429,48.81014040938287,2.357978551982381
71232,48.856395040459304,2.3150079185348305
63284,48.72862872074178,2.361006195898684
63286,48.73068955236269,2.2449073934829156
71230,48.85665636897094,2.3206197862350466
70468,48.811520535429295,2.236989495800104
70465,48.811392527293016,2.276434871061365
71238,48.85684508200719,2.304159783363843
71237,48.857867542087384,2.285371349647822
71235,48.85735546990833,2.2646816133632512
71234,48.857109240197246,2.362047443150571
63280,48.72966997954388,2.3020130429496803
63282,48.72996037969603,2.284972929348361
70456,48.809918699886076,2.326668697924197
63296,48.731799796319784,2.2842271166623873
63295,48.73231949875865,2.0981023210745615
70459,48.81125210159946,2.2666730130021056
71220,48.85442977583325,2.283496658529194
70452,48.810369776117064,2.36218344915433
63298,48.73246359290414,2.2290547260498803
71227,48.856096548848335,2.3257925610724497
71229,48.856468480942794,2.2748139622471455
70451,48.8101391006006,2.415585806978417
71224,48.854452532700904,2.3056630951655928
63292,48.73208701200296,2.290906066041714
63293,48.73148190946467,2.2330462943607454
63290,48.729516296221036,2.162095159065878
62170,48.565164438006406,2.6135194769350907
62171,48.56126589031336,3.2801688756783514
59712,48.50818174917729,2.208169968322268
59715,48.50992249131667,2.355539817556269
59719,48.512188047696355,2.3348637356307917
72787,48.96242405708677,2.369987440061248
71256,48.859783586298335,2.366049214556125
72785,48.96235696604198,2.3795413258794755
72784,48.96070518029564,2.4887720008808722
71259,48.8599940442493,2.3566145640753238
413568,49.096324451163355,1.8575665675485649
62178,48.566236830692816,2.6196987387099635
72783,48.960197827988125,2.381977450303663
71252,48.85844711640928,2.3184292906290906
62172,48.56491243125633,2.542475533936316
72781,48.9578671271945,2.4949244751860062
71253,48.858998297777845,2.3430105472597145
62174,48.565567907066274,2.621499407405349
72780,48.95659239142521,2.4653593560704694
59704,48.504360124680595,2.020876596296281
59703,48.50401764597021,2.202966546164284
59708,48.50774859120481,2.3462383666827082
59707,48.50713435146884,1.9164061428951449
71246,48.8594473059254,2.359476810956394
72774,48.955725454623774,2.4967204416093876
71244,48.858288692364646,2.3639820541650307
72775,48.95594969617072,2.479731229950007
72779,48.95635793359936,2.4160591578219095
62188,48.567418132994916,2.5641533833022203
62186,48.56777361767338,2.630659456182703
72770,48.954530357798156,2.4165576016278645
71240,48.85772458162562,2.2802756258576933
72772,48.95555372568135,2.4475023228113524
72771,48.95574685900278,2.4133827706543918
62190,48.56663383137242,2.7808541921280248
71277,48.86246821352985,2.366064254383943
71278,48.86328838076797,2.2963721283103835
62195,48.56898416458862,2.613864047469537
71273,48.860520114262876,2.353268635720191
62197,48.568203628386335,2.6650089831324064
71275,48.8629528091226,2.268896407106261
71276,48.86327822898015,2.3420160289593115
62198,48.564787708159066,3.300415631835119
72795,48.971056964725626,2.381220022090676
71269,48.86059171508651,2.3255094883943244
71267,48.86147549989401,2.358668117109721
72792,48.969425831467866,2.3796754989858853
72791,48.96814994526362,2.36188000125689
71262,48.860854102496624,2.266901721393894
71263,48.860764874448336,2.2848543669242454
72793,48.96854756472045,2.374195211551847
72739,48.949314390351155,2.4557060802265487
72738,48.94944366386532,2.494473797074774
425080,48.18654801612165,2.52890072195887
59752,48.51834070625174,2.447091020212017
59757,48.518813997270314,1.838505680882407
59758,48.52001274973188,2.2723498161208218
71292,48.864718067726685,2.2782024321511316
62133,48.55618316406757,3.287804699303084
62135,48.558248682373126,3.013849397036703
71296,48.86645409771216,2.3613263844149426
71298,48.865565929741614,2.321675919601415
59751,48.518497450537566,2.2887899797652516
413527,49.05132387802484,1.9524382767390633
72742,48.94955324071971,2.4991558786246424
72743,48.94995472667609,2.4404823848956463
72740,48.94958100609275,2.4149405619445203
72747,48.950336197654856,2.4510258053476877
62138,48.56704019646313,3.2935636261832455
72745,48.95015140288032,2.4568510570382465
62139,48.55565667066714,3.302409456311429
72726,48.94723066112653,2.492153838015956
72729,48.947985538774326,2.467174953153148
72728,48.948077599661154,2.5011088291327703
59743,48.51671382585154,2.2944269411274316
62145,48.55936218614769,3.155544871026164
71283,48.86373443575429,2.2911862229082876
71282,48.86283341726137,2.35363521568861
71281,48.86431228808141,2.240960060886214
59740,48.51504117244914,1.8363413159616715
71286,48.86472990096244,2.2727291991252727
71285,48.8634455913546,2.287223474647482
71284,48.86436737805995,2.330831367313905
72732,48.94819315712586,2.437811656283911
71288,48.86503936254819,2.2343858050333547
72734,48.94878319273397,2.3814099448173898
62147,48.5619469851766,2.6102906287874137
413550,49.04580021789496,1.9511407486049182
59738,48.51588619772584,2.3005179197333026
72759,48.95250986508945,2.49869046705116
59734,48.51350862761326,2.2157940464630372
59732,48.51555258009923,2.2277471859671962
72760,48.95262156825828,2.4622118933215438
62151,48.561010566196046,3.034611765996551
62153,48.563132356111645,2.6236244392712154
62154,48.56258435200857,2.603089481194318
62156,48.5631816572634,2.620737360202939
62157,48.56233911097297,2.8787472859283256
62159,48.560306670690906,3.218509520194716
72769,48.95444406229528,2.4924657258571514
72767,48.95487129261356,2.4438295660076927
72764,48.95403622579679,2.3747248728934522
72763,48.95264881434421,2.495371132352494
72749,48.95073565074383,2.4980521874788617
59727,48.51204467074739,1.8335303613853453
59726,48.51315052597692,2.451085845713769
62168,48.56148273837703,3.0122307749970276
62166,48.56419307995001,2.626239319329977
72756,48.951600009370104,2.4908413444413955
62169,48.560800400766155,3.299539000221652
72751,48.9504271200864,2.444409591553836
72752,48.95126143948284,2.392993253851289
72754,48.95172507362261,2.3816548620834928
73424,48.93181068177661,2.5383554562406974
62103,48.55559572909996,2.566020062026634
73425,48.93263861772169,2.503631817245285
72811,48.70334621899353,2.542310108818427
73422,48.931470137182416,2.5738791725174037
73423,48.93213155201753,2.534128282178505
415737,49.10462273315016,2.344554345806524
73428,48.93343563033316,2.506087902393604
73429,48.933193245184015,2.510573960117856
59660,48.48446721929789,2.184236108611332
59661,48.48521977606354,2.3515802543576645
59663,48.486048097611196,2.2091399324645016
73420,48.931579059477215,2.6029772664016275
62101,48.55504860341012,2.5932003879553145
59669,48.48999683447535,2.3499377479327777
59665,48.48661704834792,2.172482678474083
59664,48.4866702547001,2.180155348782478
72809,48.70019315777322,2.541019654374616
477897,48.576941687572415,2.230570498872921
72807,48.699494759543704,2.548927274339675
73419,48.9309103163407,2.56821962168122
73433,48.934556549648626,2.5656437301697137
413603,49.06522852162793,1.869856237277526
415749,48.8600152241959,2.31036010757909
72821,48.70946568847429,2.557457710645898
415745,48.8559188586363,2.381994586228441
73439,48.935206933042785,2.534469282591568
416878,49.07640485305309,1.680064720724221
66495,49.02012364886165,2.1033864521268675
59672,48.489525330521545,2.172829318995078
59670,48.48757377176815,2.177461552799173
73431,48.93350112422175,2.5537367808626965
73432,48.934303778894325,2.5400736365612517
59675,48.49286573242431,2.2190869779942477
66493,49.02070746525241,2.1986614794509496
66494,49.018096252120564,1.6962180644534177
66491,49.0192594456719,2.153421736883095
72815,48.70564026494556,2.55310063051424
416882,49.07870372105466,1.6740514487300406
72817,48.70505839578979,2.5455022504774854
416889,49.040467055057086,1.688850868444864
73449,48.938021392029434,2.595973238132626
73446,48.937647126204084,2.568573212310765
72834,48.721222500917946,2.528376218879212
62125,48.55847898380342,2.5479455359958587
413613,49.0846949821668,1.8763729601532515
73442,48.936710611030286,2.504302768613844
73440,48.93623528668558,2.579968950065252
62123,48.55444489907133,3.2868195285627237
59641,48.474968417476774,2.3280357113277885
59645,48.47452398552667,2.4964362162500193
59647,48.47809183596492,2.3268185160437977
59646,48.47778612232035,2.3316259367756946
73459,48.94000011046545,2.5193079727650263
62119,48.55398124256829,3.299743939075725
72841,48.72519843793951,2.5273411061820195
62117,48.55418243016752,3.2930105837619843
62114,48.557272161335746,2.555930845586065
73458,48.939668662672965,2.524136603748123
73451,48.938568163572,2.5347258635403103
62112,48.556965846496624,2.638107398855902
73454,48.9394422542342,2.5701281611872853
59651,48.479599635760565,2.3341602917292117
59650,48.47824225399046,1.834809221260371
73450,48.937806420058095,2.5296410895243144
59653,48.479086677303144,1.8485122209985367
59659,48.48486063600078,2.192437782004735
72836,48.72190815996782,2.5681322986296182
413632,49.051015934868246,2.1987133758911113
73461,48.93990470907394,2.502538659684077
73460,48.94042509131073,2.592773885856345
67519,48.70785628077184,2.512609771405623
73465,48.941437237930366,2.543013850078692
73462,48.94064848654038,2.5780631170686483
73469,48.94222861661636,2.5722620688532416
66467,49.01765769655953,2.1778453136440654
73468,48.9420542323317,2.5853347542926484
67512,48.706622318830526,2.5199530815675897
73466,48.94208653107368,2.504975066767479
67511,48.70573762632478,2.751664893158644
66462,49.017354480617016,2.187461366263393
66460,49.01675382050837,2.3130160988480775
73470,48.94241868392596,2.5700899109413857
73471,48.94276928890658,2.532811179155004
73474,48.94383893203893,2.5724399528449116
73473,48.94391480248163,2.5942687519228795
67507,48.70154941678831,3.2446055503947075
67506,48.704133456674164,2.5008693108982083
73475,48.943473756488395,2.552463508127781
66458,49.01657019862955,2.1098393212896145
66455,49.01641391942867,2.2095555406908547
66456,49.01560941143258,1.9451743506905539
73479,48.94496796883878,2.5504437735190777
66451,49.01455828702981,1.6954660451741637
415704,48.47013722505821,3.0901811903061587
66450,49.01622250729282,2.1969738998689072
73487,48.947122033566984,2.5092550888295206
73485,48.94659209020592,2.5567372605889176
59680,48.49399002033231,1.8728885760416232
67537,48.71287164334864,2.582851890381269
59683,48.495952087736235,1.9628503229431593
73482,48.94469325738993,2.567306551924241
59685,48.496787778653605,2.4671479251683457
73480,48.944538716930104,2.5175185384088414
59684,48.49776055928411,2.4694256244272554
67530,48.710741690288344,2.8040950559517492
66487,49.01953047255507,2.208981721237861
67535,48.71124518154952,2.8095295614011606
73489,48.948237976878346,2.513879795647229
67533,48.71161073540018,2.5810883008192316
66481,49.019195065949425,2.216800491640436
66483,49.01781091803196,1.7139522643723224
66482,49.018909653642595,2.2123476845958456
59692,48.500038148050486,1.9614835082389277
73496,48.9499696116186,2.555739072038317
73495,48.94863568985114,2.5697040168122407
59690,48.49893774784604,1.9658033211616124
73497,48.949430197329676,2.5196304012445974
67528,48.708735966988904,2.86996125866756
73492,48.94903093354649,2.516500650122507
73491,48.947383838676565,2.5240045747600077
66474,49.018735980758365,2.1816769495632378
67520,48.70672734141308,2.8673502228714014
67522,48.70771144909288,2.517918126057653
72800,48.695252472666056,2.5462057196434835
72801,48.695511221708465,2.5515975412131016
415729,48.83599045478074,2.3153509970391877
66478,49.01901872366228,2.443935579043095
72802,48.69649609122673,2.5600404069123543
59697,48.500880946684696,1.9580706701505646
73490,48.94809362879591,2.5376306684388297
70509,48.813899990021305,2.493799608140749
70506,48.81461461318741,2.4112254721543205
70505,48.81361377031923,2.2726862839412174
426104,48.44070408200565,2.3655226203153252
67555,48.71791581466971,2.5135082185007587
66424,49.01192634298054,1.696988164870824
67551,48.71726481173116,2.50938207853541
67553,48.716750487028,2.5899842023948914
70512,48.81355979756551,2.258047477462122
70511,48.81438411364686,2.414653051122344
66428,49.01344121031199,2.0275937915584255
70519,48.815015569071306,2.2829010765246665
70515,48.81436409632574,2.2428787225795106
427343,48.89131152369268,2.327627832163305
67546,48.716281489341974,2.5032406974944212
66411,49.01196002943133,1.921078380655387
67547,48.71587447665196,2.741157505942509
66413,49.0133366044046,2.205856611523656
67545,48.71605490400164,2.588346735117144
67540,48.71470745166446,2.738064330085729
70524,48.81434375431758,2.4019545398080586
66415,49.01145164948616,1.6368389464106445
67548,48.71685252620982,2.8691866794351313
70520,48.81466552005314,2.234424050182204
70528,48.814675070155424,2.302114572954909
70529,48.81541791071433,2.4322705348344367
70527,48.81556865263696,2.426167812116927
67570,48.725867519107965,2.665330341325572
66443,49.01520915380914,2.1364875315064613
66442,49.01509857107041,2.125559190478604
66441,49.016081450006254,2.2240659268752427
67575,48.74082803700759,2.728536610445821
416802,49.130968432483286,1.8404282659249522
66447,49.01592356648451,2.2885761498549524
66446,49.01540551072608,1.9475573746125538
67578,48.7282492603072,2.870082626672821
70532,48.81502988689642,2.3490731735611576
70531,48.81547309010569,2.318058111750552
66448,49.01602739958803,2.469443531873583
70536,48.81553125541895,2.3445387352836864
70537,48.815567848424024,2.376606930958414
70538,48.815749686650285,2.459217959300001
416822,49.16089017047925,1.8024932116643184
67564,48.722330816629494,2.5098986592845924
66431,49.01284466411735,2.4715880818763143
67568,48.723348795272294,2.8134753112544137
67566,48.72264798380118,2.616174492896187
66436,49.01441573149783,2.0793348752727216
70541,48.815733922621206,2.291001150585518
66438,49.01462171969175,2.0583595012905285
70543,48.815789380967225,2.340776740733466
66439,49.015220300257205,2.237729407513412
67593,48.73317843881352,2.597836586961232
427315,48.52794660758291,2.5157648247741444
67599,48.73424761101078,2.7685459789362037
67598,48.73527830642186,2.595087346678469
67582,48.72858743152213,2.879503446916583
67581,48.728385655222766,2.884656575148458
416840,49.175492223891304,1.6774285431304696
426136,48.80790843716752,2.38681866826707
426139,48.7574117645941,2.402001373898268
416835,49.166603705875055,1.676188377315053
67587,48.73139447473026,2.735152631078791
67585,48.73056451883137,2.6676455738010945
67584,48.73031176084962,2.5084165757067196
63211,48.72109280176475,2.2593471027825376
63210,48.722877352594224,2.413693578554448
66408,49.012115260511536,2.052957195181525
66409,49.012825501916026,2.250847192926811
63218,48.72208286394057,2.4677594424612708
73404,48.92421305747132,2.5493198254891274
63215,48.72126405249384,2.3034711597160045
73401,48.92345680048292,2.510146968808472
66403,49.01254076843679,2.09113173556295
63217,48.72085329794928,1.906828119506686
66401,49.012501598931,2.3429281732334886
73402,48.923702222662584,2.5141021981874445
73409,48.92585816687644,2.528145550782872
426111,48.26162662418916,2.7035487964947724
63201,48.7181054383584,1.8941547921743598
426107,48.788216678583474,2.33397910062287
70501,48.813489044481045,2.356847882668462
70502,48.813768148749475,2.3023650284253683
73416,48.92974713571331,2.5698534128870816
63207,48.72039824441178,2.2619329966902635
73414,48.929540953199115,2.540941455803629
63206,48.720434329781675,2.4681976392144716
73412,48.92706651721554,2.5696367427353333
63203,48.72003088593552,2.2709440879219236
424296,48.8153211202253,1.877295687324674
70339,48.802419396998395,2.3382362983218368
71358,48.8775341139591,2.316570596744471
72487,48.908539085210734,2.490034737219887
72488,48.90903792993032,2.397946941977629
72489,48.90874551874416,2.4282034199198463
71353,48.87669336932792,2.3414647810265294
72483,48.9076005022632,2.471633376574786
72484,48.90758846122701,2.494900775897235
71352,48.87638516450688,2.3475905687369023
71350,48.87586889279014,2.337916634442789
72486,48.90727582858822,2.449460885458599
70345,48.80363100423619,2.2975922107383466
72480,48.90604363813645,2.4879514835769374
72482,48.907542206565935,2.424812822229283
70329,48.80256865703044,2.346566911898201
71348,48.875613218140764,2.28940207146607
71347,48.87354530730615,2.2955859602211413
72479,48.90665260846608,2.4607291821907795
71343,48.87487195312263,2.3063867310110577
71346,48.87385347157552,2.3145874437246032
71345,48.87549938617054,2.350083099950758
72474,48.90615225309304,2.4808019450710552
70335,48.802700903146786,2.460483298531139
72475,48.90644289060073,2.3802078461741223
70337,48.803036973876736,2.2624315697532986
72471,48.90619362223961,2.4230201328073577
70334,48.8017920590546,2.318625005553486
63380,48.74610429689657,1.963519955910373
70317,48.800481429366386,2.270289395542476
72465,48.90578556348933,2.3731353938694673
71335,48.87374149953516,2.3427291457208708
71334,48.872788754874655,2.3109340213672698
71333,48.87220240272352,2.356572833097793
71339,48.87448888516648,2.284093298559911
71338,48.874034450377756,2.3586020981119162
71336,48.87382334366835,2.3478271649299565
70322,48.80204387978012,2.310779411724253
63386,48.74801764506519,1.9616729513764044
63389,48.74934125274996,2.1725223005982093
72460,48.90370793006415,2.3922859424263963
70321,48.801061984012875,2.3335019459787967
70324,48.8029082304263,2.3437034464079036
72463,48.90367098345623,2.470711537693353
72464,48.903337279741685,2.4456488380052868
63384,48.74811494842968,2.28258215944548
70306,48.80026350766378,2.451577424491803
63392,48.749954031346405,2.2750896212085876
70308,48.80114808395168,2.2786192199687054
63390,48.74873234030501,1.9215466750766566
413243,49.01865542718396,2.378998620405792
414770,48.82548569330684,2.4034885084923943
72456,48.90268419568451,2.4836329836878885
72457,48.90314068204088,2.4925700657501433
71324,48.870027512554685,2.3247193036606753
72455,48.903355444863934,2.424709028612942
71325,48.8713175004,2.289174376723828
72458,48.90355814127676,2.417340370692394
70311,48.79965185634081,2.293894993609246
63398,48.75009171278295,1.9181928287459395
63397,48.74974901124375,2.165844196704661
72452,48.90353556067993,2.383195860451607
63395,48.749953687753944,2.119805572530002
72453,48.90212688562855,2.4406349779235055
63394,48.749953859336095,1.9598729630102938
71320,48.87062232408059,2.3479422245282207
64807,48.927862303440996,2.1567173777391324
71309,48.86841512201273,2.2731208045839346
64809,48.9267331681881,1.9382959051937423
71307,48.86874319652618,2.3017923707884886
63362,48.74175404874049,1.6613775967719109
70389,48.806451664234196,2.2685242489811874
70388,48.80632474170377,2.479603557185684
63365,48.74247035336695,1.9630004719525762
63368,48.74415902424772,2.2665680104195585
64814,48.928930957781844,2.1884056366901747
70384,48.80646151467754,2.4231771533050646
71317,48.87030757180452,2.2978655540381063
71314,48.8700055431966,2.282573498178563
64816,48.92790390225961,1.868212479553348
70381,48.805863958490654,2.286614759659956
71312,48.86926889997194,2.291772099657909
64812,48.92840646100112,2.16121254187206
64811,48.92752809634369,1.9817027551015869
427056,48.93932995021265,2.057900087484159
63373,48.745058022663684,1.9426768859209813
63372,48.74456422731014,1.9499157222617651
70376,48.805824803678064,2.3263743394661582
63378,48.74607746813685,2.264800188956587
70375,48.80505904831141,2.3639027157317005
70372,48.805220235977565,2.3462681826121483
70371,48.80509503441156,2.4658843941777935
70374,48.80517456888822,2.388627680684734
414744,48.721701948270955,2.266223956937864
71305,48.86778661381369,2.31366529702459
70373,48.805484296192205,2.44086814077515
64823,48.92859675539515,1.864921618510742
71300,48.86701576288047,2.3063141197330106
71301,48.867105405198515,2.290158839553604
71302,48.86739151734211,2.2990295166137753
63342,48.74060650590246,1.9684909820779337
70366,48.80531640348065,2.415088417277112
63344,48.73981970765669,1.9519966609299932
70364,48.804413621394865,2.3361754495625595
70369,48.80514361395936,2.350360712412852
70368,48.805394619798854,2.393867207563327
70362,48.804135568737216,2.288619483686145
63348,48.74042896194121,2.0421840066898556
427076,48.82576023258558,2.3814054100996533
70354,48.804239678072435,2.266410788607758
63355,48.74141136424681,2.0576901332770623
63356,48.74141930317545,1.943661758962351
63353,48.74125512972012,2.2268646330803836
72490,48.907615634617024,2.453952508225018
63351,48.7412762053674,2.2650921699544018
70358,48.8036366122506,2.4448459919786822
72496,48.91031922438604,2.4160708939750597
63350,48.74093608431116,2.251606482169575
72494,48.90941865836065,2.4719901019040327
64801,48.92677903298847,1.9866990689582062
72499,48.910560317197515,2.4678241380995956
63357,48.74176224009636,2.0860462328211904
70351,48.80398978745296,2.4367110260068308
72405,48.96291662841238,2.306864719169367
60872,48.6639008463316,2.296060407738764
72406,48.96378363605379,2.3517451702180256
72403,48.96187183790845,2.311262534733568
60874,48.6643758207521,2.352890009507536
72404,48.96346258912934,2.3439713237590363
64855,48.93211412183324,2.2139826015901023
72401,48.96134313608414,2.2953320069824907
60875,48.66418629621724,2.2150219855146145
64856,48.9308718788965,2.052770980300034
60877,48.663946814867785,2.421673261130107
64854,48.93101171247176,2.0426406251683145
64852,48.931521355327014,2.2086342620472044
67807,48.79229789345744,2.663801630369853
67803,48.79088378098326,2.667880673523813
60870,48.66407600839227,2.250289151919964
59614,48.45407173492911,2.162215910661259
59615,48.452525902337094,2.171417107044796
59610,48.45138436336383,2.1898148106113062
427087,48.784933029278506,2.0584285978271057
427089,48.88194421530597,2.423145626576748
59619,48.45513960011724,2.1561124323745187
60885,48.66344927160002,1.6248878240694693
60884,48.66525660577997,2.277601137769136
64869,48.93324645743528,2.215234906442219
60882,48.66482499167563,2.260028485554852
67810,48.790135750235414,2.6422261677369123
64864,48.932657972249665,1.9970676733153352
64865,48.93283805772535,2.219486060199626
60880,48.66465095065182,2.26388071557729
67814,48.79271816601373,2.604265476767658
59602,48.44938273737334,2.1780595999440977
67809,48.79238679287946,2.6524348652002
59601,48.44758372447555,2.2956462567974594
60879,48.66464134439766,2.270365022375635
59608,48.450708871598486,1.9574411909875524
60898,48.665485073624524,1.6239515240415803
64833,48.92925084480138,2.143278224056585
60897,48.66536705248812,1.637562853716576
66298,49.00615232702006,2.283098991705722
60899,48.668559378021904,2.361393834919231
64832,48.92873159290963,2.1704541650892732
60893,48.66576201700056,2.429705823040115
64838,48.93036731527773,2.218465342084849
60892,48.66802048729508,2.354861568834014
60891,48.666709629163364,2.36367745895714
59631,48.46405991252451,2.1910193621105707
477907,48.99239590045715,1.7231842550909622
59637,48.46944114027521,2.2821691445377237
59638,48.47067126618797,2.001179006732028
64829,48.929252568692974,1.978795882783976
66291,49.00578765200111,2.3824943754434194
66293,49.00563583568877,2.0853886053817714
66295,49.006150096466676,2.4007785093284433
70392,48.806665700324025,2.4641526785985834
64843,48.930560325669525,2.228125855140345
64845,48.93048228135544,2.0394155041830966
70390,48.80651355582981,2.3369588888459005
70399,48.8059633863526,2.3580980496380306
424238,48.78569284577368,2.2325965447130556
70398,48.80721372139336,2.3531262908467827
64840,48.93098170854899,2.207263919282569
59623,48.45348106119827,2.364184869748276
59620,48.456206847516135,2.142461352986581
59624,48.458383106918916,2.1943395700116324
59625,48.46031774993168,2.3491215582472984
71394,48.88066937298359,2.324683575235079
72442,48.90098907466332,2.3864180007313793
72441,48.90086057130367,2.441964920175661
71395,48.88129537062262,2.3442701031215734
72440,48.900607392426856,2.478579254883858
64894,48.93536832211405,1.948152935801503
71397,48.880899462277306,2.2845574221282794
64892,48.93457235296697,1.9947784513758244
71393,48.88108292858126,2.346536309104653
72449,48.90245940883852,2.4631871098846756
72447,48.90276387574283,2.4003589945952775
72446,48.90168297191282,2.487121356398143
72445,48.901880442863124,2.390145160413492
72444,48.90120490617734,2.3943681233849228
72443,48.9011458659681,2.4560869596872847
64897,48.936025825349844,2.2383166122069857
72430,48.89750318822357,2.386213565562821
71382,48.879654813413545,2.328180571460079
72437,48.900387524952805,2.4817938213444015
72436,48.90014177560436,2.4101968175587993
72433,48.900500317182875,2.452567590794938
72432,48.899492239657135,2.5007355604495243
71388,48.880763880674536,2.3515377746806605
72434,48.89888526993958,2.3700743812848617
71372,48.879756463613326,2.331881272409399
64874,48.93383088820459,2.2043062749849662
64873,48.930986769650175,2.1566257851316615
64872,48.93372517049796,2.1792946834893074
72424,48.89871460058049,2.380456718888268
71376,48.8791612828857,2.303200306302588
71377,48.87943885674797,2.290740681368091
72423,48.89828799158138,2.489200810587089
71379,48.87806426540321,2.2826738303832257
72428,48.89919966270633,2.3734329448714004
72426,48.89894351247122,2.4847749453681254
64879,48.934123796573715,2.225684264223535
413213,48.97845695108655,2.3681196006310974
72419,48.8969587609385,2.4771017891136435
64881,48.93329257326731,1.8688528354972511
64880,48.93392397002922,2.1866897607320746
64885,48.93520502796141,2.216317844821274
64884,48.93387373290991,2.208059310922171
64887,48.93476882026078,2.1624613148704444
71367,48.878250372427516,2.29814025359363
71365,48.87834816032388,2.2419076694556046
72412,48.965573828956934,2.3444227091427132
64888,48.93461999077129,2.0570708182386404
72415,48.96636407990693,2.366811997231286
72416,48.967624638346415,2.3445129443014765
72407,48.96345454300637,2.29731102832793
72409,48.964103222761516,2.348490701583143
477931,48.649497777919635,2.9573001441166133
59566,48.43539033050351,2.1490069527523055
59567,48.43652941672463,2.1529162540538955
59569,48.436705485199305,2.1799006805979886
477958,48.525573751094704,2.671659986762355
67890,48.8043094962618,2.787412163333956
60912,48.67007382178592,2.3773190624239717
67891,48.80338174113462,3.082629134710875
60914,48.66888043861357,2.0515275349937463
477950,48.37718000509918,2.793655900934134
67895,48.80496288815021,2.945763206140299
60922,48.671359347660946,2.3652370248070183
67893,48.803610128824495,3.0901654077586436
66366,49.008175978253206,1.7115455945307068
66367,49.009536758042515,1.9453933662711071
66368,49.01008460453489,2.2090708926264924
67897,48.80618094962358,2.617663439466195
59578,48.437757672899664,2.146663281740832
59579,48.43916702350718,2.1677539383796023
59577,48.43761773500254,2.1636546020142067
60909,48.66912701301242,2.320088693987731
66351,49.009331764013375,2.239374152709387
477962,48.55671254907261,2.675001745731891
60911,48.66927055068051,2.0553435141908363
67882,48.80222809215584,3.0978076484543964
60910,48.667170659905295,1.6414952475687357
66352,49.00808228223249,2.0349185099274445
66353,49.008476119504685,1.9307128862192993
67883,48.80268727928214,2.970952894442881
67885,48.8013443322529,3.021463127482664
66356,49.008946879086245,1.926028027286204
59571,48.44091885602523,2.459818127525339
59570,48.39796987218276,2.420072964096345
59587,48.443282375917825,2.1702241857739764
59588,48.441352251535754,2.1805380406069474
60934,48.67252912488573,2.3283766373707415
60935,48.67215703478237,2.078196964008283
66346,49.009006671975335,2.125627571925286
67876,48.802240762235485,2.784792957500704
60940,48.67301735430382,2.3532312666489705
66347,49.007726439574434,1.897059615594493
60942,48.67296218681061,2.340696264078291
66341,49.00820645069735,2.044819855615605
66342,49.008698146786756,2.2847725205138554
60941,48.673359919836145,2.321011535105577
67871,48.79795300845191,3.2675404332461717
66344,49.00907436245458,2.3695309964486233
59584,48.44026830703736,2.160610612395499
73582,48.98492637716718,2.5529604656064837
59586,48.442902549900836,2.1648145172618443
73580,48.98290824239541,2.5519258359154873
59580,48.4417382652421,2.4750146551911505
73586,48.99115152524095,2.544066066733508
59581,48.439782554186834,2.1574475863735993
73583,48.98707066767232,2.532802319666075
59599,48.44706835847912,2.18164568381
60925,48.67187592325527,2.213473726471201
60929,48.67268791423369,2.324639708841318
60927,48.67144692865205,2.2764019723672035
66336,49.008034635738596,2.115692589387814
73599,48.89530811736521,2.0787883408411196
66334,49.00665542919049,1.919705421441195
66335,49.00746038259841,2.1971161908941137
67860,48.80026643977569,2.618864005739086
66333,49.00817704685969,2.248064198404744
60931,48.67398596218447,2.333926442731342
67862,48.800673208655816,2.62952791232019
60930,48.673259612135105,2.3168365031619524
67861,48.80033355555598,2.609013558324302
59594,48.44607023480926,2.4699882733964214
73592,49.00254212009268,2.535205317100663
73595,49.01003851613929,2.570603312066196
59592,48.444655891488594,2.170439137978038
66338,49.00701278307132,1.9632833230974012
59590,48.443225932173476,2.181529749330962
67869,48.80124358165382,2.6395850032854016
73596,49.01033347334473,2.5601773933943925
60959,48.674772912285135,2.3469143325772404
59522,48.42775634450319,2.156552176905662
59524,48.42780614736221,2.143411478919607
67858,48.800042181625464,2.605190139470348
73563,48.967090500974614,2.5518846116766096
67859,48.80007225140787,2.6329697741656144
73561,48.966662179861096,2.549170376312715
60964,48.67513996396306,2.367445744974072
67851,48.798030658352594,2.6603476510520028
60965,48.675033445062496,2.4116426549785217
60966,48.67472212289978,1.9795361671106333
73568,48.97385357723973,2.5139817411299967
73565,48.96888756430339,2.5455315714917566
67852,48.797942321120914,2.616294385677166
66390,49.01162575898651,2.1947141930490015
66391,49.01179262217576,2.268544457876472
60949,48.67418840243237,2.138112888090677
60948,48.67362364281027,2.289851714384766
464029,48.829830489674094,2.3100033821157173
60946,48.673557660668685,2.411516652646429
66393,49.011069940847634,1.9191009539157142
59539,48.43021648340875,2.148293118803145
73575,48.9818226514959,2.5166601014416248
59530,48.43643506725482,2.4570790702042395
59531,48.42779603935266,2.145128483301033
73570,48.975764144999744,2.506197962639819
66399,49.011499781217466,1.9169046841412993
60955,48.673815173032835,2.2775643998274306
66397,49.01221264586572,2.281511617504202
60953,48.673565219080395,1.9731343199208264
67841,48.79717984265998,2.641559805761951
60951,48.673582413481874,2.2565295019553275
67842,48.797550236196514,2.6527816425873305
464034,48.83023943335213,2.304521729866374
73579,48.98349573781433,2.5539359669975665
67844,48.797386984420534,2.6086748838855938
66382,49.0124741426772,2.367958667702348
60978,48.67828340154191,2.41039043082472
59546,48.431483589533315,2.17095127795397
59545,48.431212095467565,2.157950029472675
67838,48.79782853303097,2.6572790944823774
67839,48.79533865221443,2.6500017723611333
73542,48.96163782526509,2.5706616272593985
67837,48.796935554046875,2.6626894776815893
73540,48.959980875991775,2.5737889112240127
73545,48.96231404515159,2.5408023249388507
60982,48.676740070399426,2.1655147913087145
73546,48.96281528356778,2.517307966150471
60984,48.67698247926074,2.181015667520711
73544,48.961990079994195,2.5587022976346603
73549,48.963772526862776,2.5342476542869137
60986,48.677326382469616,2.183944177668598
60987,48.67576242104051,2.351044539856093
73547,48.96281293303645,2.512282229857387
60969,48.67596890129819,2.239150859980834
66373,49.01012133888122,2.2851766840984844
60968,48.675455537077355,2.3233476172861933
60967,48.676002706393625,2.4185314842180783
59555,48.43344600650543,2.155162939740476
67827,48.79177202688426,3.2562652305454383
59553,48.43356299798068,2.3617490169559234
67828,48.79517538375466,2.704438058437776
67823,48.794275324670586,2.6617810145240663
73551,48.964430505238944,2.5658107020108867
67825,48.79470926705466,2.6439726375154238
73553,48.964675020081074,2.5625718584068164
60972,48.67632436044688,2.3179645480544657
60973,48.676142117354956,2.3382996432890177
73555,48.96495017316447,2.5295457549281593
60970,48.67614006180398,2.0715798642980774
67822,48.79423889578348,2.6044989703723305
60971,48.67582478624697,2.3736377205441728
66377,49.010369070979046,2.039735781060243
73558,48.96546713787161,2.5458482810321
73559,48.96599003923492,2.568119492289463
60974,48.67592268665498,2.4068517360575274
60975,48.676500289922956,2.2910690254558475
66374,49.01054928120757,2.2385156260230774
73528,48.957020541150136,2.56329170844783
73527,48.95714906808524,2.5506183983243105
73522,48.95361438341457,2.562610279548542
73521,48.95474844704003,2.56535900712128
73524,48.95586782811236,2.5399989785090074
63337,48.73989619110218,2.330175698210675
63332,48.73800394864738,2.2675723452134897
63331,48.73719870260343,2.0927010158303156
73537,48.95951867405197,2.561570550309571
63327,48.73698124457092,2.221794543568722
73534,48.95913090599747,2.5788280859980093
73533,48.958924660188394,2.5493057497012304
73532,48.95875436101296,2.572795261479009
63323,48.736191806264095,2.2172985368814406
63322,48.73553126193312,2.212596751824981
73530,48.95789833671972,2.5574397332299696
73529,48.95767242090056,2.5042941201720508
63314,48.73440088206116,2.2572615298755676
63313,48.734842299533554,2.2704993859235287
73502,48.9504540346327,2.579089507432631
63315,48.73404676481472,2.335268138135855
63318,48.73450474809717,2.1647890744963094
63317,48.73427173213436,2.293779467985538
73503,48.95140897096626,2.558321019630376
63312,48.734035717518644,2.204766709956961
63305,48.73245258203116,2.196027445331814
73512,48.95320339435548,2.514249839232502
63304,48.732287109898536,2.286749475843498
73510,48.9527175801734,2.588711074342761
63309,48.733697065556875,2.2627036918420433
73516,48.95374688879464,2.506407036283607
63308,48.73297942249859,2.0926043390876528
63306,48.73300332212729,2.2016958421406745
63301,48.732785003612335,2.1037780078623287
73509,48.95242831939052,2.5665867927994066
73507,48.95190458331454,2.5188633975333117
416960,49.089554920556694,1.9876807787603799
70411,48.807771141520924,2.2851861575170553
66329,49.008043635550315,2.2425779422781744
66328,49.00761862493105,2.476350136816176
66320,49.00728669869831,2.3148909226495
66326,49.00735372628066,2.0332233677455713
66323,49.0069721810021,2.3925883082735475
415487,48.581450552156646,2.230877122374985
70405,48.80794278143737,2.38300562998096
70406,48.80774753431509,2.2497763210453345
66317,49.00703241893777,2.1108844304738525
66316,49.00768398259364,2.1273721718040526
66318,49.00373050652471,1.7340939130754451
70424,48.809146742564145,2.4853625156445505
66311,49.006876736132256,2.0996510497681027
66310,49.00689517378381,2.3487467999636475
66315,49.006272890353046,1.893509081426536
66314,49.00633798747705,1.9119409556357712
70417,48.80807263078435,2.4041710583626785
70418,48.808524889778646,2.450714405496345
66305,49.00617681871781,2.3725732394422807
66304,49.00619209794435,2.040872352861275
66301,49.00580703162226,1.8971208742517842
66300,49.00457525723809,1.6945821870666657
70401,48.80757703932161,2.2519914801544467
70403,48.80749065047469,2.446824212895578
415478,48.455881366399744,2.149743465585939
426450,48.957273790144086,2.3931415583463287
72580,48.92212435281154,2.4696572949400752
70200,48.79308401531179,2.3555884275630277
70205,48.79317842447317,2.2777220706670183
72582,48.92182161225741,2.488976621969248
71451,48.8860457930124,2.3356530425195854
70203,48.793056678600045,2.343133130410221
72584,48.92261174000989,2.457002061080576
70204,48.79296957631806,2.4976372336446313
72588,48.923534292904144,2.3698988004886425
72589,48.9233570980864,2.4459677757250584
71459,48.88736691849865,2.3444663921519147
414898,48.96528964543209,1.7312122757962753
71439,48.88553659680179,2.274272783949812
72570,48.92149982721416,2.42962576030856
72574,48.92113381519241,2.4406899396258237
71441,48.8857823531176,2.246361055064202
72577,48.921795556814246,2.49556117448764
72578,48.918029790681935,2.4076402616381403
72575,48.921695030540185,2.3750111545870687
71445,48.885679472982005,2.326425498436327
71447,48.88617344557894,2.356557028760789
71446,48.887517783646956,2.3199171127370577
71449,48.88599775980565,2.3096750763052105
71448,48.88627928209354,2.2438718844986547
70227,48.79585933368749,2.497214621306406
71474,48.887553405827774,2.3254193612635237
71473,48.88790389890976,2.339897881496594
71472,48.88747549326333,2.2524802662086794
71471,48.88774191136269,2.237679615561814
70223,48.79481351077054,2.2796529381210413
70221,48.79481249600675,2.3060830917426505
70222,48.793971143768076,2.2727355199689243
71477,48.88871267790801,2.34387666507766
71475,48.887831871343174,2.315064865986367
70208,48.79314458207678,2.2954056081225955
70207,48.79274836522157,2.36682979013243
70214,48.79384920813445,2.4950831814437255
72595,48.92474779881511,2.464048926722146
71460,48.887410405463584,2.243548614554303
72596,48.92480363684201,2.447630960645011
70210,48.79306989038228,2.321352574039384
70211,48.792108470743315,2.3691312526834367
70212,48.7937834539877,2.492300015986011
70213,48.79346931248893,2.434360718182657
64904,48.93669726072599,2.2052998705998186
64901,48.93741378628871,2.0329807215722577
71465,48.887487462160465,2.2786232349341917
72599,48.92519026254226,2.4153922345546133
71467,48.88760351514682,2.3066399025015465
72598,48.923598833479524,2.384916350571035
427185,48.82735082877928,2.260773085956487
424157,48.7234956685417,1.8968141635343783
64906,48.937369239168014,2.1975018733883935
71408,48.8820947855925,2.320703831767569
64907,48.937512048802546,2.179412396967019
71406,48.88184954265296,2.2802694760348237
64911,48.93782412268797,2.20707091281166
71410,48.8809591551807,2.356144204632079
64913,48.937723083796364,2.2365239885496875
71415,48.88266685773987,2.324057680410773
70241,48.795618278845424,2.483916843039898
71416,48.882857193508436,2.3093464227610436
64915,48.93850801048065,2.242593964179191
63469,48.76114584180047,1.9356504923373654
63463,48.76083994104412,2.1244720923931535
63464,48.760708834927115,1.8843204999907253
70245,48.79559055311119,2.275775978831933
70244,48.79627484168163,2.2924159762189893
63460,48.7601991823378,1.9913612812891524
63461,48.76014787732965,1.9664246554723788
70247,48.79636202495579,2.325380216889584
424161,48.71460055462511,1.895962097864038
64921,48.93920912290288,2.19093455964871
71400,48.88081783394978,2.2371059981645613
71401,48.88185503907726,2.3316361736245352
71403,48.88152153069055,2.3155842101583417
64925,48.93886858227286,1.9843407435121594
71404,48.87843188763691,2.27428315840984
64924,48.93945135927782,2.0601913454750806
63479,48.762903686742455,2.123791230117146
64923,48.93906927114782,2.012663807679585
63476,48.762509483369094,2.1351104999709274
70232,48.79552219752326,2.4993891714461003
63474,48.76105752986022,1.9449582051773677
70234,48.796129887349274,2.2735018219165504
63472,48.76206466728853,2.137655199681968
63473,48.76226857562254,2.2093636332447213
63471,48.76151180336816,1.9414048570545104
426396,48.96626208544713,2.3611451517591617
64927,48.938756397730586,2.1363643284110507
64928,48.939066702673166,2.0178241313124166
63489,48.7633400081738,2.035668344029373
64935,48.93969866818391,2.036965478130881
70263,48.7990803620544,2.3281564183826045
70262,48.79734280062018,2.4328007875214284
64936,48.939187929632155,2.131367608927772
71433,48.88467534073345,2.2679709566955246
64931,48.94039653051397,2.0309389262616193
64930,48.938613901357826,1.862853211804342
64932,48.939587486409344,2.2483595372436778
71432,48.884607637679835,2.338228264699696
71430,48.88476161846375,2.3199667449629042
63482,48.76301820019675,2.18506713339526
63486,48.76269845586316,1.9127954405558463
70266,48.79786372308787,2.4990603906678235
70265,48.79814790648817,2.337541713567805
63488,48.763130351436494,2.028665399210478
63490,48.76309313986031,1.9381686532936964
427178,48.82500676042838,2.2576802579075124
64938,48.94054958044816,2.1356110166486766
64939,48.94013916192279,2.1255225023273447
70250,48.79690629912796,2.495952085346484
64947,48.93995079163588,1.9736097491366087
71426,48.88378944954332,2.349754642627376
64946,48.940102903111494,2.0224666486485283
70252,48.796408231343094,2.4124860054007744
64944,48.94058113775412,2.2222708195214094
64943,48.94047060538184,2.2450704280925415
71421,48.883781420199604,2.2718085751223374
64940,48.94033620185172,2.225414315723378
70258,48.797557524720396,2.307176534580346
63493,48.7639746640558,2.136848133712726
70255,48.79743924655522,2.3015351333930982
63496,48.763432410406644,1.9547063312789046
70256,48.797376630791895,2.439974854104806
70288,48.79898084447083,2.3232701679366987
70289,48.79933358123393,2.2864930457465364
72500,48.910150702397694,2.4800116845528977
64954,48.94013857419577,1.9578517376309055
66177,49.00068949917041,2.426063990134728
64955,48.9405120242663,1.9693187733509858
70281,48.79924798642994,2.42308674240153
64952,48.9404414254848,2.217385676393704
64953,48.94355484684873,1.995103170696957
70282,48.7990265092097,2.3911298686603306
70284,48.79921048794321,2.2713078360805956
64956,48.94080158804358,2.1937083734025866
72502,48.910614239775526,2.385165305413616
64957,48.94012123082694,1.97829580803687
59518,48.42458266505311,2.1374689630237835
66171,49.00126666321602,2.311020456514707
66170,49.00108757275678,2.375231467533066
66173,49.001408451210104,2.1189284488560083
59513,48.423344680722614,2.129953387910568
59514,48.428703101414506,2.46116033377003
59516,48.42389899642855,2.1430696397310744
59517,48.43391145956944,2.457064586879751
70276,48.798377857480716,2.485645738875287
70277,48.797317498465226,2.4775628738899798
64961,48.940786050898815,1.9898869832335784
64962,48.94120916602027,2.185490533488275
66187,49.00076155191613,2.4195440190047726
64965,48.94140598215989,2.251541405685404
66188,49.001632018350016,2.423839481523087
64967,48.94112993431719,1.985880233117374
64969,48.94183746451929,2.037888357734964
70272,48.798194849262714,2.267741495233705
59509,48.42110515053631,2.1511643852686837
59507,48.42010121998598,2.3764693101453656
66185,48.998697612678946,1.647035177214293
66184,49.000881393127756,2.091062361736803
59500,48.415807383347854,2.0038569868375355
424124,48.63302596434033,2.554534936430546
424125,48.630206277971716,2.557021910018995
59504,48.41902322159674,2.0645521810655927
64973,48.94169509840565,2.1385817599242896
64970,48.94141503033919,2.0323329430863613
60992,48.677834522883074,2.179345197633082
72524,48.91422832760932,2.3805858588157554
64978,48.942335398697374,2.1726672695147764
64979,48.9419935331948,2.2018264477409515
72522,48.91418848336846,2.454715844995374
64976,48.94245006918527,2.1941196849104894
66198,49.00185651122733,2.387461355671185
60996,48.67824797858302,2.318523521071887
60999,48.6785462230279,2.2398943846030055
72520,48.914051068523655,2.41133360770851
60998,48.67795540957373,2.169522768396036
64975,48.9423996523434,2.229533790695319
66197,48.999773974341494,1.6408153482831318
72519,48.91416611693123,2.481063102857908
66193,49.001393057259435,1.6778701229014397
72518,48.912933528741625,2.3885011562690943
64982,48.942175922042466,2.1562395766236695
64983,48.94270471075827,2.213501732894286
70298,48.800316889724044,2.3866832686939867
64980,48.94215392175416,2.2424794398668544
64989,48.94223457031783,2.182218469228102
70296,48.799840536758175,2.2633140658257416
70297,48.79999502034526,2.4842002857083147
70294,48.799796247519744,2.290938679777065
70292,48.79846731525477,2.4650469263403
64986,48.94228938510148,2.026473476106444
72511,48.912175419638245,2.4813490038917867
70290,48.799652678216326,2.30092007154271
72507,48.91095221883361,2.3792059236610297
72506,48.91146666453079,2.4911793933953668
72508,48.91179195877464,2.4647076214811894
72545,48.91786981275696,2.478672373692562
64996,48.942535924799884,1.8092277981259113
72549,48.918389238351,2.4186002587691924
72547,48.918034292126464,2.4971668341755033
72546,48.91816390298358,2.465815572774532
71491,48.88935553559435,2.2729989549158653
71492,48.88956644668994,2.3396790610076796
72541,48.917420171767496,2.4302845058196607
71493,48.88955795804451,2.3430409175955655
64993,48.94295682142581,2.189251651696315
71495,48.890394486738906,2.345532966908743
71496,48.890546696602385,2.333993123246075
72539,48.91675076253351,2.392863641095142
71486,48.889671205953654,2.3190434293444
72533,48.91483315221025,2.501550319632725
72535,48.91616679813017,2.43241999437443
72538,48.916171296995145,2.3806787142744525
71485,48.88744455000016,2.2504078044589906
71483,48.888502326075724,2.2813844612489484
72529,48.9150594138584,2.4954490890075336
72569,48.92143379415836,2.432765107285875
72566,48.92129032327193,2.4752879886679304
72565,48.920606845501716,2.4290624174203765
72563,48.919799598078214,2.487195247357316
72562,48.920028517282155,2.458489115658538
72559,48.91957950999184,2.438120787050087
72553,48.91917538870866,2.4138359788310497
72555,48.91921957204823,2.4615746100752136
72550,48.918578440403,2.393278973165681
413345,48.98597049023711,2.392560518708872
59463,48.39692846346827,2.4675384249423606
67758,48.778255529240816,2.598734398966386
67757,48.77780785774554,2.606100011808076
66224,49.00066916137435,1.6321396506566124
67755,48.77535186151121,2.6779199784664716
66220,49.00276571392485,2.0911114009951186
66221,49.00203062186664,1.6872034271118483
67750,48.772360198770265,2.675822556292748
66222,49.00290800172017,2.427406239988262
59474,48.40122679703732,2.4532271606926743
59470,48.393215561619016,2.3932152256848274
66217,49.00257170331142,2.1261322520067503
67743,48.77024742355031,2.6679303472133795
66215,49.001265841747646,1.885462675195099
67745,48.76912931019743,3.0369879488446814
66213,49.00268780970478,2.1580997092490817
67770,48.77808157099525,3.335140582485325
66241,49.00110920620273,1.6979702584776526
59445,48.373242941504714,2.3785911731373197
59446,48.37168281516268,2.0787495760156407
67779,48.78432444694467,2.607615985463931
66242,49.00253116979955,1.9723186644724078
67774,48.783592602238976,2.6247768249794827
67771,48.78224751022905,2.6010241399882483
66245,49.00382295041871,2.2608043694906073
66246,49.00396406674141,2.3047315552265273
66247,49.00389461854744,2.2814899815483085
67775,48.783789674977164,2.603639080128099
66249,49.00461976983566,2.128298430598275
59458,48.386798142939156,2.4726049525847866
59452,48.37821865635922,2.145299454185364
67760,48.77458693151762,3.390119979779127
67763,48.77946885896288,2.6065910028044774
66237,49.00368325635792,2.3559353758377743
67767,48.78105576272937,2.5956575785654383
66236,49.003374752648696,2.093759221649248
59426,48.34657345611041,2.0444459312528838
66261,49.00443243128852,2.2670762477778976
66263,49.00457215552345,2.0909704462085625
66269,49.00389028518795,2.1115942908438763
73667,48.888596972065024,2.2881065912237464
73665,48.865874216569644,2.3698465028808338
66265,49.002965207488664,1.6256887884238038
66267,49.00618092820287,2.396165037941581
73668,48.89323220633118,2.39967090044023
73662,48.887958071906596,2.3096354498667595
73661,48.89109874262342,2.319413453556155
67714,48.76273517515302,2.6957856449681903
66251,49.00425852981848,2.424001702505803
66250,49.003613502577586,2.4170519507496935
73675,48.83814818964033,2.322325665939697
73677,48.81228014073901,2.427776833469154
67701,48.75941534883632,2.8714470406040107
73679,48.73437530071952,2.4415205979963677
66256,49.00441063260825,2.2980281782714487
415505,48.80692908445693,2.0510868993263927
66253,49.004310387420574,2.318073841313995
59431,48.3509115667303,1.9882521193258202
73672,48.88924017217179,2.348247772609283
73673,48.89240637690684,2.3304232693603377
59401,48.305986592362196,1.996317318334406
59400,48.30592997903464,2.4732595066424485
59404,48.31574353837185,1.997224061439229
59406,48.31541946382911,2.087287992175617
415520,48.892104159507404,2.243425865230165
66280,49.0052879495382,2.1163749426679987
66283,49.00439135002834,1.9099929011682293
66284,49.0059439043578,2.301896166666719
66285,49.00516686353137,2.0881647826776315
66289,49.005580486066044,2.093502039590486
67733,48.76387407715253,3.3862713862029836
67734,48.768144102946025,2.673284034218644
67731,48.76738090439528,2.685493097089483
73686,48.60105052824484,2.463537359313761
73685,48.615449013343714,2.4588857850916614
73682,48.62977738769415,2.436353743179401
73683,48.627111816999935,2.4198073607544672
73681,48.650745672912855,2.415024601167175
59412,48.33626968956848,2.107094803679318
59411,48.32694643925722,2.0991505943577464
59415,48.360124446912316,2.125497037921171
66270,49.004249392842816,1.738961220848993
66271,49.0048342755446,2.373778585471395
66272,49.00387653144842,1.6828987632429722
66278,49.00523906555322,2.4719866473678938
66277,49.004784035713094,1.8895562603139102
415528,48.758538122372414,2.3449618383379462
66275,49.004696219508865,1.8810696476954387
72602,48.925521047364754,2.4741671947053265
73697,48.92440474182723,2.401999710670479
72603,48.92505261664432,2.374766116284808
73693,48.922884088583814,2.406349983007847
73694,48.91650635355689,2.405999743715266
73695,48.91481023663181,2.4039997190547426
67729,48.76541059340679,2.6921578865971862
73690,48.87459282954179,2.3196495886458997
73691,48.81081670978557,2.3385042202468904
73692,48.93173921692817,2.3782959074930337
63434,48.75713333444848,1.929018659781459
73620,48.85323577985779,2.3442552503120875
63437,48.757898765234,2.0878247406822217
63436,48.75700770373559,1.8362812884743929
73625,48.80151165144374,2.427180189174083
73624,48.789481421787215,2.4336076699120714
73627,48.64875722904356,2.434479545710241
73626,48.84456941572047,2.3751457799393743
415545,48.695044052795836,2.176377901263107
426383,48.90852684138608,2.451637319411347
63420,48.75571003417837,2.171319494054091
63426,48.755361449098565,1.9436721406000061
63425,48.75598921553636,2.0717175365831486
63424,48.756900564522034,2.210975322278781
63423,48.756156134253374,1.9486146624353806
73638,48.84391976166976,2.3387789895170634
63428,48.756701199637675,2.068433182701362
63427,48.756804844833205,2.1748526420872674
73628,48.64349802386665,2.431312632266149
73629,48.64519227989837,2.432923114677458
73641,48.84545443887064,2.3173864588147706
63454,48.75849758491624,2.191728820110945
63451,48.763090681658774,2.0839789373554716
63450,48.75914371548699,1.9605809615454248
63457,48.75991937402827,1.9817073267197356
73643,48.87498723099765,2.3092142899981978
73642,48.86150537509582,2.3208836888649578
71503,48.889897293905086,2.250017901133106
71502,48.890539475655316,2.255648107854726
71501,48.89055241293325,2.355582336513111
73644,48.8588160800392,2.303629150857313
426361,48.737882627393695,2.7739486454404148
426365,48.87981612483073,2.5923683520885046
426363,48.80526280067073,2.1518848024242825
73651,48.83487566790488,2.367707693401592
63443,48.75655416055557,1.6632292635114592
63441,48.75762232487951,1.983949201124765
73659,48.84097194078334,2.258597403704514
73658,48.845197926543634,2.2618757689044564
63449,48.758577735072684,2.0520066033026567
71513,48.89191007542097,2.3349644806882095
63447,48.758044501738404,1.9263131022241728
73654,48.831738031115094,2.280389202204184
63446,48.75845987132795,2.035044267740619
73653,48.83115706736058,2.329772805749866
71514,48.89202794604797,2.300409490391665
415574,48.455137708614316,2.3388931262196513
71508,48.89069777642413,2.2704093830435226
67798,48.7904650800863,2.6725929856752217
67799,48.790696543015855,2.670093775994602
67794,48.78595697043569,3.3026552359532357
67795,48.790041304716844,2.6562004851126977
426345,48.73957838034783,2.7625458688856037
67790,48.78840900799182,2.662540433717426
67792,48.78907606452809,2.604388381050629
67782,48.78700633306685,2.6563565908784663
67783,48.78257989866304,3.3078889630350465
67780,48.780893025503005,3.2992439848335557
415598,48.4553894744252,2.3404859311157433
66201,49.002196455516945,2.3495300810632007
414902,48.969060950019276,1.7302254891290658
73603,48.86809683528019,2.0768952200922
63417,48.7551739495843,2.056067794840543
63419,48.75538177570565,1.9546702685558894
63412,48.75449091031156,2.189614382548876
63413,48.75463173501515,2.0603081941831705
63414,48.755252062642114,2.1798967403654634
66209,49.00251272585423,2.381282721923824
59481,48.40052682387146,2.4796145233004565
59488,48.3980094161043,2.143619927391186
63407,48.75350246253991,2.186446702195522
73613,48.84995274548053,2.221177299439914
73614,48.898218837714786,2.2483020964863636
63404,48.751505445068524,2.2153075070236747
73612,48.83472798582829,2.2713971491818703
63402,48.75188828361321,2.272206326254642
59493,48.400734225530464,2.3770705380840003
70301,48.80047417574757,2.3558851471210582
70300,48.80025720025082,2.4357302471904583
59495,48.41315918957867,2.0467358722372446
70305,48.800029352230034,2.343555871431133
59497,48.41436385966986,2.054485236848968
426313,48.977317579314274,2.2182511999269403
59499,48.414038382376205,2.379230615291407
64664,48.909657001811375,2.1194243437636953
64665,48.909713281900416,2.1289670898129045
64666,48.90981760045877,2.1846720252998892
64667,48.90988271209638,2.136843449390995
64653,48.907945765528254,2.1264522253985305
64650,48.90703480536726,2.0386340062287798
64659,48.908185502856455,2.0313203793854626
72205,48.918039015274324,2.2841423456122993
72204,48.91769525693991,2.3075148150509355
64658,48.90871622803462,2.1322308874298583
64656,48.90900403705262,2.1523296091695556
72202,48.91796527333404,2.332107110379347
64642,48.90597216108702,2.1598278220516254
64644,48.90651889386473,2.1244092941115107
64646,48.90720257041604,2.155114810584625
64647,48.90675958442861,2.0323769505923397
64636,48.90552855478122,2.1703737569814527
64634,48.902926985209945,1.552733515864
64639,48.905760538452505,2.0462974694041787
64627,48.9029650890042,1.619188387307575
64626,48.904562114359514,2.0415036561223587
64622,48.90325156072309,2.073245530145005
64620,48.903922982137686,2.1211583968837284
64609,48.902539650532276,2.151950598242411
64616,48.903162815666064,2.156142128491377
64615,48.90286419068801,2.1147714397096116
64612,48.9026826804936,2.05056238924325
64611,48.90254245472662,2.160647110967726
64601,48.89999246206324,1.6749138402159633
64603,48.89976687996677,1.6711952946044166
62495,48.65339612723529,2.5694785019267337
62498,48.65408466993097,2.698487838891983
62491,48.65302217574021,2.560670740754648
62494,48.65507771756034,2.6368788814321293
72277,48.92951354772159,2.3620536261332727
72274,48.92835514456674,2.3415820186320153
72275,48.93073784022779,2.30178615025861
66965,49.061761012035596,2.0900643479006016
66967,49.06233000726185,1.9314504254263676
72270,48.928030414631095,2.2510582380379502
72271,48.92815575284777,2.2773291981177204
66961,49.06273120660867,2.2992096194958638
65715,48.98372737236888,2.2283677621444964
66964,49.061896158038785,2.0505844500739023
65711,48.981995398555306,1.6968641675246185
65714,48.983919037562984,2.246495553874333
72286,48.93060385673905,2.2836555357019
72287,48.931035109970715,2.2606374986056674
72288,48.93144928947085,2.3641727675489967
72281,48.93018642706521,2.332052585531938
72282,48.92848854899416,2.3372333909427607
72283,48.929991209781186,2.267845183245103
72284,48.93037476996201,2.2950690295000857
66952,49.06042134624791,2.1295298109062433
65704,48.98349864652535,2.4685664886001204
66951,49.0614600499155,2.5011954970567167
72289,48.932760696035785,2.3300472106554952
65702,48.982169799316786,2.3887453728812282
421136,48.40915842028646,2.7248105366917414
72280,48.93046221293293,2.2451951845081477
72250,48.92449478908134,2.2945482157575614
66944,49.06022940951005,2.1690977856253406
63594,48.77092881009051,2.1464351220001006
72254,48.92544771671271,2.352639047478461
66948,49.06041062910183,2.0964097042185283
63593,48.77070564256717,1.9698351934699718
72252,48.92514955518613,2.2680224915509952
63592,48.77112281982483,2.080470120607833
72253,48.92339449430282,2.23609964726716
72258,48.92587936871243,2.2529452760626136
66941,49.05982976080347,2.0855964621864396
63599,48.771511644803596,2.1723817161576644
63590,48.77092908673385,2.064784177374397
66934,49.05812555320589,2.190209386320824
63584,48.76990603439632,1.894962319407397
72260,48.92641126747571,2.243834584821699
66932,49.058590758674185,2.0959488137494686
72261,48.92604420388776,2.317516539657632
63580,48.76970824648961,2.0340062678765536
66939,49.059479722475004,2.0922046991361887
66936,49.0589239929531,2.16368663751133
72265,48.92714493487923,2.364784927709166
72266,48.926987510104546,2.3017409434060436
72267,48.92678901990907,2.2743866062948217
72269,48.92867694277675,2.2465995688005256
66930,49.058327746684384,2.29580060680893
425600,48.59526123794588,2.1944989659128646
66920,49.0565051519246,2.085921849554712
72238,48.9201608081738,2.243079353568181
73802,48.859057960520964,2.4096805589975374
73803,48.938866987820816,2.3324871555642805
65756,48.98566875722204,2.371516012149099
65757,48.98614585574544,2.224799841743214
72235,48.92238799526219,2.2475844856791376
72233,48.921966967802476,2.3059636750421872
65752,48.98513092766104,2.25697129821957
66928,49.05797121497546,2.0984635286377262
65753,48.98561956259696,2.420696886949242
72230,48.92177877364514,2.3241705328449775
65754,48.98607346201915,2.342169268319731
66921,49.05695231908292,2.1454526089156145
66924,49.05743446909211,2.497526405097415
65748,48.98574518352444,2.3315844425956667
65749,48.98505435188866,2.353201381409246
72246,48.92467679639767,2.342358687760431
72245,48.92453798212122,2.265076468374909
65744,48.98388107442797,1.7078164617547458
73813,48.874977316652924,2.1966634925812047
65745,48.98377911479248,1.7000441563172253
72247,48.924235025741076,2.3332071019652854
72241,48.923505718513724,2.364488184262789
65740,48.985419658090514,2.4073845117226775
66915,49.0554141978861,2.122705453208177
66914,49.055496961233246,2.0357470053290547
66913,49.05531793014903,2.1350744783369073
66912,49.055112106933684,2.0603748714210943
72240,48.92288286483031,2.2865867123487753
66909,49.05480107559638,2.032517319967462
73804,48.940468713932084,2.3302482617469247
73807,48.76013251813688,1.9199642695173975
73808,48.77101461285881,2.0079304326678815
65733,48.98317140563311,1.694600629062609
72214,48.919636772163514,2.298073311238897
65735,48.98525245504584,2.432314487118538
65736,48.98575104397581,1.9687084793293566
65737,48.984448370119416,2.440124687601179
66900,49.055795850694494,2.4439724787973804
66902,49.052230769285785,1.5904724197938376
72211,48.91829770918483,2.3617476449283696
66904,49.054925171156306,2.4580803486849354
65730,48.984897071015276,2.404452950952173
66906,49.05513619380253,2.4530571032782427
72209,48.918669683007444,2.2526666980426238
72224,48.91997707992177,2.2692551637741625
65723,48.98419161789107,2.0039296084427307
72225,48.92005851176125,2.3142176632425775
72228,48.92129702776053,2.2830604014727918
65729,48.98473791618791,2.3995839699486408
65727,48.984696766677494,2.3218289244459034
72229,48.92128695104556,2.2491151583692712
72220,48.92020955211501,2.2771871009046474
65721,48.98271039710984,1.9733049617466776
63519,48.76547672276016,2.1815660904862404
73728,48.834475480745915,2.017887625918323
63521,48.76567774083576,2.118798898733988
63520,48.7638258155314,2.0379111031440003
63529,48.76623765829017,2.1363481054691924
73737,48.65516633887368,2.303672392898324
73736,48.70558995243618,2.1953942580185033
63528,48.76574117173804,2.0581625232484493
73734,48.80947749657663,2.0554457972522204
63525,48.76553058397797,1.999626057772566
63524,48.763844281924015,1.9176356912684533
73732,48.797269745828494,2.0729297916710543
63522,48.764890268969566,2.169575088631555
73718,48.80496626521942,2.188857371954193
63530,48.7662202751729,2.0757398983736453
65794,48.98702855576145,1.952163058175119
65796,48.98767590419907,2.2988212844962708
73724,48.98441244508898,2.6190096896234456
62406,48.62830599261018,2.600901720725167
63537,48.766182005099715,2.017968494846917
73726,48.76068795799877,2.060668541765318
62404,48.62818245458847,2.6043154033988967
63539,48.76616412058758,1.955427192044741
65799,48.98707194152208,1.9275596109916073
63534,48.766234048830825,2.2291546111332714
62400,48.62744506351996,2.5619641831753905
63535,48.76643701323507,1.9913631993955592
62401,48.62747276668518,2.593899496074126
73705,48.76227587274983,2.1693581841667644
73706,48.911560808823566,2.311212034368624
65763,48.98587599749945,2.228274373267699
59397,48.463995582380015,2.4770782522613626
59395,48.29365586969798,2.432075391044021
65760,48.98719864506769,2.4369456324109526
73711,48.824623427579226,2.4998452801641906
73710,48.881818355928054,2.5914186388792375
65767,48.983758691486784,1.7224194957803407
73715,48.89561610514815,2.097981157085215
65766,48.98663180753357,2.403387825172669
73714,48.89343908422849,2.099096386044936
63504,48.76444076362325,2.2272355150963725
73712,48.88953722640662,2.1986005076878947
63508,48.76396258500905,2.1732837172120285
65776,48.98684629821972,2.3187129184254536
65772,48.98661674402106,2.220447789079729
65771,48.98649938424025,2.450008451131982
63510,48.764719944849716,2.1410399628014507
63512,48.764850421081476,2.059838510964235
65779,48.98645028059606,2.0095363731357736
63515,48.76493701327993,1.993746027382158
65778,48.98557852331137,1.7076034458252052
65777,48.98600219128291,2.0531666447374
66991,49.065913850335576,2.127446541896323
66990,49.06301817645208,1.5534274683626692
73778,48.83758395121098,2.794211036458862
66992,49.066318476550876,2.4572634507068294
66997,49.066110545453746,2.074414755486319
63566,48.76854596649304,1.9645234552739013
73775,48.99676416644899,1.7149516209627813
63567,48.76864411441781,2.028120563051962
66998,49.0670948571655,2.4259999696596832
73770,48.758964204972244,2.5032698799395394
63563,48.768866839187965,2.124378266706573
73771,48.76034162663397,2.5014270365959574
73769,48.75777773830509,2.499145757427509
73763,48.99331426964313,2.136127134098177
63578,48.769886997996714,2.0422421315193713
73764,48.76378235555504,2.2727819790921813
63574,48.769177532014965,2.018007382874015
63575,48.769263756507485,2.0617456373380048
63570,48.7692687930125,2.150142920037328
63571,48.768918728736914,1.9531132754305283
66973,49.06343246009319,2.1864592762235278
63546,48.766463554199305,1.8236474461004983
63547,48.76639116171497,1.9505447196222656
421243,48.994954706342774,2.1479755682212716
73753,48.75922830860955,2.3670390864527318
66974,49.06331552177047,2.1231729407262736
73758,48.95060603724232,3.141313676706965
73759,48.99592772074273,2.346848057125777
63542,48.76724175376102,2.1585710124581374
66976,49.06394203883693,2.1351770292915857
66979,49.064523988497776,2.299794343278153
63541,48.76682677453816,2.0555373186894426
73739,48.654597263359825,2.290306855829569
73738,48.65953526097337,2.292520973780435
63555,48.767480402696144,2.032686839012273
73741,48.62946097169609,2.2844460780541165
66984,49.06505901157737,2.1053536716673635
73743,48.56267847033537,2.2981654277703756
66983,49.06382077716516,1.701631079991697
63558,48.76817795079158,2.077079508356679
66981,49.06405952375435,2.0650160262591446
73746,48.851679224215715,2.5776728818174934
73747,48.87793709279255,2.7432699147719286
73748,48.879577497195264,2.6728577115823233
72293,48.93224892947315,2.279797448797813
63552,48.767094102120204,1.8943619214445109
66988,49.06569026604526,2.0665809094632674
63553,48.76799777703684,2.118725713601733
73740,48.66253515311295,2.2993784411890603
72294,48.93226217567549,2.2715735934431236
62471,48.64443887514627,2.8250837966423172
62472,48.64667533819468,2.5108041592156356
62486,48.654243982886506,2.511744827231999
62487,48.65163347317164,2.562168937385741
62481,48.64785183544884,2.957613700313015
62483,48.64907346791103,3.05714309095455
62450,48.63884086276554,2.5437293438262225
73793,48.882214075475005,2.3586377148223168
62451,48.639699113533055,2.508480592929639
73798,48.896775834541735,2.374260044301885
62456,48.64155337389797,2.58058366887256
62460,48.64280456604944,2.552395323899184
62461,48.642919302635576,2.5470532032713025
62464,48.64347223831403,2.556549907151289
73781,48.936539236363295,2.876776416379493
62466,48.64337753547541,2.505086579808161
73787,48.90967530314551,2.4374909799615168
73789,48.281758346170434,2.698117593514942
426620,49.103809867924966,2.577461122683459
64699,48.913740356119405,1.9140271236676158
62436,48.633302726485226,2.804554559991931
62433,48.6334810058623,2.5523461380792525
64692,48.913551171648784,2.2015667993588326
64691,48.91205365596363,2.1981787544931053
62431,48.632525299685355,2.576333750438816
64695,48.91319124540791,1.9224370506446238
64698,48.913811011921155,1.9193540682807335
426624,48.863823342336424,2.8086514381431797
426634,48.76682458707589,2.5064060189989275
62445,48.63707600356502,2.5527361158101027
62447,48.63698820286343,2.7976938736453203
62441,48.63571125276386,2.5486288151497494
62440,48.635508452305295,2.5065588636817235
62412,48.62806354854265,2.5687629906720195
62411,48.62898851454465,2.5835000794591645
64678,48.911328910767715,2.1801253915126613
64679,48.91189779125212,2.037207030747466
64673,48.91066191573495,2.0306057164508813
64676,48.91098452962508,2.183030129754598
64670,48.91052253173586,2.142031119736705
62410,48.62900019178725,2.580419647392299
64688,48.91090180101515,1.7326337705096317
64687,48.91246827997253,2.1500491690130175
64685,48.91185695380127,2.1771290237873924
64683,48.911365849293404,2.120664326816231
64680,48.91184137296226,2.1529587797414718
426660,48.6968714977259,2.105997191024299
62419,48.63046682760902,2.5895813140540063
64765,48.92441879193421,2.2014750956635067
64769,48.923635898218045,1.9952490415755737
64761,48.92316962550063,1.8725940093056892
64763,48.923397228284934,2.027359202279559
64764,48.92473767721849,2.173568046169179
64754,48.922576695009894,2.2044033161333214
72300,48.931753872646524,2.2887581125233813
72301,48.932220595740624,2.2552974369086307
72307,48.93368129077749,2.3131576866287067
64752,48.92227592665519,2.0371787790903935
64753,48.92215096810086,2.0245097920653725
72308,48.93414833391309,2.3501420928661116
72315,48.93422133168561,2.2632675719956654
64787,48.92617564421485,1.946455318115281
72311,48.9345049697456,2.3204016660695714
72312,48.93395761049633,2.2895947374210226
64789,48.92632039383172,2.194021497053596
64784,48.925859533209184,2.1583807465092426
64786,48.9258180121725,2.0528152212057127
64781,48.92480511239932,1.8686347379917452
64782,48.92573772141671,2.1751352959860477
72329,48.93741235422802,2.2778012268881835
72326,48.93774460502899,2.3600074774079762
72327,48.93815606429758,2.3495732986488314
72324,48.93541663157152,2.333009179017643
72323,48.93496251586978,2.3452452763799254
64774,48.92380841160059,1.9747402153791314
72321,48.93615322098164,2.2666732585077827
64772,48.92254054116913,1.591351906120038
64771,48.92414933694013,2.219957577121893
64718,48.91749647931163,2.0394846405027796
67909,48.80862481419893,3.020642336398651
67911,48.8092942654765,2.615468759908418
64720,48.917912568919625,2.0242003348764035
67917,48.80829812466058,2.9936346773111513
64722,48.91763696397726,1.8511255008212677
64721,48.917528731377914,1.8690522156596452
64726,48.917925056244584,2.0262879315793083
64725,48.91891637186772,2.0128005574656678
67910,48.809659995014286,2.606254330381537
64727,48.91854699142724,1.9842120067188393
67906,48.80498605044767,3.235498541114325
67904,48.808173131586464,2.6108610791038833
64713,48.916347405185626,2.1788523688355275
64712,48.915560064166904,1.8739255731315594
64714,48.917186442693236,2.181213438633441
64740,48.92068043703706,2.1326659275520874
67939,48.81448729708929,2.921772262502208
64741,48.91973277248098,2.185355907682757
67936,48.814840952736,2.8263438915993837
64747,48.92180143577613,2.114408332992791
67931,48.81249355000016,2.9917410912580467
64749,48.922635821263015,2.177859259743581
64745,48.93667744588793,2.186926546852402
64729,48.92026592587929,2.0388603650420216
67929,48.81147087839505,3.1810525858537884
64730,48.919354554174205,1.5869754357710713
64737,48.92022311408272,1.969857115632905
64736,48.92023137935662,2.0351218530430324
64734,48.920753271263976,2.1973146216735846
64733,48.91993963503592,2.0595066191003273
72377,48.95412468754021,2.335172485074591
65813,48.988320796446,2.318666259322216
72378,48.95274953105122,2.3434647101985155
421055,49.05500735300164,1.7668718440573015
65816,48.98650904571255,1.7478569895538223
66821,49.04758340983205,2.0173917781488186
72371,48.9526211290416,2.357946905976454
72372,48.951721398478924,2.320340530219133
66826,49.04571546430267,1.597783834402486
72375,48.9527048403731,2.327291492190009
66828,49.04831926808886,2.0784667150386755
72373,48.95313820627613,2.337287910680097
65809,48.98744484723136,2.300832966598959
65802,48.98733716751603,1.967009955819646
72389,48.95855528629445,2.367910805949662
65800,48.987057970033696,1.9960929266370133
65805,48.987027349784924,1.9336548134941054
65804,48.987181270509446,2.064185728470073
65803,48.98800450223817,2.419242445479573
66813,49.047561479602535,2.1412365304339374
66812,49.04763924336385,2.496759436928971
66817,49.04759210478259,2.143636829649971
66815,49.04692131731287,2.0233140188528584
66816,49.04673337596684,2.0957859968423524
66809,49.04428802897624,1.54617901810207
421033,48.96534707121808,1.6823314581355318
66840,49.049313378189474,2.0927040094124134
65836,48.98815828738208,1.897106013758513
65833,48.98875868658729,2.449513136473445
64702,48.91406617791947,2.022887494134191
72399,48.961103521446205,2.290534892043539
64700,48.91461870408613,2.2038700273946206
66849,49.049652275223735,2.0805087974143666
72398,48.96038147655423,2.3070009394909183
72395,48.95942356116918,2.30463750503244
72396,48.960025926666916,2.3420618145833947
66845,49.04944167133501,2.0241763445299665
72391,48.95899593712336,2.31313738900432
72392,48.959681646348095,2.3174710610135114
72390,48.95834518544319,2.310216764900659
66832,49.04868666475568,2.1098972632848794
65827,48.987802611696985,2.0602665708046244
65825,48.989135775281405,2.0031584322019897
421020,48.81317587405955,1.8610740962553314
65820,48.98826408037764,2.1901571524576084
66838,49.04907627720616,2.030134201071974
66833,49.04836504729109,2.0832744677620334
66834,49.04777728058803,2.010883213467724
65851,48.98949256268583,2.057885684434859
72331,48.93660460131186,2.303911936549913
72330,48.938458612376635,2.339938897598136
65853,48.98889263708584,1.9503968776513605
65855,48.98972547294872,2.2482082239408245
72335,48.93967901864257,2.3451995587490955
72334,48.93967011006452,2.286902520305816
72333,48.93875290471232,2.3560158554839616
65858,48.9894697351826,2.275335551848366
65859,48.98911597653359,2.3766061490427957
72337,48.94120039482468,2.305536399500576
72343,48.941800492995235,2.3651042344184416
72344,48.94194242638748,2.3244409609361023
72347,48.943145811766584,2.3052715136226603
65849,48.992392563573546,1.824498088953112
72348,48.942644350632975,2.3189642575031426
73908,48.98272053373328,1.8930404565481327
73909,48.9877135086013,1.9035241335985058
73903,48.79566476225357,2.564499612637
73906,48.95582272964694,2.3672885678573223
72354,48.94471489727849,2.2952296361921487
66804,49.046262763474026,2.040343929476887
72353,48.9447416548024,2.310656576678668
65874,48.99027350352961,2.0855975153790705
66801,49.046436092781164,2.4950338724086785
72350,48.943269205681304,2.3032903121090995
65870,48.98868555738376,1.7612989190816948
73920,48.72168642151159,2.2485516381410466
72357,48.945468520955245,2.350642322560731
73921,48.94214685786293,2.3566973761756493
72355,48.94456239822301,2.356879111053025
73922,48.955946379600185,2.358404268050933
73918,48.781874363835456,2.1803902095560876
72363,48.94785733596731,2.33204408797532
65864,48.99033325444832,2.1916211826584973
72365,48.948522759108485,2.3575401137474805
65860,48.990183673946895,2.290978222717167
72361,48.94700832271779,2.3452301586938598
73930,48.704521737625676,2.1162559203447664
65869,48.98973198402992,1.9238356492135065
72367,48.94973294829159,2.328934250445879
73933,48.79471035114536,2.068237732731806
65865,48.98934441004415,1.8945596454819762
72369,48.950091848213944,2.306666996196426
413153,48.938491199745314,2.280741663259165
421059,48.94402426193783,1.53446765212319
70999,48.827753076604154,2.2735787784231576
426579,48.76381423405061,2.1719935561105252
63618,48.77248945994398,1.8131215969525099
73832,48.60412471127373,2.4329677113044847
63623,48.77393655323901,2.056055037242658
66897,49.05418362684139,2.014633059569053
66891,49.053492882876164,2.063749320689796
73836,48.780468484247756,2.5605164623652574
63628,48.77439487202385,2.050895981762667
73835,48.78178121344825,2.56905218437491
66892,49.05407482669557,2.5015469401682484
63626,48.773876912287776,2.03619488379885
65889,48.99095479443863,2.2059185515317155
65884,48.99059508702953,2.3209047463347265
65880,48.98989333345901,1.8472936798917272
65882,48.990038467911994,1.8404236402969298
63629,48.77475797235129,2.0644297859296556
73816,48.94656599832428,3.109205802175409
63633,48.77472133430066,2.0747388178228436
63632,48.77439331444805,1.9455935775228947
70990,48.82703091593385,2.2790851950948383
63635,48.77468060160377,2.133473121747485
73823,48.930834012984356,2.327246721242694
62506,48.655445106187344,2.5640174034130627
73822,48.933346392666664,2.327043613374448
62503,48.653980781979904,2.9442159438861033
63638,48.77499424182921,2.2221734924687766
65898,48.99189583709075,2.416903282681768
70997,48.82784664507294,2.3153557832748684
65896,48.99127507013107,2.1669481971618887
70994,48.827743154583885,2.283863434733447
65892,48.99130562743901,2.29214491296681
65891,48.99101932133145,2.1741810084352884
63631,48.77447811301048,1.9966920192533548
426557,48.438381740570655,2.1439962408994817
426550,49.146305400836965,2.285195714548874
73848,48.88580839926459,2.3431564075688756
62509,48.655686060138635,2.700392910782035
73857,48.62793562664575,2.4283335521547462
73856,48.78014667001005,2.277848009158129
62516,48.65832458939178,2.5570010423324487
62517,48.65788849073517,2.5631348818163424
62510,48.65507511710474,2.9226826796360186
63646,48.77469129377419,1.939626953650196
63644,48.77503441612427,2.026974109210344
62512,48.65657237357297,2.5798522943538797
63641,48.77423492975225,2.054545921241849
73837,48.76535778978123,2.447685683433283
62519,48.65849538310709,2.579314118313119
73839,48.78904526818855,2.233622571275204
62527,48.659857655187224,2.5653995062445745
73844,48.856819821231625,2.2906669645482816
62525,48.65986543225259,2.578841455405066
73847,48.84630861125286,2.3775300195362945
62524,48.65985513026334,2.575935892546601
62521,48.65863027355016,2.6308869461165267
62522,48.65935033597167,2.568119253719143
63656,48.77619788438351,2.129998128095557
63653,48.7754448282489,1.8937767300242965
70959,48.90342630450037,2.1924047395664483
70956,48.90078465806183,2.2137122210196907
70957,48.90158224283853,2.194343136319391
70964,48.90698116134255,2.2178546785106397
66855,49.05042837211739,2.0440017494072307
73872,48.64478943219912,1.8224938814672174
66858,49.04982976672262,2.0343679516761806
73870,48.627201884016664,2.4730596820184587
70960,48.90323928002892,2.206131257333139
66852,49.048401433621066,1.6010016314100795
66851,49.050461118142195,2.1036489837163943
73873,48.941133902330186,2.32219896391851
63666,48.77677254415322,2.03056170437751
73874,48.943598144875835,2.315115512024982
63669,48.77653208127051,2.000830504655745
73859,48.79825689011326,2.1608820978073435
70948,48.897694020936015,2.205997573318772
70946,48.89732070971834,2.1958754096650526
70947,48.897969217902435,2.1926803607790566
63670,48.777002600228144,2.0702550303658325
70952,48.89926695182655,2.208578958392193
70951,48.89952658843711,2.1902417861513594
70950,48.89951097019969,2.199961096175923
63673,48.777277264047164,2.043521847877924
63674,48.776642330398914,1.8128434160117237
73861,48.8003700167433,2.0731537994763674
66866,49.047653715284376,1.606692625356743
66864,49.05046193885363,2.492313415899062
66863,49.05171424725985,2.4519440109172845
66862,49.04965996884636,1.6098676361456177
73865,48.82581064435614,2.2382037986448453
66860,49.05092232296881,2.447875671288617
70977,48.92144685167596,2.231079042100315
70979,48.825643946942755,2.248102172199464
63685,48.7781317268953,1.9487843372524332
66879,49.05253318869857,2.0228458487000887
70982,48.8260477265698,2.3312210568648783
63681,48.77828462793094,2.182869015214306
63682,48.778130356382476,2.038307434577939
70987,48.8264060058969,2.3103756201978447
63680,48.778126794104274,2.1788704273559736
66870,49.05144258512797,2.1326149497433917
66872,49.052156906956036,2.126952744314753
73897,48.74528271295454,2.3877580596807677
66873,49.05205190500462,2.072155007299363
63687,48.778893965311696,2.214718751338421
66876,49.052506941707925,2.4942976155004457
70968,48.91038119804295,2.2193248453764696
70969,48.91087359052811,2.2336024341503355
70967,48.909752620884596,2.2146545730459097
73880,48.87695828697688,2.2439799387601593
73881,48.87149753712956,2.237331124800646
70970,48.91203474723809,2.2232909216812717
63696,48.77902294243686,1.9852813633475654
73882,48.882368986329425,2.19920172748691
63690,48.77798824462422,1.87668349420467
70976,48.919663185932755,2.227113937622787
63692,48.77864101680281,2.0088946257251012
70974,48.917983145205625,2.220432083290263
73889,48.86112968420308,2.2194631298706606
66881,49.05200749939402,2.0075327725899204
63699,48.77926207715383,1.9581999977081928
73886,48.89182134353776,2.194548730208789
62579,48.677119597833375,2.5289234005543753
67940,48.81722913068212,2.6290562035181124
62577,48.67531082671971,2.6996692991170437
70920,48.89144200465664,2.2037197880117763
67947,48.81484007510991,3.0819119212505726
62573,48.67368185496291,2.535358006391184
70917,48.89125912326001,2.1779864681398124
70916,48.89076325962227,2.195015168912877
70913,48.88997801528264,2.1813344450194463
70912,48.889837270597546,2.2195169456642176
62587,48.67915680385944,2.6581927666417293
62588,48.677758283858154,2.9689102559472285
62581,48.67716107702166,2.746978941177525
62582,48.67713162125079,2.5579011347885645
67959,48.817319836012494,2.616471840109794
62583,48.67742325246106,2.5943944355174704
67956,48.815688799238984,3.089798174414381
62585,48.67828842469948,2.535677012627722
70905,48.88882014093903,2.2290992100332314
70904,48.88831697743258,2.231970597966387
70903,48.88779908738127,2.1842599059161603
70902,48.88725884082133,2.171721761987919
70908,48.88954989225239,2.230697704604455
67961,48.81655796823196,3.015075555830225
62599,48.68247382642633,2.555302233190807
62596,48.681532232126514,2.5325308038678114
67966,48.818899830405314,2.632741917220263
67969,48.81828523725204,3.0102345577652785
70943,48.89301383552758,2.187356114956089
70940,48.89563037508421,2.19459891893083
62591,48.67938547023722,2.7162168556780952
70941,48.89581529227805,2.20816767577623
70934,48.893652512884294,2.212960661789496
70933,48.893946261646576,2.195586544732128
70938,48.8948905942896,2.226997493884277
70937,48.894888832855074,2.17419190341462
70932,48.89346898801472,2.203566034187719
70923,48.89121508690043,2.2000340141935273
70925,48.89231904773375,2.205779486679748
70924,48.89256317051586,2.183244173145244
70928,48.89280104248867,2.209986589968734
64794,48.92624105443132,1.9436697378619576
426525,48.368412552832524,2.8402195823954637
64796,48.927270407047544,2.215209036713796
64793,48.926861201443174,2.1776560123512883
426529,48.374284741863434,2.84153188208337
67984,48.822226575248216,2.7037399197071323
67985,48.8207534753188,3.099490356756445
67986,48.8216510898195,2.903885623272034
67987,48.82072137238071,3.0947234754405755
64799,48.926719847933185,2.0401332595981416
62538,48.66178300304564,2.952931547973738
62529,48.66129132094157,2.5565753608789232
426533,48.384088579775586,2.8960412453479027
62541,48.663716180936596,2.5690405106569725
62544,48.66467035379084,2.5767727006508747
67996,48.823061971582824,2.6395090956311167
67994,48.82242883224483,2.958091499297771
62549,48.66536193766831,2.561558376720581
426541,48.92329541821024,2.2568103382994944
63603,48.77170701736358,1.9987456345148964
63604,48.77183389772599,2.062026017279128
62558,48.66791051799123,2.547923165513503
63606,48.772297418904955,2.079408431788518
63600,48.77181432452429,2.0138074072538306
63601,48.77158777880801,2.0440275422121776
62564,48.67085786111267,2.5308607285170357
62563,48.67024918477037,2.695291530100507
63615,48.77268219916698,2.0105318837542976
62565,48.671016128286254,2.555739177619435
63611,48.772587520216206,2.068101994259386
63609,48.77175200366502,1.815853210031975
426521,48.410820143014405,2.97555450649319
65915,48.99128781707636,1.6740889285069889
65913,48.991371937589335,2.0905044576585783
65914,48.991683429492916,2.27484690663902
62285,48.59517247903551,2.5662956135083093
62284,48.595606071454384,2.5730183463962035
62287,48.596052555125986,2.6827587291378348
62286,48.59535831413513,2.7416242826689006
65908,48.99012328637807,2.1463740343901074
65907,48.990717297288114,1.991177936411463
65902,48.990321217685064,1.8010266793812706
65903,48.99062749190141,1.7323974470259513
62271,48.589928254633215,2.5839598122574587
62274,48.58818141004269,3.1087839886838085
62276,48.59153322746311,2.500721900973216
62275,48.59029066256642,2.731994819748909
62268,48.588805815671144,2.5806805811917313
62267,48.58854054839903,2.5756318658554407
62265,48.58739303163419,2.566726113997498
62264,48.58700011718497,2.5852101470224356
68994,48.9631022396581,2.863664401754007
62257,48.58576543702501,2.581979423456081
62259,48.5862753403322,2.5968017954385014
68992,48.96287286141918,2.8850514371424065
62255,48.58567105175485,2.565669229047427
62250,48.58505058759837,2.562047498814648
62251,48.585015055409265,2.570813299523987
426930,48.940011680957056,2.744014664397861
414356,49.10460082761687,2.5877458912708486
64412,48.874490989365874,2.0945089281631883
64419,48.87574943507219,2.140783726826327
64418,48.87473503885406,2.118774044579378
64400,48.871205360824945,2.008994387433186
64401,48.87178111211684,2.0935471423000602
64403,48.87229535858036,2.0878392375661385
64404,48.87257861802023,2.137577544380199
414332,49.10599123013733,2.5933975483893446
62297,48.5989602907668,2.57903965180402
414341,49.103592743991,2.580934313259386
62290,48.59569396261437,2.583866550039653
65997,48.991781679056764,1.7356696432488115
68943,48.95504413961582,3.1290501858841124
65999,48.994433119136595,2.3918329760802
68941,48.95614086585019,2.8885346771722786
68945,48.955864019885716,3.0664582533203544
65990,48.993992967634334,2.1411038310029284
68949,48.95713171952532,2.9255040371988996
65992,48.992495657245435,1.7173599643547983
72009,48.8919247973121,2.428381327303936
65988,48.9923684017045,1.8451615505132972
68931,48.953624821626256,3.0742724704559214
68930,48.954426071057,2.864970672508448
65987,48.992761777973826,1.729694109127746
68932,48.95587380095858,2.5886656280327123
68935,48.95624501883763,2.6000442581437895
65984,48.99334701412408,1.9029679360822616
65985,48.99246512403242,1.9552481530251116
68937,48.955044455901486,2.894231023186854
72002,48.89152757046255,2.3724001000772907
68936,48.95493123996601,2.8791019148360486
65977,48.99348774575262,2.176792883468175
68920,48.95241079337808,3.0117492342380765
70790,48.8634419297025,2.2018713400106873
70792,48.863990406984264,2.2052299126711126
68928,48.95544999581597,2.906089366775196
70796,48.8653459150187,2.197439084074853
68927,48.95264661877476,3.1300136733108506
70795,48.86510392910932,2.1875665794214596
65972,48.99251395097416,1.6813008388285924
68925,48.9549290602659,2.5977876828931548
65974,48.99346916284996,2.319493825002503
68923,48.95411782725084,2.6676165410094357
65966,48.99367536936881,2.152718010265175
65967,48.9933708865094,2.454247042254391
68911,48.95094378018444,3.1369864039063553
68910,48.95275454065501,2.613329352378454
68916,48.95351635335504,2.6029190195689025
68919,48.95225247568636,3.019129142540775
68913,48.95291630564378,2.921625484112911
65962,48.99202322704909,2.199575297448532
68915,48.951775134581915,2.9303110213585035
65960,48.993339539785126,1.7984424299318624
65961,48.99388701593191,2.431769198807884
68980,48.958658457382356,3.0250921698928943
66728,49.04038908867376,2.0692653948822906
72035,48.89594396073704,2.3708260478585585
68989,48.96224340911906,2.5974784512214475
65952,48.99294130857588,2.2222660411049255
65951,48.99217197437773,1.902808257779163
66723,49.03999912978212,2.1152301387199035
72031,48.8949055544676,2.3821114831047407
66724,49.040562603581165,2.3094730869238482
68981,48.96219500981922,2.587208977537757
66722,49.037305879018426,1.5969235635986305
65959,48.99311132679298,2.218676349126102
68987,48.96193706504165,2.875453001101796
68988,48.96200419732817,2.879549789567503
72039,48.895340829348676,2.426263820188867
68985,48.960638644035825,3.1191633700689474
72036,48.89493829258248,2.499906324143263
65941,48.99086802896505,1.7186369041734322
66718,49.037923880608524,1.5928648279188895
72043,48.89718057904473,2.303409251840272
65940,48.99241810318695,2.285638869389606
66714,49.03570267294321,1.5453252060606195
66715,49.03971145787138,2.152014500806388
72041,48.8968447933444,2.460530701514527
66712,49.03920960289397,2.1433853025136256
66710,49.038992094959525,2.458178291375696
68972,48.960226842378354,2.602191791655617
65946,48.99284564690072,2.3301402605984833
68974,48.961712203645455,2.5854101405085372
72048,48.89620487875252,2.2563104773593827
65942,48.991703520202215,1.800762462612926
65928,48.99186207176452,2.0828296776943964
65929,48.99182666388079,2.1140211435071894
72013,48.89084132782932,2.37703855546864
66706,49.03874202165609,2.475783173149873
68968,48.96142352038483,2.5825514018425753
68965,48.96028703745715,2.590685975446809
72017,48.89283061880628,2.485333246356977
68963,48.95684555953924,2.873710510133216
65934,48.99078417003718,2.4569046008784095
72015,48.89258158334616,2.466446285304011
65938,48.992172016566094,2.11817632829053
72018,48.89303123378368,2.438898287623193
65937,48.99097400490755,1.7409643102834667
72019,48.893117141157376,2.4173412859349623
72020,48.893588850985466,2.3761941628951297
68956,48.95704526679049,3.0201004233976336
72022,48.89346784348165,2.474681864124425
68958,48.95894630242815,2.5944040955184975
65923,48.9913681729744,2.150090958929548
68953,48.9572771606217,2.882523929632759
68954,48.959018543094246,2.5865923682858276
65921,48.99159308692983,2.095372215932621
65920,48.99156631007478,2.0522931692781428
72028,48.89303371372791,2.50037470043561
65927,48.991889043365994,2.1048575604254305
65926,48.99134410168541,2.4321727816304395
66750,49.04230050830635,2.044712266849995
66752,49.04062373798988,1.5529161939926026
66754,49.042394385263854,2.068107794977704
66757,49.043032927967815,2.2989557853764473
66756,49.04212026154959,2.004794588084563
72085,48.90062771522163,2.284047574275454
72084,48.900978931057146,2.32597517904212
66758,49.04301229057367,2.4674100862776296
70863,48.87959647307517,2.2226975095357204
72089,48.901100609548315,2.3292269816585494
70866,48.87987744553408,2.2161345868175015
70865,48.87980465301009,2.1758355691447533
70858,48.87813803328814,2.1813228518754335
70859,48.87832852417889,2.1763157108140256
72082,48.90051551047522,2.260402565541891
72080,48.900031301324994,2.3057104951327623
72075,48.89988427317978,2.246422898666776
66768,49.0437054458992,2.296327266697691
72074,48.90011564044103,2.3188317843509347
70855,48.87823151274508,2.205203480457249
70853,48.877227733753266,2.19898081036461
72079,48.900369098916975,2.269516768922049
70852,48.87604516274831,2.173849857449974
70847,48.87614841054609,2.1803656107010623
72070,48.89870811894725,2.3125210605185313
70849,48.87613704837037,2.208071450830316
73996,48.941304333179914,2.4096686478027207
66731,49.03909361746138,2.1034691329132857
63786,48.785435365389,1.9867900218983419
66733,49.041751652015854,2.4994016066478926
66732,49.04107127557938,2.339153945526157
73995,48.937568920858396,2.404435139575806
70841,48.87489654209016,2.217736592974781
72066,48.898625655265455,2.3643417793337425
70843,48.87511401604415,2.1909212980511645
63784,48.78559960354116,1.9838875975540802
73992,48.91464600329271,2.4172298786513577
72063,48.89698944178799,2.2401767369291883
73993,48.92984665396167,2.395965970575614
73990,48.7311291403187,2.633175491109654
73991,48.99117763257285,2.52415682733121
72061,48.898164790787554,2.352180361526735
72060,48.89770759155303,2.2637229272405883
70839,48.87242579051839,2.1824419820172176
70836,48.87295905961954,2.163946068344301
70837,48.87347150994506,2.19008105437939
73983,48.94766999865123,2.216430390303138
63797,48.78663019370531,2.132934380744378
73985,49.01144523303385,2.162421098417999
421011,48.94266829533609,2.0183500019370375
73986,48.74396909333582,2.116941579008112
72059,48.90016153729845,2.3447895236775924
73988,48.67341714157816,2.1440541052317332
72058,48.89827935414659,2.302139642276127
70833,48.87326708617383,2.201823039527452
72054,48.898515659645504,2.3095500067183763
63791,48.78657182352668,2.187333038781473
70831,48.87219852251713,2.192684425368049
66749,49.0431203240746,2.4977060014614123
70830,48.87157437827573,2.198842798101661
72051,48.897783430097626,2.285900835951271
66747,49.03905394353508,1.565996068311351
66746,49.04167103106044,2.1367654448723057
63795,48.786878516411974,1.943632974214391
70827,48.872118037682405,2.2275058774527663
70828,48.87181370938475,2.1615649388820266
70823,48.869838006735364,2.2246972162753442
70824,48.87080646331312,2.20371486936731
63763,48.78489824050685,2.1229999424906443
63762,48.78434240560626,2.113495315529705
66792,49.04558176384004,2.1397782435591837
66793,49.045678549786594,2.1445165176887815
63768,48.78459105105888,2.117315753685699
73976,48.92070401467525,2.354321947809524
73975,48.92889387459129,2.3664491311386824
63766,48.78511888305483,2.1820065814255445
66799,49.04610218143398,2.1478199516696326
63764,48.784938400281725,2.17082807622327
66791,49.044945705909804,2.026415367165437
73969,48.99299437117894,2.6573994266095924
68908,48.95198043115273,2.8969748540171048
70893,48.88609296344333,2.213552224312683
70898,48.88763368464387,2.2334058076849854
70899,48.8874323615038,2.203256056668765
63770,48.78474882666516,1.972749766566519
68904,48.952459842128405,2.615366010093867
63779,48.78441443387475,2.0605340446678264
73968,48.479141654096125,2.55569870347728
63775,48.78588835268563,2.210829608867806
70891,48.885183977302276,2.227264318174567
63778,48.78558583395979,2.10414373114155
73964,48.77571123692339,2.491516462633517
73958,48.78009039566839,2.5052190293084933
73959,48.783108507957586,2.5032033621666825
70886,48.8839797665906,2.176799066125486
70887,48.88447623249141,2.2138698329041606
66779,49.04678731546036,1.582603203763144
63740,48.78271861465014,2.0356504731798664
70883,48.88412628437632,2.192369957989753
70884,48.88420064647088,2.230981281329862
73953,49.09463488835721,2.4991786130266016
63744,48.783306778539405,2.11757566380425
63743,48.78263412843066,1.9757789436325848
73951,48.99454343353182,1.6514963067582276
73957,48.99947581364894,2.273432953096456
63749,48.78350306453345,2.040358912854534
63747,48.78286721980092,1.8939664485257937
66772,49.04396678181133,2.4636729405185993
73949,48.9886440329311,1.6880199269650318
63739,48.78260011926092,1.9598687161814972
73948,48.988790868182036,1.6961266314864203
70879,48.88269166186633,2.1883558333298097
70874,48.88107877861761,2.1826197671506007
70875,48.88138825068638,2.2133778251125955
70873,48.88071150753434,2.2103063467425677
72095,48.90209714887105,2.3265199919173494
72097,48.90202980309548,2.342726646279299
70871,48.879808234307625,2.185557738713943
73940,48.97912471622385,2.387640458647392
63754,48.783594259802875,2.0523483308013595
73942,48.98275574997545,2.371619550747124
63755,48.78165300474595,1.8178879127458996
66783,49.04350876477489,1.5990336174258433
63758,48.78447330124182,2.1325550923866765
73943,48.98625280330903,2.3748701166219424
66781,49.04444150829256,2.055048505096987
63759,48.7835242199549,1.9931970249846709
73945,48.94961553352031,2.365165845027017
73939,48.53905680100177,2.664639788366902
72091,48.901584433861416,2.263845429387516
72093,48.901575026987366,2.2514456835279626
72092,48.900911189675256,2.3156157479828243
415850,48.8081747775037,2.276036968074487
63718,48.781110002826715,1.966431368179287
415852,48.85662106401504,2.351538406665096
63719,48.780942057748995,2.040099784020773
63726,48.78424411875922,2.1027376299956733
415847,48.842180758576276,2.2850548701378646
64459,48.88203740454833,1.9815559320919574
63720,48.78047563009077,1.8451150937048624
64451,48.88079898420608,2.0955037705432185
64454,48.87858779969377,2.083897445205206
64456,48.881687889515455,2.097751959072925
63729,48.78299836652731,2.2028840751687526
63734,48.7819932981618,1.9797249591389168
62205,48.57103608213504,2.661432767780186
63732,48.7823764045802,2.0547318608617213
64463,48.88320580388586,2.098680228946661
62200,48.569662944825126,2.617925360217165
64467,48.882965371761344,2.090079663990203
64465,48.883666495477634,2.067818867777947
64464,48.88331601236282,2.1067853548853934
63701,48.7791608867087,2.207467778045986
415823,49.03390409191648,2.6960636457839326
63702,48.77868802197465,1.8594042670888802
64435,48.87762153579017,2.0969906554207016
63704,48.778869947707655,1.8129832783539424
64437,48.878248691102236,2.1032520670646395
64433,48.878039956815336,2.1523699974001267
425370,48.90129005456373,2.2181038825519064
63711,48.779928848376976,1.9812828347832898
415816,48.84056058465281,2.3155839051628737
63710,48.780303554579596,2.2034696109835457
64448,48.87957537501524,2.1098970988878434
63713,48.777561385696096,1.6643379492316785
415812,49.155585244626444,2.2785905622207854
63714,48.780784388701754,2.002191756108482
64441,48.8793627252007,2.1012966161552913
70815,48.868894710763485,2.186239605855512
70813,48.86806926428192,2.146492981753516
70812,48.86835536710142,2.1500464344239005
70818,48.87043676224457,2.2275853440139457
64492,48.88821202734976,2.091119934429918
70816,48.86918108185022,2.1980207384903836
64493,48.88782334076149,2.0796776679507634
62232,48.58146875770416,2.5828746047540347
70821,48.86964370290387,2.157359992758351
70822,48.869902343516564,2.231185559856065
64498,48.88884046098462,2.1260022003991415
62239,48.58236777137668,2.713549573876872
62238,48.58323429358945,2.575925669436263
70802,48.865765619498234,2.1797519512876407
70801,48.867126984664154,2.233087323308158
70805,48.867395786077395,2.2274055022117936
70808,48.86820026075227,2.2197116298913744
62242,48.58372540838295,2.581250008429595
62243,48.58334029267845,2.894385024352445
70810,48.86801842154926,2.192967330500407
62241,48.58386257791279,2.573019152132341
62247,48.58483953068902,2.605890141201635
62248,48.58345035478157,2.9681391980850984
64477,48.88439573192478,2.1269700217834657
64478,48.88401618526934,1.920497434822064
64471,48.88361768405518,2.1032277939055533
62212,48.57397472486051,2.6635894317557143
62215,48.57459827801403,2.5834647476620622
62213,48.574368474557765,2.608510573751469
64479,48.88497075243625,2.0661113215012943
62219,48.575614978625815,2.583524445148431
64481,48.88566465414045,2.093796407878386
64480,48.8848123534512,2.0735055156836624
426857,49.13795005894495,2.2478937356812922
64486,48.886351906175825,1.9231970506570475
64485,48.886623198199004,2.063504165681303
64482,48.88543331571195,2.0899751707234295
62223,48.575896368778345,3.0398134835133876
62224,48.578293219046756,2.5841199836059796
62386,48.624641637724956,2.602591815362994
62385,48.624545998022064,2.595557219190259
71045,48.83278069559856,2.287799445023973
62383,48.62421888259007,2.5815841600352054
62381,48.62380522820197,2.598609051821294
71043,48.83257283076859,2.362667865096406
68886,48.94994465803405,2.6120258566219663
68889,48.95015077851477,2.673669909964171
68883,48.9495593283651,2.602826351742073
68882,48.94742811233844,3.0825507861040786
62389,48.62567382549426,2.68112056179099
68884,48.94860116741588,2.9105389492194473
62380,48.623410105533296,2.6028318260090515
62375,48.62217681967694,2.593221475853778
71050,48.834391081201865,2.2375470771694617
71051,48.83426833555307,2.259523790913815
62370,48.6215905217096,2.5862250218983123
71054,48.83371834976639,2.2434967637251
71055,48.83437695349341,2.2840107099300226
68879,48.948327228399314,2.8800320111491104
68878,48.948249246982115,2.8658468414089544
71057,48.8348622771756,2.345160760204163
71059,48.83544681221175,2.3476193227855604
68876,48.94939667117588,2.606677836274339
68873,48.948788795183326,2.6246363556526098
68871,48.9474870697819,2.900362793342035
71067,48.83617446559036,2.3231892032645387
64500,48.88904077452811,2.158996339000299
71062,48.83552725658357,2.2891379317157186
71063,48.83587999169447,2.358703750405518
71061,48.8355684148397,2.293047430805803
64506,48.89036730264597,2.053562431857341
64504,48.889800444834314,2.160879794582938
71068,48.836605402101846,2.310458664987841
71075,48.83732023959481,2.297294906137799
71077,48.83599873904049,2.2393151304032917
62394,48.627139141663854,2.6644282792485314
62397,48.627387435017624,2.575866484958476
71071,48.83712087940364,2.306282815128806
71073,48.83648195600811,2.2781029709215312
62398,48.627398695624684,2.5854531479674803
68896,48.952289940339455,2.6073386585527643
68895,48.94926384041051,3.1432692578646066
71079,48.83761193239014,2.345541758457441
68899,48.94955675075134,3.1309002355260693
68892,48.9507875363263,2.622396391262612
68890,48.94948526434476,2.8695163673840294
71005,48.828809737985736,2.3427439499593152
71004,48.828035026661205,2.267458586335313
71002,48.828068011147124,2.2931150858127207
64527,48.89238927860744,2.1435506288270014
71008,48.8291801762553,2.2820319354908887
71007,48.82821710994363,2.3008844000889717
71006,48.8269980349395,2.305443566618193
71001,48.82564026115156,2.3569567881154185
64522,48.89059472368456,1.7400092208480067
64514,48.889963915845755,2.1345687236040853
71013,48.82981552503299,2.3490452140907094
64515,48.891768931478246,2.08933933398171
71015,48.82607679440799,2.353682285019604
64518,48.89168574586916,2.1221560111940017
71017,48.829531793230714,2.2399612019975317
64516,48.89159209006981,2.113715133636818
71028,48.831816040803275,2.3656741370547087
64545,48.89223426666828,1.678916888228122
64547,48.89312336119937,2.084739649746004
71025,48.83112844293077,2.2571775909686655
71023,48.83083700113043,2.2436816163323754
64542,48.8905135839895,1.578162512919455
64543,48.893788091176866,2.158183128468122
71021,48.83084187776406,2.2786851143115534
64538,48.89304620277165,2.0793671159501597
71036,48.82884746716024,2.24623059092236
71035,48.83202102372064,2.23399887622386
71038,48.83281870793742,2.2477330296685656
71032,48.83206323225536,2.302644673943883
64533,48.8927109493694,2.05708650073248
64530,48.89188475949959,2.061247736726649
71034,48.832038826816394,2.238194520131341
70669,48.82441629124039,2.317852600681266
68809,48.939807678098106,2.88549145140091
68808,48.940512450486935,2.6947937897227714
70672,48.825679848424976,2.292302944298719
68806,48.9401956450866,2.6785238198652292
70674,48.82534854090216,2.34299871167222
70677,48.82633913841791,2.3734027991189612
68804,48.94048144225119,2.6828494022112053
68802,48.93767971046805,3.129000282832437
70678,48.82534501986288,2.4741287683890647
68800,48.93718159563453,3.147638102867335
70671,48.824574107789964,2.2736366921941396
414420,48.95000963078236,2.395301692079098
476971,48.46587778737314,2.6976882308330152
70685,48.82645002759506,2.2153782337202235
70684,48.826295884076686,2.219310385430999
72103,48.90277398835949,2.2426023513730664
72102,48.9025684037053,2.2747719751000046
72104,48.902390701475156,2.3587028758573925
70682,48.82615057651829,2.194684743230265
72106,48.903186158706454,2.333906438340114
70680,48.825819012555804,2.2049468593032513
72112,48.90317176845517,2.3130486968617987
72111,48.90373813850944,2.317733969938108
72110,48.90327982822587,2.340269025380491
68824,48.940041031592685,3.144103852108913
70694,48.828212565384895,2.190375537273544
68829,48.94240764710977,2.8610429789410157
70696,48.82946421092845,2.1939251863797695
70691,48.82783053190308,2.1759216518259192
72118,48.90326117596461,2.3051626767578544
70693,48.827850966615316,2.184149060623651
72115,48.904352426370544,2.302522055237646
68822,48.939757223321315,3.136895516306586
72114,48.903848070176565,2.2986204411094135
72113,48.90404912492855,2.2779708215683416
476957,48.84943585323953,2.6775098080569926
68814,48.93958310411363,2.872373708771387
68813,48.94013341018791,2.6175184435463006
72120,48.90503346751412,2.2565867839116374
72122,48.906230148088326,2.313172042078738
68818,48.94080073653941,2.604244686769965
68819,48.941644006286715,2.7277685145075528
72129,48.90707713952652,2.3759233722867834
72125,48.90590560956753,2.358441295586412
72124,48.90549079769296,2.268790065027107
72127,48.90547227157846,2.3440201054945558
72126,48.904105554029954,2.3206689685535435
68840,48.94368337266303,2.863906425983285
72139,48.90741038840344,2.265775337086361
68848,48.94307957379065,3.1248977387484294
72133,48.90680386702462,2.244883421817516
68846,48.944610622149895,2.6033419641645272
72131,48.90758544973703,2.2504792828981874
72146,48.90903250041271,2.3070979892816275
68831,48.940843777557795,3.134284219773222
72148,48.909750876584404,2.23735004180636
68834,48.942917671032795,2.8794574741674785
68830,48.942863175046625,2.6134711432127817
68839,48.941378454472975,3.126361145540933
72142,48.9096029901869,2.272122657083547
68836,48.94291916063546,2.987351912742762
72144,48.90836562095493,2.3329942954584366
68838,48.94420012568251,2.6209970934230093
68861,48.945595517204076,2.902018331153135
66601,49.02957655357895,1.9781150632298306
72159,48.911088061300774,2.358056789420723
68867,48.94795385698247,2.602736215041229
68865,48.94747439323933,2.6699799721010944
72158,48.91082805353295,2.255617178200477
72155,48.90965161886617,2.3419345922628145
66607,49.03020187141634,2.06998819133573
66609,49.03025430624559,2.47490479912078
72154,48.91036798499671,2.2648536070549343
72151,48.90949486609042,2.3619988454773093
72152,48.91023926872414,2.2889702598148984
72150,48.90989365824644,2.3098356560524604
68850,48.945469943785916,2.688805494405053
68852,48.94332461982667,3.1227208980065777
72168,48.91252311011162,2.334284945557004
72164,48.91267737433783,2.253646436876091
68858,48.94536952723008,2.880857961028504
68859,48.94686774719141,2.6157623355787543
72166,48.9126920117907,2.2961817619407663
72163,48.913015256545584,2.265389270257819
70721,48.8406954476992,2.2283871891914253
72189,48.91600681412242,2.3040237108251187
70720,48.84125839889405,2.19041132911846
70722,48.84239089096613,2.1996593124862356
72186,48.91402281995831,2.26764685382245
66613,49.030743631425324,2.0796128761460166
72184,48.915382695190424,2.365740355389943
66611,49.030687782226536,2.449225859951774
72180,48.91523971155933,2.2528114672765542
72181,48.915422625439305,2.2827388069636356
70718,48.84128089057393,2.1527498272265353
72175,48.9158492862224,2.330831182796775
70711,48.838870418857006,2.2319907342820478
72177,48.91365276271498,2.2572045773394787
66628,49.03120132175064,1.9343339569722475
72171,48.914365902342496,2.3431029826309566
66625,49.03204282835619,2.1015531946816552
66624,49.0309461152917,2.0150262214419503
72173,48.914224726348266,2.2458332026274697
72179,48.91357316710201,2.2720739526504197
70708,48.83817346724634,2.1778767775678562
70706,48.83770587059431,2.16169123681147
72170,48.91380873175038,2.306474980190576
70702,48.8350631491583,2.2280482241608865
70703,48.83584255190373,2.23246450539245
66635,49.032994649795874,2.355366630364203
66638,49.03199020098683,2.0886031353878596
70744,48.84767178426886,2.208681185398587
66632,49.032143407553484,2.4740583420329694
66633,49.03202149715498,2.0686563909894766
70735,48.84570610847524,2.188461746778215
70739,48.8468504655519,2.1562704548722578
66649,49.03408053759626,2.343352542097796
72194,48.917007446508215,2.2876019566549486
66648,49.03365450564005,2.087514010032162
66646,49.033104725931935,2.065717103782981
72195,48.9168260400621,2.2775820489425693
70734,48.845137711921666,2.198199966926494
70733,48.8444376045371,2.15273257406475
66640,49.032978314422294,2.3523308484858894
66644,49.03292098875235,2.4588296936835325
66642,49.03272812768712,2.452978629461366
70726,48.84218508961566,2.2216272062065126
66653,49.03401867397773,2.472111067533405
63865,48.793953190789075,1.6109305577154946
66655,49.03430329887171,2.1104652626589706
63864,48.79559107504847,1.9816100296354298
63869,48.79704660120747,2.185502138409148
66651,49.03410344380546,2.3492123814964243
63867,48.79615397839515,2.0482673931944695
70764,48.856428157188056,2.2232475927705853
63862,48.79535326410655,2.121660207410212
66657,49.034594977272725,2.10675394808013
63861,48.79547069610733,1.968100454204592
70761,48.85335088692233,2.226496201111481
70762,48.855132004818245,2.1965265190256305
70763,48.85701357110091,2.2206083479873135
70757,48.851844576374084,2.2052448131812157
70759,48.852933251034564,2.214161740590835
63877,48.7962673889922,1.7959993835916754
63876,48.796654305234576,1.9434894651883008
63879,48.79782124128417,2.05434987500649
63878,48.79759419045245,2.0592007206311704
70755,48.850860025256935,2.216877727220932
70756,48.851292929935596,2.1927016851838372
70753,48.85004395267456,2.197552106475653
70754,48.85036508127429,2.1911488470842295
66668,49.03562497133751,2.122662749700845
63873,48.79657642339718,1.947915717843588
70750,48.84913890125124,2.200734461061791
70749,48.84934981671693,2.2238913927589974
425215,48.94202640544995,2.284665451196985
70746,48.84796591591948,2.2048883342776517
66672,49.03581800505635,2.211427839784332
66673,49.03437215801059,1.5848775796086072
66676,49.03637754236188,2.062204759676512
63887,48.79826334676335,1.9530893603783115
63886,48.79748153050068,2.1529030441379495
70780,48.86143522073636,2.2125613723628454
63884,48.79865887046358,2.165627084843
70782,48.86216349176138,2.22562247030645
70783,48.86209518481244,2.171767431151323
63882,48.797700299690234,1.974775163098471
70786,48.862932556278835,2.208456198157342
70788,48.8631865565209,2.190629444053505
426794,49.066993577584476,2.6805434823262764
66684,49.03704732710598,2.340784827459897
66688,49.03227999739929,1.5760239293420024
63897,48.79948871562285,2.040684300265855
70770,48.859546328108756,2.224230190636297
63899,48.79786060462633,1.6693460343002895
70771,48.86003186568968,2.2214423569251114
63895,48.79874151513147,2.0316782693127453
70772,48.859022583652674,2.2135723934667877
70778,48.86180065226118,2.1845375005209227
70769,48.85945095792019,2.182216231046328
70768,48.85837260340754,2.190281696343826
66680,49.036570100567936,2.112389065270613
66691,49.03754621610496,2.104576357897362
63819,48.7887022711565,1.6103488665079957
63818,48.79031198412016,2.1483776510321486
426772,48.60998958363373,2.3251364235794005
425238,48.805058452785225,2.618345637226542
64553,48.894530416536334,2.134267762138613
64555,48.89368610302396,1.680482801849096
426767,48.60305106556368,2.2958814690183056
66697,49.037484493458436,2.3121126331145696
66696,49.03599011828943,2.0801284821231096
64556,48.89537019179461,2.1599989164540023
63824,48.79174739555103,2.1503893185238696
64558,48.89517906603859,2.105661136196832
63829,48.792307719330196,1.96585557659028
425251,48.55777482567911,3.0238906717158835
426785,48.3747273877972,2.9258968335847957
64563,48.89541553375694,2.1273512842450097
64562,48.89602333577805,2.163371083754336
62300,48.6006898896388,2.554993080014034
64560,48.895178365393775,2.095390350909489
62301,48.60091474927474,2.5784678793060065
63831,48.78991692013378,1.6080566626806092
63836,48.792374205982846,1.9809240998032835
64569,48.89713426743062,2.0747662105731273
62309,48.602899964657546,2.557870008288871
425223,48.94647651207021,2.273968578621051
62311,48.60186648848438,2.5667013110318937
62310,48.60327398530123,2.5461076098744186
64572,48.89302020567544,1.8718488171877579
64574,48.89718268806064,2.0851661573940703
64576,48.89790641673641,2.1065759404278963
425219,48.94356588344241,2.2819411423324643
63846,48.79273720729387,1.620105405648186
64578,48.89808111583809,2.1465602064696254
63847,48.79425647731382,2.03763578162387
62316,48.60483956938159,2.653238912964689
62314,48.6049163079284,2.5692938408520036
62313,48.60460553488984,2.5485374964633083
62312,48.60339671010844,2.576989863100114
63849,48.794755035440495,2.2003765449924404
64583,48.89859449670109,2.143516746307377
64582,48.897625132718495,2.1214352197273083
64581,48.8978730544207,2.062217362198959
64588,48.89592619698702,1.6797166879374996
64585,48.898688359420774,2.066424511862968
426758,48.613001489882734,2.463679442792581
62328,48.60704978109919,2.9698338908031086
63856,48.79489534378928,2.0642864598609534
63855,48.79282968000015,1.6017503905647599
62326,48.606571552211335,2.89057421969471
63853,48.794554799239386,1.9766476154191035
71091,48.84043064844705,2.3008908887652866
64590,48.89961910228597,2.113762626138328
71090,48.83933136545251,2.2623607851284415
62337,48.61142145920222,2.8873898639790387
62338,48.61214354276599,2.814027482471457
62330,48.60788900416777,3.016514310221607
64594,48.90101012203725,2.1417582000279354
426727,48.517724234995384,2.444145550635192
64595,48.90044932633807,2.147605850767025
71081,48.83881129559423,2.339579528478657
62345,48.612712914587526,3.1166011350050096
62348,48.615175418001606,2.508873618520538
71087,48.8392968493769,2.2467198465774025
426737,48.567292236738254,2.447245487492356
62340,48.614070162611775,2.5383967393342854
62342,48.613483663798576,2.6531341847360688
71082,48.83874978849539,2.3505209057302667
62344,48.61450281368328,2.663478256947866
71084,48.83800858609376,2.257161286712118
63801,48.78793615258753,2.150083865010484
63804,48.787709223654915,1.9728888534540412
62357,48.617403848310616,2.6651079641427664
70700,48.83403718332606,2.1465461480967583
62351,48.61409277056721,2.88807855133882
70701,48.83431150581639,2.1541437453857766
63808,48.78877040597404,2.1175172860309943
63805,48.7885693461561,2.1250344697899015
63814,48.78889470907716,1.8994402100082763
63813,48.789162298167966,2.0524105411540585
63810,48.787785165728316,1.6181394967954135
62364,48.62053835025276,2.501720637020231
62361,48.6159658400381,3.194804155162282
426714,48.574552759507476,2.4494123835573727
64244,48.840554057592065,1.6632686554705371
64247,48.8424078662974,2.0667105103033063
65378,48.96760229063749,2.0451629868127092
64246,48.84171651486628,2.0616881136291125
64243,48.8409244676594,1.818512559993385
64242,48.84177491089478,2.0703190890798964
64249,48.84136810105887,1.6979279132145966
64248,48.84285837699597,1.944542285989081
65366,48.9672338910495,2.0715449465652354
64236,48.83952061846526,1.823000055818166
65368,48.96784267547146,2.2533598356131552
65369,48.965999239197124,1.6913779523544215
64231,48.838469584774586,2.1294764769136285
65363,48.967201847103155,2.33875446353349
64230,48.83842980957578,1.7006788192308626
420151,48.90337569582214,2.319628083071113
65360,48.96699159192748,2.317279483312374
65397,48.968578244842114,1.905218574417136
65398,48.968619238756126,2.2008303139662413
64262,48.84672656347775,2.058879271630194
64267,48.847158055567625,2.136356163615787
65399,48.96826084374854,2.193637619820712
420144,48.78498715453174,2.218771542584953
420134,48.92099845436102,2.216695561676443
65394,48.96904976208319,2.3931748258598455
65393,48.969266253694265,1.8755761139571874
65391,48.96882401305863,2.2335813134860483
65384,48.96863532349655,2.2564626647715142
65386,48.96834809137944,2.0685268756068425
64252,48.84379931252398,2.1283586631003386
65387,48.966719223857424,1.6807531401806328
64258,48.84515631934531,2.058205846725264
64256,48.84245807180467,1.6993178892410434
64255,48.84366187700221,1.8853790737437501
65381,48.96858209447949,2.240079661827342
64250,48.84158684883662,2.1308346753405463
64206,48.83473177706452,2.043407665811872
64207,48.834114736929436,1.9004677909135506
64201,48.83293566078629,2.008400461634075
64203,48.833496223775754,2.11846306881612
64226,48.83846141115,2.08617642466502
64227,48.83930292985038,2.1253545717269064
64229,48.83868685605649,1.8491596940914663
64222,48.83773868554395,2.107791236696611
64218,48.83696009122024,2.1040986752377133
64215,48.83507973974735,1.7048634754855165
64219,48.83651268298174,2.1116406978490976
64213,48.83503797638402,1.7022553156652607
419411,48.63068997033489,2.283886452605749
65310,48.964870114577785,2.2368560305760883
65312,48.963541198318055,1.8750033645540578
65314,48.96474835500624,2.0595564976554805
419400,48.97849803430329,2.281929867893073
65303,48.962363890158464,1.7351967907595693
65301,48.96371577781755,2.4009466445731857
65306,48.963742394102205,1.8927548036178026
65305,48.9634746387342,2.2862482491848026
65308,48.9638498665514,1.9313644226185545
64283,48.851015375065366,1.9881928866896126
64282,48.85072506620664,2.0618325339709815
65334,48.96488652470696,1.8978524012993696
65333,48.96517507256693,2.0447090376491297
65335,48.96431629305496,1.7191752571850192
64289,48.85219648221339,2.0460240299095442
64287,48.85065993961647,1.8990420078224053
65332,48.96555375769923,2.184952060546526
64271,48.84865748874565,2.132277103562833
65329,48.964407426319305,2.2569738349039214
65324,48.96504162788005,2.0741313559691252
64278,48.848808316950716,1.9169067084464515
65322,48.965013806950694,2.1902051954150297
64273,48.84940025972538,2.0546335772417015
64275,48.84997405940788,2.1496716711248895
64276,48.84894258045543,1.8859816000746743
65359,48.96674770062168,2.39764058784262
65352,48.96584548323345,1.895537388522241
65356,48.96727601557456,2.391850190316257
65358,48.96664231063494,2.033099489061127
64292,48.85284341238581,2.0420052979083447
64291,48.852828541930315,2.0536991315248767
65342,48.96586395852908,2.4088912664837445
64296,48.85345963915595,1.9922069082878924
65341,48.96602476297554,2.3276040000669798
64298,48.853765491397944,1.9836554642754674
60295,48.61146479152785,2.173195619477139
60296,48.61324234039327,2.3755937880908458
60298,48.61260471577099,1.9087288814462582
60291,48.61131053447294,2.443138510894573
60294,48.61324752570642,2.4220569221485215
60299,48.61320285299779,2.497469751319992
60270,48.61050823819001,2.4276013924810114
60271,48.61085968457879,2.402101649701169
60276,48.611210323274975,2.3058983970194795
60277,48.61080458875884,2.4504080580508747
60282,48.61167096776798,2.4042357317930794
60283,48.61125889918318,2.4773914552879974
60287,48.612301344170326,2.2672891987752632
60284,48.61154083403368,2.3830954414405
60288,48.611552509298136,2.303648755700328
60289,48.61213833681848,2.3257259677147717
60251,48.60812715798548,2.373633658659132
60254,48.60742055870047,1.8053870655565039
60250,48.60849967338011,2.2462218868858486
478876,48.95472455501972,1.9236315790821956
60269,48.61066500781116,2.256541148294238
60268,48.610651964525765,2.3895290553497723
60265,48.60939793736899,2.474568202344311
60264,48.61052268195683,2.3231761502201804
60260,48.60918886438946,2.281304728005764
478864,48.79144727888306,2.4792346943800827
478866,48.82303293523942,2.2635516305674286
462034,48.654618574385374,2.3726833018067834
60233,48.60636549324332,2.362884792200398
478860,48.793303435345365,2.348779329224546
60235,48.605869872435406,2.0707775510505004
60238,48.60728151301211,2.255632885808415
478854,48.7610973234826,2.6782664006686336
478855,48.4369213474364,2.159956601313322
478853,48.97889470048973,2.29958866851025
60247,48.60691011397246,2.301987813956846
478850,48.71225433633778,2.538555601826612
60244,48.60634777877344,2.081356275328819
60248,48.608091590641365,2.3071334304878763
60243,48.60722244282263,2.3583031672055297
478845,48.8489093417998,2.282271144830169
478847,48.803534606462534,2.611549212357503
478844,48.838932360496706,2.5390554859549677
60208,48.60336120502917,2.0942739764580938
60215,48.60344327308742,2.4818096939281813
60216,48.60432859373269,2.3120661548790604
60213,48.604136611832246,2.4122357638167924
60211,48.6038865530153,2.468099513873092
60228,48.60591437073036,2.249928222707494
60229,48.605884508527076,2.430391851629748
60224,48.60497695449601,2.372437034238295
60225,48.60390835445954,2.3219188428231368
478885,48.87467781169745,2.3396428499181225
60200,48.60350991174108,2.30585126296613
60202,48.602806304307826,2.2157114931671997
60203,48.60292971500915,2.371437541418495
60207,48.603494138205775,2.485240697134494
64389,48.86909007005421,2.0169623294761774
64381,48.86890660180998,2.061900431336416
64382,48.86729998777699,2.0509073862704676
64373,48.8676758943153,1.7984442484193
64372,48.86620869472049,1.7164684442817977
64377,48.868314485969435,2.09657942079687
64376,48.86758429793004,1.9710344628194154
65498,48.97273879236112,1.692103082334147
64368,48.86679341048206,2.0964285793149626
65499,48.975232270972285,2.4158471236119863
64362,48.866224066958836,2.1080531340896114
64364,48.86565885445135,1.976716298806778
65495,48.97324931507243,1.7202529428690887
65493,48.973222864272785,1.8368712671769987
65491,48.97228078328786,1.777022700731338
64358,48.863761237258586,1.670246093126823
64357,48.8626573358627,1.8142436129333503
64356,48.86387969859215,2.029826832485203
65488,48.97317766644043,2.188643698593315
64354,48.86266039006712,1.7461581898870193
65483,48.97369745112148,2.34998916324342
65484,48.97370665915536,2.3711142435170944
65485,48.97292564708363,2.3069020049902758
64346,48.86118689528307,1.640457659128045
64347,48.86283803326344,2.1393881823580867
64331,48.859841777739085,1.8192081242291924
64335,48.860511126982146,1.7726551427861166
64337,48.86152644015574,2.151561832454308
64321,48.858303358032344,1.8246476102479083
64323,48.85871427452136,1.9078885260319707
64324,48.86129727510114,2.13028774655897
64310,48.85697371663381,1.9024592758611725
64311,48.85648898061151,1.8759179094222915
64317,48.858119367249564,2.1385597271295516
64314,48.856925085012726,1.849411094913043
65436,48.97034725346838,1.8380284234824948
65437,48.97101323676469,1.987906299403439
65439,48.969362943151474,1.6934515977248035
65430,48.971342892202344,2.2515269905139643
65435,48.97198130891353,2.0473569556470554
477007,48.549642168721476,2.2702990555464284
65426,48.97146963603329,2.344635203361671
65429,48.97240346056155,2.3939620826080374
65421,48.96951734060497,2.284676450644277
65422,48.96814885157316,1.9364529394166852
65419,48.96990350348547,1.6861296770606151
65414,48.968247680821776,1.6934454789987317
65410,48.96959772772466,2.0133748077379487
65411,48.969875013227956,2.3088686077787886
65409,48.9694624170452,2.3200676068985584
65406,48.96943969862062,1.9757525990812235
65403,48.96869525643802,1.8336805790139263
65401,48.96844834562346,1.981310984626049
65402,48.9688519762283,2.3053445779975204
65474,48.97232378381729,2.3757957346473906
65477,48.973213975004505,2.4178026661738454
65479,48.96530552324794,1.7086879613465062
65478,48.971379310646384,1.6825200638329287
65463,48.971522966013794,1.836939229226463
65468,48.973142087226975,2.3429612722595228
65467,48.972642980055575,2.2893324210186394
478901,48.79236300407068,1.5934105754131593
478906,48.95354055442881,1.9269880349375965
65454,48.97026372701128,1.695648790460677
65457,48.972582414128574,1.9809909098405414
65450,48.971970438594475,2.279103699979009
65453,48.97012266535085,2.355777502212299
65459,48.97150471039246,2.032196274511702
64390,48.86940478642059,2.0549180911766154
65444,48.9726970487025,2.007530816596834
65443,48.97051886909748,2.0276112934093247
65441,48.970445167938806,2.2633961907214237
65449,48.97163036813035,2.257266721038459
60398,48.622126093936494,2.3136300734223365
60391,48.6209121107056,2.000944835333818
60393,48.62060125888955,2.3295444458403374
60395,48.62124273606428,2.3235327859437147
478933,48.9551898487898,1.8544677427428935
478931,48.64527993358552,2.862897687295499
416091,48.90126281345034,2.3220974462689985
478926,48.872864491125775,2.329726949991952
478953,48.86726982463666,2.2163311209317693
462100,48.64700056992198,2.2842469344690235
416071,48.841736760085205,2.5840210193786497
478942,48.93619978731111,2.3283171198411856
60359,48.618778634727455,2.411745761522135
60358,48.61881622018668,2.3897187676649883
60364,48.619004011435386,2.0313126212762675
60363,48.620624880498795,2.4881860402058953
60368,48.619636246734025,2.4628449102445757
60366,48.619866860810234,2.1502212199908417
478969,48.71176529763391,2.201476633786565
478962,48.855431579743794,1.995685217219941
60370,48.61979544690615,2.3851011493524212
60377,48.620225872423894,2.406105691024222
60379,48.61916191921302,1.9047184308793397
60378,48.62018813990633,2.3801646719528686
60382,48.6204359361059,2.3114610207133937
60381,48.62059058358726,2.3754111674145926
60389,48.62157234792386,2.3454953490957786
60387,48.62169297774355,2.417208078923952
60313,48.61451070808114,2.4602520974313706
60310,48.614255779784806,2.479776300332313
60316,48.61419508174083,2.4854746402128676
60317,48.614774646174986,2.4253434492001857
60319,48.61489575850654,2.1082517483148338
60321,48.615151560897715,2.2619719086833983
64308,48.855987419324855,1.9052469438519788
60323,48.615680572133165,2.268252626676536
64306,48.85602548599407,2.0184832076933628
60326,48.61612518271413,2.3300431117050246
60327,48.61570482224009,2.259081178394193
60328,48.61589856902752,2.4271083307350656
64300,48.85345308752354,1.7366004053569122
60320,48.61505868706913,2.4620778971672848
60338,48.61537359182309,2.0268212548846254
60339,48.61634532716121,2.256487618486538
60331,48.61603178432297,2.302802306839299
60348,48.61792146337655,2.430640766679955
60343,48.61736768896606,2.4138373578823256
60344,48.61730748694087,2.4080313847058368
60342,48.617212552163714,2.4659630176670637
416061,48.75902959648659,1.9233338317153792
60303,48.61375704519981,2.405867049235159
60300,48.613191127792426,2.415111826214602
420355,49.02022743116366,2.1472532945625895
420345,48.95421862279277,2.8604993764428643
427821,48.55074554740431,2.2771534976364034
427818,48.456945989418216,2.3252974101553603
427810,48.48208175608843,2.3610237948453765
427806,48.481285833364225,2.3511146357744237
64003,48.80710970305134,1.6703628853515633
64007,48.808515549992485,1.9008236773058622
64009,48.80888274304434,2.153126373857915
64021,48.810154313125274,2.135382528301316
64020,48.81065492422191,2.150006392816835
64025,48.81054911482613,1.764577298563911
64024,48.811418849540786,2.050160885562904
64029,48.81296342283782,2.0352545951136602
64028,48.81313051904499,2.1547596754043434
64016,48.81098336135142,1.8827478763921792
64015,48.81014184327043,1.880287414655264
64019,48.81231822310045,2.1436196406489874
64017,48.81116052465306,2.0459576383978018
64049,48.81486892627839,2.07841855196203
65575,48.97624130824044,1.8449193021821622
64046,48.81507316702203,1.9008965468540044
65577,48.97710534439125,2.00991937684111
65573,48.97508014787632,1.6927955638360297
64043,48.81496873249823,2.1501675959023636
419670,49.119008668039974,2.423527836414128
64040,48.81469147504309,2.045484470687646
65569,48.977253770980475,2.207159292229052
65568,48.977085251636026,2.2916008827376975
64035,48.81363147179548,2.1448918243997284
65566,48.977578697521984,1.9099745921317404
65565,48.97691683537363,1.811869270763998
64037,48.81335061476437,1.8834121502600425
65564,48.97701429737071,2.2766977138654356
64031,48.813011322864774,2.139938135733693
64033,48.813362488500864,2.051405625675835
65560,48.97723383745132,2.377553669679268
64030,48.81153070967519,1.6542886560719667
60092,48.584390805890166,1.9838304157401592
64064,48.81714678160414,2.127891697239597
65596,48.97463665056357,1.8024547259127648
64065,48.81690281232994,1.9478052315537662
65598,48.97619985094001,1.9166020155803498
60082,48.58805951458819,2.44359584822535
64068,48.820381949137186,1.7582284520299343
60084,48.58684843512339,2.4730859474912195
64069,48.81820288191915,2.150278320501795
65591,48.976232832161294,1.6958268803521888
64061,48.815602030427414,1.6663609761720282
65592,48.97756146688815,2.4112786821748355
427893,48.61859043328806,2.3011740604649806
60078,48.587393154740866,2.2500510493862826
64055,48.81662172992198,2.0473013747452335
60075,48.586895071031606,2.3043087294434224
64056,48.816479657994336,2.1413449910080598
60072,48.585902355673326,2.241218337710444
65586,48.97771064936274,2.371557595184627
64050,48.81810605277056,1.7586367868283872
64052,48.815981604583634,2.050499968839871
419689,49.09583832089699,2.544021908542388
65531,48.97583940664509,2.3826589180902666
65533,48.97553059483763,2.2561249689137957
65534,48.97352798330101,1.7126777141059297
65535,48.97583905051839,2.3958344982585893
65536,48.97689717446871,2.4133489828734853
65538,48.97655499132431,2.1974159963238007
420314,48.784670050425284,2.2747638439621847
64085,48.82009359338495,2.1323915348745928
64082,48.81941375279388,2.1267233231295712
64081,48.81869422888346,1.9608376060459272
65522,48.97535580314845,2.318262463261744
64078,48.817126960364384,1.636948289501935
64077,48.81798591786366,1.9441536518905673
65529,48.97561992395942,2.300875910358141
65526,48.97440957493889,1.7698201046180062
421434,48.823817156636046,2.2974769005849938
420300,48.76619901963745,2.4849900319452
64074,48.81857036975424,1.965743306069377
64070,48.816915268733936,2.1319200749033906
65554,48.97510223694919,1.7089500528287391
65555,48.97618052991946,2.00628943057946
65557,48.97669847477762,2.1960135232866165
65558,48.97681028203275,2.2846648797431817
421424,48.8190846589392,2.287305536747601
419656,49.03221961997782,2.447965159213511
419650,49.00494276002061,2.490817416542093
64098,48.82038505922175,1.9443979112565228
65549,48.976095885708204,2.4233507218408854
65546,48.97598364814146,1.9843941953516593
419649,49.007639179153436,2.493716100447808
419642,49.05881985309414,2.6995571421539086
64092,48.81981564526364,1.9214112541954607
64093,48.820037660662514,1.999179592265127
64096,48.8195300670153,1.797197408052634
60018,48.57626644482791,2.475300356704507
477075,48.6723452752437,2.33328185504634
60014,48.57584497987297,2.1756149539617056
477074,48.4462701607357,2.364995617614391
60010,48.574884951748594,2.490672982263396
60027,48.57808220433588,2.3609647278393866
60022,48.576450289287266,2.356938038755007
478620,48.88604450465534,2.3186203773110163
65507,48.97385319541662,1.838810695581411
65502,48.97347457587737,2.310869750899778
65505,48.97412532834895,2.398388358583429
65500,48.97447836006403,2.346414079554772
478608,48.56264874380032,2.289369962087682
60003,48.573183896931376,1.881135569547709
65517,48.97470038656402,1.9868440867492578
65516,48.97353525594053,1.7765233270435672
60009,48.57613527266279,2.238058768538291
60007,48.573808847021404,1.9466411624091877
60006,48.57358727886637,2.4795222910084975
65512,48.974518235649185,1.9686376393510536
65511,48.975086882862996,2.249137127492861
60000,48.572689876755,1.9417753156483606
60053,48.58305955428647,2.2433135960303296
60056,48.58351771078569,2.488934968227325
60051,48.58372117231354,2.192723970166958
60061,48.58104327027136,2.298922683411609
60068,48.58629002901777,2.221158716917751
60033,48.578163836422,1.7795957300384717
60036,48.579244552967936,1.9909948555257146
60040,48.579881643468255,2.4760911385675692
60041,48.58011949066233,2.2933086971182517
60047,48.580925827066324,2.2565971103356786
420298,48.794832299473,2.4449981590185743
420299,48.79864149904004,2.4509001612237946
416128,48.619024486147836,2.501083816744783
427900,48.623834053396216,2.3018232034818342
463369,48.808203854476886,2.6190034383809975
478648,48.898571220438804,2.5605970741817963
420214,48.620369268209245,2.561663848344857
64100,48.82087199948511,1.9951727372846464
64102,48.821101195996555,1.9887529776988935
64109,48.82147928251961,1.9776855526886281
420238,48.86005084245142,2.3775566560942
420234,48.5702454458743,2.632939525596526
420235,48.649569601959946,2.563523358560419
64140,48.823843407501556,1.954126975348567
420255,48.75488276579388,2.296867376070141
463421,48.86129492853169,2.7865935493895697
64141,48.824465217911296,2.141186231053521
64145,48.82332394312886,1.9920879397433622
64147,48.822126789437895,1.7513080179575327
463415,48.78922570877182,2.5980239039636057
463411,48.78973439986946,2.610406502292692
420253,48.75540026822523,2.0758022180900975
420251,48.794972105807894,2.5334814238719643
64132,48.82362572694077,2.139511050212265
64131,48.82309976971146,1.9601300290068289
64128,48.822279368879855,1.7612208681789132
64124,48.823001228230765,2.131505464800018
64122,48.822678888113515,2.126763980089786
64121,48.82241823344864,1.9728520949245332
64117,48.8218017538911,1.9029408858237444
64116,48.820160194069715,1.7507557916642678
64114,48.821788095550865,1.9520585382906006
64113,48.8207822193608,1.7552018274040242
64188,48.83033575986451,1.9513894602705915
64186,48.830115115836946,1.9544386676323375
64183,48.8303469775934,2.126860307894118
64174,48.82889051695657,2.1257063605062507
64176,48.827935501689,1.9738195671194674
60197,48.60239577641366,2.443063767072669
60196,48.602656559976595,2.3674193334708105
60195,48.60384518348919,2.3517594622018985
60190,48.60084204783093,2.3462494697613034
60191,48.601847582616905,2.284884414535146
64173,48.827870101847616,1.9456222270371737
64172,48.82815690131081,1.9919195755466217
65696,48.98135545976597,1.7113019389650717
65699,48.9827505185984,2.012359980478661
64165,48.825460923949755,1.6429014880352202
65695,48.9826939816855,2.4209959116768984
65694,48.98301556141268,2.4261635346016486
477223,48.955999903121416,2.394638025990998
477216,48.97196509077826,2.4911950811310892
65690,48.9819786329547,2.017470870984863
64160,48.82629353362344,1.9795391035661165
419794,48.82167284873293,2.2772251974834323
419795,48.82796739658658,2.2351073318544734
64158,48.82595826917506,1.97294581258368
64159,48.8262497945279,2.137335938561316
64153,48.825275244791435,1.9527853229674734
65683,48.98246167585401,2.323340455982333
65681,48.982820743358666,2.4637438104489355
421357,48.8426069714757,2.2954999697750527
65680,48.9820977519846,2.3006521478720785
64151,48.82502274210403,1.9734546255116525
65671,48.983331363566556,2.4282708953666314
65672,48.98050826158277,1.894993521008903
65676,48.97884087282588,1.8109099015873578
65677,48.981513366882126,2.0609951077953963
65667,48.982069171937724,2.442869074662464
65668,48.97924841515044,1.784723044410348
65662,48.97942759381027,1.6767210525577383
65660,48.97911214054047,1.694716251122228
477260,48.8184764257559,3.052677867476948
65656,48.98024295275316,1.9661057830541577
65658,48.981075466944006,2.2483401792096185
65659,48.98019751931313,2.181518680396823
65654,48.98013652645768,2.4239821410457516
65655,48.978952958925596,1.6801693437496787
65651,48.98059330691878,2.24530736034933
65649,48.97836155099199,1.6861003024352659
65645,48.979112672378555,1.7227523098108801
65646,48.980412884728445,2.454239661228863
65644,48.98038939116878,2.313927117751094
64196,48.830571624988835,1.7214126677137456
64194,48.82946997206791,1.668675401794939
64195,48.83044811132034,1.9597661463689107
478733,48.88081039411524,2.358695908637114
478739,48.81687469428031,2.3154453659854433
65624,48.97874169913433,2.0822483322244483
65623,48.9790285047007,1.9618946815162852
60118,48.591905802127876,2.477496404314184
65625,48.97776070223708,1.702367022813447
65633,48.979978082034116,2.3174914243663896
65632,48.97893009346836,1.9744999294839138
60121,48.592777132554815,2.2457904506736757
60126,48.59350708490625,2.4332792852263694
65637,48.97981101303079,2.0174298758761546
65636,48.98011315419458,2.254809322001245
65635,48.97852593468391,1.7141319524526502
60128,48.593042052771565,2.190925873405779
60133,48.59420912539817,2.438106156801987
65600,48.97804990214867,2.031992428769595
65601,48.97806797802372,2.0137878133111826
65604,48.97854017033235,2.3849970653094643
60137,48.59456529855095,2.264160562206667
60136,48.59469825748854,2.2248715503652656
478744,48.735454386932524,2.7837628039468703
65609,48.980416267515466,2.2975940249347917
60141,48.595323316798975,2.2725986917311567
65611,48.976852395058394,1.7632340489823077
65610,48.97840310824842,2.015721437374019
65615,48.978454957475215,1.9943259388160324
65619,48.97874706086594,2.0579984936923106
60147,48.59588575196439,2.4602406131820898
65616,48.97891219395281,2.256185863109608
60156,48.5979237442845,2.287589379592941
60150,48.59660934209489,2.4928485444281865
60151,48.59642323000245,2.4355125010570635
60153,48.596579377019246,2.2460408380367185
60154,48.596657268561756,2.280351076295164
60162,48.59849730127327,2.2902397752984047
60160,48.598174912629744,2.3041995827004302
60166,48.59905729925414,2.429516752089726
60163,48.59962602183159,2.2864405337600684
60178,48.60031977447118,2.289631879930644
60179,48.599390540541066,1.8645845527173797
60175,48.60015546986503,2.4353298673941652
60176,48.6001184185622,2.239561156102196
60189,48.601630106818384,2.125024918086714
421297,48.69629470104144,2.525115991804468
60188,48.60112197130133,2.305143736969055
60186,48.60094647771511,2.4974110452067353
60181,48.599621436178055,2.478992651262005
60182,48.60053118866373,2.235187927414229
420171,48.69889089790848,2.163666408552079
463453,48.43352314944229,2.370287088869918
463438,48.8774884406424,2.8086830398298686
416255,49.13717531883373,2.239785790206084
60105,48.59042285719632,2.244780212440777
60106,48.59103050746762,2.4945704417910943
60108,48.59148098328949,2.455960303147392
60101,48.59079723595858,2.301673681968133
415236,48.78226982737768,2.417109210386577
415229,48.78774855054177,2.4173882849150146
462420,48.857394301209254,2.761675055665082
71609,48.83928581761044,2.4941048672306816
71607,48.839016279762596,2.3812821470487995
71606,48.83874816715598,2.3886085585403647
71613,48.84045306995451,2.4175689720266016
71614,48.839472309769995,2.395719004371989
71612,48.84044467479025,2.4103478134316543
71610,48.83961863476061,2.398878263897397
71628,48.84317544143207,2.383821665694108
415211,48.73831454093659,1.3904921477408072
71626,48.84270972237633,2.3974459861030093
415215,48.72794665463031,1.3815173120580266
71632,48.84416421642926,2.410489681043176
71630,48.84363354334114,2.464011049280062
71633,48.844546056473156,2.381032545624183
71634,48.84427121047469,2.4402544470591128
71619,48.84062338015897,2.4381340572461108
415203,48.73376350978504,1.3862329213455693
71621,48.84137048638168,2.3878624632525183
71622,48.84236577224157,2.405093881094274
71625,48.84210060737868,2.4114872413748683
60731,48.64987241933892,2.375014092578784
60733,48.650331023920295,2.4066599440688012
60732,48.650190378799216,2.4573589936244717
60727,48.649598306723256,2.2876867200419437
60728,48.64990004746253,2.284750290768878
463511,48.74196536713056,2.4085903282708454
463515,48.74181602565703,2.4296572816889617
60741,48.649652627611616,1.8253237261603965
60740,48.649480205364654,1.817894513584497
60746,48.65051054594816,1.8707996814810617
60745,48.6506367483338,2.403934572628159
60739,48.65017774234783,2.2159313191568715
463520,48.84520354840542,2.382959669977275
60737,48.65045661297112,2.3783602806703024
60711,48.6488304095469,2.4078783590211428
478387,49.05935766875977,1.962182791629345
60707,48.64848699839017,2.340760330687817
463536,48.843576406401446,2.370150175376573
60709,48.648808416138856,2.307816009124356
60724,48.64867525246012,1.8556951588877746
60723,48.64846357724341,1.8594196275413375
60722,48.649064560850555,2.360919084646368
60721,48.64860724681679,1.866462480106184
60719,48.6492416512186,2.4028644486045945
60716,48.6487527046596,2.254588107548587
60715,48.64812582858162,1.8486205140575043
60701,48.64801573456809,2.4538928134968283
420565,48.931320504916755,2.3210233441015973
420584,48.89586789623949,2.3786492549835385
70199,48.79318725577595,2.33019935678289
70191,48.792251156985145,2.25559396487832
70194,48.792615353309145,2.3887884653337883
70195,48.792488229201915,2.2590073716833965
70197,48.792609674922325,2.3155663806716853
70198,48.79246614690447,2.38599964901212
60690,48.64780015482941,2.2818400050067824
60699,48.648072251073295,2.3808253133738733
60697,48.64664481757266,1.8001744009990572
60695,48.648023223136704,2.4174849445361604
416374,49.15971554085521,2.3082819075215975
60681,48.647211398740446,2.4142699961889424
478410,48.866826808156596,2.238258334169659
60684,48.647264405886396,2.3272145043995005
478416,48.85824202628551,2.255339447182338
478419,48.86162954322578,2.2391249122085224
60671,48.646501919756744,2.357753573553761
60670,48.64546959407892,1.8194105406039869
60674,48.64696661732298,2.431519275549128
60673,48.64649272013063,2.3299461368852943
60678,48.64689879659405,2.400250923443224
60677,48.64589192095662,1.8211793991303542
70152,48.78928166623649,2.495406420602849
60663,48.646026380430094,2.352987990131996
60664,48.645348627873766,2.4050332407494253
70154,48.788365840453544,2.481068951026007
70156,48.789573834032225,2.322609503494577
60660,48.64575766614508,2.3075780909316816
60661,48.646055979743835,2.258488502706962
70157,48.78949879992258,2.314184753438756
60649,48.64349554813721,1.8267515648441677
60648,48.64495840129644,2.411587183680915
60657,48.644490229639636,1.84616198282864
60658,48.64576549269267,2.237404557088233
60653,48.64548870797196,2.334574272148478
70165,48.79017749931505,2.4258685783390144
70164,48.790236388760874,2.3316596950813158
478487,48.84464940945494,2.7373840443624546
60650,48.64355878448783,1.7438342424778726
70168,48.79040267794989,2.476876657686635
70166,48.79028689783261,2.3214704466442173
478480,48.73427218914825,2.7865618782868085
60639,48.64369488501283,2.4531913537474526
478446,48.829934216201,2.580566646331059
478454,48.42353324600453,2.770556547214778
70174,48.79038630719211,2.380341127442211
70176,48.790904220972735,2.2588392971775972
70175,48.79028002693475,2.2916124953661017
463593,48.870823864201704,2.3782118197792044
60644,48.643675231190386,1.8368200945087712
60646,48.64400338407942,2.0663063027008195
70171,48.790211038165445,2.4443803380745783
70177,48.790908233667984,2.284586852695201
70179,48.79268863685228,2.2800225958163565
60632,48.64325441171934,2.3172621854936217
70186,48.79100486348409,2.2634796665313326
60630,48.64362825642552,2.2695721167680976
70184,48.79149741432978,2.4742521486643523
60636,48.64447270915307,2.3814040810959236
70182,48.79111682721407,2.4614946809226326
70180,48.79109513440356,2.353700480013306
70189,48.7918781033261,2.4568110100246896
70111,48.78636528020265,2.40227522852271
70112,48.786465983320966,2.3177975163774085
70118,48.78694758449756,2.425645509792252
70115,48.78681248305038,2.3517663105345212
71521,48.89259762416229,2.3446733099971144
71520,48.8922779979105,2.253932042095193
71525,48.89306896865572,2.340432507492321
71524,48.8932717302173,2.276647267663727
70108,48.78634220295703,2.4841855328037634
70122,48.78702049525456,2.2834559819469527
70124,48.78731323324319,2.3545503876404883
70125,48.786702836523496,2.491736007188472
70129,48.78774440064455,2.386021186250338
71531,48.89342575929295,2.29036601654178
462471,49.15179362973732,1.802799499032505
71533,48.893314194462064,2.2996761596992537
71537,48.894294899176344,2.365935879623526
71536,48.894165032679155,2.3297050538760735
71527,48.89310797906229,2.2471620123453184
71528,48.89284860628139,2.3274920521883757
412042,48.382190813579996,2.9536679799661956
70139,48.788757747654465,2.3104444852869284
70137,48.788386365317336,2.2706150911585805
70138,48.78795254548868,2.2585817732244364
71547,48.89559234247622,2.330846039398354
71546,48.89528350842073,2.249892572103161
70130,48.78782382832183,2.4377975077088303
71543,48.89449069462562,2.352942137299968
70148,48.78890915318129,2.4767555176494027
70149,48.785879684879774,2.2371943215437
71550,48.895377887771744,2.240609445799232
70144,48.78876972964249,2.461566545850768
71557,48.82693322355687,2.3675179681755756
70140,48.78849334985858,2.361600163640267
70141,48.78891807396962,2.3008869529301155
70142,48.78844243615738,2.375797565188313
71558,48.82610635619645,2.407125096496336
71553,48.89636442415218,2.2854701855881268
71555,48.89635103720702,2.3061346690281286
71554,48.895869022383295,2.2876047763840797
71564,48.82888413368013,2.4197006525765365
71567,48.8291546040979,2.369207404248335
71561,48.827667393868765,2.3711528726238877
71562,48.828092241538,2.493852510705647
71574,48.83414881795858,2.454831105253073
71575,48.83294818673789,2.395869560265549
71577,48.83451443417035,2.3734067032176767
71578,48.83378298928931,2.413617824656879
71572,48.82976062816677,2.376726373626266
71573,48.8322290375014,2.379251155097211
71589,48.8355756045732,2.385525920763886
71587,48.835615051013264,2.452922077033561
477288,48.908292265613504,2.546033382899687
71586,48.83502530389,2.4203202765325704
71584,48.83418648159986,2.4169578359849466
71581,48.834495993016034,2.444282958470714
71598,48.83676642017316,2.441288719153213
71599,48.83737570522612,2.391070200182092
70105,48.786288207695854,2.31111003390334
71593,48.835720011596344,2.393555449431093
71595,48.836892747743654,2.4026767687506805
70106,48.78620465794851,2.3409463653429525
70100,48.78545245805044,2.3027027919770915
71590,48.83513038710178,2.472156812834708
415299,48.97875000003635,2.350588550777473
71705,48.85304662430207,2.448487048613188
71703,48.85267283664598,2.4060937208674664
71704,48.85329168582671,2.476000001561408
420402,48.91541217329523,2.324253211661251
71707,48.852897788303835,2.481577889165891
71713,48.85375002589342,2.469801279173989
71711,48.8538427646603,2.4153818455491445
71702,48.85280911330569,2.457518237764446
477481,48.69622436294408,2.455997936326002
462500,48.78160526106714,2.204450072782722
462515,48.90161980717316,2.3516531062738384
420434,49.026773508203945,1.9742045764461948
462511,48.89961045288955,2.3517667949725065
71749,48.85814368194089,2.4811713238198356
71748,48.858319626440064,2.4214717799836962
71753,48.858642661447455,2.427867360558701
71750,48.85809331782058,2.3798766407006595
71756,48.85842649540539,2.436326953167409
71754,48.858736559269005,2.4056157064228136
71736,48.85667948234124,2.4024908134138596
71739,48.85675376900972,2.4667518451493606
71738,48.857106392643104,2.411508560922667
71742,48.85753545007974,2.4400097279166295
71732,48.856213428300435,2.4055218271952064
71731,48.85528392348851,2.4822424028284593
71718,48.8533912558993,2.487569433675285
427797,48.48021203706522,2.3629815667204412
71723,48.85585780938168,2.3754329076381513
71720,48.85566103193699,2.402052735544217
60834,48.658624860615674,2.346545674644734
60830,48.658699360115435,2.285091622571386
463658,48.824043312273524,2.4220291901319673
60828,48.65816854769107,2.3299730901357725
60824,48.65847320492955,2.3015645541206595
421932,48.72646996700596,2.2454442291127372
60841,48.6604526867689,2.36773198115047
478499,48.73254987843131,2.4134830309335737
65037,48.944629437671374,1.643164548283291
60839,48.65905487354403,2.414470037468137
65008,48.94407557508737,2.2448815791429566
60853,48.66115867017056,2.2314703520303953
65004,48.944156946467096,2.167539067257234
65006,48.943961270836056,2.165910724907748
60846,48.660712689728705,2.2362565194686628
60848,48.660313825014335,2.2061862554874576
60863,48.66230140857926,2.3299065710607993
60861,48.661883548530795,2.24141971541469
65016,48.944652151784375,2.194611191131874
65014,48.94485096318325,2.1808188858152278
65010,48.94442318646395,2.2260633805154795
463642,48.820875074622855,2.4520756750631887
65068,48.94759314864575,2.17091108208034
65060,48.94656192887995,1.9275074948293214
65079,48.9479618257211,2.0651713656196975
65077,48.94876670564301,2.1676632586616673
65073,48.948660554039265,2.245374804536852
65047,48.94670242327403,2.1728025985078894
65044,48.945380534364176,1.8355892778185947
65046,48.946136125230765,2.2472136202815203
60805,48.655094258116776,2.386301889692335
60806,48.65486668951415,1.8461435657699667
65058,48.9458041208629,1.9845466351274939
65056,48.946878532625234,2.036818873745359
60819,48.6562831933093,2.3719301773899795
65053,48.94667247362001,2.0670514052468447
419098,48.787376093810614,2.5264511982767095
70091,48.78460153194302,2.293350080558635
478530,48.753588634023224,2.9068809352461993
70092,48.786500666997654,2.494963741677198
419089,48.784398685249286,2.5240828170231526
60797,48.65380207840874,2.3957119322422744
70072,48.783554411204676,2.2710092826521775
70075,48.783842094519756,2.362194676921895
416481,48.86427085817778,2.488062189587749
70083,48.784513539816544,2.3607709806924384
70088,48.78431355940218,2.3413377331708847
70086,48.78466977394245,2.2972962325618225
478569,48.52712738889947,2.0068082673584744
70056,48.78150731696674,2.428692696289968
60763,48.65128876551063,2.396759143910993
60765,48.65240185275408,2.3702322462705556
70050,48.78186859907832,2.3375306279621597
60748,48.650637873315645,1.8558558801685106
60753,48.65145652242185,2.2818101783402778
70064,48.78314486718881,2.4084910826548307
60756,48.652143539499605,2.277904391288704
70061,48.78193807651155,2.4951099723918073
70031,48.780124477162545,2.466126368225789
60784,48.65248278410872,1.8208679578919806
60769,48.651261509404506,1.846827248686578
60770,48.652519742767566,2.0740762707500715
60776,48.65274721220344,2.384686706754857
60774,48.6528378517738,2.450149780090611
70041,48.78082281059197,2.3411504321964145
71669,48.84907020064798,2.4961084623494942
71661,48.847710658700905,2.4065454530886834
71660,48.847674292231964,2.4516985198745256
70015,48.778588957542866,2.3595643135821964
70013,48.77854085398236,2.340798192149681
70021,48.779665786130046,2.460122654225355
71674,48.84838120222641,2.473937191628273
71672,48.84942042881406,2.3888785345200434
71671,48.848884856277834,2.4874093395420585
71644,48.84615160528159,2.490747440053338
71637,48.845892913210584,2.3677171032066013
71654,48.847270918581465,2.3862328839153677
71656,48.84776051458754,2.403008697237604
70003,48.777053184256175,2.331243361623747
70005,48.777691210711154,2.2401378566161467
71680,48.850132894524634,2.49538955959535
71687,48.85150027601112,2.411776292096137
71691,48.851446434825924,2.4219501103604815
71696,48.85184630516517,2.498636846229435
478521,48.962011104244986,2.3367651065289032
71855,48.872798219962625,2.4780464581257666
71852,48.87233200318148,2.436701355448495
477597,48.88630665800942,2.1195737498555616
426015,49.05341533102756,2.4975653185867226
71847,48.87186325093657,2.442227866973816
71873,48.876812815964584,2.475783811348674
71874,48.87633178272509,2.3807161555280643
71877,48.87607618547618,2.422228948160248
71875,48.87602641210792,2.417525665128187
71870,48.87521719360119,2.398467414449192
65103,48.95066797506961,2.2741012192284367
71868,48.87438411014814,2.3893491339468858
65117,48.95121273946911,1.9216355483840415
71864,48.873961632360384,2.3849980857453086
71866,48.87496421877405,2.4154788052350327
65114,48.94988004523237,1.6985702068404311
65116,48.950634383363905,1.928345201764628
71859,48.87293925974422,2.3699859823691787
71812,48.867506277629516,2.498165776589693
71809,48.866310735780026,2.4772867423972937
71804,48.865647737843055,2.4324251622208695
71832,48.869091609616085,2.3677149835925837
71826,48.86778120113136,2.4462998657810706
71828,48.86835220456264,2.4014435576736393
71821,48.867567133261375,2.372825097893079
71816,48.86737414756761,2.396513171454893
415007,48.97480969834387,1.7312599466832188
420776,48.91143813098835,2.314911108550105
416569,48.73139591947044,2.2746877320096575
65167,48.95412703289267,1.9171984625177958
65172,48.955454904181735,2.1640672164900874
463720,48.59878071401857,2.592053779462764
421890,48.696409941185735,2.129328772119144
65180,48.955066575190834,2.2021037206139
65183,48.95369510583829,1.9946204484710868
72916,48.766583108358404,2.5089185382827557
416584,48.73160047718038,2.2817416338535876
65191,48.95629310663507,2.33214738585929
419299,48.61670530642641,2.3712721531371477
463742,48.578399291557325,2.55862580406918
72904,48.76387634603603,2.5257256444889022
65199,48.95726969353986,2.2870093840765704
463751,48.879805980642956,2.76893539095351
463756,48.844121243641936,2.3451602440187433
72937,48.77457297070007,2.5496595774395714
65127,48.952111729124795,2.2436179103798333
65121,48.95210476233172,2.26711055954924
72944,48.775723525691845,2.528502872463207
72942,48.77566258806537,2.5144123735959933
72924,48.769423967095555,2.534430909983445
463767,48.87096749084453,2.3738475329902267
65138,48.9521378638916,2.186486829557888
65135,48.95273980346456,2.221617891664702
60504,48.63404374024547,2.3228584004528514
60501,48.63364112778936,2.267723296566943
65140,48.95289992205743,2.2538747865954902
65145,48.95314801152896,2.0729161631730006
416538,48.87730658826079,2.504077363582407
72963,48.78088676806157,2.517412251361183
72964,48.78084096991186,2.5239315381078136
421820,48.69271941328356,2.3151488002984975
65155,48.95368062849199,1.9664768801262618
65153,48.95368134816707,2.0640102620759246
72951,48.77730982807207,2.53974267338317
72953,48.77773607363171,2.54418208489858
60426,48.62356618295601,2.461630909254299
60420,48.62433816821011,2.4919828804654003
72854,48.73114178797025,2.568382269454814
72848,48.73015412548805,2.575127278741082
72863,48.738319042334716,2.5646106494394068
60411,48.622929636548534,2.130869859238715
72868,48.743677596773665,2.5041292670677087
60410,48.62301521611286,2.351087882153229
60406,48.62238263409544,1.9971649522147477
478212,48.94888437634757,2.888966647628657
72876,48.75144300380612,2.5181332437068185
72875,48.750461068657266,2.5393876785390983
72887,48.75733820935214,2.532722662376464
72884,48.755692789405956,2.5351586782336035
72880,48.75315842536985,2.52199401137853
72881,48.75296563864604,2.505571289807711
72893,48.75925773857162,2.5268286907254396
72891,48.75905616796926,2.530449083392751
72894,48.75940944151723,2.5570003427969517
60465,48.62963003861782,2.0903385331965794
65094,48.949710509691094,2.0703148750598492
419197,48.807621434265485,3.1012149709112204
60452,48.628496308751956,2.3607834778317587
65089,48.950180513683065,1.9900117334094347
60456,48.62928518162417,2.298751478216976
60454,48.62500251098224,1.7725599327024917
65085,48.94919678233608,2.2174996895139505
419184,48.79715452468481,2.524708384445695
60445,48.62805232590826,2.312554977859819
60449,48.628001358109096,1.9983397037894277
60429,48.625025253864756,2.3468972761973217
60496,48.63177723319755,2.3221209735614536
426083,48.954623290980756,2.391827477855076
60487,48.63087051484088,2.4686937976863246
60481,48.63107155124544,2.338197716909505
60472,48.628585245662876,2.288420499438631
60474,48.63029583102255,2.278199027106768
71760,48.85939613271249,2.4026164026505796
71763,48.859892068039606,2.449777590367181
71766,48.860629612590486,2.459665350150763
71769,48.8612860528554,2.489345512690721
71771,48.86119411525746,2.453266848072725
71773,48.861271461212645,2.4704675913775014
71778,48.86193464753816,2.385324075659091
462257,48.494921941241465,2.188296717719299
71789,48.863439253916106,2.4496242632594813
71787,48.86278516383448,2.387201924875466
71791,48.86403777986931,2.4967202164846145
71793,48.86430441375466,2.4298362339856467
71795,48.86421836194402,2.3799741218132193
71796,48.864859299236244,2.4533510644617693
71995,48.89007942504623,2.4530317395195445
65227,48.95840986860937,2.327941453126733
71999,48.89131676407519,2.4225508094736616
71997,48.89005636771426,2.4948662807712
65231,48.954169164157264,2.0209322623965638
65233,48.95987120981392,2.2384384508511266
65236,48.95858861818556,1.855335195678995
65237,48.95867617339062,1.6760132002490633
71985,48.88944315779622,2.4839279472544797
71987,48.88950214162654,2.4706578181246894
416613,48.70892456723919,2.318476844643771
65203,48.957302166346494,2.2097030843088916
71977,48.88832972020398,2.373972872271015
71974,48.88840155594378,2.404813406918816
71973,48.887147762308395,2.4700544427102713
71970,48.88627570772252,2.4169064502227204
65214,48.958742818192896,2.2391787596351405
65210,48.95753289524187,2.0631830075075905
71960,48.885604998817016,2.444173922562991
71961,48.884061596624164,2.3669741254612737
477698,48.82389377784931,2.680602993914176
427556,48.613950102275915,2.60506055777967
71951,48.88546922139242,2.4577098351523703
71954,48.885710508526444,2.4283813589177368
71949,48.88413519298188,2.4205849811241835
71940,48.88245843109808,2.370791254786869
71944,48.883177667934284,2.4114184843715734
71934,48.88237888889386,2.40266639234042
71933,48.88243356086837,2.382423096765498
71930,48.88187872386545,2.3935156458472324
71925,48.88153961919581,2.4038896023377783
71926,48.881814664988475,2.4865329737382185
71916,48.879443730887616,2.477932132970183
71918,48.88058898233192,2.4369461148913976
71915,48.8803142455188,2.3795438718584188
463855,48.838541868326296,2.3140776403908863
463850,48.774706370825676,2.0062447044565275
71908,48.88032075908054,2.4738668211352777
71911,48.879646342655,2.3984571624615114
65282,48.96243470744564,2.07077705384732
416674,48.87145021420676,2.482415720408311
65295,48.963401249880775,2.3973993852966626
65292,48.95915481632897,1.5069843976869919
65298,48.96337578964799,2.316357291925528
59897,48.55531742786199,2.436375248301618
65260,48.96080947936974,2.2553864391895946
65266,48.96113105971879,2.326499634770785
65268,48.96181229165614,2.1901936025951305
421719,49.034745166858755,2.45558315769116
60605,48.64091957172809,1.825974511174164
427501,48.42639286199889,2.149558195337162
65249,48.96059203845218,2.2457752185611652
65245,48.96039206485155,2.2642487595425798
65247,48.96059577737408,2.163629485091835
65250,48.96002034228751,2.248535312509187
419352,48.827349861272836,1.9679530448670153
60624,48.643223289217545,2.0892945560778253
60622,48.6424613558692,2.320150132210124
65256,48.96064622994586,2.068603400392775
65254,48.96103651147403,2.233614165521664
60520,48.635164932786346,2.443888988243561
72998,48.794730783852565,2.5135577592992138
72995,48.79298175835412,2.5103239687269063
72994,48.792798292561386,2.554218955436842
59965,48.567328664727135,1.769220755899124
59967,48.56922577198134,2.265844739849936
59963,48.567904152198615,2.03149138377225
60505,48.63461302067321,2.299195809670631
59979,48.56985596431971,1.9276141409082883
59973,48.56718385945655,2.2295887661222884
60540,48.63718471440807,2.3343201972139274
478352,48.70532027499306,2.8761783008223385
72972,48.786116242244326,2.5412574415477107
60541,48.63697309870833,2.428709851260142
60542,48.63652553910067,2.4079972235823255
72968,48.78442632480851,2.5164063820562608
478346,48.88241129046725,2.7018089875660896
59983,48.57104282928055,2.4935975108510156
59988,48.571101739720994,1.916174614445746
72985,48.79091301788977,2.5102889374594866
60533,48.63619161711488,2.3320663162837953
60531,48.63563007928393,2.447195525585974
478358,48.7234766303902,2.4111854650214415
59995,48.57312214332629,2.408123897724361
59998,48.57228031944766,1.938131531837442
60565,48.638366498043965,2.002163887159027
63098,48.71157843020199,2.4501637042413265
63095,48.7099600279915,2.0367621852337137
59928,48.56392696920023,2.428963992353213
60553,48.637038275084606,2.2218285622748764
63086,48.71194274480311,2.1662710324037797
63087,48.70996356033384,2.2091628617689123
59934,48.5650766758994,2.3036631663183402
59932,48.56327057650243,2.310192645911222
60588,48.64030695778984,2.380347130943691
60584,48.64004492166108,2.355539000722238
60580,48.638472673339024,1.7732959320245356
63072,48.70823682398938,2.4619750151644832
59945,48.56637481587612,2.2980074945752462
59948,48.56528263138984,2.2905608514408993
60576,48.63939806835078,2.209985003513795
60574,48.63894221119546,2.4593757779024235
63065,48.70885740861548,2.488551880564921
63060,48.70827304213593,2.494951906543654
59957,48.56825233034349,2.327137792933823
63054,48.70794097923308,2.4368493874639854
63056,48.70793409192636,2.0613314030951884
417140,49.15868013361587,1.7596115370450354
63044,48.70664006691995,2.483185132757942
63049,48.70715755391466,2.0378127715248393
415144,48.731455543632016,1.3842031815842009
63035,48.7073544244638,2.454835628324355
63037,48.706952015134995,2.3283079877703363
415152,48.880890219361326,1.508369278152899
63026,48.706916196521945,2.4256553364505
63024,48.70651139865916,2.4219225152212713
63011,48.705841827732556,2.400165673155038
63013,48.70588482951167,2.3633363757978088
417102,49.163739941210174,1.8608095107777762
63007,48.70539031706831,2.383061268684503
63003,48.70521989965968,2.2468654226848956
415182,48.86741723088184,1.4724404855408522
71882,48.876664785326334,2.4138099479481596
71888,48.87776833586991,2.4793873869811796
71898,48.87754406645054,2.4572401507154082
71899,48.87858198123486,2.3741582194536215
420820,48.62722165641974,2.4304514037440432
420816,48.62233314745566,2.4428991438569287
418842,48.753741535471896,2.339587827447185
418861,48.862830476844394,2.7441417457527546
420857,48.84444726039322,2.585021324930047
479109,48.8386870984511,2.6497350680636305
420959,48.99496349510019,1.737635414265982
478001,48.95112029079349,2.9122140124691627
479063,48.564551284377515,2.436323380511159
479074,48.93455202934079,2.173985432160638
462639,48.69733410412757,2.5519895299635396
461500,48.83390821028355,2.6425197123467337
420963,49.00522538723141,1.732581165240623
420997,48.94513440953283,2.0246521466934015
69051,48.973822073075986,2.629878505573864
69053,48.9722375600729,2.7599533850426803
69046,48.973037281510926,2.634944948416836
69070,48.97680322007459,2.8392446629693264
69072,48.97390404332702,3.219762877746135
69078,48.97761486536241,3.0216861751739845
69064,48.97582849713298,2.865584421728128
69069,48.977462478857404,2.615119519487816
69099,48.98256145028851,2.6180395916016423
69087,48.98072425383736,2.6464691132809763
69085,48.97959675592359,2.874358778026538
411327,49.20351143315089,2.3761489426332383
69019,48.968400372993955,2.5783295807877393
69014,48.967335210709045,2.6958587136324037
417536,48.956804498256325,3.2388829560798937
69032,48.969573974152276,2.882311752456038
69026,48.96750330840313,3.136927602410047
69029,48.9694542935476,2.75764429148091
69021,48.96562001785115,3.203106707969493
417447,48.96203200086676,3.210958856291327
417455,48.93287474090489,3.1770733036196916
411373,49.17953791117565,3.1209424419943055
411363,48.92527105599798,1.4434975696537509
411379,49.03803714166139,3.4094551756509444
411388,49.20054917114145,2.837987114034145
69196,49.008354474743754,2.6791271739591687
69198,49.01057924938564,2.733995856714621
69187,49.00686384037696,2.5194751884345163
69181,49.00386981069556,2.927459805724619
69177,49.00396854269469,2.516160200443965
69171,49.00108528924621,3.0941229561703456
69116,48.98531492927955,2.63896436212769
69119,48.98730116616772,2.6416149007917316
479271,48.95708831174458,2.1951286755373984
69104,48.98321869348574,2.641615728339032
69109,48.981850052027404,3.022425673927142
69100,48.98257228994108,2.648041336940306
69152,48.99831333554761,2.516376860603016
69155,48.99747796832039,2.893317860844833
69140,48.993465635941185,2.663463524347038
69142,48.99301950846819,2.9413240629566473
479240,48.405197225532014,2.7013881113923466
69138,48.9902377570143,3.167171120872601
69129,48.98972463836203,2.516101529710316
69125,48.98839423352416,2.644811466250946
69120,48.9871209389337,2.512662117754599
69123,48.98867175509728,2.5181404001509877
411489,48.096169475775426,2.7723795226191994
61232,48.273970965251344,2.6743528017007003
61236,48.27328964165592,2.7408781598800847
61239,48.27538758517132,2.7050349245733285
61224,48.27080233292806,2.6641631797832392
61228,48.27302879744288,2.699104310825952
61216,48.26752914841898,2.70720820029227
61218,48.26805040787797,2.685932484430577
61208,48.267038243784,2.7143467316785017
61206,48.26589293534223,2.89995375944916
419963,48.80853359007768,2.1950180522609526
61272,48.30043240130252,2.825497885679181
61260,48.28654512621209,2.7871015582493475
61263,48.29144099100473,2.6969093468162924
61253,48.28214429329801,2.680624598553638
61255,48.28164384993014,2.991494031078886
423912,48.69822117990107,2.3952867310229227
61284,48.30957527742404,2.715080405749674
61288,48.314596239046274,2.564451719717671
417799,48.87265001945005,2.8143040120889324
417701,48.97843108172984,1.6994947918868983
419857,49.032561819426974,2.216079175825072
61112,48.19295859005722,2.534421750180181
419836,48.96357881914407,2.202860828093752
61108,48.18815500912121,2.739862873494404
61106,48.188304086188126,2.5476771123780155
61130,48.21656061335225,2.606217469174863
61136,48.2238240826283,2.7803930173646676
61121,48.20306491171507,2.910012661395498
61126,48.207160395305976,2.9407979993535367
61144,48.23067321071786,2.6739871074740402
61142,48.2266702909729,2.937194125462641
417687,48.977426257059186,1.7307862042954147
61161,48.24069882533431,2.7020567808477867
422984,49.171285174617054,2.039377324541739
61167,48.244828489865654,2.607926019369463
61179,48.25273547553085,2.897148989012019
61174,48.24732079361272,2.9763240706071485
61187,48.25649544281649,2.817895886913351
61182,48.253612884756016,2.9443498710401292
61190,48.2578322080792,2.700996567114801
61197,48.26300490230456,2.7078262458297973
417619,48.8972757322576,2.8631889107787867
419861,48.999310477272736,2.207526545413831
422930,48.68497982962531,2.4085285527267866
461959,48.935158129636854,2.3717099397720776
61034,48.682904079346336,2.4080358441244885
61027,48.682080543462995,2.4329169717682433
61024,48.679834269100496,2.4129741171831753
61022,48.680691419400326,2.399951612332004
61016,48.68048614668174,2.3554480602032317
61010,48.680639208056796,2.4093111552628197
61004,48.67876573855826,2.4115259537997686
61002,48.67989444042639,2.3641893771060856
61085,48.17822657106225,2.7342208146477835
61087,48.178948273215774,2.830386219710681
61097,48.18379719599319,2.8953591760555777
61094,48.181665798549346,2.7350915149280826
422648,48.60901997794323,2.4879535722782316
61060,48.14857176920298,2.6964044008303354
61074,48.16473326597046,2.756905510999283
61073,48.15902824892929,2.72796950164279
422636,48.61139504255508,2.4859362452546563
61057,48.146589576656915,2.808936589132078
411743,49.03177041254972,1.5796965172320303
461828,48.70196028893666,2.5982806310207107
461864,48.829118284532605,1.979606414014234
461880,48.88116504782899,2.5990118986414825
418913,48.86864920049117,2.06521106092596
418916,48.778847215609055,2.0446975166693298
417882,48.951596907704456,2.2023412914538625
422726,48.59593046300991,2.467169992517877
426955,48.439972652470736,2.136952628975044
426985,48.43844808793682,2.160207016871928
62769,48.69323937708224,2.3746043051329577
62755,48.69233012739195,2.4338723153723216
62759,48.691055713315706,1.851703549052665
62749,48.69176003241922,2.29788626132833
61699,48.45797916977582,2.7456950513809737
62744,48.69242011340879,2.417995624691052
474394,48.943269019627266,2.300170810692017
61683,48.448783264332626,3.353371449249005
62735,48.691123521441995,2.3623205701135044
62733,48.69024549296224,1.9755647521348534
62731,48.69134374217809,2.428849339919286
68597,48.895269187202544,2.8981577384815047
62727,48.69094516620702,2.2641761889107777
425686,48.43333959636474,2.177796808774951
62723,48.69050714387163,2.2800985028374288
62717,48.69076588077844,2.123234148289379
62712,48.689557080417146,2.436157563123308
474334,48.71324789946689,1.8912331998169414
62705,48.689335430889294,2.300099342520112
62702,48.68954941958199,2.214573217572119
73288,48.885611197574434,2.5082938394999506
73286,48.8852897723661,2.5012467366407507
73282,48.88435829919554,2.516426133022093
61630,48.430461471546906,2.7531011107867545
61617,48.426107242553094,2.989706656763274
73292,48.8867758971688,2.5435208424848987
73299,48.8912333600118,2.552223813141223
73294,48.88986040201691,2.532992701226517
61606,48.41557793553083,3.3880704840905853
422412,49.03983560703227,1.5636763656187551
422413,48.69959120045168,2.4576070707137574
73266,48.87655612389736,2.552649953556774
73268,48.878001337944184,2.5647860281853054
61610,48.4252113481486,2.7660818452650298
73273,48.881007116888014,2.542426027830997
73275,48.88191394379644,2.538525065126319
62796,48.694233237398954,2.366073396485909
62797,48.69461564217895,2.3109527072084237
61669,48.44704374468732,2.7744092328404055
61667,48.44640324465124,2.7619915904485492
62793,48.69337857208841,1.8683857889720676
62795,48.69389489114651,2.1181815490203544
69692,48.7492971956004,2.2869999734844333
69694,48.74912745250643,2.455460391727546
62787,48.69400559565273,2.2874960087067358
69697,48.7498850118445,2.30895842819124
61655,48.442877183346724,2.558040419401985
422455,48.78502949712186,2.178809422974724
69684,48.74824456933101,2.3106938755208004
69682,48.74815098530092,2.313966166563656
61648,48.44062635809216,2.5612165398359212
69689,48.7491395888862,2.3508262776785775
69686,48.748878163330794,2.40329600301929
61640,48.434438296147675,2.996140229251406
422345,48.977246372600824,2.189235923693036
73212,48.86096473829742,2.541007319369362
69785,48.759331912391346,2.351148465599306
69784,48.759011796770956,2.290887256475958
73218,48.86295756336405,2.502932661366769
69781,48.7592804846801,2.4088090920653262
73206,48.858835815836215,2.506604301153549
73207,48.85849585991105,2.5814202704376346
69794,48.76017599066585,2.3076522427192487
69792,48.76001192090351,2.31900708317648
69766,48.75593662319987,2.3462119504661705
69760,48.7566070639598,2.2761059141532756
69776,48.757908606038875,2.3067368610687087
69774,48.75743698159819,2.404347663764951
69746,48.75483610590379,2.3530543120045184
73258,48.87647101783,2.566857588899062
68611,48.8979602743537,2.617084916361783
73252,48.873594467828404,2.5394917709247644
73256,48.87478538809076,2.558405003750095
68617,48.89774852377365,2.8806259524759907
73253,48.87402682350358,2.529262710412905
69757,48.755430230357646,2.286807393043863
69755,48.75538901733673,2.404894737329709
61712,48.468429686266255,2.7072514935530183
61710,48.46894415813091,2.61073062593845
68621,48.898302639892634,2.846081910765899
68627,48.899172297065235,2.6026583471555855
68626,48.899283100592925,2.8731340494563495
69759,48.75438460751054,2.3024103863147847
73244,48.871738915671145,2.5340822221630055
69722,48.752820084974076,2.4055837218434517
73237,48.86777557441422,2.5222169164851524
69725,48.752608883674526,2.3966495468163345
69726,48.75294308665937,2.287528285262277
69729,48.75281986849924,2.3619683413265444
73230,48.866241448488566,2.525413971029328
69732,48.752917064817545,2.3989039481401617
69735,48.75350752942011,2.386784262374565
73221,48.862945740845994,2.5300580050696544
73220,48.86333694918427,2.575799557478114
73222,48.86381162656741,2.5353117521287114
69738,48.75399857375613,2.3260296290898537
69707,48.750452417890855,2.4133295422041074
69706,48.750513651679356,2.388778049283026
68655,48.90097940850342,3.307320609527939
69717,48.75190769712837,2.316589606813324
69712,48.75122817534958,2.295617610310767
68666,48.90718330506237,2.9135227251030242
68664,48.90488335620728,3.1926385625113465
474317,48.87469464579609,2.1323273458258387
68631,48.90101493934262,2.6721637308776627
425730,48.76568810972485,2.260163349793821
425723,48.766444522241464,2.2552408932930534
68694,48.91301372102252,2.8165067087512274
68696,48.91464809108328,2.592982408943013
68671,48.90852359150701,2.780165292380985
68674,48.90722128793252,3.178247930600206
68680,48.911248655372454,2.6036712633536485
68686,48.91201791357556,2.710637224956092
62621,48.683888714912456,2.169673045350226
62620,48.6841326917866,2.202788463496535
62619,48.68396595682902,2.4941203523983964
61568,48.410068685782775,3.2457828711382146
62613,48.68366702750509,2.159216475102035
61564,48.41449900884153,2.5645159238942465
61561,48.413263462939675,2.7052951315578917
423655,48.950368622851734,2.6096606224299754
62643,48.688164721246366,1.9799530726148593
62642,48.685254640210374,2.1838136353142406
61592,48.417983808219674,3.004304560912126
425794,48.90717132829046,2.4290597237821046
425792,48.79035835733307,2.227328060517932
62634,48.684596629764556,2.4911936267900368
62633,48.68448672449454,2.1872761392754567
62638,48.683491882704025,1.6432992049913273
62636,48.685400703856466,2.2183713889064136
423625,49.05759431141819,2.687921078009767
425773,48.543484508164504,2.675016002984042
423617,48.97534233705676,1.9640857833170355
62600,48.682218568909995,2.5592300675540582
73147,48.83804867089829,2.534969217437428
73141,48.83618565919373,2.5323155823876213
73145,48.83728499296621,2.5776055850348043
73143,48.83704849145071,2.5219399874007733
73152,48.839846707405215,2.522248141436782
62695,48.68909153900519,2.4225159118449597
73157,48.840863298515394,2.5257200002434246
61509,48.40123705853727,2.7987969444926533
73167,48.84468911715802,2.5770414167222544
73165,48.84397171599659,2.530576553434473
73161,48.84312319363664,2.566691909383617
61501,48.398131753590526,3.1470632160847383
73174,48.847557161150846,2.5520949124281715
61528,48.402613150940596,2.6970386530444412
73180,48.84873203708502,2.5584758830465413
62662,48.686979590072795,2.3536291137652348
73183,48.84938432558923,2.564684348951611
73189,48.85309035124609,2.5736343316590844
61535,48.40657483449452,3.018579236684375
62668,48.68672630173841,2.4928166674668804
61533,48.40728382885934,2.7890448747896746
61519,48.403407728427176,2.7279077325985144
73192,48.854388775978954,2.5210381419053034
73195,48.85572189881569,2.5272202095813308
62652,48.68605850563299,2.169957835669343
62657,48.68645864074672,2.341436258373638
62659,48.68655064611316,2.1760701850592237
61524,48.40304341394646,3.020185829316086
61551,48.41115321312952,2.7396648635281506
62689,48.68852957231485,2.2032105004942175
61555,48.411353211315046,2.695218014606934
61557,48.41209241587009,2.936965851612037
61540,48.40878489209592,2.697057137773826
62674,48.686808387455294,2.4331441812500065
61543,48.409962734704926,2.726373848792373
61542,48.4062790120008,3.310029082765809
69887,48.7691886149612,2.3823480203671843
422497,48.97106876361533,2.3306667493716287
424718,48.849942171572074,2.434633529767184
69894,48.770215863849046,2.274685747329814
68700,48.91489847749661,2.630245437514873
68702,48.915817001699324,2.6036637620913528
68705,48.916779309745436,2.5956128304356088
73113,48.83043643167216,2.5492723651549305
68719,48.91789891695405,2.76154124684838
73119,48.83204224569833,2.5566147127261427
73116,48.831462450520455,2.5842392291442344
73115,48.83135630405151,2.53466792105439
68726,48.91856350019102,3.157321065750381
69858,48.76722709619496,2.3804595973243012
68727,48.920422185609986,2.9296434400243414
73108,48.827434367253105,2.535635997137683
73104,48.82715658386395,2.5464470417523097
68721,48.91761915534246,2.943189731168125
73105,48.82726697321494,2.5296236293699144
68723,48.91905698650418,2.9118109867199076
73134,48.83672520195909,2.510934831086379
424721,48.88067146588845,2.312411453440967
73138,48.83493265398427,2.503697160104281
73136,48.83433468311677,2.530452177732148
73126,48.83336968190972,2.5779915080391023
73125,48.83294428178029,2.544169341994766
69874,48.7683256505679,2.4564642491517326
68742,48.923310592611195,3.1237108176301445
68750,48.92601214074587,2.905037088353941
68752,48.926947425012365,2.8593510610804147
69800,48.761599896004924,2.356398824441832
68757,48.92627173235051,3.129797650042269
69807,48.76184915931661,2.2908283069907687
68763,48.92756392505876,3.1238983475967976
68767,48.92934129059638,2.86091410155674
69813,48.76226566718589,2.3042981662540583
69816,48.762959159237326,2.4793488366612872
69818,48.76285473550114,2.401394831108462
69824,48.76416606038234,2.2547768068665954
69823,48.76462580110754,2.318184991418606
68775,48.93389297094137,2.636448067133697
69829,48.76405581120834,2.2719006296412756
68782,48.93611680408368,2.608730173076867
69832,48.76472539312783,2.3294217215896764
69837,48.764183003821536,2.368523193384
69839,48.76457371846732,2.2654104279866365
68793,48.938381197108896,2.6759482836499857
68794,48.93895181780954,2.687650066911764
62966,48.703469087497375,2.2207511350023887
62968,48.70314396404148,2.4410185967625755
62952,48.70219069710566,2.3783428853762163
62956,48.70336217510268,2.426353471435757
62938,48.70138880634676,2.1801236367438586
62944,48.701908502000904,2.258864772932509
61498,48.3988114505429,2.9864087618410986
61496,48.40002096034099,2.6896362750912544
68391,48.87272773254143,2.6454843663621075
62932,48.7012077306346,2.352501940759997
61487,48.394377686430346,3.2972333092496497
68398,48.87369709231937,2.7136449679845054
425877,48.541547876033704,2.6596317578380293
61482,48.39486319870729,2.955088786295167
68385,48.868564561015425,2.783339791637843
61472,48.39053918178943,2.8119880014065113
68372,48.870563169036714,2.711849060825405
61460,48.38818066445535,2.9606933299945974
62992,48.70432965141178,2.4877400553793456
74101,48.74285578222403,2.4345757521024707
62997,48.70489255647624,2.4266220561485925
62996,48.70452353459177,2.3164482169160627
62994,48.70579944403729,2.3935614574959034
68377,48.87100265784675,2.7003815151288952
62980,48.7037350547608,2.2810102538350185
61450,48.38669828380366,2.842372441240804
68369,48.87077673750258,2.5764683227328913
61459,48.388225823167666,2.9493065074789286
61455,48.38775923707766,2.8862411604689013
424392,48.71498882090165,2.54209939158914
62969,48.70342213283856,2.3578083304366912
424396,48.81383556302259,2.3903713856124016
61448,48.38649532525454,3.034517107532523
62977,48.70294772888045,2.295283093538618
68357,48.86988619379374,2.57895668301546
61445,48.38631778492576,3.0409666350429876
61436,48.38662815992589,2.8136025718817166
61438,48.3836908729,3.2541078383685416
73086,48.81925820139325,2.511691102560914
73085,48.819857291146555,2.5321896486995903
61428,48.38370714957764,2.944131196335433
61425,48.38345446681036,2.7887837769297197
73095,48.82367791786616,2.535219977534516
73097,48.823528769327005,2.543193630334198
61418,48.380642122477276,3.0176246911544675
61414,48.37997743815116,2.942946687501169
61413,48.37986971614258,2.8822606460400935
73063,48.812436407829225,2.516098983542774
61406,48.37749123457213,2.7890225513601674
61403,48.37651958317597,2.9569072916562265
73073,48.815018961327695,2.5065286276076146
73075,48.81656219871709,2.500229012532131
73071,48.81353091021593,2.526649468487227
73047,48.80896926368484,2.5205497591239747
73043,48.808465945230985,2.5519336338058305
73041,48.80698516456961,2.553988771075228
73054,48.81097012535143,2.5399426404044463
73050,48.810184227879006,2.569191953033966
73025,48.80362516944733,2.5079366819136926
423702,48.99104828358347,2.5266927507613683
73026,48.80633474516244,2.588286027084989
73030,48.8051409427437,2.585068554760333
73034,48.806279876386135,2.500715594871927
73036,48.80640316519134,2.5498817292842313
73016,48.80120406046418,2.5485038678329155
69982,48.7768483336442,2.3133643821393344
73010,48.7987753451474,2.5531876723046123
73012,48.800407165586876,2.5051011990497134
73007,48.79871934472956,2.533815488740582
73006,48.79953777767966,2.5246798622626123
69996,48.77780407576956,2.46312899982347
69994,48.777361549280464,2.3766241422527656
69974,48.77575765211354,2.354060524035842
69978,48.77675566201379,2.25007896957582
74198,48.87304683683332,2.6873840768616835
68458,48.87882509870812,2.701550007673946
68456,48.878798452568375,2.707147228588909
74145,48.65084963334844,1.8185559860027845
69905,48.771136849324215,2.4605510477426895
74142,48.648161079078356,1.8164105857163717
68466,48.87537221781957,3.363347953969606
68465,48.87911544914687,2.781952871878825
425902,48.39832154404758,2.9528701904953976
69918,48.77184288062683,2.3586401626247193
74132,49.10144658701622,1.4689829697259038
74130,49.1011513052384,1.4497971163111225
74126,49.08711411917222,1.4804966282310241
74127,49.09108583810178,1.478470064428275
68445,48.87805077531255,2.7159593570724962
68443,48.87822607452729,2.6905366724205755
68449,48.87916715895141,2.6136234722126614
74110,48.60648894647054,2.4727594618859414
425930,48.629319664044935,2.3402146790483362
425937,48.73300631590697,2.3269599591571515
68417,48.876100175887615,2.6979594144877472
74184,48.672751007153614,2.3120760585308964
69945,48.774096790161416,2.2534987435161105
69944,48.77400970263404,2.4848313114820293
69942,48.77374082394719,2.3180727162415424
68411,48.87553440722135,2.593403960719265
425947,48.997311713692184,1.9819135758112867
69958,48.77461217420515,2.481681977834962
68428,48.87745206476363,2.6257640552741344
74173,48.71195992727471,2.0337962124507847
68420,48.8769370185488,2.597299253445629
425950,48.69811994923021,2.330846947431141
69927,48.775351843868194,2.443184541951487
69926,48.77258163058291,2.2442604917618323
69923,48.77201360177104,2.251181267376806
69921,48.77165802773132,2.2532886941296315
69936,48.77184717676758,2.4902002111505537
68409,48.87513182977338,2.745649201906583
68401,48.87372077322052,2.803400312710571
69932,48.77256529564655,2.339363246916811
69934,48.77281312338253,2.495279889118158
69933,48.7735470157234,2.324327971973041
61374,48.36465971676421,2.985323969325142
61371,48.363466433585316,2.9776489254990186
62825,48.695299548452454,2.1516106103390045
61378,48.36744613283037,2.8159253890052858
61363,48.3593955868131,3.088911397344656
61365,48.36131712612102,3.081685095083604
62813,48.69567855522332,2.2988662723357742
62811,48.69523339785237,2.479846793936392
425991,48.18327806376002,2.735810002421061
61390,48.37321697981397,2.9276004159609594
61392,48.37341008030013,2.9200853634017117
425986,48.99387988580169,2.21725040983608
62844,48.69686204886423,1.8386735592175327
62845,48.695895506352706,2.3498706438016677
425985,48.97355569176174,2.2061638622653583
61380,48.367561215004805,2.9854716836811646
62831,48.69648368138546,2.190235185890478
62832,48.69647630777516,2.3591301330427674
68482,48.88169349655178,2.633410402316976
68484,48.879687924188794,2.5956690438275993
62865,48.697711573966544,2.3546785469184877
68489,48.882851289802765,2.5858129941864476
68473,48.879971727775505,2.7163511145291657
62849,48.6972071943991,2.4859483585679722
68479,48.881577707940515,2.6612685975505728
62855,48.69744013787053,2.2993929523179975
62853,48.697872179855956,2.4398656595582
68475,48.880206631183086,2.6793645418148264
61356,48.355157420590096,2.8225086395334533
62889,48.698054489882026,2.1036193721029464
62880,48.698907285724516,2.303402207272138
62883,48.69878041320559,2.225916671595713
68493,48.88303128587364,2.715264034956044
62875,48.69810862241581,2.371767308622033
61347,48.345329101820845,3.019785795641656
62873,48.69839305813546,2.231391678210262
62871,48.69672508118257,1.8822415952067388
61342,48.343681921820284,3.0237665047721296
424483,48.725465830901044,2.8340364962108002
62892,48.6978037145634,2.181999824730245
62898,48.69945682657948,2.210408920896681
422319,48.974706091553514,2.189924422354729
61317,48.32919007755035,3.000634138712475
61306,48.32036357494074,2.9911100559127073
67014,49.06972615158767,2.481669469010113
67012,49.06887248236389,1.9649075258750424
67008,49.06848973824991,2.0681180555089154
422298,49.15760858593793,2.329997001156355
74084,48.977085291555326,2.2282068082056083
74087,49.01449716359289,2.709601525400918
74086,48.43403591189433,2.1389767480369692
74078,48.14364591389388,2.7703937322229155
424517,49.130221069421914,2.4254925257004065
74092,48.98490361632681,1.9149448725349278
74094,48.994348584371835,1.7173893881288669
68505,48.88316335837764,2.853851354466907
74098,49.03372617964144,2.314535191572028
68502,48.883456998032564,2.815479073190643
68504,48.88450697324213,2.588697548416787
422243,49.03098960077411,2.334789993199461
74001,48.84985955714189,2.385064498025339
74005,48.88556613404933,2.2391910899653062
74006,48.882395685429216,2.22304436115151
68558,48.88609319881685,3.275213864962675
68551,48.888972277165955,2.6589021271123836
68568,48.89018109420075,2.727001115306465
68561,48.88944386781135,2.7433563751548284
68578,48.89154653001947,2.7936499940721418
74027,48.89127285168561,2.2943368789287737
68576,48.890563364261055,2.706133229342252
68571,48.890627786861934,2.710428789519405
68589,48.89336372934892,2.79664326707131
68587,48.89160561853953,3.0388137958789714
74017,48.95157074313437,2.561972078156482
68584,48.892342250473675,2.7736531506881366
68514,48.88549517236999,2.5780600089686554
68516,48.88526818257754,2.7337769070363698
74044,48.882331808381885,2.409491737040823
74043,48.884635510155995,2.4070519401512014
68521,48.88561615247342,2.740716118362455
74039,48.82629938836431,2.113980596979405
62901,48.699569181308945,2.1648309748800685
68523,48.885649269013015,2.743565988039253
68536,48.885890760308875,2.961681378519041
68537,48.8872153495622,2.7441719379886305
68533,48.88665704154198,2.71973753733845
74067,48.64191151667049,2.4675704886248773
74060,48.918434289626,2.3179847737659642
62907,48.69964575807806,2.418587787596548
62904,48.69991984297611,2.368980293195201
62906,48.699622505806246,2.468558862289235
68544,48.888036552548584,2.721271112311526
68542,48.88748967840901,2.7278743578788283
74056,48.83094563246226,2.2930488198613044
74054,48.83160155442735,2.3059952588748205
62919,48.70047381599864,2.325564805074668
62917,48.699937240623534,2.429591119157033
69261,49.03560891561454,2.694638205063923
69266,49.03669144708837,2.798591459682123
69270,49.037681776577806,2.802040916569979
69273,49.03913343285764,2.6858232422562947
69278,49.04048647752329,2.50656708620543
67138,49.10311550266237,1.8357444059437955
68196,48.849082407374695,2.828750769451162
69243,49.026432275755035,3.02257482491122
68192,48.848868684839246,2.8121812015640835
68194,48.850758408003074,2.613909065348238
69248,49.03016106398075,3.010105386728283
67107,49.091302615578485,2.2024926110777288
69254,49.03247104017382,2.699044969361787
69250,49.0314736166864,2.933068915451148
67117,49.09636712957806,2.190111937023971
67118,49.0950200397451,1.789951740979822
69259,49.03380159814654,2.9315069220720806
69221,49.017685196048596,2.8813824648932087
69235,49.02354279184875,2.5986987438149374
69236,49.02220826855653,3.0656749619829617
69206,49.012148656363024,2.705254002660838
69204,49.00925529063338,2.8291864153618467
69217,49.018055653204506,2.82418113544242
69218,49.01738876309879,2.593640093798126
69214,49.01532415820407,2.529376560640189
412732,48.77383201451501,2.4874321031902187
68139,48.841568900267845,2.789549187564599
68138,48.84127601027381,2.784161723722999
66009,48.99430518223456,2.416780587221938
66007,48.99377984494464,2.3827669005173506
66004,48.99443846112705,2.224334478180362
66003,48.99374607499363,2.4248356604357406
68140,48.841338815790884,2.6059400759746647
68143,48.84258428726286,2.6477059545303656
68111,48.8381750371575,2.5930823028209424
412707,48.95656613816026,3.108598670520549
68127,48.840189278715236,2.7295723419987645
68129,48.83904394881387,2.6549303767973784
68121,48.839722123515294,2.7258416468950535
66037,48.995895035964544,2.15123319837611
74303,48.95812111787076,2.3018008202875686
66034,48.99611971613549,2.3367670256984607
68170,48.84645633819649,2.673195076974617
68175,48.84628519127422,2.828541942011289
66046,48.99618579811968,2.196067295478602
66044,48.995768473512626,2.3573249065263373
68185,48.84763752748947,2.815667221580781
66011,48.992922435332034,1.6405435862607936
69289,49.04478988204699,2.551494259936118
68156,48.842825172045515,3.029117163294459
68151,48.84374562038504,2.666957919060346
68150,48.843291667783845,2.795040088389509
66024,48.995551320407515,2.170883788362329
66022,48.99362806384595,1.726577451921794
68169,48.84554514266298,2.7826656206570104
66027,48.9958212839575,2.3613215053851904
68163,48.84521434686577,2.604384655161925
68166,48.84517657678139,2.7050333726225637
412695,48.87046203764738,2.305845601221674
412691,48.8993197204838,2.471021764082493
412687,48.83313018761141,2.319243937083795
412699,48.85524273836803,2.486249676148171
412678,48.86216246837553,2.416460724586629
412676,48.53409218473514,2.633009723725248
68227,48.85252002419164,2.6094192308661777
68225,48.85221077859636,2.613891490333927
68214,48.848316065331915,3.23352087892914
68201,48.85024189921445,2.647620117366193
74352,48.642122170177124,1.5210957222590782
68209,48.85015805556533,2.82020297864147
69313,49.05235460626136,2.659032280257006
69314,49.052474198929666,2.688157072241857
67096,49.0879091189569,2.0682756574384875
67098,49.08673567148682,1.873433159523593
69300,49.0489751991769,2.501233405188806
69302,49.049342691620545,2.5758320883047037
67082,49.08287242376532,1.9309108359162839
67080,49.08254840336433,1.870409726082848
67068,49.07922901093817,2.4431943123031963
67062,49.077007206151436,1.9271169509808879
67060,49.07422879457874,1.5955826347028317
473292,48.839356695845936,2.188492484181651
67040,49.07279941523151,1.772608187534127
67038,49.07185770560519,1.7763807195431758
67034,49.07250498852157,2.1018173337370296
67028,49.071387336356715,2.153481215028124
413765,49.103608292450836,2.5841180354935576
67021,49.07077194404532,2.148468530680504
69364,49.068296433071275,2.9578108144738553
61966,48.53449044434151,2.6839709643852063
61965,48.533947878881335,2.6897308998717793
61962,48.533498193027,2.647791490594303
69367,49.06689919681707,2.824699829803595
69370,49.071170734477604,2.6774043483879786
61969,48.534492829003916,2.526242682259972
67234,49.135439026590454,2.3517763294896916
61975,48.53627527356325,2.67531804994326
61970,48.5345146314366,2.6285503689349294
67240,49.136476088629976,2.330982843037664
69380,49.071596217607926,3.0267411318936763
69385,49.07645619820389,2.790450905663941
61987,48.537412574917006,2.6605865014459695
61981,48.53627216629749,2.6841837306582352
69393,49.07963065735243,2.518493126368591
69398,49.08157737661508,2.668791419191354
67254,49.14060669091157,2.3742890142663096
61990,48.53840137528184,2.679781921923351
69328,49.059989474116946,2.5405468758013425
69324,49.05673381831738,2.870382274785358
69335,49.060420385834924,2.5030936971107116
69343,49.061641455999336,2.681424767229405
69346,49.06368558612526,2.602479621648489
69349,49.063825061492956,2.6809187583310417
67210,49.12749730783081,2.2072172249042037
68238,48.85258800287573,2.761976409137225
68235,48.85250802628328,2.7863092813715373
68233,48.852688124924825,2.6648497579066786
66101,48.99664713425272,1.7455352193695186
66106,48.996552954485786,1.679756400959831
68246,48.85452098102358,2.597193112272008
66108,48.99853291496905,2.079083322481271
68257,48.855322533726685,2.656696511821287
74225,49.10155504119734,2.042059343271658
66113,48.99914424627985,2.3802431704936424
66112,48.99887060103442,2.2781974445081654
74222,48.82174913214643,2.714509113225548
68253,48.85484689388786,2.6402023097843146
68267,48.85635803964211,2.784303681063151
74216,48.82404923731299,2.723118251692225
66129,48.999246966352665,2.423401265690928
68260,48.85569041665905,2.740231301138783
66132,48.99938498161606,2.122591394407526
66134,48.99921386617951,2.060777691752326
66139,48.9989078849592,1.9166888392182115
68276,48.85878896617157,2.6894390930703302
68270,48.85684322041504,2.7389307995806407
66145,49.0006677217232,2.1258499265389936
66148,48.99968154802186,2.2592097555877055
68284,48.85937931974906,2.880230013930805
68280,48.858014663149596,2.6454345541487556
66140,48.99951004612908,2.116350210348195
412657,48.78582989635716,2.0923862213123465
412659,48.85479188551798,2.2960166676780656
68294,48.86231443908234,2.67426100695519
68293,48.8593793998079,2.9054243169681815
66164,49.00049130150076,2.193772898768648
66160,48.999361780574695,1.6771632328462982
66064,48.99709093619355,2.2903988104083663
66067,48.99716744943783,2.2348031776085246
66052,48.99653070693277,2.427032379075488
66059,48.99683797865505,2.351366926617774
74283,48.946475331546694,2.3277338693047214
74292,48.65177998552293,1.5426490717055483
66087,48.99736877805357,2.1632493572071403
68306,48.862303269696596,2.9913788063861104
412569,48.7817107539044,2.372434830684441
412568,48.78763097568365,2.446578795307269
66079,48.99550928863342,2.3694906133024283
66077,48.99542054669211,1.69173027242626
74230,48.639933671082154,2.2440113939843642
74234,48.79801070259491,2.601461742105006
66094,48.997137905416096,2.0655575573480034
66091,48.99779399865026,2.2189954258444646
68310,48.86117634062413,3.320913614026066
74247,48.854762219294365,2.6668670629751787
68317,48.86183435118085,3.3414926697382596
74257,48.95703558618248,2.3210426154275217
74250,48.564949927406715,3.283807244360712
68346,48.86879564331526,2.6883706561419176
74262,49.114199414663894,2.1764989783095054
74264,48.83148319460595,2.802980656386988
68338,48.86814829212867,2.6448407473984923
68332,48.866931040233744,2.809001260384654
69416,49.08884936923854,2.5480808697541004
69414,49.08798659418743,2.571518593751313
67190,49.1221716783659,2.063008640693944
67195,49.1244442613126,2.065604846915488
69408,49.08431757092212,2.6505541117168354
473151,48.85593773000928,2.12915055317144
67184,49.120712046220696,2.4300363002261354
67182,49.11983296118541,2.012316371987511
69435,49.09183191192364,3.0629017826122555
69430,49.09055702462127,3.074112622258353
69427,49.092475722340446,2.502129363894223
69422,49.089684421271656,2.5278940378192685
67156,49.1093374399932,2.4337016888051517
67157,49.109321551851004,2.3438786247323544
67150,49.10508500972655,2.3370301409369705
67147,49.10644077805765,2.352351200484829
473158,48.70053105492039,2.5062575517029275
67177,49.11760832228894,2.4211953040047183
67172,49.114691004072924,2.2097279620336034
67175,49.11802793938878,2.2200672138486257
67162,49.11217267977463,2.219093820264392
69468,48.786074353323436,2.2296849686076836
67320,49.15614050978752,2.1694508064773674
69469,48.7862839473457,2.208087780561055
69461,48.779958267784465,2.23038087507283
67338,49.15845909582178,1.7842193181880166
67335,49.15889694353824,2.3361561858333424
67332,49.15861024030854,2.2898513979676407
69475,48.78957131918479,2.2315049860474447
61887,48.52207496712374,2.603951242541229
61888,48.52202894051176,2.6602933263146205
69445,49.09906278975107,2.513328477739703
69441,49.098592041669704,2.50483656473923
69440,49.09740325472548,2.5441382241302577
67310,49.15168683028442,1.8056258283437143
69455,49.10222819936989,2.544431294912043
424767,48.770581677008416,1.7972981128710968
61864,48.51943195037349,2.661278352083458
67369,49.17849179674524,2.1083922474767207
61861,48.518493102667904,2.5504228659616914
67366,49.1707165404066,2.025675319380605
67360,49.16862842182008,1.7691503161996551
67362,49.18039805435048,2.0287710006916257
61870,48.51893649873404,2.6788580699096123
67374,49.18067572437259,2.1052413146933477
424781,48.65072808239659,1.6886751839819867
61845,48.515282378462764,2.63904488625753
61843,48.51504719693768,2.6615368469011966
67348,49.161257131160255,1.8187043383725556
69485,48.79968484680894,2.2335479419148183
69480,48.796973126464266,2.182644345157402
424793,48.68062067966901,1.6526862087272725
61853,48.516135365013405,2.6297434395794697
69497,48.809839512482036,2.1794060230431187
61848,48.51569653276609,2.624635025227811
474127,48.68979280273256,1.8630694644917816
423225,49.00921523787366,1.9528364306170136
473098,48.92984265733237,2.4952101863050355
412436,48.82321564147681,2.374611704936931
412439,48.86480787007359,2.4039583785497585
67294,49.1491398393408,1.9687657196782649
67295,49.14849661859053,1.9851238794441364
61955,48.52841451931539,3.3140624512447605
61956,48.532871882093005,2.5157735261192387
61951,48.53130870809635,2.6901460738903866
61952,48.53150453670186,2.6859258162963062
69518,48.8153569541511,2.227958625681126
61939,48.56235203678966,3.3152415850522745
69506,48.81325634651981,2.195149423365989
69509,48.81436463365579,2.211651568544511
473065,48.917028755469616,2.652155082951199
67272,49.14329073082631,2.273492266636104
61930,48.529207559921275,2.751126129824639
67277,49.145603221340075,2.2873228945075343
61932,48.52988755438633,2.558048461868885
424876,48.498541493798285,3.2306309212713615
67268,49.14252823255744,2.021737643592786
61909,48.525938530190786,2.5119777313146905
61904,48.524960301590546,2.5419505251522567
61902,48.52438022485866,2.6743556711519627
61910,48.525870163171106,2.695134943116859
69556,48.72757540271075,2.4367124989120406
69540,48.824149833688075,2.20821412522184
69546,48.721378759171316,2.4513112039331215
69539,48.82387537035556,2.1967289847692064
69534,48.821787646725994,2.181969316380903
69535,48.82218767071723,2.207310915570939
424830,48.77427354240558,2.4395491841192274
424824,48.772717739847415,1.939714680678734
69520,48.817073140560865,2.2159553168047434
69524,48.81845828737409,2.197663660689756
69526,48.81948223485323,2.211655912943579
61769,48.48753323006687,2.705534509383614
61766,48.48657676951888,3.0436702361999357
61767,48.48715522620524,2.7506556351555926
67424,48.69007360979088,2.5362176591210077
69565,48.72960540769693,2.4389951412911812
61763,48.48716357039334,2.6953291719384147
69561,48.728672146370315,2.430902053027764
67439,48.69206563885578,2.533835989028189
67435,48.68953901195552,2.599693869690329
67434,48.69115076599824,2.529911012741928
69574,48.73168581180423,2.313047088947624
61782,48.5001180224267,2.6340865798204605
61787,48.50179370577366,2.5653753101309045
61784,48.50069899510017,2.6357881342512157
67442,48.69206926195136,2.6018618611997812
69580,48.73295222342777,2.3065106194740785
61793,48.50421872202756,2.5335014021628908
69598,48.73622612775745,2.2919377101685887
69599,48.73624966707376,2.420559941973446
61799,48.50485882694657,2.7951032353063274
69592,48.73547573553573,2.424192291119835
69596,48.735208461901784,2.4045467762687016
61723,48.47452722437137,2.5090257831235983
67469,48.69790485539294,2.6053501994928294
61733,48.477052913507315,3.131264367801617
61736,48.47986090947183,2.6953683056815714
67479,48.69573266126794,3.4445116468299863
68088,48.830592824306706,2.9525680033731803
68084,48.831849734617364,2.975159584298236
68083,48.83260704950002,2.7393518761652746
61742,48.48167133541925,2.6758113918451847
61744,48.480589152122704,3.0921814702089154
68092,48.83388728760742,2.7535746833075834
67484,48.700664411242826,2.776507938083293
68099,48.83300111198064,2.9595065705782924
61753,48.48601720290785,2.5351856107490347
61758,48.483230060044555,3.2507127474902178
68044,48.82784057802249,2.706391439357756
68046,48.82823193796043,2.6992106868170462
68055,48.828996955980934,2.6803605919699702
68058,48.829579084364624,2.649013002056737
68068,48.829536284037275,2.9013374331367605
68000,48.82165479073855,3.0913951474502577
68008,48.822304371245814,3.094542482634363
68011,48.824450115562,2.7176338574663164
68020,48.82458153652619,2.902123177370047
68022,48.82418739883606,3.0901533212474743
68029,48.825305977029686,2.955957550954111
424908,48.87969026177843,2.510749529615313
68105,48.83651161011129,2.710627249706498
68100,48.83559480556952,2.674114640879836
63997,48.80774852227277,2.144150842525725
63987,48.80659118067425,2.1610543809311666
63980,48.804019591835484,2.168884025447574
61806,48.50715586808077,2.5357835696950453
61805,48.50664444428913,2.7899112130674784
61809,48.50542375908583,3.3864060057296776
67391,48.68453682442573,2.615747900953902
63950,48.80346389600202,1.9636123824294927
63956,48.80289709076368,1.6704975133998483
63953,48.80390570874574,2.1545687716732242
63954,48.80411773844001,2.1759150676631123
67380,49.19590464472839,1.7040314182197365
67381,49.19629217871847,1.70872086153392
69607,48.73757912271721,2.287289130993183
63946,48.80314282666053,1.9712165180095944
69602,48.73611015609791,2.3027972456110497
61800,48.50406480795541,3.0439149241833054
63971,48.804854772125694,1.9017995273711887
69638,48.741662136858864,2.307843292750306
69636,48.74179978169546,2.4792470075755526
63975,48.80581023735634,2.011796112937703
61830,48.507175030861674,3.390060689888235
69632,48.74089650409691,2.474265197419402
61819,48.509187112935024,2.9674464421570814
61815,48.50827565312064,2.9469634629041006
61821,48.51069591853444,2.6365717016868118
63965,48.80501102053796,2.145577804326966
61824,48.51076786173554,2.6905855554187696
69625,48.7398690907409,2.425041370515555
69621,48.73983056189341,2.4180180426904836
69651,48.7441337357309,2.464991537542474
63907,48.79912030995859,1.909115863877978
63911,48.800840650463726,2.1441008052851207
69641,48.742118757942855,2.489586068806209
63902,48.7994837546053,1.9486671782722835
69644,48.742526033967714,2.4467440066762074
69645,48.7433479542123,2.3551141974411833
69673,48.74626208167624,2.3999597865529454
69672,48.74717361103916,2.3881643115279387
69670,48.746507120500155,2.3530146956484885
69679,48.747660438508206,2.2984267318487506
63935,48.80221469577452,2.130728303758726
424932,48.981479495542764,2.2956532936286433
63918,48.80120316453148,2.006675487214559
69661,48.74587751050311,2.41032766543969
69669,48.746370713268604,2.407302792870158
69664,48.74589650968357,2.2959615393379416
69666,48.7477756727827,2.4811255178146565
424920,48.890729443188306,2.399140591261317
60507,48.63363211998168,2.4383207567266156
60515,48.634618936945145,2.333938901139932
59970,48.57084443213076,2.353333433287309
59964,48.568366770555215,2.4413719529515316
59966,48.56831195930559,2.4809101006664553
60516,48.6346128060132,2.359894482990783
60525,48.63521241131313,2.424528674897693
60524,48.63484059865365,2.429513488144743
59960,48.567077485235515,1.9292636884418224
72991,48.79178606246899,2.580179123645791
65255,48.96079735141801,2.251992904500258
65257,48.95994305139493,1.8615741081113912
60620,48.64268709219556,2.0745760413644314
60619,48.642723941384524,2.4227900989694184
60617,48.64097452638604,1.8242493556130468
65251,48.96075418214048,2.287733205686614
60613,48.64298125786708,2.3471686035885386
60611,48.64232290992923,2.4551059615533486
60610,48.64249115258194,2.230400727344065
60609,48.64039302661116,2.434739598014296
60604,48.64179285039714,2.3519205337935127
59880,48.55121664756267,2.408845467459922
59882,48.5513076724038,2.1257361490015385
65277,48.96247045422761,2.270310455344573
416656,48.69534140572489,2.327798200251319
416653,48.69330002311922,2.317580021621461
65273,48.962246468453,2.2457375614844755
59885,48.553783459729964,2.363246106763234
65264,48.956573863707845,1.9558016482035128
65262,48.96150686737006,2.197600487377475
419363,49.06835628416236,2.318087360979474
65297,48.96316364407502,2.1965710920818338
65287,48.96121196941856,1.7321449285807236
65285,48.96272215943839,2.260023005123518
65281,48.96160822462938,1.8541692602346034
477620,48.886569920352095,2.1347137763425863
71910,48.88015076927145,2.427978779965028
71907,48.87802681280868,2.486134005991635
71903,48.87890663303711,2.4124893834302568
71901,48.87844942633053,2.4496974344965046
71917,48.88070142527996,2.455420996530715
463802,48.87064351763808,2.409187989436515
420664,48.827911867538674,2.1951274970693913
420665,48.741559636315095,2.3595832454295165
71928,48.882204084466935,2.4448238362887986
427580,48.74438853771709,2.291922236701294
71939,48.88360516591515,2.455186087048339
415128,48.848461947598125,1.4339413116976503
415139,48.946605789234745,1.4895659883922554
427564,48.618204116004804,2.5811573869285667
71945,48.88344566996065,2.459680883988126
421776,48.521579468161015,2.300299803525999
71952,48.88439891324909,2.4851847600433206
71953,48.885243856664864,2.464585062589095
462315,48.75282188677443,1.9177213659064871
71956,48.885098961365244,2.4806913963064696
65218,48.9588464768276,2.2549707221844955
65217,48.95723097122338,1.8123737388849561
71963,48.8857852091418,2.3950793012403615
65215,48.95861013840879,2.2596445268462393
419305,48.772608907508356,2.000109545160938
462303,48.763437953572264,1.9594614182710786
65205,48.95547638912532,1.7070952536244703
65208,48.957907172023305,2.1598080342800765
477676,48.4132591276951,2.699977402370275
416610,48.70749506920437,2.3233336940366365
71986,48.88908762227118,2.4954620969736627
416606,48.70204128430249,2.3141501576245704
71981,48.88892807990761,2.4279641818871465
71980,48.888632245191836,2.500532845490393
65232,48.95976638108021,2.063019853431657
65230,48.95973037574811,2.197539134950411
477695,48.82147953361347,2.6791196062892744
71993,48.89011606090641,2.4814800904110728
71994,48.89028865629737,2.409967477765084
65226,48.95784527724899,1.8622755655521448
65221,48.959432491374535,2.0680652155645527
71797,48.86447262343367,2.478552441357189
71792,48.86411993388323,2.392345637043324
71790,48.863530522436044,2.4668051588920776
71780,48.862323790918616,2.4062903932693867
71782,48.86336021700591,2.4365052980883437
71779,48.86170883760056,2.400197716995787
71777,48.8609680736927,2.367247910158567
71770,48.86082773131262,2.444015724750598
426056,48.674873320897966,2.4138311367296907
71765,48.86041536586384,2.4394812712763203
71767,48.86041860118396,2.4203376095896396
420718,48.71068079657803,2.1613982061742014
71759,48.859655788321795,2.423467370723936
60471,48.631706895026355,2.4288080452167637
60479,48.63089090563848,2.2725115045548985
426070,48.57500069298289,2.1771058784648116
60482,48.62996496231799,1.8275909483004626
60480,48.630554673766866,2.4129093796853267
60486,48.63135670848173,2.2670563630674696
60428,48.622273896864755,2.149062733687872
60431,48.624178422721364,1.8255493838138837
60430,48.62275503973347,1.828084886031437
60448,48.626300163224734,2.408411394719373
60441,48.62590539020531,2.449917065753564
65084,48.948850382218026,2.1984170093275135
65080,48.9486302882723,2.0421934058883484
60453,48.62819277402253,2.0982953344645714
65088,48.94929816746381,2.1934469320337473
60451,48.62856019565563,2.453111992715606
416592,48.72800617179001,2.2515741920696395
65095,48.94997397703419,2.2708817584408276
72899,48.76246521807838,2.5270989171205804
72898,48.76210177881407,2.5295850169571534
72895,48.76005249799107,2.546213821273794
72897,48.76151554435968,2.5337600078616007
412263,48.36672776412616,3.2760477001793387
72882,48.7550645901418,2.5297708456686707
72883,48.75581808628361,2.5384766406204844
72889,48.758068062875765,2.541184224321686
60405,48.62210558540973,2.0075843763975323
60403,48.62255913479059,2.320123670598874
60400,48.622538713904014,2.3738207805588014
72878,48.752469348460615,2.5273866795627136
60408,48.6230248452457,2.027418523105501
72859,48.73407655381522,2.5207409430610928
72867,48.74304107795496,2.5013882148227395
72865,48.74037174320394,2.5614726282676332
60414,48.62352817656924,2.4036123174130606
60413,48.62328296911114,2.24965899891053
60415,48.623729535910826,2.3625988277009067
60417,48.62370538012725,2.4586036953806416
72955,48.77876288349828,2.535232163253289
72952,48.777400154468666,2.5115248274720954
416528,48.8741140090762,2.4933439462702633
65157,48.9550308366094,2.1555257390011966
65156,48.9543143181523,2.282277475519416
65152,48.95418144756403,2.2199713562478296
416535,48.879390213710536,2.496940005523744
72949,48.77685307042837,2.5344394799087158
72962,48.78081635019461,2.5200258907515463
65148,48.95463811340845,2.27332890424112
65144,48.952537488221694,1.816120133053951
65142,48.953444568124404,2.237528936325522
60502,48.63191565168643,1.8297323148962794
416508,48.87188238282388,2.49091850561275
60500,48.63326840241742,2.479030909027774
65132,48.95251372600974,2.2138449473508888
72927,48.77144543803179,2.524738401697998
463764,48.87541012771707,2.392152562999935
72929,48.771608742764045,2.5073268664445836
416518,48.87818914952019,2.5065504880182785
72943,48.77495437190521,2.5470572052159737
72945,48.77597948603704,2.54819138215825
65120,48.951329832518006,2.216388899874264
65126,48.95192380638776,2.0646631891730873
72936,48.774087175559536,2.5252382359757486
477549,48.80593065187576,2.1560201346104173
477545,48.81014904904891,2.1402644987964834
65198,48.95646717980776,2.042684054194044
72905,48.764000748627225,2.5287516090394875
72903,48.76306874573968,2.52280797550964
65195,48.956836918615934,2.197201425336961
65196,48.956053956659694,2.2556525426164997
72920,48.76911584846917,2.5124323395063026
72922,48.76929739361255,2.53657503007948
72919,48.76877145873941,2.542464360155617
421852,48.982104739438746,2.456503463734952
65182,48.95588704365576,2.2064882238223493
463738,48.6178904515879,2.5388650324025797
65179,48.95571981775327,2.2319036582178677
463723,48.60738777393665,2.624425396608322
65166,48.95491713373665,2.2121426653222915
65168,48.95537745409618,2.072227769611108
421878,48.80889220794085,3.0980039672886535
65162,48.954441135424354,2.2302361355024622
71819,48.86776569231884,2.470701481516096
71817,48.864988091832906,2.416719818042584
71815,48.86686759401077,2.3833028742273137
71813,48.867153604266,2.474660957169011
71831,48.868454094390415,2.4334647209030327
71833,48.86906516887045,2.470688277437467
71800,48.86475849689177,2.4383781131594002
71803,48.8642283660879,2.3695528985943537
71808,48.865055765835464,2.3986801681736405
71811,48.86765802924777,2.4851934389194
462215,48.938729617565194,2.050771304609301
71858,48.872662113288584,2.485034913988589
71867,48.87427674866503,2.4830284197687367
71865,48.87446979368152,2.4054770643892955
65119,48.95133450858187,2.137179527926197
477563,48.83512616831456,2.119961400918977
71869,48.874930293661734,2.4865190386099467
419201,48.804698610069316,3.1010935690521064
65105,48.95058237739752,2.2086992159674312
65101,48.95033112674504,2.2536590422438736
71838,48.86991737601288,2.3943569997476275
71839,48.86996820365776,2.465450975900554
71840,48.87003014478296,2.370886850579134
71844,48.87089040555906,2.3991649482974315
71849,48.871833614239854,2.439733312190363
426014,49.08134776849563,1.4842661581032532
71851,48.872364067483986,2.4282892438313133
71853,48.87214473966535,2.377125834393433
71697,48.8513172795829,2.3984850411971768
71694,48.85213992819131,2.3895553014039312
71692,48.851795667855576,2.4512326881259185
71690,48.850928656234125,2.4246132621617438
71684,48.850551933436186,2.442878435726344
71681,48.850671810881785,2.4042904165484154
71649,48.84622910812144,2.467241076843057
70008,48.77798151895033,2.4174905217078866
71655,48.847788552624756,2.3907304969841707
71653,48.84740664947547,2.465089637320247
71638,48.84532270851007,2.3957329266536562
71639,48.84513469069732,2.402166703548908
71642,48.845822386269404,2.423170735432879
70026,48.78017438110535,2.3232963079849505
70029,48.7800102894863,2.475885301133933
71670,48.84934722053748,2.4119573098359375
70022,48.7792805139943,2.3669727873003437
70020,48.77954238347982,2.337308388669396
70009,48.77933250273828,2.251511741419206
70012,48.778701714659014,2.2342916243407274
70018,48.77905731633292,2.260763143778403
71662,48.8488341058358,2.4818908580208925
71667,48.848945085491216,2.404296528237655
70011,48.778991977203006,2.4265019760303437
60777,48.65218042132514,1.8271473948174515
60779,48.65341866921166,2.4026267038361953
70047,48.78268815979638,2.3804869847562764
70048,48.78197811103065,2.420929998789476
70033,48.78009963498187,2.3125662800368607
70030,48.78034266836924,2.3739619231305182
60789,48.654112516453296,2.453489760336246
70038,48.77964153727321,2.4925532797802963
60754,48.651904510458216,2.2501241688269773
60757,48.65184656749,2.401239548701545
60751,48.65063621993907,1.8343369270123788
60750,48.65063936618014,2.4454689640894816
60747,48.65149858252981,2.3339683729494296
60749,48.650535585250765,1.8429331821024157
60767,48.650179068227764,1.830830783136236
60764,48.652246470192445,2.337427544219998
70057,48.781904749499965,2.2565377471687507
60758,48.652534754033184,2.289112973051292
70085,48.78439822942117,2.371245621892119
478563,48.52894150737596,2.00266984531893
70080,48.783875528942104,2.277231569688615
70079,48.78437243010081,2.3126665087220966
70073,48.78357412305476,2.328070255546607
70071,48.7830369579487,2.315828045294485
60798,48.65519642534954,2.2799734669884977
60794,48.65491456812273,2.378531323899343
478534,48.523570108463275,2.0286804339195124
70095,48.78563895838559,2.2728788787719876
70097,48.78553908704019,2.3778534892737486
416499,48.873291617846384,2.496658069574846
416494,48.870762186185665,2.499320465241682
65050,48.9465277674933,2.238033105009793
416443,48.959542594510545,1.8582368481479743
419148,48.78002880551772,2.579545626930397
60812,48.65492446400179,1.6776599068011835
60810,48.65658025546522,2.335478631957033
65048,48.945738123128756,2.1443241549983005
65072,48.94821552366181,2.0403714265382935
65070,48.947840337623155,2.2060989941579514
416454,48.95638373977059,1.853294298894321
65063,48.9470188247232,2.2568058410850687
65061,48.94807860648279,2.1573453285387307
65067,48.94765622280333,2.133417563320188
65065,48.94769206101728,2.2436685354442583
65011,48.944560386740285,2.1596277157686927
65013,48.94447776762564,2.0357506229288864
65017,48.94390361682459,1.8083909406172656
60864,48.6618948454598,2.3615363046757616
60849,48.66086979795824,2.3272635553835657
60847,48.66062826232381,2.3032262799648167
65002,48.94387081591941,2.1335079390506455
65005,48.94432466210156,2.2508986969799603
60856,48.66010688761656,2.372936568102959
65007,48.9443051218709,2.1388661953862225
60850,48.66036282993056,2.276046117202312
60835,48.65871225228157,2.3797353555132985
65030,48.94513133510463,2.027594445090735
65036,48.94577556924941,1.9961047416515596
65033,48.946194535473396,2.1682846793478845
65034,48.944006879643204,1.7177366151627758
478494,48.85920081089043,2.758865910151149
60844,48.65866170109437,1.9125069654966163
60825,48.65759103593843,2.405959827253816
463652,48.82001883354108,2.4448526521915848
65022,48.94624884980414,2.2013993364977016
60833,48.65823421586915,1.8562668154808208
60832,48.65917433035594,2.4078020051895836
71724,48.855763844039515,2.457603321089494
71714,48.854294364912384,2.4003239526262536
427793,48.4777279339163,2.363613834785949
71730,48.85645052839049,2.4445735257987375
71734,48.85641478314269,2.4181265244141166
496942,48.780316364755635,2.6113477975368466
496943,48.85052668027896,2.569710156205551
496925,48.968008773210386,2.758757338118478
496913,48.889155167592804,2.417242424190405
496892,49.01153712165934,2.1928974285075165
496894,48.99989744479919,2.242724040474884
496896,49.01543742275387,2.2211225710132134
496897,49.01174105313424,2.208669737090758
496640,48.88158658933634,2.6193256366719306
496641,48.83359978042371,2.571879712867756
495943,48.889842574279754,2.0727068057471563
495913,48.84101338002151,2.336083997478677
495865,48.896432802644235,2.563581711494959
495863,48.597414679957346,2.4117619478410735
495861,48.8880869842335,2.4012439816654516
495852,49.15563496634343,1.800729729056112
495814,48.56177719158228,2.5053218170250022
495813,48.56651474564034,2.4981275342759215
495803,48.839295354850705,2.7984142111746926
495733,48.77981861713622,2.204933228725951
495725,48.778479885037115,1.9907221412434364
495693,48.79521760709022,2.417298064063757
495659,48.918001838507365,2.7635602345669157
495474,48.90617943924933,2.3312283445732653
495454,48.755254935151854,2.5572124275753905
495456,48.760955968168915,2.548471051598315
495203,48.906184781954224,2.546392814636597
494973,48.93619480352958,2.6788488401075727
494974,48.935700091410446,2.6754667710798428
494969,49.03948307495041,2.075956408558628
494528,48.88862319609559,2.2229787131305776
494519,48.81499541673695,2.4182822892952585
494520,48.81325397058101,2.4217538507928347
494150,49.070773721535495,3.1256635873366765
493668,48.95620473333791,2.1684386480185274
493568,48.85403790362738,2.791992794278594
493580,48.83569014296538,2.7886533401784437
493516,48.883402785866004,2.6066785768391783
493509,49.04712587547433,2.0959638359007458
493489,48.88212884315745,2.3109263354341882
493476,49.04040722219911,2.104773210353492
493302,48.707328707114065,2.499241945392253
493250,48.93394218577625,2.057792908593598
493243,48.795317922402646,2.3663153313693766
493231,48.767694346482344,2.416999858574929
493232,48.76903837589461,2.421502157080483
493046,48.932687625438106,2.2387408465931005
493045,48.999937252319036,1.721966953339795
493021,48.90273395072642,2.223013631317323
492983,48.82867956927093,2.2735999306583685
492984,48.82854101795859,2.2752228835094783
492986,48.79672752473768,2.3312021554698306
492980,48.86247496310803,2.3003592740110994
492887,48.67164324110382,2.538499721934578
492871,48.88566151656253,2.698633512682753
492872,48.79351617824026,2.708156855791814
492842,48.903124895457914,2.771362306777714
492645,48.889650486904145,2.7998148615365444
492605,48.56804741846538,2.5086443693559706
492611,48.5657513712656,2.515795020219838
492473,48.58932347366386,2.3929980516439757
492348,49.02492507712431,2.102113915006852
492333,49.063433192048485,2.023023727746043
492305,49.0104394368714,2.1948146049845376
492208,48.706755672541846,2.543618864674003
492181,48.80293081897152,2.552076487085008
492180,48.65036245247036,2.372408520371266
492155,48.824879528503544,2.672642480368308
492156,48.99813955974159,2.153267045213358
492137,48.82138381288267,2.673658670397951
492079,48.95147415724657,2.140345061444959
492047,48.808247846074096,2.2211260661034236
491990,48.80573698147314,2.2947725476250223
491914,48.99709002948973,2.2255385308788225
491909,48.98960513050773,2.2548645027003023
491905,49.00992196475655,2.195424097344763
491907,49.01943748243189,2.1996996612662207
491859,48.762341971795635,1.9255852502998072
491799,48.84966284478118,2.4770312869461213
491786,48.9332004741035,2.5134538692305783
491774,48.86449934541969,2.499557861704529
491770,48.68611232453706,2.5589730947809732
491758,48.88481219188586,2.4323731046029557
491754,48.82206909195274,2.3568373884503115
491747,48.82426752772381,2.3575730364801677
491705,48.87255558347234,2.468887290750587
491706,48.862818009766904,2.4583409114667867
491696,48.85741949154743,2.432576128158327
491697,48.85616312374822,2.4256048987444414
491562,48.87930459863766,2.422193132403207
491566,48.88199661190638,2.433174219348915
491567,48.853532241778915,2.4921607963203223
491452,48.954977784117695,2.2872183267302177
491449,48.67918684259586,2.231083128704588
491451,48.68760125118337,2.220627638550088
491446,48.925813939730524,2.1810026080113083
491428,48.65658216112726,2.3731892646546706
491419,48.92737140596238,2.236409754168405
491420,48.92644454515753,2.2342055912840593
491425,48.868761525779824,2.68054600940581
491426,48.87133325183702,2.6770743171850713
491386,48.80149080689943,2.2691520341884055
491388,48.92575591824075,2.18568468141358
491390,48.93483686860477,2.197377138319751
491391,48.9344995102562,2.1926731036500215
491395,48.92280636245587,2.192356418017554
491380,48.945075638184704,2.415858169967464
491318,49.02652995878998,2.3332472747995303
491319,49.02801608661121,2.3369339339947253
491321,49.03522177296489,2.3358572161728546
491322,49.03611061258407,2.3339858469575594
491326,49.03353686463703,2.3255672262376774
491327,49.03038318041604,2.326018440166027
491329,48.92719053263521,2.2469076998396593
491312,49.03311037295134,2.3493137211782917
491302,49.124513812998146,2.36851023829221
491299,48.51141266901423,2.632694492185536
491300,48.515192001206515,2.6359583220822502
491206,49.03741127602908,2.33179454851321
491224,49.152105883876274,2.2550009745666353
491146,48.874782760833575,2.50704631184735
491120,48.935720733012346,2.1804780782397697
490947,48.90327857675204,2.2688074986458595
490918,48.88361093273839,2.2883247477792334
490914,48.882687225502586,2.806386775553342
490825,48.923902627473474,2.3906922178709524
490803,48.707950042724484,2.279674741821914
490782,48.877954018125585,2.4654030989715956
490783,48.882081677851524,2.468381063623135
490755,48.8548597531974,2.7714650614451255
490708,48.88583348926765,2.533506101665543
490703,48.80041928103928,2.06389464105589
490540,48.72121739394674,1.903374208216987
490529,49.0511238931638,2.0551936117117817
490530,49.05250676644973,2.0413298126989954
488688,48.311675445923676,2.548533009374938
488612,48.631380142445586,2.415227474208659
488507,48.81160913039262,2.3257957727564906
488504,48.63315954205308,2.2846940776848212
488494,49.03050865283719,2.479626869593133
488409,49.058450064987724,2.089226186074606
488405,48.87012858622029,2.0785383630452867
488100,49.10740538515176,2.4244580326722467
488099,49.01944595610655,2.4647328186984567
488095,49.00661734415047,2.5219241231427447
488096,49.05622321054228,2.4960057993846134
488071,48.92808850269397,2.041466043144592
487954,48.95037315361321,1.8614695483972084
487921,48.87343958342101,2.0781252972857525
487822,48.735810917633366,2.2804123286990072
487150,48.79257723705993,2.5564464625570182
487098,48.9461623848137,2.6244505235800952
487097,48.63022321138095,2.264853461113556
487095,49.063913547533986,2.6770184409045976
487087,49.02881705328125,2.4793703357396124
487082,48.62835239987747,2.2678108577520546
487070,48.9882647561137,1.8935304298984719
487072,48.91959451675083,2.026434095238004
487069,48.9364074479444,2.0148711611623864
486998,48.634106880517656,2.39564077180737
486992,48.72349961336188,2.272629006206348
486993,48.85834615482952,2.655783860889126
486941,48.97578685860129,1.9951972350903235
486946,48.97435691799922,1.916175954198878
486939,48.762528394456915,2.0717305005383464
486805,48.934924742188464,2.5128781077439686
486727,48.75311497007542,2.3091265149867954
486729,48.81292426816171,2.327753370594157
486697,48.76425066722745,2.287809319037509
486688,48.81530146447908,2.3282538486132354
486689,48.805395860461296,2.282039367056304
486683,48.98572591458421,1.9369813645070089
486684,48.99230783540713,2.1412410080256645
486686,48.988208388909065,2.164332854115394
486150,48.70740874958108,2.2603021143216453
486124,48.689325095664714,2.6084105507851105
485971,48.93341081608435,2.3703388027189187
485918,48.68165301345768,2.1670325010360076
485920,48.67909647794614,2.1869524215405756
485921,48.683426572740764,2.199430297563511
485906,48.434858348685744,2.1583039612253896
485910,48.61283470526379,2.4798175512150347
485915,48.72480137505735,2.246855028888492
485891,48.785280856320824,2.452830550624353
485892,48.68557109908693,2.610170682879302
485900,48.86814590945556,2.099213462485449
485872,48.93627671676212,2.269224126246266
485874,48.87429247039388,2.723996390764482
485838,48.784911429583126,2.6565881516689513
485843,48.87321625934085,2.6902869544523975
485845,48.48852736332731,2.1846331607968876
485847,48.83429943473667,2.142972412853856
485824,48.72571449185403,2.2518857283005733
485809,48.75992146287757,2.3316532836259753
485810,48.92267300482867,2.2536122381780084
485813,48.77761210860306,2.4554897772137063
485815,48.906602305499376,2.261598476514473
485818,48.891552662331385,2.2960379048458552
485819,49.04082433249302,2.501284365277763
485806,48.80554544214533,2.5550018386194906
485791,48.412682191589816,2.69775091153878
485795,48.39390318179256,2.852820274443794
485796,48.4256903656146,2.7695063094678614
485765,48.95943229539965,2.90440933702461
485777,48.95953350439446,2.907331501138471
485785,48.95972261134046,2.913715293002816
485786,48.95962149694891,2.91071117076094
485722,48.68123376619509,2.3192181228577455
485550,48.985833876506994,2.53618819460722
485552,48.95472498516271,2.561385662747961
485554,48.96108718840349,2.5986140566364013
485516,48.99917984756549,3.004216038942052
485517,48.71325312121658,2.1455219572717956
485469,48.56908647501372,2.4608826155229955
485471,48.958108798126844,3.122134465796267
485433,48.44008858044894,2.4752812796523544
485438,48.55447666569901,2.3675603694958913
485321,48.952638243702204,2.930029957179879
485315,48.815933305387475,3.1507197974660204
485302,48.62081510287772,2.3001199792061877
484414,48.901566028303904,2.3106213014757
484179,48.935856234310286,2.350004731492611
483874,48.799865274761814,2.400486805205056
483807,48.69266173821365,2.4915091330526846
483713,48.76140347195901,2.326485009872743
483703,48.93711580561056,2.172791237509315
483629,48.63862567612882,2.3031595668133513
483648,48.84008003169996,1.7039693264329288
483640,48.78311338402664,1.821400539567102
483638,48.98044459546319,2.510566188112701
483637,49.00160475108727,2.4209764937609806
483600,48.668096884061974,2.3360113146296793
483607,48.665676573904406,2.3215186675364707
483631,48.74669777217258,2.2743051805402974
483590,48.88296884903672,2.7722280417590173
483576,48.6438083833185,1.8292898478114892
483563,48.83376697054361,1.9842088867269196
483555,49.031161032761524,2.31569042246061
483553,49.02622892094473,2.3228384909333193
483478,49.03922284908991,2.466539436249515
483450,48.989442806326316,2.5254639554771
483444,48.902108460559084,2.571350406616347
483419,48.701557534834585,2.104748355485683
483402,48.694978068937566,2.376838967939897
483400,48.891038252532375,2.2072515300306517
483403,48.89209710906214,2.488347771405927
483404,48.721036546614606,2.4143191632982663
483410,48.870087187949785,2.2208285397595753
483397,48.774404176936045,2.4069912355042673
483391,48.90095623928274,2.3078056923058345
483392,48.429256574820045,2.7512480370759067
483389,48.66515853928489,2.306526853174356
483310,48.769445404515984,2.3956249287385805
483315,48.803548144851376,2.3174447475670448
483275,48.787515361433464,2.661389284239439
483261,48.88073883891127,2.1795979320128334
483251,48.96933210703147,2.1951439944329887
483250,48.89525303967989,2.0676045882000347
483240,48.9526210407996,2.1834820544179903
483241,48.94145539429764,2.2101895927577484
483236,48.88968431085737,2.1791569432515114
483237,48.877635485676066,2.1310784547642703
483233,48.960540752145654,2.293458264928038
483238,48.923607808104265,2.207328498828686
482909,48.90455678885515,2.235155139143872
482889,48.89462643468086,3.2596015306660813
482888,48.88251619187141,2.240422003853677
482877,48.88732379296191,2.3846357099510436
482876,48.88591728609063,2.3821976815748833
482863,49.00743253708836,2.394715262192335
482859,48.878651245369966,2.409022162792097
482857,48.79643156981405,2.3492780161857687
482854,48.91646916316171,2.3093254550159683
482853,48.89938091006672,2.336130792513083
482839,48.952286672580854,2.3377903211239297
482837,48.8950144569635,2.3719284280387125
482840,48.85546901424995,2.358046968966422
482833,48.889503272710975,2.335574833757298
482832,48.89307037499486,2.4096290813568677
482828,48.85816310511369,2.269529256436935
482826,48.852399628450335,2.276424218446955
482824,48.8355185629948,2.2861680409239726
482822,48.82527530762098,2.310812833113922
482786,48.95612186524657,2.4449290951343285
482784,48.92618908776822,2.373687953983098
482796,48.865694529348296,2.3546902510736043
482795,48.868704667341255,2.355866251272857
482793,48.867139073307996,2.3359827754403875
482792,48.868204495661466,2.333501734687616
482799,48.85173694583604,2.3238047561306128
482804,48.839469379362264,2.437533384876361
482783,48.91121985751484,2.3090062709937684
482782,48.88703378089224,2.347688985674052
482773,49.01288576846454,1.9190221504044886
482771,48.98531887088381,2.3032799449118966
482759,48.864862488555495,2.411359603153513
482757,48.75838665235694,2.34933732154613
482756,48.792064066848184,2.299020716235298
482735,48.84881080248552,2.152409359864412
482731,48.86483553321806,2.395131729072001
482730,48.897438875269614,2.3099666694582464
482726,48.80355730117456,2.2343283990658453
482720,48.77076643981428,2.3483665765618826
482717,48.45351006069872,2.759626444151099
482702,48.99293723106963,1.8213493896834216
482697,48.88565671278572,2.316852645863058
482603,48.819033388423115,2.3964597909925
482602,48.827260396702115,1.9763802319192416
482597,48.83278408104924,2.3114151519289257
482596,48.85120487178313,2.3008621769194497
482566,48.729962032478774,2.241525599428769
482565,48.72766939348504,2.231137668248581
482570,48.944120966262396,2.6574414928789216
482561,49.061169280966304,2.093865049643351
482493,48.815709504711975,2.2868954388683993
482368,48.87357402758874,2.3271544966132858
482363,48.752801124285206,1.955796570328646
482354,48.89880145063788,2.463681776247757
482352,48.892288136048016,2.4087514435495225
482347,48.8898920870537,2.3128420336279913
482339,48.75647714788587,2.298036187855766
482332,49.074189732066195,1.5123656223503918
482327,48.989136459236946,2.052064193116143
482073,48.916286089370935,1.9949884039908228
482085,48.92529703678292,2.0035490322322027
482098,48.939059471414645,2.0152987373760523
482071,48.946513937258246,1.9332157171113038
481668,48.988392402476,2.2967893511153217
481667,48.547679622482114,2.663209441858821
481666,48.5341848688107,2.6773763122630583
481464,48.54949893241258,2.6687935442985595
481659,48.548858545818334,2.6586494154538047
481661,48.554806123212465,2.6408188626733167
481649,49.08428577121176,2.1973369423376785
481095,48.81420990045469,2.5707179546279058
481094,48.81871419621572,2.5665542684980522
481091,48.711909325723965,2.1602231800534955
481099,48.88778491228897,2.2075942715485333
481097,48.80498723780264,2.591360162668588
481096,48.80937319123751,2.5813992238505548
481078,49.06546617938937,2.691308368713089
481077,48.38758487980087,2.902605637925921
481050,49.063657924217516,2.672271909399579
481055,48.89695481291863,2.2375583525070564
481026,48.939653685661476,2.0347274434893574
481027,48.986370541947736,1.9145658061620336
480998,48.82042482973301,2.564585635135273
480972,49.05144145588957,2.4858330522465772
480950,48.87154645564479,2.071151081539558
480951,48.83872232824691,2.076818218329112
480953,48.388047071060555,2.839518329105333
480957,48.39792243471666,2.9706699008825623
480899,48.891827701980624,2.59275165358005
480877,48.78632101184103,2.2951438668303954
480875,48.75903397548586,2.369408506923601
480872,48.769519220879054,2.249992448284203
480864,48.91130665183701,2.609005370812737
480867,48.87127745882991,2.1115385919703833
480842,48.9892224067101,1.9047904640268867
480856,48.61814105005095,2.4963573371778103
480748,48.85186235420558,2.3480202563454573
480707,48.70111524480776,2.135018972806267
480709,48.84463198451009,2.3245986926904525
480715,48.94350541793187,2.546531508474674
480705,48.83184912943238,2.3771032757628925
480662,48.70157086199984,2.1483356713851607
480644,48.53582782575213,2.6600617075301067
480614,48.87685324270207,2.3610079781236455
480615,48.87847088387135,2.354088806579204
480607,48.76151656531274,2.687113309383736
480608,48.8599414069166,2.023868558589569
480604,48.9295749826508,2.2807898616268374
480610,48.55956647324132,2.248199539421924
480583,48.99333950336553,2.150366187423307
480585,48.856941192459935,2.8587291170313263
480561,48.83977976603123,2.272430157623176
480562,48.79922893632644,2.542333359366363
480557,48.79886558194659,2.284185011584461
480550,48.84088970869434,2.3783441220344685
480537,48.866776095593934,2.5402745285170028
480517,48.60396228588013,2.5593190952040903
480492,48.94632855375094,2.896835873424357
480495,48.966143083386264,2.8731689371530575
480407,48.26948475136893,2.7066582537028236
480195,49.051349314162046,2.5023870920074667
480349,48.89503531186755,2.278286782042626
480343,48.50453353139255,2.3680540486217017
480351,48.91638959406496,2.4899578083973464
480352,48.95992474463092,2.3624520919299483
480259,48.4928918319368,2.3603778602875796
480265,48.50022180221354,2.3658859514808435
480130,48.8682996017883,2.548317678821105
480099,48.954169119180506,2.4766221131101998
480004,48.72151578529931,2.263745629660448
480007,48.98131184982563,2.293141739253742
480001,48.95523002969151,2.292608694540004
480002,48.827873997061374,2.3567317199842264
479992,48.77485536697938,2.367815722962957
479998,48.86628152208071,2.2712898124917817
479997,48.85984595054778,2.321654980629231
479983,48.918155884019534,2.3545787135987264
479954,48.811898050732935,2.3040173609447505
479955,48.97709629947252,1.9147936423009815
479958,48.8257008388164,2.368322949109302
479959,48.826705058775346,2.36434693185419
479946,48.87695428174862,2.5576026367061027
479943,49.00549945357758,1.9645505785840875
479942,48.84601938980416,2.219321523451271
479932,48.89328888196225,2.3155181772583884
479937,48.828579872177606,2.303712923864595
479934,48.896627173410934,2.3382391586824642
479938,48.89977126707391,2.368399508319673
479939,48.90004386319829,2.370640089855482
479907,48.930243839444984,2.4264726343365624
479909,48.990991448607005,1.9148997372297114
479925,48.78305282311771,2.5340303087226457
479926,48.266295409413,2.6857540189950586
479927,48.82732825708958,2.1986237152192
479928,48.85210574161963,2.4014802697487627
479911,48.87158492038212,2.0997266075402656
479914,48.80708559541838,2.243215864673358
479930,48.86325429712989,2.1175096846345647
479899,48.95220773999649,2.228343902243759
479897,48.80671945170782,2.330331939373202
479901,48.41594348155243,2.725518321359258
479892,48.898998743712234,2.573128771151797
479874,48.81675873350851,2.124636371107578
479850,48.873170377896464,2.4100455094989166
479853,48.83357498739945,2.2867668386861224
479834,48.90339918039679,2.5777443703972867
479829,48.854577609702005,2.7585329669393395
479793,48.90799537911018,2.6210083357148166
479555,49.030796618310795,2.0759742519919007
479475,48.80071680739189,2.313826232583199
479388,48.526460942246025,2.654590026920397
479365,48.80896032351554,2.065171156545084
479376,48.80757637524959,2.063595965880253
63120,48.7123961406979,2.392506301430347
63125,48.7137420550053,2.246090163876778
63128,48.713250801809885,2.257399061009202
63130,48.71294986182405,2.449136690734762
63134,48.71275476328274,2.4029677640950884
427291,48.52888577603508,2.5475031030781805
424023,48.96530531314664,2.56527075152347
424028,49.00331265907567,2.4143627869624997
63103,48.71064744840897,2.485442391840097
70596,48.8187668233125,2.3599016306701386
63111,48.71171784163672,2.2396497243280327
70592,48.81944557651353,2.482468885051293
63118,48.7116862197642,2.183808545132715
424040,49.070816286416715,2.8165439252267443
71118,48.84249846094646,2.3346684505209323
71115,48.841946720394496,2.358799420871498
71112,48.841689003251346,2.3436170669943768
63162,48.715355916095945,2.0851964190119823
70589,48.81812597039729,2.2547138486749017
70584,48.81866531565147,2.2939371493691407
427242,48.438885206869664,2.372845878375452
71109,48.84087773377042,2.265193407278509
71105,48.84133630622795,2.355666295681723
71101,48.84020375309863,2.3043955822893194
70577,48.81827078915884,2.439335067861328
70579,48.81805495839507,2.419548785768024
70573,48.817987063376094,2.42973664553778
70560,48.817940291969016,2.460352861579568
63148,48.71497801808121,2.475049280329955
63144,48.71502294051876,2.201032662999684
62099,48.5543982648189,2.6310043796828304
70569,48.81822998035619,2.425995523352056
62096,48.55441962880723,2.584302614893273
424078,48.78527191563298,2.2279886508635203
62090,48.55189761072895,3.015724342580705
70550,48.81696466495898,2.27501607345728
72690,48.94196479056294,2.4463088134379123
63155,48.7149641305779,2.2374072894891563
63154,48.71510844135194,1.9656912435725138
72692,48.94052315784261,2.449607266748186
72693,48.94067108092018,2.433108199825223
413486,48.841006057608695,2.2916860814157105
59819,48.530733403522625,2.0152734635349443
72684,48.93854299776205,2.4610947615945924
72683,48.93902478051382,2.424485181612291
71154,48.84629414610233,2.2368142311769765
71155,48.84714959221048,2.3604932662031346
71150,48.84639030128108,2.277652302724888
72689,48.94029143919247,2.4374670477021674
72687,48.9398290311615,2.4551432613469717
72685,48.93844934859443,2.488990730802945
59800,48.52775643237711,2.4928100812580736
62080,48.549868180566456,3.0689107454562805
62087,48.5530058860587,2.6781344573380643
62085,48.55053445916299,3.018020535872267
62088,48.55357961617997,2.547621928648522
71149,48.84633589575776,2.2813118356497513
71148,48.84616944298555,2.354659492342663
71146,48.84540102948633,2.257096795530444
63181,48.7173108082341,1.8201118050564733
477707,48.78257729033935,3.303635940807303
59835,48.535017018575104,2.3505852357738184
73399,48.922868296892695,2.5069865269815708
73397,48.92184144924666,2.5044034763887955
63186,48.718070777444474,2.4066179365229665
72661,48.93424421034613,2.425234195757399
73395,48.92066925636123,2.5385225270606266
73392,48.918801667878235,2.5369494022832826
63185,48.71876710978554,2.492233780853093
72665,48.93545248830182,2.456779306010345
72664,48.93553956337774,2.4888418662972995
72668,48.93588998326955,2.484572838565358
59828,48.53304251257388,2.344866515032333
62060,48.54948710866817,2.671015675116912
63194,48.71881896053087,2.4560345495383187
59822,48.530407959775474,1.8340836389288684
73385,48.91578944646789,2.590128596690562
62066,48.54666666093689,3.303739365916084
71121,48.84298913407604,2.2692514028646626
63197,48.71888095020791,2.410380878669226
72651,48.93300012573989,2.4292949362701957
72650,48.93275725807233,2.4349756497285924
71125,48.8424406851028,2.312520692327382
72657,48.934295194137995,2.446574712604663
72659,48.93432961375146,2.41963009901594
59855,48.53917686644767,2.3398249653509073
71191,48.85105522579497,2.2720001654004016
72639,48.93016457741616,2.4547667783794314
72647,48.93275694491846,2.4124681764179297
62039,48.54561633177164,2.6589008428121033
72644,48.9318817620234,2.3991907971063284
71198,48.85182968160614,2.2901284410057183
62033,48.544111064077356,2.626470539128271
62035,48.544298837267405,2.652812907599764
59845,48.538139538031835,2.441057299927218
59848,48.538313688116475,2.0197303676185117
413416,48.94120927647477,2.2773730895731203
72630,48.92826037050802,2.47542241460016
72633,48.92918964835026,2.4792072354147474
71184,48.846707430514385,2.3266226225384568
71182,48.84935829057559,2.315134484860853
59876,48.54982017969493,2.272925213120035
59879,48.5508309095537,2.4378258785248854
71179,48.84928065078381,2.337280088082189
71178,48.84936331046868,2.354872046882871
413404,48.93832116207106,2.2638442703797668
72624,48.9279679571364,2.46521676770326
62013,48.54167620078677,2.636133444036571
59870,48.548606660589435,2.211651328411446
62010,48.536855703445354,3.348444988805367
59865,48.54690724162549,2.432773646696187
59867,48.547602689726546,2.436193985105074
72605,48.925292191614915,2.487768882915926
71169,48.84755707524257,2.2588784625367975
72611,48.926404069336506,2.3848081266670476
62027,48.54348517426141,2.670355634878387
71162,48.84734132244196,2.2735578321877425
62022,48.542679949528264,2.6785297624741404
71165,48.84839038694542,2.3495899376605394
73322,48.899206813288814,2.539476634967618
67614,48.73723684662814,2.9514969825905117
59761,48.52062322616815,2.255440760202209
67619,48.73909696444397,2.7449927096765494
62005,48.54105407035418,2.551448659061443
73326,48.89916901077562,2.547251898029644
62007,48.54134837126808,2.6784498640226677
73324,48.89943503334433,2.5631882560397736
72704,48.94339730728406,2.4821161761609996
477754,48.818395154258894,2.194293787562101
72709,48.943827376794474,2.485927628026196
59768,48.52202497596058,1.9470649286894446
73332,48.900822377027346,2.5136473635633836
73333,48.90158802881303,2.519526253069745
73338,48.9027890883224,2.5680572851892656
72720,48.94725074955045,2.4587244951944496
72725,48.94772512870891,2.4483705396144497
67602,48.73604491590535,2.7373794313460107
72716,48.94578406597846,2.4706106391213334
415652,48.86508715821354,2.3181379430179465
59778,48.52412701925812,2.024728967024118
73300,48.89163403623545,2.506579909792242
73301,48.89174493534077,2.5628981765708705
415616,48.74686856082461,2.2676588196962015
73306,48.89433475650028,2.549503446923509
59788,48.52502358992752,2.3854877002197457
59792,48.526425444493604,2.2982781069961966
73311,48.89470234435081,2.513581781809928
72700,48.94161772437977,2.4751034099994893
73315,48.89704013231649,2.5303776771544357
73318,48.89833947747726,2.53610840393338
415626,49.01056490797541,2.701148516789264
67652,48.74514760245721,2.763472532987935
73366,48.91041450318321,2.5844135226926
73360,48.908135263070406,2.5162598043215327
66596,49.02932910149469,2.3296764258128673
67642,48.742317788506476,2.7350836359840907
73378,48.913473271368744,2.5886664709930667
73375,48.912779446731754,2.529642151033203
67647,48.74445378425263,2.61173710240815
73370,48.91070070912484,2.5124294859776803
66592,49.02882035247957,2.3693869565743357
66588,49.02806839584894,2.461512547947593
66589,49.02856773699042,2.0855316582511443
67632,48.74137331394911,2.7310223678253216
73344,48.904283710930514,2.5046320290182207
425131,48.36962660357104,2.827030496485855
66581,49.02794746387539,2.1058563802284214
73356,48.90669490133896,2.5713603845596906
67624,48.73978530548945,2.7388836485591703
67620,48.73904430305983,2.7292461919883957
73351,48.90519769439822,2.5422270242447826
67625,48.73918504346419,2.7592568747269577
73354,48.90649351140068,2.5239828873019383
67690,48.757272226887785,2.8650589347483204
70647,48.822458922231355,2.305919457294387
70650,48.82296393280389,2.473614779551944
70656,48.823764337897465,2.3526553446602745
66562,49.02670091444755,2.3673342585854313
67699,48.760093644929256,2.698630619664907
424094,48.76559870924109,2.4813633170864913
424098,48.806955732376544,1.947372719802992
70664,48.82421042103669,2.4957289849024042
70665,48.824913419279525,2.266603450195018
67685,48.75698385541996,2.6754283263227223
66553,49.02592202967074,2.2259289480121702
67670,48.749996349360615,3.2069738788383813
70628,48.82204683846595,2.27068222225911
70635,48.82214442278516,2.2786147530558263
70632,48.821968854948246,2.4984270093943004
67676,48.75396174080148,2.9011061907158813
67678,48.753352305404356,2.874665220590415
67673,48.75356613941164,2.627665428578675
67675,48.753370221235315,2.8982373064487117
70643,48.82267481266805,2.2587213823322134
70645,48.82188532113444,2.3586239054805525
66539,49.02398913832853,1.8920991707102588
66538,49.02451000462778,2.1256810148388348
70605,48.81961577807123,2.3447802127936916
70608,48.820554536812146,2.301681759844562
415680,48.92192007482763,2.3150050944758984
66524,49.02310400666714,2.2954647312144916
66528,49.023309939175476,2.2210865301515197
70610,48.82003722721974,2.4851460715049662
70615,48.82024913188105,2.356240136479333
70618,48.820912576055136,2.263908462053397
416736,49.04248467421885,2.090443300339977
66514,49.02181607496833,2.4558896079459984
70620,48.82152021119596,2.333792051054149
70624,48.82196815798586,2.2456762640863746
66501,49.02120301035524,2.379542399688949
66507,49.021367814893246,2.1945426133732457
66506,49.02110050390002,2.470820461062533
415677,48.746625673823566,2.3566445880290208
415673,48.94061073614739,2.3259053010027
70480,48.812635046285195,2.2663267350507157
63225,48.7231362074477,2.2625128713052565
70486,48.812749938965304,2.3700594902476255
70489,48.812919122402995,2.2462088903193487
70471,48.81175107477191,2.3464995201649494
63239,48.72258666070902,1.6531606108114236
70475,48.811572574426705,2.3169788563116454
63232,48.723330509456986,2.089393579459119
63230,48.722817593742754,2.093501367747843
426182,48.80843133224124,2.2570174705468777
63243,48.724762492881,2.0860989329162276
70493,48.812972237699796,2.3323011448554842
63259,48.72792301860154,2.274525217005329
63252,48.7268933765189,2.2775305448738377
70496,48.81355154443603,2.2691191877010066
63254,48.72663614301813,2.27072954450067
426167,48.985596219534564,1.7235357990951332
63266,48.728019389476074,1.9040472059657056
71210,48.85349232016905,2.2704942246824693
70445,48.81041276068554,2.350124860784009
71214,48.85382612030962,2.365338053434628
71211,48.853373399650586,2.262100680011686
71216,48.85347721656853,2.3334243570371873
71209,48.85294921976953,2.293138704443653
70430,48.809634169893414,2.4208680331972103
63278,48.729018057932855,2.3682481044577672
70434,48.80952142143453,2.270455677789282
70436,48.80965554218824,2.471087001361955
71200,48.85209018577519,2.2735938397044357
71205,48.85344210184619,2.275551140317348
63270,48.729674757226896,2.2763839769235457
70469,48.81054697103618,2.2990582511376996
63283,48.730242181967796,2.2574702243453886
70467,48.81161459925144,2.2634609502949736
70462,48.81027561314792,2.2470369066244027
71236,48.857300322459444,2.299717278680859
414686,48.80040059129945,2.704374416273039
63297,48.73213838870334,2.2239810351583515
70458,48.81097065706174,2.341954279599965
63294,48.73156972540749,2.25471838916996
70455,48.810895778570185,2.308762795441473
71226,48.856122498325966,2.3574801212773524
71225,48.85591541000032,2.3327866672303967
70449,48.81049465225518,2.3132890634555827
59711,48.50917460148924,2.466967969268919
59716,48.511402350486975,2.4602636015876027
71255,48.859391458717816,2.2777991718996216
71257,48.8598792610624,2.3339898827382517
71258,48.859014906232105,2.328985101513582
71250,48.85899626607873,2.2675275856682333
71251,48.858874360037746,2.2982104537563948
62175,48.56162753872667,3.3085153122772883
71254,48.85868538422212,2.3066771863596256
62182,48.56695321164133,2.602195733615039
59701,48.50300473264332,2.22253033458398
59709,48.50570723882778,2.4938558014080927
71247,48.858343488592645,2.3327555732398695
71249,48.85871076400007,2.2887807310209394
71242,48.85744493747401,2.3099034699591114
71243,48.855609843598934,2.270416875330411
71241,48.8578531113116,2.277725087197244
413595,49.078497542183136,1.9223293986894239
71279,48.86355655232862,2.2817149382813118
71274,48.86146482876898,2.313775847715638
62196,48.56858928224509,2.6197358834913267
72796,48.97335051240682,2.3658116815951007
72798,48.69013021604722,2.5570236204278864
71265,48.861088678042336,2.2916652129186366
72794,48.969707827419555,2.383790299445105
72790,48.96663648927428,2.3819692000071417
72737,48.94900590657546,2.4433598086848334
59756,48.5187754357639,1.8331910864092307
71290,48.8645688784087,2.3015620567528905
71293,48.86553230056115,2.3571323317470423
62130,48.55880096418412,2.594865214429275
71297,48.862530023999376,2.336000628674303
71299,48.86691164751899,2.2488356628710666
62137,48.56020690274534,2.550519064406167
72744,48.95024042180509,2.464646395992019
413521,49.047665592678925,1.876976277128494
59749,48.51764493508951,1.9446746655900973
59746,48.51618102437781,1.8429718564612632
62146,48.55832131818727,3.287098216423496
62141,48.55918495987126,3.0329301729484093
62142,48.560492722129474,3.0164790487804702
72731,48.94860633999969,2.453262725118587
72733,48.948425880532255,2.4511620226128734
62148,48.55843504371347,3.3081577359611587
413555,49.049233279463756,1.9524531129701914
62150,48.558702009249565,3.2932933269401894
62152,48.55931305564603,3.284298460561603
62155,48.56312130556337,2.6131686204790765
72768,48.953811239920874,2.4991558327201067
72766,48.954173609841824,2.457403027243331
72762,48.95306077919713,2.4422172200974326
72748,48.949812176463865,2.391822298990132
62167,48.5653405203539,2.7478237647241976
72755,48.952397516315365,2.3847600638778657
72758,48.95284190899323,2.3698987107046245
72753,48.952082649540834,2.417131233069524
72812,48.70283275471023,2.5456371111164247
62106,48.55472694119996,3.0138349162289946
72810,48.702379841968096,2.5366248359071424
62108,48.5566313476415,2.5983510465171853
73427,48.933119408608796,2.5673550426070766
59662,48.485690979496624,2.3448214675053145
62102,48.55511122256487,2.6346647994455132
59668,48.48599962026364,2.1846724264399406
425058,48.789518608388676,1.6347359509800152
415744,48.85772567296383,2.3545708756154835
72804,48.69677526283728,2.536382390331064
73434,48.93496069993826,2.569237021810285
73438,48.93610782320475,2.515228469215925
66496,49.020405014218284,2.02636956307771
59671,48.48889634404177,2.1885929146517737
73430,48.93341464141643,2.5744638089606813
59677,48.494152061972834,2.186224168015789
72818,48.70689751421161,2.5419052810855964
72814,48.703486420161255,2.549606253980961
72816,48.70591856617954,2.5307090793662614
477880,48.703547806477964,2.107466199016592
72835,48.721418326997615,2.539365058680164
72832,48.71972319148838,2.5658394895066134
73443,48.93676999006999,2.585028800236464
62120,48.55559119662538,3.0053253787448373
59644,48.47673477774768,2.1961214123897856
72829,48.71720215438791,2.545811195745751
62118,48.556139277577294,2.95181362345788
72846,48.72738060463585,2.5356213408512396
72845,48.7263559677792,2.5312052407407672
73453,48.93933974430116,2.5377494321880287
59652,48.479425708514896,2.0427585362233116
59654,48.48196274339656,2.3280476564601007
59658,48.48378646018202,2.2052427494274975
72838,48.72152549695205,2.5242681377854277
425008,48.93936158249784,2.6151898494382153
67515,48.70725517795062,2.502089791800156
67513,48.70680624958073,2.51428434472473
66468,49.01773460194859,2.1931565820733776
66469,49.01774307838085,2.0971110764457883
66464,49.0176393617669,2.2265035687897767
73472,48.94346823375632,2.579500986474297
67504,48.70411343707539,2.5090502933775265
73476,48.94383574221186,2.5071905171991142
73477,48.94383591988304,2.548323856485123
67503,48.70257119397234,2.778898197144828
66453,49.016515884360174,2.3834741897608045
66452,49.01666260558551,2.2434297548738016
67538,48.714492228904696,2.501239287443278
73484,48.94641430571906,2.591491434316725
59682,48.49572860525434,2.2221373044477577
73481,48.94579836045932,2.5464842119470883
66486,49.018596453215224,2.382383091742837
66488,49.01967372513458,2.4534169189680983
73488,48.94532351806955,2.5092584062086
66480,49.0189622239101,2.112273010825454
59689,48.4982307155028,1.9615869627936133
67527,48.70868582881573,2.8613791115869844
67529,48.71079529328128,2.7403060516384756
59696,48.499985764830484,2.1973964278312894
415726,48.8738879654746,2.336673866345972
66479,49.01913503502296,2.4496628343046587
67525,48.7082426468851,2.7627494083075375
67524,48.708118766078215,2.52303114645328
59699,48.501601641697725,1.9602341608976595
70508,48.814559858347394,2.3187850189103676
70504,48.81397443133289,2.287021302480808
67550,48.71691854418391,2.5007131971916134
67558,48.71862366355625,2.989214064698692
70513,48.81461569183225,2.462035067980984
70510,48.81455984240785,2.4065141767358216
66426,49.01396637059768,2.12691117322942
70518,48.815032771397675,2.4678117347230173
66412,49.012743716402035,2.035884549468253
67544,48.715948518054155,2.5856545356945806
70525,48.814805469553086,2.360821831874242
70521,48.81505358516486,2.4437343346011637
67549,48.716881385732854,2.50691860895092
70526,48.815498940989656,2.3832634987782155
67573,48.727723553384365,2.6616816939003476
67574,48.728290647245316,2.509054196879903
67577,48.72770117354361,2.9746720989891307
427329,48.77716042555671,1.946245351881946
70530,48.8155115610502,2.436858937646851
70533,48.81580948932637,2.489178027552435
67561,48.72138705652441,2.738656149939668
66432,49.014328217904854,2.18211551442106
66433,49.01459461150872,2.285867015778302
67567,48.723458651786714,2.6548442181619176
66437,49.0153796390867,2.2669217629970726
415786,49.06120356566951,2.69458336603821
426140,48.886434163357144,2.4199048228667253
67596,48.73358055280859,2.9510992734747297
67583,48.729036404011104,2.7644359971257546
426137,48.80632260576178,2.386251818885381
67589,48.73194173738286,2.603216726357449
415789,49.10007589588113,2.515948044269834
426123,48.45584043215503,2.7426217256820413
63212,48.721345237662476,1.9485607292868363
73405,48.92444639367236,2.5224949021152163
73406,48.92496396380824,2.509259370338851
73400,48.92220643427591,2.5430599314210016
63216,48.7217852421189,2.499803471708405
73408,48.92493178558053,2.5338583941999033
73410,48.9262253721673,2.5452013772982887
70500,48.813583874886234,2.325899614158903
63208,48.72033728206482,2.472677722392697
73415,48.92950829044825,2.5525153975005717
73413,48.92764513794944,2.5084834566562892
73411,48.92686185645787,2.5204665507420354
71359,48.87720933215212,2.358644807091585
71356,48.877092676372996,2.2496159927718904
71354,48.87662878386422,2.301509407924357
70349,48.80395271606714,2.38450288129679
70347,48.803873851246074,2.423709541472321
70344,48.80424715963115,2.358398291227191
70342,48.80255265011687,2.2863605119415813
70328,48.8019478208739,2.4105243245433488
72478,48.90584294317194,2.469727687571267
72476,48.906654996218585,2.433008015911546
71340,48.87445638139471,2.3551134208190514
70336,48.803094023968036,2.3707275270293358
70331,48.80258736816552,2.405275274317341
427022,48.52831142353004,2.0270553135520792
71329,48.872340047830264,2.366359926737037
72466,48.90506780656156,2.4764882982824794
72469,48.90564656790117,2.4650027332427222
71337,48.87125775980426,2.331888034563735
70323,48.80256498372999,2.3972153747864713
63388,48.749015030424786,2.2730216512650574
71330,48.87198079363347,2.3390090080720753
63385,48.748504346678644,2.0732855693393892
63391,48.748809895879575,1.9499255509933895
70309,48.80005492950603,2.4721713912237866
414773,48.82832635184119,2.4050225182850586
71322,48.87091170003845,2.3608082117310687
72454,48.902879854565796,2.480009287327592
71326,48.871142917705654,2.343641272682872
70310,48.800721687083204,2.283240540309976
70312,48.80114198124007,2.4316975280498205
63396,48.75072224723845,2.211109491685108
72450,48.90297674017306,2.4672673467760737
64806,48.92784153874007,2.141131347708568
64808,48.927682378200984,2.223227928723049
63361,48.7428894008337,2.3179179978878754
63364,48.74298166360269,1.958706199016452
63367,48.74453978355263,2.082876300312296
71316,48.87012771267855,2.329230483849132
70383,48.80585916432309,2.2455484172598354
71315,48.8697473717344,2.2852695426422143
71310,48.86921020169003,2.289455338219461
71311,48.86769225425708,2.3641535175879786
63374,48.745089506298136,1.9559643804199582
63377,48.74547982751995,2.0283068826774096
64827,48.929446717034956,2.049964777168464
71304,48.867776240606,2.281254599352591
64825,48.92938174484455,2.1753982647147163
71306,48.86496045210013,2.31406376738563
70370,48.804511635350124,2.2741271360059456
64820,48.929190170948765,1.9996527585668382
70365,48.80481475892796,2.420206721723809
63340,48.73979244793331,2.3221536980160917
63347,48.7405733700595,2.254011935738497
70360,48.80552261012442,2.4318268031402814
427072,48.52946089219843,2.0229637569849284
72492,48.90934535053945,2.4676182730657654
70355,48.802621449302585,2.237773214323975
72497,48.90880802845859,2.4472686433075994
72495,48.91055994054667,2.372955099707
70359,48.80478660605863,2.486025046624272
64803,48.927304334883225,2.1222238125139583
63358,48.74206159090067,1.94052072484181
64859,48.92983797742378,1.9390378503336962
64857,48.93046881975128,1.9748341712921609
60876,48.664019419230414,2.3754493220777486
72402,48.96113889487403,2.345782845288615
72400,48.961034307499695,2.3141893438742183
64851,48.9304685756457,2.003593296900839
67804,48.790860015109615,2.6039869161422
67802,48.789719565970294,2.9162899796542012
427085,48.80043312908942,2.295950243337487
59611,48.45178623946819,2.151405657040811
59617,48.4563289095206,2.2602273236986177
64868,48.93248523265681,2.056072133843314
67811,48.79249814924243,2.63843392931958
60889,48.66429707259779,1.6325047279245686
67813,48.790049558814765,3.1232655129855673
59604,48.44939262977261,2.1879927568120596
59603,48.44904795294478,2.1713164444729873
427097,48.93926640948421,2.6121669289818135
59607,48.449457785908486,2.4720908072322514
66297,49.0055780525706,1.914916261750788
66299,49.00591419369591,2.037610584494625
60894,48.66540771710374,2.3312450951908454
60890,48.666466631940494,2.31653141791117
64830,48.92909186017086,1.859287321484076
59634,48.46727145731233,2.1929653371517555
66292,49.00590736615454,2.2482064016239387
66294,49.00615010863679,2.077970946697447
70391,48.80783699352068,2.3747620711516624
64844,48.930118775594565,2.1852001038529734
64849,48.93104531157246,2.2121356567751915
70397,48.80664386376284,2.255225144169489
59622,48.45758530937699,2.139003216839455
59629,48.4618825600506,2.321696702627116
64896,48.936036234009634,2.201235336931578
71396,48.88135940246414,2.258895132969796
64893,48.935397295089246,2.125179054985841
64890,48.93462321448614,2.152621958523933
72448,48.902345154103905,2.4278235644875714
71399,48.88082211186338,2.2549211265384805
64898,48.922185581765774,2.175157489129323
71384,48.87971750133338,2.338631288498751
71380,48.8795264001152,2.253371585835104
72438,48.90038291023789,2.465397843462637
71387,48.87864495093967,2.3664672912094527
72420,48.8975969505462,2.4658220089789467
71373,48.87936487759247,2.343189952011678
64871,48.93269007048216,1.9427334370191545
64878,48.93350125727763,2.05092130583334
72421,48.89744384244878,2.4011363681033986
72427,48.899158472776804,2.396942684467885
72418,48.896676828597606,2.4319845914154365
71360,48.877469150504616,2.2338008517727777
64882,48.93396040123833,2.1671152904810516
72411,48.9644751442169,2.344955551931469
72413,48.96549486417932,2.300213078630286
71366,48.87869971450386,2.337539769035678
72417,48.896854978959205,2.4801172026862126
72408,48.96361739490913,2.360139690215024
59565,48.434807865620606,2.3767612238271068
59568,48.4364283333092,2.1646740597054763
477954,48.55108927371066,2.694995059331646
60913,48.66878664499478,2.3635231749800094
60915,48.66997084505224,2.3333257057943495
66364,49.00929549479185,1.9177845307499624
67892,48.8056596184755,2.597352620420276
67899,48.80499464829575,3.0847012271188903
59563,48.435234754535536,2.1461364024179574
59576,48.43838455640654,2.154427752507564
60903,48.668550006781835,2.285262529415387
60904,48.6692564626937,2.2367089296068494
67881,48.80254228588555,2.994458805323411
67884,48.803959052422094,2.633459803235539
66359,49.00923423605979,2.0932742368520825
66357,49.00932596229198,2.2629473537819864
59573,48.436915145541306,2.142735661895511
67877,48.79798432491336,2.648980538657529
73589,48.99401890147862,2.527499264775891
67874,48.80228997980005,2.613246719840575
67873,48.801981168586856,2.6207235032467486
60944,48.67342776859728,2.2811824783434878
60943,48.67312519782991,2.2728203691069018
73581,48.98442034633471,2.509743144580944
59585,48.44065117442653,2.1767358657236557
67878,48.801844662787225,2.9866713585823725
59598,48.446421145232705,2.184340110691364
60924,48.67195280338254,2.3754156932938937
60928,48.67201711437094,2.2608434603888807
67866,48.79934961731095,2.9965965260866887
66332,49.007613880052226,2.2697241631643146
66330,49.007787599182905,2.2071101640427604
477992,48.79519799683601,2.139884674939508
59595,48.44494339037718,2.0031827849747916
67868,48.80040429748374,2.7813493287559194
67867,48.80112436579899,2.627108132601965
66339,49.008688880055225,2.35119160498138
60956,48.67402644131145,2.338774611417316
59521,48.426540145886925,2.138795404786046
59527,48.42806367909522,2.1707956960966057
73564,48.9679145228423,2.5474180883332567
60963,48.67482438322542,2.2537546820788643
73569,48.97558956309032,2.559502071456349
60960,48.674971368235354,2.22118259418839
60961,48.67457907370935,2.3651504060457644
67853,48.79842761247684,2.6051342901806893
464026,48.83276999238299,2.3160131470921455
66395,49.01161745304495,2.2144951281265186
66392,49.01080125666668,2.0302952624720874
67847,48.79546198356572,3.0240063162454307
67849,48.794575014003016,3.283511264226551
60954,48.67386823045847,2.376180552082453
60952,48.673607329057326,2.260535766605495
73576,48.98138925212341,2.555743740784081
73577,48.983782584555584,2.5476897768417164
67843,48.794190891309846,3.2727279706923342
416996,49.216618093084335,1.7235722598292313
59549,48.43321118555953,2.1671249645404003
59540,48.42977185277342,1.9671308376786534
67836,48.79682013585502,2.6371038961762974
60980,48.676832003655456,2.4207429792530895
464022,48.834798243942274,2.3416875403951845
67833,48.79561172464439,2.6117443383825907
60985,48.67614579319589,2.333308101565865
66385,49.01153904186574,2.235780757141001
464006,48.831653568087,2.30954332017875
66370,49.01003618088995,2.384186732707094
59558,48.43776228177466,2.3538695547691955
59552,48.432436401792955,2.1637776304178065
73550,48.96415373259207,2.5374810151022524
73552,48.96394538546632,2.547691640652456
73554,48.96479501586836,2.5500401569433997
67820,48.79115151391783,3.272501099178728
73557,48.963484034953815,2.570175212730256
60976,48.676693598160284,2.3798140899689506
66376,49.01064076089105,2.4827511999222986
66375,49.01077796284309,2.19702389928474
63339,48.73778919035564,1.9589457185640342
63336,48.73804529281107,2.2446174650532167
464000,48.83457118758095,2.336404462221645
73523,48.95490328071937,2.5810675785484185
63329,48.73639382507851,2.3279497531243596
73535,48.959503461331096,2.5812148713503125
63324,48.736256275468925,2.2369808223258136
73531,48.95814449130499,2.545120207627215
415458,48.49424511872295,2.1801317649707497
73500,48.94964710573298,2.5658931652211794
73501,48.95006743652844,2.511534755069099
73504,48.9519964806483,2.551857654786011
63310,48.73385134873142,2.290385809398373
73513,48.95323368847309,2.532041274573436
73511,48.953245338311795,2.5025476011896886
73517,48.95457608024519,2.569927956696562
415426,48.65993354924727,2.364832553929792
63300,48.731615353925775,2.3259309331164224
73508,48.95271810086397,2.524419995281071
70410,48.8069044922842,2.235954090316885
66321,49.00532446783237,1.9013754055649068
66325,49.00773802224014,2.123065420931872
70408,48.80782976822153,2.462009748432666
70409,48.80724306998409,2.416503319163419
70421,48.80897076882446,2.255539148416009
70426,48.80886813053382,2.4351128454807247
66312,49.00687432099571,2.103533133533165
70416,48.80854511256918,2.345743111204162
66306,49.00671749178192,2.350806166788625
66303,49.006523272224804,2.2583123967133125
70402,48.80713728243647,2.4960710697934205
70400,48.80783424570984,2.3473247433486697
70202,48.793058441561115,2.425530589867379
72581,48.922189746264145,2.497345019672472
70206,48.79233871613893,2.3052379831725895
71450,48.885724929783194,2.292973355963153
71454,48.885953131267776,2.249208748730008
71453,48.88512595030771,2.297399832075865
71457,48.886523367922464,2.3690784080573297
72573,48.92152490381789,2.4217243249114335
72572,48.92096028839645,2.45375789179812
71442,48.88492914346695,2.2595193537239626
72576,48.91647958631171,2.4444718341931657
72579,48.921871559927744,2.4838451462911824
70218,48.794095769411626,2.267370218721384
70228,48.794739217088036,2.361510117927663
70226,48.794000621103386,2.446994480709439
71470,48.887150752843176,2.2960905966258642
71478,48.88837747520501,2.304406651695536
427133,48.81187477657478,3.07806041261669
71461,48.8870913116403,2.305160250461538
70215,48.793554005329746,2.284087730333629
72594,48.92461776129076,2.4328668673411173
72592,48.9239782435191,2.4730228074829683
64903,48.93681848515695,2.0222348756479103
64902,48.93649253182967,2.1298564482252957
72597,48.92527011885116,2.461204938192873
424153,48.7392492311341,1.912848428815624
64905,48.937031424017825,2.019678140859976
71407,48.88160630393444,2.3652517657562235
71412,48.8836217330314,2.2381967556628153
64910,48.937629024898236,1.9887742862338331
63468,48.76149002457825,2.18059461969941
64912,48.937080052028946,2.0356488627186504
70246,48.796398897450786,2.2853011469167845
424149,48.742354873387114,1.9175642874401184
70243,48.795844814139635,2.317450244424501
70248,48.796282750948286,2.36763093754054
64917,48.93732571693957,2.055772706844453
64920,48.93828388382508,2.1700424609338302
64926,48.93926659064875,2.1808590527091023
70231,48.795380553026824,2.397557041283627
70230,48.79453297303736,2.334422567385917
70233,48.79497802438005,2.4254005467535156
70235,48.7957296720333,2.4098458548236494
63475,48.76251421003561,2.14262723847768
70238,48.79540289275251,2.3009021482084497
63480,48.76310717909184,2.175099951944402
70264,48.79762447101892,2.427740198269416
64934,48.93997865753495,2.2341496771005724
70261,48.79786223691653,2.3477422118327445
70260,48.79784452105169,2.4839765011218087
64933,48.93973123938608,2.2299214233673057
63481,48.76316768603794,2.117501148651645
70267,48.797963206064715,2.31279375068251
63487,48.76343757540092,2.1472242784976836
63491,48.763511706874276,2.0634612798154346
71417,48.87999794457637,2.261975693738106
71424,48.884041420065095,2.2455339594665538
70253,48.79584387743081,2.3324114693347564
64945,48.93871678000858,1.8407350292757463
71420,48.883524236583995,2.3326102064601364
71423,48.88348721213494,2.3039946988656568
63495,48.763637465249865,2.066887618453244
70257,48.797429898458894,2.281747393153535
70287,48.79969838612111,2.488423644047628
64951,48.94119864870495,2.1228289255593937
66176,49.00080995008957,2.355048465193651
70280,48.79866722432238,2.304670389362792
66178,49.001293536625745,2.22199066279305
72505,48.911424849864126,2.4004911503321913
70285,48.79821114110992,2.366627343122477
72503,48.91081235592838,2.4421788396475073
64949,48.939712440326765,1.999313878109092
59511,48.42298247807565,2.146977532529826
59515,48.423870626165105,2.1354395177084724
70279,48.798030212318004,2.2873753690263987
64960,48.940382631654515,2.0116149869108795
70271,48.79776411732964,2.317288991472039
64966,48.94099108894139,1.981172967320409
70275,48.79412320933831,2.400600437026335
70273,48.79886460447292,2.3814929188389398
66186,49.00144392324227,2.288234573448465
59502,48.41768476105241,2.3780252219837164
59503,48.41746776174548,2.0510909620507154
64972,48.94152320140106,1.9635169980998108
72527,48.91451960736997,2.461316237248257
60995,48.67664930262418,1.765282504560293
72525,48.91408186055979,2.4461756769242275
60997,48.67816297639564,2.423471941934581
64974,48.94215762349182,2.1266899518977453
72521,48.91379367486454,2.4917296956016384
66194,49.001751449698986,2.176730275997503
66190,49.001133924612,2.1097552936321358
64981,48.94251827437706,2.2166172170634946
64984,48.94286859408039,2.2531859112297745
72513,48.9132740855884,2.457331432846403
72514,48.91295065227845,2.4171942864449565
64985,48.94252268993389,2.012666514053621
72510,48.912299244675914,2.4525867456837704
72512,48.91180234146886,2.4845043935285025
72509,48.91161716170947,2.3913681489798533
72542,48.91752614402905,2.4855051903237766
72548,48.91811359420374,2.4477770211520142
71490,48.88818156501128,2.3620895232119206
64995,48.94358478011872,2.2285332697728557
72540,48.91635366503249,2.4582135232086855
64992,48.94011420360977,1.6912578509514722
72534,48.91583687822333,2.4254647838625205
72536,48.91611715383436,2.464615376486996
71484,48.8887128756096,2.346379185608061
72528,48.91482629028059,2.4409078164780467
72567,48.92110430990612,2.392164653485152
72564,48.919977097829715,2.451141399857627
72558,48.91905751222405,2.475726690599358
72556,48.91921018708325,2.500948927808636
72551,48.91852906813356,2.45405631983143
66229,49.00337705753667,2.1983479190913195
66227,49.00329354981062,2.3654939874928527
67751,48.76849003161399,3.342882022369942
59476,48.39864422040422,2.4570369434058836
66218,49.00255120610906,2.2846589674572018
66216,49.00291552069889,2.119039569405211
66212,49.001843756019014,1.889598608397059
59444,48.360528351977884,2.3799901431836785
59440,48.36380627421333,2.089317855938394
66244,49.0038485243201,2.2418395235088515
67778,48.78054835372111,3.30395755802073
66248,49.00401942494603,2.271613053496834
66230,49.00271836030842,2.374979505883823
59453,48.38105535971205,2.475026068301199
66233,49.002912206083785,2.084356773553287
67765,48.7807184308809,2.590359402804197
66235,49.00270098028373,1.8778253365428854
66260,49.005001212485475,2.421369183000793
67711,48.76267331685362,2.6675159762570537
73664,48.8849230600663,2.3034641277581516
66264,49.00499279865216,2.359513885327379
59420,48.34168974493909,2.3785722734438326
67716,48.763179438491484,2.822407194905544
59435,48.35675920741427,2.3775438372408515
66252,49.00417832031573,2.392238272266292
66258,49.00431219838694,2.3533306468837
73678,48.75386327304915,2.4295256810315093
66254,49.004882383806645,2.398121009427232
67706,48.75968148694508,3.2227788502352253
73671,48.880458144643214,2.3089440054773767
67705,48.761457278241316,2.697262336171186
59405,48.3147791035828,2.081276015046764
59409,48.31854703965162,2.1032941947903447
415523,49.0074580963486,2.389110741682769
415522,48.80408129732188,2.6221718754920054
73688,48.87499886199355,2.3286461783787527
73689,48.87364274624465,2.333275363884853
73684,48.61335902567773,2.4582087435862325
67735,48.767997850276785,2.7755801742166293
59417,48.33536461467048,2.372594731949975
66274,49.00456217349182,1.8864786381367817
415526,48.85198614068251,2.373321841879419
66276,49.005545659528046,2.0960382144702967
415527,48.760650735075366,2.3423165072178787
66279,49.00476262003099,1.8766257601959786
67725,48.765095009861,2.66511966189817
67728,48.761992929431955,3.345628225858387
59410,48.31840301426459,2.0885583482593613
63435,48.75782213066151,2.219130439225529
73623,48.823875237912425,2.376919316391583
63439,48.757436955554006,1.9572275105062187
63438,48.75818716653378,2.186237658912571
73619,48.85063021717734,2.344724126976086
73630,48.86089635195878,2.340635366012601
73633,48.869242395613824,2.3530172012436292
73632,48.862241939982134,2.3254949388328905
73636,48.866092916070166,2.351856718715776
73635,48.868743758980536,2.3407473307833064
63452,48.759271032737914,2.029696323394678
73640,48.848650605150944,2.3283213627340222
73648,48.858908984464044,2.37159359304854
71504,48.89076269164382,2.3259846862565037
63459,48.7601219112669,2.0505092595100582
63458,48.76018428131892,2.048174924518899
426369,49.045435717448726,2.3196195905832733
63444,48.75829913763331,2.0446994162232297
63442,48.75826109762941,2.0382789378092507
71511,48.89138257895435,2.3502735372703913
73656,48.87139551252481,2.293236027780974
71512,48.89158115126024,2.2781641792672915
63445,48.75853646304982,2.0760051766456074
71505,48.89048101807227,2.3027078637922176
67797,48.787910433119656,3.02984192290249
67793,48.78983708201266,2.6493688351769373
415581,48.45831411477717,2.3230412846863686
427114,48.7169313196713,2.2348842517822014
67785,48.78576383339713,2.6009360054629176
67781,48.78523858258307,2.609371655555761
73602,48.88172846070329,2.080624017061675
66200,49.001815025919136,2.06567844707836
73605,48.99020768701453,2.074666817381697
66204,49.002297292175754,2.232636457642401
63415,48.75522144935258,2.215503312747714
66207,49.00022851716226,1.6353018596468176
59489,48.40808513056235,1.9802598135080156
63405,48.752695627002744,2.1822289101870793
73611,48.75736823264495,2.2703818795920565
63401,48.751631265713954,2.0670953885444274
70302,48.8005062099339,2.2611467199663924
59498,48.41490582759958,2.0106250058366415
64663,48.90955536185211,2.133854121755083
64660,48.90917821275916,2.1878541190495207
64669,48.909776662953405,2.0750394629059645
72207,48.918366194405394,2.358574231496283
72203,48.916587078563516,2.294068672273638
72201,48.91776184164424,2.237751564884649
64641,48.90626686823463,2.042127120642986
64645,48.90715171126316,2.1749114147776343
64632,48.90565954645443,2.039232414441308
64633,48.905568064646076,2.1155644709029415
64619,48.90348797835438,2.044954431017207
64629,48.9052526640047,2.1579022196018287
64621,48.90383060187935,2.083630537750093
64618,48.90278076248766,2.136606527803389
64613,48.90286355082539,2.1399883155753097
64610,48.90333953223706,2.0204490967328397
62496,48.65360753409449,2.573237360826661
62492,48.65137642030481,2.9018634854920307
72276,48.9287344088982,2.2586980075523475
65710,48.98358492140072,2.4372033838452944
72273,48.928019919063104,2.2544226635562046
66968,49.062987473447265,2.1818411329218406
66962,49.06169914807358,2.087835001309305
65712,48.9838211540613,2.459238514826479
72285,48.92963594957094,2.3563539039278965
66958,49.061693848900596,2.175071740364053
66957,49.06004506774976,1.5992645048503622
66954,49.061232964240155,2.4995625771581267
65705,48.98134186929986,1.664832888554076
65703,48.982866864354335,1.9690048184808053
65700,48.982736452766616,2.4336603795869163
66943,49.057303144117476,1.5370908772730765
66946,49.0604953654669,2.3386260710384654
66947,49.05979536118112,1.9310784345034226
66949,49.06066504520769,2.119167474661418
63591,48.77045194320819,1.9960278097752109
72257,48.92618990760589,2.362756282320135
66942,49.06043293628174,2.2975234516733787
66935,49.05759146601202,2.0910268276594164
63587,48.77035456140287,2.084082773935227
72263,48.92745669230002,2.3524639247144346
72264,48.92734376099422,2.3302807362976985
66937,49.058727548937995,2.048453156946164
72268,48.92713458552849,2.294607958622438
66929,49.058738200952305,2.1169835704615783
72239,48.923429877027814,2.275832260891005
72237,48.92307598923884,2.2511773136879105
72236,48.92215001543837,2.340766689519425
65751,48.98555625793438,2.3243453951589217
72232,48.921513874443775,2.330649166269321
66927,49.05756831690673,2.500514605133828
66922,49.05742922091116,2.3452051772634985
72249,48.92486247749337,2.289807624034693
73810,48.9945580623415,2.095026775719519
73812,48.8986135204735,2.2424309932762867
72248,48.92523394177052,2.326097693199061
66916,49.055831516093875,1.9594484293504428
72244,48.92371226043719,2.2594996736075714
72243,48.92330972122081,2.3213666955326904
66911,49.055658409781955,2.113930165537986
73805,48.644299895970796,1.8248465961437677
73809,48.99285367475578,2.088456027847941
65734,48.98504890613547,2.3284782275390468
72212,48.91823418277223,2.2724999942314685
72216,48.91965028513383,2.3278757365083815
66901,49.05167803638316,2.049635853125083
72210,48.918223364963474,2.2467372682766653
65732,48.98389964257687,1.810466218699885
72226,48.92118800038639,2.2783812106062733
65728,48.98430531572101,1.9679105273536213
65726,48.9845990924022,2.2993546640277978
65720,48.98490907932973,2.4733545421781216
73729,48.830343318306994,2.003286629851455
65781,48.98733668271233,2.1715477457326275
65786,48.98636623184599,1.7544399318744808
65788,48.98476679384912,1.7463685815094578
63526,48.76509920230929,1.9291273408594913
73733,48.80002053788608,2.066386539085282
63523,48.76462520755326,2.1631710689674337
73719,48.80847304766327,2.188060704419179
65797,48.98758218589533,2.2119958628821514
63538,48.76653431848612,1.9975794622509846
62407,48.6286715680669,2.516284986084021
73725,49.05393584278329,2.678120276744317
62402,48.6276284973078,2.5508357037371425
73721,48.79971981325553,2.1290135689933005
73708,48.98270824800314,2.2852258363334914
73709,48.921787294410024,2.5164603998556796
65761,48.98449459162262,1.6959474800926362
63503,48.7646162064842,1.9850648118085927
63501,48.76399599433036,2.0311459373887866
63507,48.76320595150607,1.9483774272615884
63505,48.764203236584805,2.1231571654804915
65768,48.98579199662889,1.902375904973265
65773,48.98659171834528,2.1888646710554855
65770,48.982701171929,1.715606803303922
63516,48.76472591728727,2.06863011386751
73701,48.810103321075154,2.4371828683809302
73703,48.70921412929427,2.386760398500768
66993,49.066266476890355,2.1087198379049523
63569,48.76907604323396,2.024282140094758
73774,48.65612581209687,2.3484776828484675
63564,48.768329289192884,1.9907007135928616
63562,48.768794726665064,2.153681580537854
73768,48.69171590811751,2.2157430749096116
63577,48.77046750381991,2.1127512662005468
73766,48.822548165690456,2.2988628583970145
73762,49.054096675084,2.1247515852395136
73749,48.845549845561536,2.216971149940658
66972,49.06312326048195,2.0677697078111916
63544,48.766995592847735,2.0394854527549464
63545,48.766827784707516,2.0711506040816707
73750,48.84444462436184,2.2102835911943286
63543,48.76625568440617,1.9413086458555169
72290,48.93180033969997,2.3401120932289348
421248,48.987041335340855,2.1569048328650893
63557,48.76845541955225,2.051643505886969
73744,48.51940978084122,2.302319384487518
63559,48.7684077103925,1.9962712352644492
66980,49.06155308468467,1.5231833581772622
63551,48.76724874007746,2.2157715513179475
72292,48.931449425002874,2.352441526594712
63554,48.767268786689414,1.9263274543560511
62474,48.64658530221249,2.9002164243532182
62478,48.648663797107005,2.548551012761174
62480,48.64709756335094,2.96142189713502
426600,48.95457465963653,2.3384849000215486
473389,48.819729535370904,2.2565840833615742
73799,48.897413441784174,2.3950874071089983
73780,48.93436025976812,2.874106326286135
73782,48.59998055573643,2.5957062399566797
73788,48.86636077924859,2.3342988097074877
73785,48.73876626124296,3.196880343537212
62439,48.635036478959265,2.5581888778051667
62434,48.63316877030021,2.589268352848673
62432,48.63143090067607,2.887353598818473
64696,48.91338952481207,2.1842476661711605
64697,48.91368177902773,2.1717924420651986
62448,48.637964932388286,2.770804043073522
62446,48.63746356198274,2.5481726114739245
62413,48.62933834877404,2.5474760517765422
62418,48.63010337165634,2.575701991216248
64674,48.909640532269,1.857128082605644
64675,48.91144426261538,2.157222169401686
62428,48.631954662329555,2.5803009687903358
64686,48.91200606255271,2.146386439708849
62421,48.631477390903115,2.5839959496443528
426665,48.946080952439154,2.53457674053082
64768,48.92439128443181,2.2088518838327937
64762,48.923786295646885,2.179076152228001
72303,48.93321142887647,2.307301454000118
64755,48.92219856000698,1.9705413073148272
72305,48.93329162208334,2.29407404082858
64750,48.92255109284858,2.133296623061462
72318,48.9356793555889,2.2722901520835794
64788,48.925906417473094,1.8657377994288986
64783,48.9257298486477,2.1202919149248856
64780,48.925389471683516,2.210890662950434
72328,48.93671503679199,2.257867631219987
473405,48.764927368055325,2.167152688668916
64776,48.92528251453379,1.9916005364508345
64775,48.92451064080444,2.1970519471691827
64770,48.9241512102269,2.1178006607427213
64719,48.917826868297944,2.211667151851946
67916,48.8088613595796,3.0854632162589706
67918,48.80938005356776,3.0894741320338146
64723,48.91851504487067,1.9889410359268398
64728,48.91971291110569,2.017800513879604
67900,48.80719038790675,2.6046390409918545
67905,48.805804374959656,3.0776360520923536
64742,48.92082867316406,2.2134298167936386
67930,48.81403915079413,2.6213303185664407
64746,48.92099574870403,1.8757390035051487
64731,48.919512883465025,1.9767080641968655
67921,48.81166313831656,2.622219075830597
64735,48.92058263572046,2.209523873541002
65810,48.98648812752749,1.9121584493050532
65812,48.986228516652595,1.7162096834422471
66820,49.04762917812755,2.1001205992817806
66822,49.04730341710308,2.0519252612639707
66825,49.04781571853407,2.0366352760316566
72376,48.95303058866595,2.315728635078304
65808,48.98732435757905,2.0048602157185025
72388,48.95614251951473,2.3390521373290087
66810,49.04722517049755,2.030852788359795
421044,48.9984061012299,1.883528582995639
72383,48.954675904547265,2.30155084085226
72384,48.955869793930724,2.326403914954126
413171,48.96395601419745,2.2893214180308052
65837,48.98880028022998,2.2320432487791413
65838,48.987893228790725,1.7991956541053038
65832,48.98885804922751,2.2504207023944
72397,48.959299836200366,2.3590934964320978
65831,48.98860458595321,2.0541782215878777
72394,48.959415650680405,2.300957228913584
66847,49.04656340130003,1.6049570649209572
65828,48.98878260151007,2.4353093017010297
65826,48.98897087450174,2.407227869593703
66839,49.049282561048365,2.0042399916497886
66836,49.0428204196408,1.5955364625888961
65819,48.98622547627125,2.296067187128907
65852,48.98899024532161,1.9647360755399743
73902,48.78493012122425,2.538035407939647
65856,48.98943667166209,2.081410373460943
73900,48.821839505445794,2.3991513418977757
72338,48.93809391292417,2.328517898449966
73911,48.88616136109489,2.5119774132025245
72346,48.9423705714228,2.3407697954996194
65848,48.98995755322741,2.2580432619879782
73904,48.782722881936984,2.577108188337584
65872,48.9902870799591,2.258981408448769
65873,48.990342841651184,2.0050278802917343
72351,48.94356675866177,2.335908131985425
66803,49.04514905494377,2.1063739713941696
65876,48.99019590876018,2.4521214413474226
65879,48.990460325912494,2.43544820930416
73919,48.78374960064002,2.205683156989748
65863,48.990019107190086,2.358400339347532
72364,48.94780222584538,2.339137651516998
72360,48.945903132830836,2.3038967095516956
73932,48.79422227144265,2.0713979760788646
72366,48.94902481594685,2.342330699692544
73927,48.9417097515363,2.5977192618279012
426572,49.05664276635593,2.1731777632558935
73829,48.578957289157714,2.1926346848631115
63624,48.77436215820694,2.225945534647793
66898,49.05190230473547,1.604704085000175
65888,48.990323853957136,1.961921824510247
65887,48.990118714954626,1.8975905134173152
66894,49.05429515538108,2.045148193528073
66899,49.05397868301193,2.0264442883202376
70988,48.8261912024013,2.3416804403831555
73819,48.83167925267662,2.709441677575461
62502,48.655828907485954,2.560755784058797
63634,48.77480094481348,2.167471410368734
63636,48.77463976071343,1.999342577961905
63639,48.77297294478528,1.671919894368421
65897,48.99064848047572,2.161553824336838
65893,48.991462110624916,2.2476638339336477
70991,48.8270294959903,2.320311166688292
65890,48.991031465611,2.227302763940946
62515,48.65728040158024,2.7501502870547867
63648,48.77481304046599,2.091965441679987
63647,48.77540105624795,2.2190443217017033
73854,48.90275089602597,2.3689499346612175
73850,48.85801772682248,2.3765791658082707
73838,48.76194425720096,2.4486060899895508
63659,48.77621141346691,1.987846888622425
62528,48.659918241965464,2.572201484930557
63654,48.77382660072938,2.0456127162621365
63657,48.774683963336315,1.670073106162069
62520,48.658194964693564,2.716678031620123
70955,48.901264649873795,2.2252658990613763
70965,48.90830785143786,2.213762287134781
63664,48.77692099610369,2.206066073279678
70961,48.904409110124384,2.21992598985664
63667,48.77667962263247,1.9942953220658555
66854,49.05032156366187,2.1262038266837626
66853,49.05044506098959,2.0748446290659426
73878,48.89224962265652,2.2690169410425183
70949,48.89829341834487,2.213013264014285
70953,48.89935444637865,2.221931892982334
63671,48.776786366832376,1.9851139110347873
66868,49.05163499953045,2.0988951001175207
66867,49.048884095967516,1.541774745875533
73863,48.89897911467717,2.2911292074245164
73864,48.91007805503855,2.312971187194826
73866,48.87479879366797,2.447881788544376
70978,48.82527711596573,2.302592420632762
63684,48.7777485871679,1.9584411593528648
70985,48.82645727544943,2.3385577686578842
70984,48.82623565153264,2.360647645130859
70986,48.825909310834994,2.2662080410745737
66874,49.05164964140802,2.0701374088736078
73898,48.81039179329258,2.347925937673006
73896,48.72837285061279,2.307863026630099
70966,48.91004785106318,2.216478350182795
70971,48.91340482974947,2.216175389000313
66889,49.053969165117714,2.1407200523391987
63697,48.77867790319291,1.8541170307049728
70975,48.91781391016517,2.224842129788363
66882,49.0530080171375,2.5001549145779447
66880,49.053126668169675,2.451115088443284
67941,48.8138429578637,3.086635692432506
67943,48.814325185702586,3.0714049708863094
67944,48.81380072525975,3.0428652295192236
70918,48.89133771890522,2.2144822621705513
70914,48.890698956376994,2.1678482477844385
70911,48.889585279461784,2.2139904498202694
67950,48.81542115818992,2.9956762560028944
70910,48.88916558459821,2.2042319334923732
62584,48.67796784957905,2.6639391099046947
62586,48.67857747182203,2.559708987377075
70900,48.88797165644035,2.179899926539108
70909,48.889490147705395,2.2104664264776708
67965,48.81648321857972,3.0857276476804674
62597,48.68084424236231,2.644666479546529
70942,48.89571182721985,2.190007864325247
62590,48.67981699245476,2.5286613966504774
70935,48.89486647092273,2.182730653134294
70939,48.89642340458947,2.216533360136212
70931,48.89309048668206,2.171635807898164
70922,48.891874005662885,2.195693574322499
70929,48.89280493736536,2.1983933612351643
64797,48.92706663747726,2.0441394663457517
67989,48.82107968534829,3.0965082912415935
62535,48.662468078866006,2.562234400201124
62533,48.66153346253461,2.698913348429499
62539,48.6637811287601,2.579672180675272
62536,48.66252219042629,2.559830554288805
67999,48.82342522232896,2.7084184838872436
62546,48.66485812118368,2.5590912039615
67991,48.82147223632063,3.0382985183693587
62551,48.66589188768137,2.5577041835303476
62559,48.66892577074782,2.5359163069752775
62556,48.66622610445511,2.842514619031557
62554,48.666083825369974,2.5524948520523356
63614,48.77293562335531,2.03937613068445
62568,48.67097222422752,2.847056585638905
63607,48.772033025861774,1.9533569846447
65916,48.991508560345714,2.1105283021815127
65910,48.990533377371726,2.26320025038274
62288,48.59366266396731,3.0757214583574815
65909,48.99142388427257,2.3697998140104573
65906,48.98936824303878,1.7146289079007149
65901,48.9903658164875,1.9000176877855406
62273,48.59038760281624,2.6686706125898576
62269,48.58548241058506,3.0124465319080422
62266,48.58788479847956,2.569623702160665
62258,48.58629262530165,2.594013612427403
68993,48.96402685465459,2.589065469633778
62256,48.58575204291127,2.601680124597715
62252,48.58451606119436,2.8064245548230815
64426,48.876384766603124,2.0951850191487607
64410,48.8733267743199,2.0851079799892323
64413,48.874429125813855,2.0822526534089043
64402,48.87155339132561,2.123960927296711
64407,48.872993710730725,2.1016928251133957
68940,48.954445245546935,3.0707780897695964
68942,48.955606537216774,2.931411926015324
65996,48.99429571058932,2.335403265003041
65991,48.99415330876949,2.066260363718697
72007,48.89148234944602,2.471046835064489
72004,48.89132806364068,2.401949999647263
72006,48.89168277659634,2.4054578198789205
72005,48.89111603086391,2.477740088761646
68934,48.955250493386366,2.8705123507871213
65982,48.99378669245942,2.294290741269747
68922,48.95347743537627,2.869083068354331
65978,48.99296472972596,1.8985414092696784
68929,48.954405197240135,2.915942971155517
65970,48.993311649333855,2.109930314265517
70798,48.865841522639066,2.2152143404377296
65973,48.99152004275783,1.6849749231204165
68909,48.95158730440557,3.0173675646309452
65964,48.99319350210492,2.16738206443517
68917,48.9524017076016,2.8855524714759624
68918,48.95062899573038,3.1246701061786717
65963,48.99312666215848,2.1159258149221043
68914,48.95176186965059,2.8709169976605495
72034,48.895228415124635,2.4005139818901475
66729,49.04083827404572,2.1403902941373816
72033,48.89408809373768,2.4881168017383466
72030,48.89455465712502,2.492088004404379
65957,48.99313163822383,2.280894059111617
68982,48.95958490002895,3.1207996585299123
65954,48.991826728788816,1.859515807051429
65956,48.98918657651021,1.7394634341223105
66709,49.03808723991277,2.467973493526702
68978,48.9587819602861,3.1435685962792888
66716,49.02136125592549,1.6391358656371557
72040,48.89634644604496,2.4092373009058976
65949,48.99292176803828,2.443586274115729
65947,48.99317705165848,2.3731674972509884
65944,48.991021779188586,1.7554557593316489
68977,48.96042413252689,2.8916937054056993
72012,48.891863502708595,2.4353648798887373
66708,49.038357698501876,2.1182397926854537
65931,48.98905424611062,1.7034173686909426
72014,48.892415906010264,2.4448376964311263
65935,48.99202742193703,2.429309386587289
68960,48.9577378271851,2.949748269372096
65918,48.99098219609062,2.0666863047365767
68957,48.957611841237146,2.894294077655479
68952,48.957301508408676,2.9312458272932442
65922,48.99164905134383,2.223371745267346
68955,48.957560635156355,2.936400367564413
72029,48.89448338107837,2.4199719891813087
66751,49.04248114170141,2.318700845946957
66755,49.04295074641104,2.4616727587469556
70860,48.87866374002677,2.1931841597403734
70862,48.878987969328236,2.2266403957435705
70864,48.87991530226573,2.2316854343122614
72088,48.90155745164831,2.294477107429523
70856,48.87732708094273,2.222922268956946
72081,48.89798797057268,2.3371238274023938
72072,48.899576865013785,2.280522273223269
66767,49.043274374931805,2.1346459423875728
70854,48.87776443236083,2.1958637538190886
72078,48.89777325610848,2.3292493930139906
70846,48.87501604016203,2.2341300770854815
72071,48.8992759127598,2.2577329800838077
63789,48.78609163648384,1.9279954822719731
73994,48.93331926367376,2.4007165716256345
70842,48.874647252464264,2.168091076246619
70844,48.87575967836479,2.2287880474788335
66735,49.0411586511249,2.4732284115885386
66734,49.040193531078394,2.0154183955991205
63782,48.78484480334149,1.8241313940492951
66736,49.040635384365316,1.9415539740794194
70835,48.873399056919325,2.226723379737884
66744,49.04188220252144,2.057782915331626
66742,49.04187049918829,2.30627554955821
66741,49.03873010334253,1.5807508651431015
73987,48.67325094036761,2.147221399571697
73989,48.73135000197135,2.6260902561781387
72057,48.89721075997116,2.2796274493223128
63792,48.786616437634486,2.106045249759649
63793,48.78695659463598,2.117929086829236
72050,48.897612375665815,2.283611637176328
70829,48.871712358488104,2.2211109819314587
70825,48.87151651138065,2.230459614319606
73971,48.74009012119362,2.0962070108389987
63760,48.78366423207165,2.175162868215526
66795,49.04514748385083,2.3227147912035253
66796,49.041092639356016,1.5919855160366594
66798,49.046385152952936,2.199407277621513
73972,48.51265874145569,1.8406595644630637
73960,48.78273767010235,2.499470993592432
68901,48.951317276057445,2.867286218711005
68903,48.951411909661786,2.8999251818456364
73966,48.76735057462129,2.5052785652599345
73962,48.78307193305317,2.4870963617252904
73961,48.782714754762935,2.4919109510159023
73963,48.78379366607513,2.483434948550941
70889,48.885304081584145,2.195658681785205
70881,48.88287157742245,2.2167167920847137
70882,48.883502464629984,2.1708405811191898
63745,48.78185426236257,2.2183284867671147
73952,49.09638840769068,2.5035637009503713
70880,48.8833433622194,2.227734817348212
66771,49.04188948101199,1.573017514876427
73954,49.02994466915652,2.4843776234619286
73947,48.82126179638837,1.929703693899371
72099,48.902305743104606,2.2396694319397557
63750,48.78388686199079,2.1696470522776012
63751,48.783797225320484,2.056400667159074
66787,49.04491543607038,2.0057053902588002
63756,48.78366508968549,2.1851189626206478
73941,48.98242969240655,2.374615532089008
63757,48.78365253364774,1.9593577416820058
73946,48.8425976839857,1.9379523797288603
73938,48.8421268460396,2.543039884413067
72090,48.90149953838753,2.3619126819435388
70868,48.87966582389505,2.218844430549537
63717,48.78138043432359,2.2091965486222485
63725,48.78135332392376,2.0653118822138814
63727,48.78220097473864,2.0451124812049293
64452,48.88417499373497,2.1324830295233386
64453,48.88103285615405,2.1438805741649474
62208,48.57181998729104,2.6022536724917593
62204,48.56981569357802,2.589514159307614
64460,48.88283161751053,2.136998647818807
64466,48.88225016179359,1.7173276848558352
63700,48.77956377551752,2.0117079387259764
64436,48.87895032964039,2.1425512579600987
64438,48.879129874627154,2.1263356108411013
64434,48.876030874605966,2.080608697655097
63706,48.780269788120094,2.1917454381464
63712,48.780377986132436,1.9754285347561218
63716,48.78015089785558,1.893003257075696
64447,48.88093910332118,2.1046307116009206
64443,48.87957436229199,2.090616164373132
426832,49.14982763849829,2.2683565552513416
64490,48.88741237576801,2.155081345872209
70817,48.87022479078061,2.2075410317930046
64496,48.888689051308816,2.0683494876236383
64497,48.889189560429365,2.1558571590545603
70820,48.87053993107284,2.19613206771905
70809,48.86829851475245,2.2134255362878363
70806,48.86769477911441,2.2037283546362993
70807,48.86747356858292,2.1995534069382243
62245,48.58396745583705,2.6298538295218497
70811,48.867502220729456,2.221623801567249
70800,48.86577410299183,2.170543403394808
62211,48.57253979319424,2.8582624346408587
62210,48.573289982479054,2.588795620407109
62214,48.57446907353675,2.6022267861773614
415869,48.75146816978938,2.353966561677845
64488,48.88718393848997,2.0978817493942583
62220,48.57650197948345,2.602204575186649
64483,48.88505286709428,2.1552628199723185
71041,48.832886815191124,2.337125463269374
71044,48.83378924442412,2.3244462776407118
62382,48.62414389532582,2.5656620955775704
71048,48.83418382093684,2.2502881910713763
71047,48.833973873429485,2.3079731352153643
68885,48.94783268012743,3.0758888780255167
68881,48.94545429472348,2.7765551973788876
62374,48.62195193075861,2.582816610672654
71053,48.83493437765477,2.305331006663259
62373,48.62204281734933,2.5022626070437006
62372,48.621822024648736,2.5894387867487914
68877,48.94715807721967,3.0891923430061587
62378,48.62091760301062,2.9489862311809243
71066,48.83624025776476,2.2519411947495755
71065,48.83591185979018,2.2490507953221006
71060,48.835435225171054,2.3025314428280925
64501,48.889323497252626,2.0989562020401045
71069,48.83599244355331,2.3275921066893837
62395,48.626108851938675,2.6943747683941868
71078,48.83837414750656,2.3076013469505536
62399,48.62785009566956,2.589825727921313
71074,48.837244273292505,2.33513743384817
68893,48.94980620124125,2.8940437037933013
68898,48.94907008496382,3.147323697167746
64523,48.89043719936763,1.687255368247066
64526,48.8922356708364,2.115613643606352
64528,48.89250710860041,2.071861456456491
64529,48.89169155443334,2.0629901928698353
64521,48.89136486559579,2.096547715732118
71014,48.829870091615476,2.2756335122888673
64513,48.89114037041914,2.069001205648888
71018,48.82962591408236,2.2957366962503403
71029,48.832332564683924,2.3389872700617946
71026,48.8308934672617,2.3438687884909264
64541,48.892009074531074,2.0644915969111914
71022,48.83070614100426,2.2659838596390265
71039,48.831707936663335,2.3143037907166617
64537,48.89339399842567,2.112934295772627
71037,48.83282652004521,2.344580105287729
71031,48.83190836486338,2.3593724491074486
476961,48.83583977213233,2.7270677466391633
70673,48.825626990997364,2.3299664886076927
70675,48.824943094998595,2.3453262096401515
68805,48.9405255534561,2.6220749941815495
70679,48.82513834940089,2.197969498994248
68801,48.9374770881389,3.137353618021762
476975,48.478422032889036,2.7099425173091887
70686,48.82661135859096,2.200357881811785
72100,48.902293111919164,2.2880966190291443
72105,48.90279699995047,2.3489988314868833
70681,48.82555587049882,2.18259126440279
68827,48.94160126524588,2.8760272629545223
68825,48.94177170778126,2.8632425194076077
70695,48.82934028776703,2.174440181641659
68828,48.942197716171556,2.8040970921513617
70690,48.82788358352402,2.205017538854512
72116,48.90434149837644,2.316300486950583
68821,48.942115011975,2.621367223378769
476950,48.77602252473568,2.6831957131871884
72121,48.90495207188662,2.3377377045769543
68815,48.94080821855418,2.937383240553253
68817,48.941700832785635,2.640174903772877
68810,48.940129494046936,2.8584417696501845
68812,48.940067302611425,2.667733624986221
72136,48.907245472004135,2.3036701901530763
72130,48.906719836436075,2.301433029416789
72134,48.90505192664173,2.2646763076409284
72132,48.906336008346244,2.2836484607667615
68833,48.942333287469985,2.884148060931172
72149,48.90963947082518,2.2864066923227466
72141,48.90813381831775,2.255491994561062
72143,48.90903997318842,2.3652446404850105
66600,49.030008413985406,2.4520705662655127
68866,48.945586914902016,3.102882785806954
72157,48.91088026895279,2.337239321910292
66606,49.03050532831841,2.083138521975365
72153,48.90829716183633,2.312926479793684
66602,49.03022398732963,2.4599586209115274
66605,49.030523579707136,2.3718140835886157
68851,48.94497726204106,2.6081856921606144
68857,48.94666346648047,2.6095928617395905
72165,48.911861535559666,2.2411671059768987
72162,48.91252828828448,2.2844842033349013
66618,49.030672681503134,2.217338468314682
66619,49.03052026815599,2.0223370479846965
72185,48.9147977366719,2.3589047483590573
66612,49.03026798078697,2.098705251776857
70717,48.84076948952826,2.146599419473807
70716,48.84062721833577,2.1941681156521136
70710,48.83881586205175,2.2050551685098623
66626,49.03158310681509,1.9980013620435866
72174,48.91464608043626,2.348298009161574
66621,49.03129261035685,2.361623633822864
70709,48.838135277410615,2.169743391395159
70705,48.83699039192922,2.1526901356377888
66636,49.0304003000314,1.5703381090984803
70745,48.84723652947618,2.152993679668652
66631,49.03260240112409,2.4824298433549994
70738,48.846254200245056,2.223617264608847
70730,48.84359224671159,2.1752636389537967
72196,48.9170431783593,2.3360965110970584
72198,48.91749529610115,2.34061415344419
70731,48.84449543995033,2.1863276264958977
66643,49.030720869063906,1.5674297996241813
70729,48.843270434539725,2.2316124962609383
66654,49.032839450870675,2.3384040001866664
66650,49.032714438276905,2.4771568689716332
63868,48.79617436696453,1.9709523291805855
70767,48.85800007440087,2.184426610980014
70760,48.8535714812574,2.2005369956344407
70758,48.8528685446076,2.2228440997211805
66664,49.03291599066468,1.5629787829126114
66665,49.03523576044193,2.0003653404828667
66660,49.03482774843475,2.0323424767521767
425205,48.94931664357392,2.288702248652747
70752,48.84941194125856,2.2141194493881167
66669,49.03589405628924,2.470197841384123
70748,48.84827773534767,2.1950309832603123
66671,49.036321164087695,2.4784129585523256
63888,48.798332158770236,2.016791419793023
66677,49.033741185376485,1.5813249384954522
70781,48.86246013069393,2.1949345259214144
63883,48.79812267298388,2.1270729551599565
63880,48.79563797234857,2.135418921162504
70789,48.86472464765458,2.2246165529447537
66683,49.0370664438673,2.4638809931820123
63896,48.79925001499246,2.159497850559132
70774,48.86030430361961,2.192657463806185
63894,48.799601611983825,2.1331680523221257
70776,48.861485381587826,2.201805898247593
66681,49.036817399531564,2.068460933991332
63816,48.78921653331667,1.8136939591700627
66690,49.03545840649549,1.6475337970076787
425247,48.93908680234152,2.280337547700628
64552,48.894760392081636,2.0900781136500863
63822,48.79137293012907,2.035299922090374
64557,48.89492336978909,2.082559736242309
63826,48.791649436406374,2.1461097264880973
63827,48.79157081315957,1.977427638283346
64564,48.89594146810666,2.157466312683452
64561,48.89557216060261,2.111956028328686
63833,48.792818842233345,2.046796754306419
62303,48.601361455740324,2.545839369987233
63838,48.7928229601523,2.03609670733615
64571,48.89698045146416,2.0804842529420573
64573,48.89700750553382,2.1639281560390393
64577,48.89791243355042,2.1116160154439703
62319,48.60623000063878,2.5057089502926924
62318,48.60558688957135,2.573160767116017
63842,48.7933507368564,2.1431618637150924
63843,48.79355447292528,2.1534500779800103
62320,48.604735964205155,2.5642293559316056
62322,48.60695172335094,2.5105716623065195
64586,48.89964827899863,2.154493986622514
63858,48.79553849800002,2.180665619244055
62324,48.60458943647463,2.8970955139736683
63852,48.79456003647772,2.047459234449165
64591,48.8997747808651,2.0842475761887833
426731,48.56517972133161,2.4514489894719693
71095,48.83947262176402,2.3109316664801107
71094,48.83973431719409,2.239812426428004
71080,48.83825076004313,2.288869169405289
62347,48.61574379803118,2.544371539712351
71088,48.83878398756392,2.3306216485570057
62341,48.61391505279514,2.5053650795048856
62343,48.61433001372324,2.746183749620307
63802,48.787540992613394,1.9181513925077298
62356,48.61777326631208,2.5700563492065003
62350,48.61600162983476,2.504205781650466
63807,48.788586763967075,2.058883884979674
63815,48.78941865594549,2.0495813353673595
63811,48.78876089143996,1.909863357556768
426718,48.57113371346757,2.46603275303011
64245,48.84215495437238,2.127950135181935
65377,48.96777038773351,2.410720299990318
65373,48.96613697239259,1.689578268163341
65374,48.967289362203054,1.933847973926199
65371,48.968053073978865,2.4069541919274715
64235,48.83838738324173,1.667391598329564
65362,48.966502870326124,1.8714835323136343
65364,48.96601488498601,1.7131847576117645
65361,48.96683282340339,1.9907331184077717
64263,48.845921595467985,1.8875451962149472
65396,48.96912627768035,2.1839808902455364
64269,48.84738229202112,1.8840729940401835
65390,48.969211579197776,2.329823323441319
65392,48.96884665654322,2.235015166335287
64253,48.8428879740874,1.8156064184686402
64251,48.8429252119338,2.1380546253620887
64257,48.84354227877213,1.835991085975165
64259,48.8449810862834,2.1325631562531617
64205,48.83314762008878,1.8989759221573963
64200,48.83296089436674,2.0060226372250045
420110,48.676535010725445,2.1329942672833377
64228,48.83853356407175,1.8379560302855589
64217,48.83534793461806,2.1293719335280143
64216,48.83633801992022,2.1400437173851814
64212,48.83566726615945,2.123222078989656
65311,48.96466346677278,2.187601993417357
65319,48.965039591571205,2.3038795002702246
65300,48.962770519531496,1.874337137637578
65304,48.96404378421698,2.1917158262544647
65309,48.964683556492425,2.3948920134351788
65339,48.96647763956191,2.2060465795352404
65336,48.96486644062638,1.923360137247929
64286,48.850935228417605,1.8957312313780166
64285,48.85068543936207,2.1310168020357514
65325,48.96502285719659,2.0682245105598445
64279,48.85299656861102,2.018731069091873
64274,48.85237477376065,1.8027359725008532
65350,48.96615655623532,2.0654110226599043
65353,48.965424754507126,2.261527889796812
64290,48.852009362501946,1.878256524168183
65348,48.96550270475933,1.8760672792437005
64297,48.853250620591766,1.8990826726574357
65345,48.96612681074473,2.0604535125268675
60297,48.613962252838434,2.2778001591505705
60293,48.61309131915536,2.4094695523399006
60290,48.610913750581055,2.489060962863655
60275,48.610872685724544,2.4146765053663204
60279,48.611353231153956,2.4237531549513998
60286,48.61196543782646,2.367157646330014
60285,48.611823009220906,2.321680687389181
60257,48.608592389443174,2.4806125299370656
60253,48.60858779044578,2.316723968558084
462042,48.98821629200045,1.8014237040097634
60266,48.61037086157682,2.386466605321128
60261,48.60930489956831,2.377797561215135
462038,48.65344568387077,2.3762950992133205
478861,48.822162759261765,2.273472789090912
60236,48.60662995818516,2.3172785228275403
60231,48.605709899319216,2.246750354789995
478852,48.71034339083778,2.1658752144074374
60245,48.60722222111454,2.492460910162919
60249,48.60784110914222,2.471375842242511
478849,48.7998337340603,2.607438058693714
478842,48.86281430515646,2.3185766205997758
60218,48.604117088334675,2.4220288354503623
462072,48.86831548629872,2.360437907344109
60227,48.60557991521774,2.484976045471851
60223,48.60536465207823,2.3053655014607024
478887,48.78665961031369,2.2452883965497334
60201,48.60285000778497,2.4616336513798527
60206,48.603397276081374,2.4238474821840725
64380,48.866972126813806,1.615895656209675
64374,48.866870968536865,2.1374130247607863
64378,48.868394627974574,2.1323300406434176
64365,48.865209655910895,1.7946839823139136
64367,48.865471966359564,1.7894838275599967
65497,48.97455189261588,2.407303511467801
64363,48.86589004708428,1.9483971363584878
64359,48.86466429351382,2.02621337347461
65487,48.9740677638337,2.3234497252537167
65489,48.97393286236763,2.2522614998891073
64353,48.86386722690697,2.08182529704208
64345,48.86266262347796,2.110479142123728
64349,48.863370401653285,2.1528676795706736
64336,48.861484569440144,2.0256116968240456
64322,48.85932939361775,2.1480332726066895
64313,48.857744189429624,2.134551904778813
64316,48.85780719351774,2.012581828893605
419537,49.087528004628254,2.4147602935279133
65438,48.97154739177761,2.1842843765322795
65434,48.9706131155671,1.9794244779592047
65425,48.96985864748755,1.835867401261745
65424,48.97095095326134,2.286821736610305
65418,48.970023056064775,1.9856648956098106
65417,48.96880175454891,1.721489391616553
65413,48.96992795617195,2.313389060201955
65408,48.9697818605102,2.2343047867305565
65404,48.96934485676408,2.009971566986332
65475,48.97298442336945,1.9607654503987129
65476,48.97233887100189,1.9761530940059675
65464,48.972959868567706,2.3458184799796133
65461,48.97267717253953,2.4202264372437057
65469,48.97303785663962,2.0349681118304925
65455,48.970456460285526,1.6902275369983386
65451,48.97111490006134,2.396114781584635
65452,48.971964975699706,2.3165721630076286
65445,48.97168173271312,2.398860570061929
65442,48.97064551761025,1.8419012601844418
65447,48.96971303473512,1.7175533016423807
60392,48.622035619857165,2.4398766194006387
478935,48.87586562941132,2.1300990130187816
462127,48.88563386877363,2.3998539565794257
478922,48.60098040602881,2.318783051547463
416072,48.82901829617043,1.9508982931524264
60356,48.61866427029901,2.4470151419828636
60360,48.61905604847951,2.4015263986246214
60361,48.619044578558345,2.1560280120750264
60365,48.62072937766363,2.125838640996317
60371,48.6192755159966,2.4923711916370315
60376,48.620227918194885,2.397558015980391
60385,48.62037561710569,2.4972448703828705
60380,48.62097257514515,2.336269838973199
60312,48.61455174417646,2.3222286870547326
60311,48.61458176188585,2.325138279799655
60315,48.61420731556778,2.475903675018605
64309,48.85675336073813,2.1449746408962294
60325,48.615691277666535,2.305337023986994
64304,48.85561023244186,2.1072875830208497
64301,48.854150614494586,2.131701794153294
60329,48.61524326402499,2.4918133699425766
60330,48.615593388281425,2.473027287185814
60349,48.618012819382486,2.329795096413748
60340,48.616856418553915,2.2656448904808473
60304,48.61422037599055,2.3288397405563805
421404,48.818027066551934,2.3984394085019867
420348,48.94843790951267,2.8578866908856133
420351,48.9556537083231,2.865124515313131
420337,48.97805277211666,3.1433076279434866
64000,48.80837834621802,2.140423050688205
64008,48.80837800060967,2.0523269391768033
64022,48.81149289018285,2.040286442724429
64027,48.81199121308809,1.8958681773940642
64010,48.80663939341058,2.0605285929632418
64013,48.80983484078131,2.042141718453527
64048,48.815291064115314,1.9455633360660003
65578,48.97618705432063,1.80946782220805
65574,48.97710017047365,2.313499230789215
64041,48.81533665143247,2.128807199153987
64039,48.813975328857516,2.1364222755092106
65567,48.976963947466764,1.9633772147091781
60094,48.58895351831298,2.2185291794061484
64038,48.81393124951725,1.9463943486271624
65561,48.97734028030216,2.407449307078442
64034,48.81365714802789,2.0443594386969703
64067,48.818240104503296,2.079959289798775
60088,48.58858205961592,2.4524988546595377
65597,48.977752172300214,1.9856233494191784
60085,48.58817458977877,2.058697647687285
60081,48.587417810521444,2.3006407644615745
64060,48.8168579705025,1.9669008911668753
65585,48.97685196527534,1.9828608004055421
65582,48.97647698260755,2.3903969601622275
64059,48.81700643277628,2.1358136840719633
65580,48.976558570027265,2.0150528072034124
419687,49.13070295367766,2.3674072071086862
65532,48.9757248920441,2.3262900487598888
65539,48.97613329075367,2.0402453419238387
65537,48.97637914176902,1.9811897018916684
64084,48.8197815484565,2.1452608550874515
64080,48.81908366471056,2.1382512613384037
64075,48.81887169651577,1.9174809031481044
65528,48.974922884492244,2.0323033912443558
65525,48.97566228843901,2.3474988659039044
64073,48.81811088961362,1.8855779665229109
65553,48.974384466134815,1.6818222857741856
65556,48.9767106347521,2.3106492551995763
419659,49.01971987837489,2.455658638568502
419655,49.03378036459725,2.449083646687668
65548,48.97453691748327,1.694940442350213
65547,48.9749788293273,1.9118597139006952
64091,48.82007357812976,2.1414560577708426
64095,48.82018508270233,1.9528535067624748
60019,48.57628054272935,2.445673033341387
60013,48.575298509558685,2.412545700275741
60028,48.57733264304939,2.191839526308908
60021,48.57618005239085,1.8773568947675126
65503,48.97468079205528,2.2656106247581738
65501,48.97452598973267,2.4316803267585114
65519,48.97476618674391,1.965579485311319
60002,48.573877100325575,2.4376599590364543
65514,48.9742008147148,1.9756724412436182
65513,48.974858466728854,2.2733740762150134
60001,48.57371069287796,2.4590050347936936
60054,48.582541286577914,2.47642382484128
60063,48.585151125691226,2.4468468967419263
60032,48.57807809861825,1.7835227715826834
60039,48.57967372626697,2.2441894999484795
60042,48.5801197939981,2.2240433042006704
478689,48.85863669211234,2.7512769161923587
478671,48.80407661012131,2.239596884669326
463377,48.818753517696535,2.612041889321791
420217,48.616714696162724,2.565886528077302
64108,48.821691280923325,2.140659859803561
420237,48.848950739412246,2.3920114986343135
420241,48.87127103282056,2.3358892018549398
463420,48.83995610165294,2.6219731352106326
64146,48.82495789081158,2.1290959342333475
463417,48.83618767743539,2.630556129006493
64138,48.82495156821976,2.1425335473731635
64133,48.82250068409372,1.7552493379945735
463404,48.76032263699296,2.682862467426906
64123,48.821719834033544,1.7580058870011965
64118,48.82205440435842,1.9807866655451352
64115,48.82237960227336,2.138823338865211
64187,48.82928453363843,1.9939207586221062
64189,48.82860459040129,2.1180008901371505
64175,48.82664360773475,1.7024506612332846
64177,48.82959075574597,2.131082363914233
60192,48.601982641973215,2.423361216451819
64170,48.8277163869725,1.9823855860989188
65697,48.9818648860498,1.9160398790912407
64167,48.82748845760041,1.9715125594659968
64163,48.82655154788578,1.9480736479296195
64164,48.825932314713086,1.986772627135075
64161,48.82635226428657,1.9960410866355103
65691,48.981287453089145,1.98261687166481
65686,48.98048560321339,1.7048539996933931
64152,48.82459921181652,1.9444351808022367
64155,48.82608647768592,2.125991764238425
477228,48.892010532380965,2.309806754538263
65670,48.981378290882525,2.2645528042730003
65673,48.981019945699884,1.9728055140238956
65669,48.98035457715928,2.270756137509537
65661,48.98125802190452,2.2331383728900636
65664,48.98029444007849,1.9074856923966679
65657,48.98022979177635,1.72716534668559
65653,48.98072659322428,2.237941590431862
65650,48.980880238014876,2.2617932898005435
477278,48.90455850544423,2.5551717340091957
65643,48.980112791788265,2.191568389288582
64193,48.83183585924948,2.1165021554803656
64191,48.83119815912353,1.9990266262372034
60117,48.5925048687808,2.4391414744834643
478720,48.73368111899666,2.7381459416442606
60122,48.59229611172587,2.4701495660257695
65638,48.97917640567616,1.8924601503730099
60129,48.59399658471066,2.302682007750036
60131,48.594798444579325,2.1846604783218266
65602,48.97835257290401,2.2422046042523336
60134,48.593324068145854,2.063744836907098
478742,48.81960004662793,2.3107856983323223
60143,48.595546835932986,2.1888664974127847
60140,48.5953877000909,2.369019210257716
60148,48.59610922698585,2.4770544108187345
65618,48.97963875135023,2.3791779146151493
60158,48.59736668231263,2.476621443196841
60152,48.59663718036266,2.499425591323248
60161,48.598005878421944,2.4250595546306877
60165,48.59918848932796,2.2425584060425314
478714,48.731350709272114,2.7316654147506605
60174,48.60031525743956,2.4710991823821287
478707,48.93217321981212,2.266572394248207
60187,48.601467852189714,2.2936038282261118
60184,48.6010223519305,2.297366754133417
420177,48.78551831586214,2.2243713004405317
463433,48.796078653831024,2.554783100866166
463475,48.471824403868496,2.3549250963986332
463493,48.858891750768635,1.642698589282556
60100,48.59015256684829,2.4975485087935265
415240,48.778271665642734,2.4142892222206838
71608,48.83937050578802,2.4299454946020327
71604,48.83826755050722,2.4915124984067116
71611,48.83975099626927,2.4037612423393417
427645,48.91528273593303,2.452111915670164
71627,48.8430670640452,2.485545348757442
71631,48.84429613431412,2.390158153415885
71635,48.844751913685855,2.40566619347066
71617,48.8406755772761,2.3909158339527283
71620,48.84125684684207,2.393804405648224
71624,48.842588371522154,2.471665702885696
60730,48.64919754321402,1.8515429775463217
60726,48.649683180378474,2.3191331599950176
60729,48.64989049119171,2.3057675716415016
60742,48.649877929918134,1.820356453336487
478399,48.97608198048285,2.2033521220677157
60738,48.65037308670538,2.3092818419883563
60736,48.650289328705746,2.3939062358128234
60713,48.64847937371412,2.450066621705803
60708,48.64820397329105,2.3359583316329906
463539,48.84756444903132,2.364930555905621
478374,48.80103379193512,2.16247804530819
60718,48.647466360813496,1.7208918050168793
463543,48.85291056762892,2.3522455577615213
419035,48.89623934035046,2.7980436999812013
70190,48.79190822774814,2.4818232266154547
70193,48.79258149335809,2.3641977832840677
70196,48.79278060079637,2.336303052448521
60691,48.64687522797546,1.862651315311657
60698,48.6480031547863,2.3753418572671565
416377,49.15762632993754,2.3211273326060637
60685,48.64730770188844,2.4485925108313893
60688,48.64756003709645,2.3689194663443196
60672,48.64608064108301,2.30126844207102
60675,48.64662557376974,2.2208782729152388
60679,48.64755724949493,2.2362652892559725
60662,48.645953590001014,2.3842371968013643
70151,48.788454606473984,2.287894088659879
70153,48.78920720083691,2.4658564793654922
70158,48.78940701148479,2.336155402701631
463554,48.85477400714244,2.350914023971419
70161,48.78958876407845,2.304076757573329
60656,48.645663157961835,2.346592167412749
60654,48.64495733200064,2.07501100151386
70169,48.7897823070792,2.3888012367607465
70167,48.78962770399019,2.4026938463874803
60637,48.643777468036525,2.408342752181164
463588,48.88517501699704,2.3900271606980446
60641,48.646940418472234,1.8239591672967457
60643,48.644792361264535,2.2442058941519254
70172,48.78995516135582,2.4522710875340827
70178,48.79130153691396,2.2894546809167458
70187,48.79107938528851,2.2734496402058992
70185,48.791647491875395,2.2970048684642896
70183,48.79155185321553,2.3272664723005554
70181,48.7913549632054,2.287099014573029
70114,48.787738183244606,2.3044553372123437
70117,48.78602128673174,2.261161281352168
71522,48.89318049813383,2.3635353710963725
70110,48.7864903562302,2.2694302059870965
70109,48.78469402543098,2.287720836014644
70123,48.787438580576634,2.3371944870185217
70128,48.78692844712995,2.4983010846935074
71530,48.89258647823303,2.2741267817658515
71534,48.893749135723866,2.3229181493503956
70121,48.7872665768064,2.3217683386132792
70119,48.7867128819558,2.4070555078383316
71540,48.89448786567261,2.266632726419215
71548,48.895332931458285,2.3375668162207925
71545,48.89440777079476,2.3138121984915094
71541,48.89428497772776,2.320667528928838
71551,48.89488023196223,2.2952836621248895
70147,48.788822187981935,2.2801916506316573
71556,48.895001279132465,2.346770797229445
70143,48.787637992956924,2.366497079427331
71552,48.8955281649499,2.282480949821867
71563,48.82909336432636,2.4767472410646048
71568,48.82966327350029,2.4612872261328334
415269,48.618078208492804,1.9993097204897976
71576,48.83333545837056,2.3865414125370745
71571,48.83062782235048,2.3817903809805916
477285,48.900845439507385,2.5566630116886944
71585,48.8355906637052,2.3973239239073942
71583,48.83520995004328,2.4990216482054732
71597,48.83700941107376,2.37326090526581
71592,48.83597441800006,2.488401406729553
71594,48.83651692812614,2.479690414123834
70101,48.78563449759608,2.3920211217336553
70102,48.786443472091506,2.3289112150709332
71706,48.85309172597157,2.4388445671646877
71709,48.85361958843318,2.3773813540823467
71708,48.853786927546565,2.453024300292038
71700,48.853769967275305,2.3821018442101725
71701,48.8528445308953,2.423733527829121
420435,49.02218776562729,2.1894435307449926
420433,49.024089921509066,2.01949089062127
71752,48.85857671272014,2.416998370823861
71751,48.858011582264716,2.3902225142300364
71737,48.856885626806275,2.4711322952312234
427777,48.951056973246075,2.440620719307782
462549,49.05948345943349,2.068608193861828
477476,48.71592820873215,2.4368584502922266
71721,48.85570839641228,2.378692040274357
60831,48.65889020277921,2.367384266842345
65025,48.9458663231036,2.2544057553142594
463655,48.81975870962722,2.436350002754788
60843,48.660500928064465,2.2418335395686433
65039,48.94646368145432,2.220373822286865
60852,48.66070962341703,2.345345110012437
60855,48.66148078779202,2.340827402614958
463639,48.82183322406243,2.432854447288294
463633,48.853168693949186,2.3928958260961504
65018,48.94500888493552,2.1776148271238127
65012,48.94380460358153,1.8644327082386354
65066,48.947461501930015,2.240627204409331
65064,48.94739627107769,2.062996954773349
463625,48.8647675803212,2.385324728052639
65049,48.94665755316383,2.1946074423802284
60803,48.654487324345936,1.8207141531490625
65040,48.9469120381281,2.149424834033016
60816,48.65763141094722,2.290774850861218
65051,48.94331004699915,1.5419086795084764
70096,48.78561932714392,2.470058058648159
70094,48.78567017724108,2.2787719629640564
70070,48.78402241669625,2.3456422843054017
70078,48.78381573318512,2.428054962925104
70087,48.78451863834734,2.3385722125819135
60759,48.65027047880286,1.6924678400339601
60762,48.65217353508607,2.32523035741011
70051,48.78243690891102,2.464333436112264
70066,48.78264265074605,2.4731845281810823
70063,48.78290318048344,2.266737976554929
60788,48.65401381864099,2.445752241402796
60785,48.65347722411801,2.31409443935998
60778,48.6532278332831,2.2952468830899853
60772,48.651601552505994,1.837845417767153
71663,48.847152684415924,2.4091953997807645
70017,48.77930751827809,2.328268089103664
71677,48.84970057640011,2.456242370379217
70027,48.78319223431259,2.393716812864536
71647,48.846138490294756,2.418799948466727
71652,48.84737704700442,2.4860342440093497
70000,48.77837886792666,2.4050408358367377
70007,48.778491432120646,2.2974066461032026
478505,48.6894852144603,2.3843358228032505
71698,48.85269895827785,2.4433256591452777
71854,48.872872567383254,2.4218145796230854
426008,48.42118740226786,3.237448192819626
71837,48.869980095874766,2.420653822506665
71872,48.87569810577361,2.369584485071069
65104,48.95052108767849,2.263289267704041
420729,48.65460481489867,2.4105147467295853
71863,48.87287999819676,2.4196331403069578
65110,48.95048891267196,2.2316588256042893
71857,48.87278155508382,2.397882036156337
71810,48.86630817572864,2.469550780266137
71834,48.868956556425495,2.3805857167861584
71824,48.8674452794576,2.4089652533854546
71814,48.86700803989308,2.5005288864842714
71818,48.868362723326925,2.4574176083725723
65169,48.95516832501891,2.2890182067102978
65170,48.9549555632572,2.241815016246506
65176,48.95593601094344,1.9182942678096706
65184,48.955647482379334,2.0624317686655997
478180,48.962739090914916,2.8727948533950247
65193,48.95597376607876,1.9680290605272077
72912,48.76595848919849,2.5360332454519865
416524,48.87641251467728,2.499934229598951
65125,48.95241341501446,2.208848864253955
65123,48.95187553275427,2.152511519291254
72925,48.769936728752185,2.5485158186376142
65130,48.95209092022873,2.1626875543710766
72934,48.77402977916453,2.5176457502916185
463776,48.838699605454494,2.3722868594861715
65149,48.95128204035273,2.0442951752537795
72961,48.78006905337474,2.5120578190879788
65150,48.95497133577114,2.042308751795561
65158,48.95347381912916,2.068540694872844
72853,48.730983663238575,2.524406337531407
72855,48.73117325821732,2.54536340431219
72864,48.738178998124845,2.5534817208851135
60412,48.62310344800969,2.3154286624109632
463799,48.86856563393972,2.403663182277127
72877,48.751078923357845,2.5340436220850613
72869,48.744395071532644,2.51126236676191
72886,48.756755575893486,2.5378562172419437
60462,48.62964692217858,2.4031083541590057
72896,48.76075650324032,2.551628916910536
65092,48.94946478506162,2.149881452784886
65096,48.94995142562728,2.060841330392034
60458,48.62933459446775,2.4929453475555565
65081,48.94897282060623,2.2564911906470435
60443,48.626792166020955,1.8237672798207138
60439,48.628544103717985,2.4574612786897023
60499,48.63268384203137,1.943691877404232
60489,48.631655279785775,2.4722209672488438
60470,48.63108731587032,2.3979758422466992
420712,48.71503285284931,2.19781785548011
71768,48.86100576392274,2.447503192378001
420704,48.71869860474115,2.1510674752859513
71776,48.86108949131989,2.477148302951687
71781,48.86192816533339,2.3753874025876054
71783,48.86229238765944,2.4986998865141086
71799,48.86399305542616,2.4092157025109944
65223,48.95801149090193,1.807651079947867
65228,48.95964674455901,2.2513471182203837
416623,48.69711502718565,2.3328979754091796
65235,48.95948278617629,2.398755794764934
71984,48.88956223776574,2.371482772762172
71979,48.88789519359344,2.4572277182759548
65200,48.95631311042352,1.8581438857775254
71972,48.88715231174162,2.3871469927328595
462307,48.77208853653497,1.9612621027010848
71966,48.884811296855425,2.4755601097055515
427552,48.61388501648264,2.6003808338868
71958,48.885003494874724,2.411459212404145
71946,48.88306052826744,2.4908160499011864
420661,48.903258700635114,2.256086925849479
71938,48.883208351081876,2.3879433998356743
71929,48.88242756273459,2.4152586751623932
71921,48.880405205793956,2.409077247484752
71912,48.87974145681947,2.464907518146878
71906,48.879492388736644,2.389364231673402
71909,48.87961655436696,2.4160538107865652
65286,48.96226637620866,2.4543072310838587
65294,48.96282690880787,2.2365650737950027
59896,48.55500474291836,2.2822915697332453
416666,48.67670061003514,2.2975587474705095
65278,48.96215495787482,2.0648683681288476
60606,48.63787420517152,1.8173083533746335
416638,48.687765732380974,2.321089353797679
65241,48.956692383366295,1.5078609015595255
60621,48.64212816779685,2.3649129478805904
65258,48.959696510187044,1.800763230636592
72990,48.79167657564763,2.5771853454856046
72997,48.794639412031145,2.511002668689316
60518,48.634263673455735,2.4651172522847777
59961,48.56818246237114,2.294879327941865
60512,48.634766476560074,2.288662174990973
72974,48.78619121067813,2.530456693887877
72971,48.78567675771956,2.580759088846954
60544,48.63742610946342,2.471307727704515
60538,48.63671233719366,2.4391427292656087
60537,48.63641931772706,2.34390496833083
72989,48.791753622502426,2.573557093666544
59997,48.57282219872711,2.1742933772512676
60563,48.63905341306105,2.4273434584942613
59922,48.56263998884882,2.2498495783817356
59926,48.56300676850509,2.4918455321306805
60557,48.637815638107995,2.2398277309955588
63089,48.709854693387776,2.2303396670667954
59939,48.56538927271411,2.4470690469162073
63077,48.70939708925235,2.399744320505452
60579,48.63969168134229,2.350948953644721
63064,48.70324955043023,2.0356288017027007
63061,48.70845003734082,2.256346039003898
63050,48.707523826329805,2.0408504071024125
63059,48.70791512558414,2.1756314135115282
60597,48.6411757187324,2.3459831133350075
59907,48.5588158939861,2.2087602508132544
63039,48.70745328728663,2.3776143554478
59912,48.55989895294054,2.3097288117359156
63019,48.70609388806578,2.418373356660152
63015,48.706884732651986,2.1807848931139473
63000,48.70522648445741,2.2358778096825724
71884,48.877158795910056,2.415522348405778
71896,48.87869992450502,2.4236178810512086
417391,49.0580723142183,2.1317242237813843
418836,48.7607323200078,2.1324666313671305
418870,48.64137622118586,2.5762756649097716
420955,48.97636203121787,1.7829939974125217
479066,48.746485639938214,2.755734772029429
479080,48.83031044519678,2.519229653160116
462627,48.75543660036945,1.9318966385058123
69057,48.971757896578715,3.194593760034016
69058,48.97445084131931,2.900597964907515
69047,48.973059926695136,2.6320557982106814
69077,48.97863109256739,2.841083228150041
69065,48.975749152022765,2.642637105560144
69092,48.980043774828445,2.623782211453487
411333,49.16939159144406,2.3606683056934044
69017,48.96733212395734,2.8840855249000814
69030,48.968115436244965,3.140254963841482
69028,48.97023871573919,2.574339946589142
417540,48.96485802468688,3.2361885009426676
417482,49.058581816230216,2.714403479736056
411397,49.231226048139426,2.8876260684564095
69194,49.00801413203069,2.78433692695283
69184,49.0030720891422,2.844848976963812
69176,49.0057903891956,2.506452440060013
411419,49.1261949449139,2.5069908684194053
69118,48.985968890018725,2.650272714169269
69107,48.98354224603405,2.6970139642904725
69157,48.99625672376766,3.194822167311167
69148,48.99682087842269,3.121569511803886
69144,48.99369598172169,2.945716536705634
69132,48.99170529799792,2.653158292036277
69127,48.98817382746885,2.8608181290734285
411496,48.76844125160769,1.5132911122023451
61234,48.274009268064454,2.820935373494828
61226,48.27187531774091,2.734024954034446
419945,48.87264081281881,2.70639112649012
61200,48.26419009345838,2.679096052977224
61204,48.266194630046435,2.698894005316852
61268,48.29662585530568,2.697836889912478
61259,48.28439711322346,2.966506839252181
61280,48.30697042226496,2.7076430864348167
61287,48.31244336656332,2.8134537214414497
422804,48.94170063351314,2.206472569331252
61119,48.20326690816869,2.5462432398958144
419816,48.70961213534511,2.5186209028743587
61132,48.21732462161108,2.5612894737038645
419810,48.711911649589936,2.5200879742928706
61140,48.22685674861456,2.65914393567312
61147,48.23188046569069,2.6845045265353042
411603,48.60211100559261,2.2989254736502014
417679,48.95886074469471,2.8745590952838023
61176,48.249458377662584,2.852751895694027
61185,48.25626528055144,2.7058425278539304
61193,48.26072027581751,2.6938991341557554
461992,48.55827644810277,2.4410187382733604
61035,48.67975311653858,2.3159027094049804
61029,48.68113035442288,2.1851209366574373
61015,48.68024989200358,2.402483168556484
61007,48.67893086868853,2.1844353009741506
61083,48.17680481220839,2.8716559637402876
61081,48.17575193667506,2.7443366103088964
61067,48.15247468196249,2.83281101851797
61076,48.16911983215176,2.7165442806544826
61050,48.6830849220966,2.3102964122082885
61058,48.14816531812689,2.7010927320796077
461840,48.4396955134648,2.149031868839252
461808,48.5429707442738,2.8094161117273115
422764,48.60687064702473,2.4203775194821544
417815,48.84503670535119,2.4337874178616854
62766,48.693744693767265,2.4305961772868927
62753,48.69166324401761,2.1591625921838977
62748,48.69196592484854,2.4971134190086755
62738,48.69213856231196,2.117871506062862
474398,48.735948462536356,1.6598604852611427
61686,48.45254894459459,3.3500968946730683
68591,48.89366753578379,2.7086252205000063
62720,48.690331214797006,2.4111512190043887
62711,48.68980362112053,2.181480528761953
62708,48.68962357806122,2.3323142813721405
73281,48.88447014090673,2.547331966209753
73284,48.88569175979587,2.548139548326241
61619,48.42701260252899,2.7431076084901553
73297,48.88934874605209,2.5118111626321116
61623,48.42905558328989,2.7606913232936363
73263,48.87639871297878,2.5496994894558584
61612,48.424177892752716,3.003777917021553
73270,48.879675806948875,2.5250256637177584
61673,48.44912667799545,2.6194850508257805
62792,48.6933530194471,1.8656959798049322
422463,48.806595930955446,2.1630150882661785
61658,48.4432239441165,2.7602076132021947
62785,48.6942814250307,2.3726353160334694
424596,48.68546430923083,2.160247202255971
69680,48.74790976558788,2.459648537376179
69685,48.74871606834294,2.473023582521498
62773,48.69313560866504,2.2947292408823685
73213,48.86073680589592,2.5367022010843385
73217,48.862727843602556,2.5458306790097525
73203,48.85833053380094,2.5083877451373624
69796,48.75987229971012,2.4430503605376392
69765,48.756265476834066,2.4967117365032894
422378,48.97545543689255,2.1997416357471336
68613,48.89755311411953,2.7906595689122633
69747,48.75461822575116,2.293953143844928
69748,48.7549331297524,2.3179578968802845
73254,48.87446097484082,2.5119166204491066
68622,48.89916081548718,2.706207459502438
68624,48.898793339895725,2.5902760492874912
73240,48.86937911869723,2.536638961639264
73245,48.872244390306605,2.566906369220615
69721,48.752763881774534,2.3548958826407573
73236,48.86797078669839,2.51931149306133
73232,48.866340775157724,2.5289300309116283
69731,48.752545991962585,2.373091428029609
73226,48.86541921735656,2.5154773463589155
69737,48.75320243413678,2.498727174342144
69709,48.751081265311896,2.495870802757616
69704,48.750257946805334,2.347262366685982
69715,48.75119313734182,2.3689727327715646
68669,48.906163548840375,3.2094773737259765
68663,48.90459004192329,3.228998806942524
68633,48.90034976070335,2.8618509002512598
68692,48.91289851034323,2.594169456273881
68698,48.914789538301505,2.664770485767878
68679,48.9116970654894,2.6667618760072473
61579,48.416057973421545,2.726598898785327
61570,48.41488185802519,2.6995221650799857
61569,48.41466962928837,2.717497456954949
61566,48.411254879812184,3.242281693062404
62606,48.68357681351324,2.3448889886416966
62648,48.683985112687736,1.6403994089474536
62640,48.685654104051345,2.3472538765096798
62639,48.68417582726524,1.7628359601795252
62632,48.68513937895754,2.333071156831616
425786,48.764952821287444,2.488009079081792
425771,48.269786903212555,2.6759150517575003
474220,48.8041313313079,2.3428711195305856
422532,48.9937306202662,2.4512984245516902
62693,48.689090856756394,2.371671891372105
62690,48.68778359612323,2.2886608455427884
61513,48.40077309140347,2.990265554270492
73163,48.842812805402176,2.5805379440872223
73172,48.84617068197163,2.5071125607831215
73181,48.84906441847512,2.508774957373601
62660,48.68714773047034,2.1120052554683255
73187,48.851479028894545,2.510939453479922
62667,48.6854070271665,2.3167932460840697
73190,48.85316099787721,2.514085412827417
62651,48.68510860414435,1.8459991618386622
61526,48.40510040670906,2.720730922622557
61552,48.41128712325007,2.7252453376755463
62686,48.68836577175967,2.3579729035077412
62671,48.68700098274881,2.205991619076466
61545,48.40971363782699,2.692626252202194
69885,48.76978660967693,2.4135544392094075
69881,48.76893185971733,2.481554700793037
69890,48.769738340144265,2.4767436068298294
68703,48.91499359982743,2.8145417879869914
68714,48.91785976840988,2.602727162266425
73117,48.831398870063204,2.581481189042928
69846,48.763698619076,2.4055822922290213
68728,48.92261921508225,2.9539510826435036
69851,48.766327191939276,2.2522968920574096
73106,48.827476757209524,2.510190678102583
73135,48.83467604842971,2.5407756075039853
73132,48.834366378137574,2.5114201541994206
68749,48.926310053543844,2.7193124221080427
69877,48.768468832493525,2.4682933113433103
69871,48.76805304855387,2.336631084564859
69802,48.761342917430355,2.3301113840636707
69809,48.76232937482469,2.253762256274628
68762,48.927541024089805,3.068373659867704
69814,48.76271817120677,2.281973317504667
68771,48.928747714740766,3.126992386302633
425818,49.032419445727946,2.3579379200831223
69826,48.763408483186225,2.331159672756124
69831,48.76304759260248,2.392386225339709
68791,48.93848429637131,2.6396170093620266
62964,48.70317946343641,2.4370909419583424
62949,48.70203490689166,2.2098875547818273
62936,48.70136548302259,2.4928988247494153
61499,48.39901010752752,2.996642708323196
62926,48.70098275784229,2.371827882885002
61488,48.39576637927322,2.853537813458063
61485,48.39568122057129,2.9666858856496927
68380,48.871714234348396,2.68165261658676
68375,48.87068147049175,2.809185180994101
74103,48.752102755558056,2.472084876416186
68378,48.86936069823397,2.7186173238526563
68376,48.87087384357793,2.6904031271992355
423786,49.065078369477824,2.5928081974148474
62981,48.703890404358525,2.2295305834801997
61457,48.38735844313493,2.820434662971113
68351,48.86983582336996,2.7927817335324367
62979,48.703452920306404,2.0142888249876654
68356,48.869640625450906,2.625486181201043
61434,48.38540814992999,2.7814405021609097
73088,48.82005735588979,2.5015710892728307
61423,48.38231345153734,2.81628529242187
73096,48.823482839708596,2.5809990100809737
73094,48.82346868545366,2.509846958721822
61411,48.378959485131055,2.949983939014114
61407,48.377846320451965,2.783869030020049
61400,48.375854076423074,2.929318583186403
422211,49.1472924008162,2.2932274466238773
73045,48.808737005463605,2.5380832512608538
73052,48.810379600723486,2.5178950902349007
423704,49.003492852548995,2.3962851233593945
423709,49.07016702014932,2.81531457215509
73032,48.80575652609611,2.516712398834622
73017,48.80152137905467,2.533933400478585
73019,48.80219972172378,2.539557089700182
73005,48.79794225355947,2.5027898178232655
73009,48.798643643041785,2.5564629500153724
69970,48.77596663771615,2.468570732722846
74196,49.06713179229665,2.112646257925017
74148,48.64824879696435,1.5367668141081634
69906,48.77016154131375,2.311091571082227
425907,48.97188135881208,2.6483527574063555
74138,48.446265044612794,1.779624169267478
74131,49.10523268017009,1.456680993209956
68462,48.87921781830846,2.6238833821794585
68430,48.87702195985535,2.7201575102994062
68442,48.878130552908424,2.711711751170058
74114,48.776527556943485,2.5878339706815257
74188,48.87374575207768,2.2551586938576436
74186,48.88931301111519,2.3224848697319977
69943,48.77391512629272,2.3314060422367904
74183,48.67485294601568,2.3186220925036136
74175,48.91235921018406,2.0007540148912835
69950,48.77141595816419,2.435314088777552
425951,48.83033421408361,1.9936076036146528
69929,48.77289998937284,2.3765345537825198
74160,48.60691769814729,2.484393193565838
69939,48.77331331091585,2.3992745743261126
69931,48.773002241752856,2.2766065177065844
61376,48.36523371539271,2.9746643309074625
62823,48.696561657811074,2.2698990762918023
62805,48.694516938432464,2.3911787565079354
423856,49.061960974834264,2.702597079572861
62810,48.69533324470778,2.1733229403551637
61394,48.374321119058855,2.8168331041716015
62842,48.696654323048605,2.312746579656178
62828,48.69628404247264,2.195292926077081
61387,48.37201646417012,2.821769844028689
62835,48.696296032863984,2.184476876514326
62862,48.69675097438238,1.8560354904250873
62860,48.697731107511345,2.2031653493997445
62857,48.695897021323766,2.4454644074128815
62854,48.69694260796242,2.4316007907903305
62884,48.69886632695456,2.195402642325936
61359,48.35936497307576,2.984643693454426
68496,48.88336159878785,2.61336053948022
62874,48.69842421458335,2.4254429193616187
62872,48.69815485813498,2.358484505054513
422339,48.97765071562685,2.191852587902869
62895,48.699521529281974,2.4865778300299364
61315,48.328730930631195,2.846674595356986
67016,49.06946439717966,2.1422562163605066
67010,49.069338758003596,2.4270425807821643
422291,49.1048239294745,2.341881360382836
74082,48.77794407456939,2.187004690312576
424514,49.13145896860553,2.4230125299331755
74093,48.98742975590549,1.7083089774091442
68506,48.88416224390732,2.6290771610987904
74099,49.02893942827369,2.3187554623119024
422231,49.15662024008661,2.3285018758502862
74003,48.895544134094486,2.325459040057051
74009,48.71439567864485,2.372183137976564
68564,48.89001291738347,2.6040170123657265
74021,48.923079047774976,2.2969556012374466
74028,48.90909526672066,2.302417560894959
74015,48.95312088813568,2.4652789838028095
74016,48.83445828766748,2.716966603296467
68512,48.88505931231434,2.706000653090066
74041,48.906542009304765,2.365643446765684
74048,48.6789668955586,2.325523006772464
74038,48.8524414046845,2.4627279941530187
68535,48.8868506757206,2.7030654313186266
68531,48.88649755459846,2.6879783479880746
74066,48.640876058575756,2.4623350684323757
62909,48.69994072543124,2.2657481220397817
62920,48.70080384023388,2.2879400904723584
68540,48.88724479718768,2.7721070612061856
62915,48.7000396346355,2.4899358482858385
69268,49.03613675887481,2.8772990504055906
69277,49.03979388317024,2.806983931434793
67134,49.10192067374358,2.1322771416962945
68198,48.84712454987162,3.2288144200838444
67104,49.090016568471654,2.501044045482967
69252,49.03282484781647,2.580979034596722
67114,49.095800666032765,2.49307441561118
69258,49.034357726795676,2.8038040619013245
69232,49.02045806513389,2.9627920534067425
69208,49.01229115285893,2.5218719001347987
69210,49.01315947613408,2.706772474406903
69212,49.01400527688946,2.541760214012357
412736,48.88629802874895,2.1751941193140336
68131,48.840703308246106,2.648774592886484
412722,48.732583706751825,2.2659419164588455
68149,48.84349391484297,2.715807055052251
68112,48.83834880192375,2.5847633318264918
74317,48.465160791460754,1.777575076560868
74316,48.949602084504086,2.312974729439362
66039,48.99652541376752,2.2549565817189863
68171,48.84571109465332,2.8173841037154137
66048,48.996444776716764,2.3321437619608685
66041,48.99462085912987,1.7142597888314908
66014,48.99523918164863,2.2874791267861148
68152,48.84424659992993,2.6221736527813055
69283,49.03973519454762,3.159479937068495
66029,48.995223466385305,2.284083398189341
69291,49.04599837189364,2.509838647299186
69293,49.04634127950783,2.66457065765517
412693,48.80463563468544,2.366311053300744
412680,48.79717070983783,2.3421828160771536
68228,48.85251010218896,2.6687416698677127
68218,48.852862820268406,2.655118240474836
68207,48.850038463678345,2.824455068954314
69315,49.05324794069755,2.67476595475759
67092,49.08591467554807,1.8983676477845435
69306,49.0508900498998,2.6204163911735683
67084,49.082855921567514,1.634086017156374
67064,49.078769456869146,2.4991743910689714
67047,49.07466118571663,2.0731466892666086
67042,49.073824379969395,2.0771650457185937
413760,49.10512520231537,2.5756495919321227
67024,49.070753076700804,2.091850041602307
61958,48.53275039809729,2.6504512963848774
61963,48.53356431860433,2.6550037709224283
69373,49.071315237325685,2.8106985410450425
69372,49.07110870228,2.805238883859011
61974,48.53542918138125,2.5197120207638797
69381,49.07373256399073,2.8246151521644345
61982,48.53685849458018,2.6587207581423713
67253,49.13909137928844,1.9851094183425606
61995,48.539568921972894,2.6368592628799723
69339,49.061314014071435,2.607252558781886
67209,49.12768675574216,2.4295211693151697
69359,49.0681537747031,2.804476804204913
74205,48.26162909864473,2.713682069391677
68230,48.85203014895285,2.818213689707858
68247,48.85457759716705,2.6373898908050126
66115,48.99832875620122,2.3225324771969347
74226,48.7432086196008,2.758605957928031
74224,48.6581611141909,2.2437887069747804
68252,48.85459462179303,2.7058590920926227
66122,48.99904385630477,2.2861149373983847
68262,48.85606614108797,2.590073698598403
66138,48.99773750201779,1.6881319778057329
68272,48.856338318700146,2.7553492853564103
68289,48.8569669163391,3.3177598181716235
68286,48.85972541163908,2.851968054304418
412655,48.63791275577209,2.4239696625611806
66157,48.99732744802272,1.6301501274624712
66166,49.00058574615343,2.1085346266252585
66062,48.99690586083808,2.207658887072043
66054,48.994983395996385,1.731846997146739
66056,48.99732075740856,2.389393929124877
422080,49.0902668111583,2.3687287622836433
66088,48.99746246850165,2.112455870811124
66073,48.997454757292566,2.3473686778131944
68320,48.866252021907414,2.642256871386257
66096,48.99795403789273,2.3735608537683706
74241,48.65133222953893,2.2910978221451006
66099,48.99617219666582,1.684392479907191
74255,49.11446043154315,2.023883727787766
74265,48.78141941268558,2.299001886542991
68336,48.86789358313076,2.6771569836630875
69413,49.0854303562543,3.0767404259980284
473139,48.344934327653604,2.3796339547557164
67189,49.12285542307872,2.211651542130807
67186,49.12178897153852,2.3955441722417974
69436,49.095473630029225,2.5118218262379153
69425,49.09170289523666,2.5359532779934506
69420,49.09015772254559,2.5236525275628
67152,49.11039296116094,2.422158184862815
473197,48.83755899150669,2.3191384094292404
67170,49.1155095593572,2.2164889445699467
67160,49.11093753900382,2.224837514012536
67326,49.157694466669426,2.3333202183090753
69460,48.77760245025945,2.231184519118733
67336,49.15832772529726,1.853305989340988
69473,48.78828353348148,2.2119231502968946
69447,49.09924470781208,2.5094174507291815
61881,48.52025209354905,2.6373992390476104
67312,49.152994142889625,2.01017610868596
69451,49.10156759851475,2.54331423512041
61863,48.51862618568327,2.63816878369165
67365,49.172773060038,2.041050138584292
67363,49.17067577828731,1.7640551868979617
61878,48.520696229412344,2.5419471348613896
61846,48.51173248647014,3.294438839440257
67347,49.16048073076863,1.9344841686965564
69482,48.79744670633045,2.193439728023377
61851,48.56664924462588,3.32293874408028
69491,48.80574934056666,2.1843177774467475
474150,48.858243480448024,2.273869241020442
412432,48.80645620956534,2.314043473509621
67293,49.14790103108711,2.150263946729817
61946,48.53098752143636,2.6726757791562035
69513,48.815217828376944,2.1966035919850957
61950,48.531658197712865,2.535119710005044
69501,48.81122173285001,2.183585342130519
424842,48.91674330446959,2.333917122704621
67275,49.14491324361252,2.2984336367904814
61931,48.5298922891873,2.5344242939334682
61919,48.527358789625836,2.55167413425
61906,48.525536842367345,2.5928469340709412
61911,48.526062376239175,2.6743316840809133
69554,48.725171193425375,2.4192621507301793
69545,48.718792875274055,2.4445145548558065
69537,48.8226855447451,2.2214892663904613
473026,48.971233763180656,2.074198644313045
69522,48.817966180661074,2.2218661644954745
67429,48.69094914059362,2.525558542203031
67422,48.68857629650031,2.6022960186177744
67423,48.689495551261786,2.620799203835378
69563,48.72884144690841,2.424007098830484
67436,48.69147226536478,2.613142762241633
61776,48.49435213648874,2.5444780118716634
61781,48.4985471342083,2.7818829998563883
61785,48.49783327426437,3.2494492423449546
61791,48.50338735731477,2.563290902225015
69597,48.73616210074188,2.3109689196994627
69590,48.73480752294806,2.4532845311301084
67464,48.6977714758893,2.5244028092594686
67476,48.69901187770768,2.5063670184010176
61735,48.47721110004365,3.294103160382557
61726,48.476374468664694,2.5554718099534517
61729,48.47352486078359,3.2950363412757304
61745,48.4841715425535,2.6959522410432353
68093,48.83498929043124,2.6386500802485156
68098,48.83548672370351,2.5919793488971403
67498,48.70394742898123,2.512435589738391
68038,48.82590900058218,2.6367243525220387
68051,48.82816711061484,2.6296322133555132
68067,48.82898375797432,3.0315136512471006
68007,48.82283308828133,3.043175488343422
67407,48.68560319079751,2.529315628086702
67413,48.68700618089306,2.6021313598868634
424919,48.88943482096895,2.3974303435079602
68103,48.83611633673317,2.6564074856098734
63985,48.80543233926195,1.769927487885236
63982,48.805660217002035,1.9539961798484886
63948,48.80272246833464,1.9007551364393904
69618,48.73932908344978,2.4439561668811396
61813,48.50899340604722,2.6632817721785482
67382,49.200703776092716,1.677339795784775
69605,48.73711070123781,2.4693672398640265
63944,48.80325967907211,2.018264369461561
63970,48.80523465833141,2.0178050830764263
61834,48.51199469750676,2.9708430700891286
63976,48.80575019185752,2.015419273875948
69631,48.74059156939657,2.4524488437460157
69629,48.740610804738495,2.311909759244068
69626,48.74031185145511,2.2802755170948514
69622,48.73969546389572,2.2884841505681393
63905,48.80004414712006,2.1415202402929556
424956,48.905531632628765,2.4614297157665135
69643,48.74223329747005,2.472483829783997
69649,48.74253062805368,2.2865415731578747
63928,48.802148150730524,2.159144803492417
63936,48.80301063771922,2.1456922669531586
63917,48.800825392831264,1.9820864884209073
63920,48.801199159589004,2.024756862717177
424928,48.68682168204954,2.2910173705185475
60509,48.634543778469705,2.3027253411522843
60511,48.63416753064054,2.3304364363198853
59968,48.56938625218025,2.4381825572474263
60526,48.6355684447712,2.4388224830887566
72999,48.79594652399417,2.5603928756622403
65253,48.96150967824269,1.9940322980320078
60623,48.64253940928015,2.4035856722129445
416635,48.69188370186738,2.3287393646667525
65246,48.9605014334742,2.2315052591238147
60612,48.64261038536931,2.2924443987363388
416644,48.6808382127628,2.3067671554803026
59881,48.55129188688134,2.4223267116612393
60602,48.640377492141674,1.8339817748731948
59889,48.55396120411725,2.418137283979692
59892,48.555670011277684,2.3686707073783384
59898,48.55638696616054,2.2114665548932373
463843,48.98118031645971,2.0057139532647543
65280,48.962958370290416,2.4561914705291614
71900,48.878369925764666,2.38180998777039
71905,48.879353045863965,2.491336343551235
71919,48.88101348507045,2.494804001834214
71922,48.88066067913644,2.4236643578526196
420662,48.858402438111,2.7859375641639508
71932,48.88260035114224,2.3860005878488284
420660,48.928888334857916,2.2999957437480534
415135,48.858166860121905,1.4393954350146685
427560,48.61153796215623,2.591310037405527
71955,48.885121239462414,2.434967521257981
65219,48.95907810378852,2.3204560395484517
65216,48.958229856299674,2.07069515048118
71967,48.88483623776973,2.4040086860776384
65206,48.95668542921172,1.830064675987055
65204,48.95590871085878,1.7167807588013428
71988,48.88976853464691,2.367961686425024
71982,48.88921513758982,2.4147869556455994
65234,48.95999232204952,2.2821239872748142
71996,48.8908195069809,2.4266818713819953
71992,48.89062578478648,2.4163667624158722
65220,48.957370088126595,1.8478303466391197
71798,48.865231559676936,2.4835066765716847
71788,48.862031217865656,2.492214256467423
462253,48.45702888318183,2.171433983778575
71772,48.860648737655744,2.474051852655931
71764,48.860551999995394,2.410822203365812
60473,48.6291452859929,2.447352219633308
60475,48.630301514525605,2.3611224831132334
60484,48.63134678172029,2.3287083330318072
415026,48.7896311102413,1.586772762902734
60434,48.62547731255212,2.413000248846926
60442,48.62663729746619,2.2631940592975233
65086,48.94859831612438,1.9224270891771977
65087,48.94924897471221,2.180886148177677
65097,48.94961486365369,2.1444310438126397
65091,48.950537642907584,2.160473268155204
60464,48.62957417601678,2.0818849931809305
60460,48.629644157335726,2.4226222296508033
72885,48.75640577783097,2.5266232882299553
72870,48.74539176503233,2.5119534431261283
60402,48.622240635716274,2.0244750805817135
60407,48.62287102627953,2.317249881639007
72860,48.7352699126473,2.5488494765860383
478242,48.954865102328064,2.9114908234395687
60416,48.623652075214565,2.3344583672594954
60424,48.624160814144645,2.341833330595735
72950,48.77649467401778,2.526774471023231
65154,48.953042175234295,1.8603118390187479
421823,48.69507022204596,2.316483519154994
72960,48.779221737933845,2.5879759976030225
65146,48.95397387874829,2.1618925471816235
65139,48.95162987651616,1.7356012568121753
72933,48.77252399957603,2.5453501923413278
72926,48.77072313496631,2.519547227761652
72928,48.77120239748961,2.532666573568129
72940,48.775221382397916,2.5232207604820753
65122,48.951515156030254,2.0385832127222767
72935,48.774107959280755,2.5293543323505174
72939,48.77478612609495,2.5112159040173356
72910,48.7654071897148,2.5250586816501595
72902,48.76344835404745,2.5165599093214412
65187,48.956148577747946,2.227254423085524
72918,48.76890941951713,2.523686603080766
72915,48.76652530160396,2.540735733550239
65181,48.95595804995052,2.2503624075618274
65173,48.95542871048244,2.2230114600289466
72900,48.762746394155926,2.5109341025165923
463703,48.82382750178453,2.4100658331726366
420779,48.907609655937506,2.3169396942557454
71827,48.86853264648225,2.3890973683985344
71830,48.869325557538566,2.423857934750382
71807,48.86530890328263,2.4435794022576673
477557,48.79006961714191,2.135293401871873
65111,48.950130781833714,1.995331117030254
477561,48.79088127026226,2.1550861129039163
71860,48.87184742776555,2.404409520802737
65102,48.95032424963357,2.0682830574674504
65108,48.95008778707442,1.9180540536848558
71841,48.87002890995582,2.450065863844125
71846,48.87155171699989,2.4304999092192427
71850,48.87195533314611,2.391886130915818
71699,48.852700859949955,2.467454285822069
71693,48.85135458016637,2.3759161615561943
71689,48.85139553389278,2.4160975085604153
462586,48.7090412223429,2.5844929474807987
71657,48.84780839514557,2.4466415342125925
71651,48.84749214697868,2.434782751025897
71640,48.845918064816374,2.4701057939856654
70023,48.779705604122114,2.455025637319784
71673,48.848837716955956,2.3963326474955293
71678,48.849851098477465,2.498955844254499
70016,48.77867292335528,2.2915863359192925
71664,48.84856447421542,2.4546121622063932
70044,48.781490411950536,2.263702423074029
70049,48.780017820123895,2.2396820838628617
70032,48.779732919282644,2.4024260473559913
60783,48.65275064144006,1.8515192846982895
60755,48.6507286544602,1.8719829269979034
60752,48.65182165932254,2.329823582805185
60768,48.652460947647256,2.3211945281205595
70059,48.782434539933575,2.234325313981168
70089,48.78407690584005,2.3548354071105333
70084,48.782909690280896,2.274434445952105
70076,48.78353580175323,2.2820475292849136
60793,48.65456418186803,2.364117087379619
60796,48.65399113517522,1.8379688398780458
70099,48.7836548177037,2.24659762652511
70090,48.784928911144185,2.3085691774156882
65041,48.946393690953094,2.1762890566003135
60802,48.655844996105856,2.299753160478858
65043,48.94445948676398,1.7353659720540222
65074,48.948878313018554,1.9331194262595486
65076,48.948452182047944,2.209550844181164
65069,48.947988717977594,2.147809754309583
60859,48.66202292909173,2.4265420616617006
65015,48.944938474025115,2.1713083716191837
421970,48.81990552499155,2.279456108426188
463630,48.873202448501026,2.381653180814686
65009,48.94281972407078,1.7372217179947487
60854,48.661611901587435,2.245388626318368
65031,48.9450118736612,2.2163202571775775
65038,48.94630246608879,2.188626068304327
60840,48.659292711947366,1.8606500116762068
60826,48.65726221706533,2.0801295122857213
65024,48.945329827326624,2.1739371365608795
65029,48.94614555788776,2.2048005226354412
71716,48.8545537658055,2.5008935842866404
71719,48.85549939856924,2.4093460796368085
497005,48.71030562778958,2.156028800981693
496914,48.63916224001049,2.4331716881849985
496891,48.996956953807604,2.2513288294742093
496895,49.00252683375474,2.2511802214529073
496684,48.71624458537379,2.2184401096410262
496644,48.80076861598805,2.6072948786790002
496642,48.95485076215648,2.1781419440604854
496038,48.875343880529826,2.6482410570394013
495866,49.00509548886365,3.016756733800071
495862,48.62815313032747,2.4065924603273574
495815,48.56399871539334,2.5139544501896323
495734,49.003388403872535,1.9099661055570682
495704,48.73233706203658,2.430834929418478
495696,48.61102858393066,2.453145888497811
495653,48.90960282978697,2.7826846491690387
495059,48.551493805759065,2.363206168608477
494532,48.61302833337248,2.165858748597368
494526,48.95314140431041,2.39043156172794
494449,49.13298480304103,2.1345453397565874
494426,49.06828339740504,2.025108385939443
494371,48.773019105157346,2.4348272889659834
493508,49.04631078909993,2.0934062754198317
493500,48.97591284972811,1.7032260450591044
493249,48.70497654557652,2.4216609040318477
493244,48.74426153579453,2.363616504122877
492982,48.83305336516081,2.289035435464038
492985,48.82736240199629,2.271452412100045
492888,48.67113365728087,2.534674446775998
492836,48.87398029180431,2.0995352264741753
492624,48.56720667645663,2.503312034917823
492470,48.59476531344901,2.377237980669039
492467,48.689729824483024,2.5109515008677867
492343,48.49532022705326,2.351144143671775
492258,48.729596459332576,2.2570511192409994
492206,48.601042748625474,2.5752525278636975
492158,48.92825993686715,2.0551251486049606
492096,48.402521057689036,2.6927155897455637
492041,48.581786365355285,2.299848233923986
491920,48.904122833430876,2.2941081116609516
491912,49.02018316036573,2.2016228257708392
491911,48.99720231682682,2.2531839167958108
491793,48.875112343755475,2.412668523851157
491773,48.757614901962896,2.7000664533129535
491694,48.85473497484409,2.417606948094585
491616,48.81281543895849,2.0780531010571095
491564,48.880351121644125,2.421015691703418
491454,48.80387422042311,2.17061555219828
491450,48.68461982054178,2.2213784858885512
491445,48.92818754098379,2.176979927807846
491418,48.93031235969713,2.24211273242602
491424,48.80902083553898,2.1491410984111066
491384,48.80018635999573,2.267631849990165
491389,48.93155832799179,2.191271930183885
491394,48.92287874041635,2.197104423534823
491317,49.02522339935242,2.3311446440902217
491320,49.02994475717286,2.339357098541967
491325,49.03510919328307,2.326941773671892
491328,48.925165442703424,2.247360081143786
491308,48.98884005335256,1.7929010113223787
491303,49.15325615924198,2.27180353190839
491119,48.936873970998846,2.184746202874003
490954,48.612597703631444,2.8899376197162097
490779,48.88135850555815,2.4275905327202585
490784,48.917825211955325,2.3450174243970885
490707,48.88114175190149,2.5341958151210258
490704,48.7994783912967,2.069527664491933
490562,48.64710982990854,2.3629180828615763
490537,48.7010142210075,1.855038459544355
490533,49.0504447291173,2.0620463373164277
488626,48.903769682884054,2.204745336871798
488505,48.632334775342244,2.2896723371160466
488480,48.91694129192976,1.9699493736715576
488408,48.86602083581105,2.0707043176337248
488406,49.00097374986077,2.9956129814250607
488104,48.18132117754764,2.759035704413031
488087,48.89828996121289,2.2269811194941327
487929,49.000961487139584,2.4871253436670404
487807,48.90138458192201,2.0719760034336345
487151,48.80195198124128,2.6047740492046527
487100,48.95060412415174,2.6046889238597433
487094,49.061079887788445,2.673204930911351
487073,48.975314900782706,2.0163741728631424
487071,48.894308680958154,2.0763031484384213
486996,48.665293621333454,2.3621262603670767
486698,48.812734648741,2.322839757768811
486693,48.765898833640605,2.285167729047458
486685,48.987740040396886,2.1668135710457195
486140,48.604101600094744,2.2902519811602566
486070,48.69137694692328,2.618455569090238
486036,48.560997176443294,2.2454142876493512
485949,48.74044021489446,2.270305599004774
485919,48.678781071033654,2.164103517276618
485901,48.528068500438046,2.2886534178068842
485904,48.44008263813392,2.1515811755962884
485909,48.60279769098827,2.476119583449999
485885,48.688508861962994,2.173729741418667
485871,48.889870593301126,2.3634599069727384
485837,48.90977388359043,2.538394019836589
485844,48.834111246335105,2.7018332610357425
485812,48.71317315054309,2.395847657380815
485816,48.68824575950339,2.2952978709623704
485802,48.662895353414854,2.307140751455063
485794,48.39756676081828,2.798993372056348
485776,48.963824941728426,2.9042646912175485
485784,48.95980106605918,2.9165692480854024
485745,48.97137849135733,2.916311635675021
485712,48.73448010359169,2.21482901743251
485565,48.70489636801259,2.309342667226178
485544,48.957271256915185,2.5556562059064754
485553,48.964572635159904,2.5922091725251097
485506,48.791517884399255,2.2790246273339396
485501,48.77042424795447,2.2868882546098006
485434,48.567016750381114,2.3281702091762644
485338,48.791729590430755,2.261407141331576
485314,48.85128078849444,2.8222568569494313
485301,49.090618230966186,3.069485370194715
484393,49.02998704788378,2.4474077213905607
484172,48.423237183346515,3.104042948720412
483783,48.63169615991038,2.43126444790454
483718,48.801099640777664,2.0796965937579297
483667,48.9183502037176,2.4723429524875926
483651,48.65164861879798,2.274910919674278
483624,48.64515959369989,2.3037376910086413
483591,48.89242203379838,2.795508149018252
483451,48.83003226054591,2.2380467497643446
483446,48.8313046005639,2.2302767331225333
483401,48.88463505032282,2.2011783207625677
483405,48.94901514538018,2.2662802653089806
483412,48.812530439909764,2.3866553804085564
483390,48.77137004869437,2.503981830988422
483312,48.75286442605811,2.3780864132011272
483316,48.7624685936187,2.3873252200717565
483235,48.908957797621426,2.1483465032625495
482910,48.90476529681253,2.2396539684713113
482872,48.382355578200645,2.789914695214028
482867,48.54790797638273,3.293016162149768
482864,48.66697748595852,2.3328749841558087
482856,48.76542457776829,2.4858139929732834
482847,48.62562650617922,2.2590357259157363
482838,48.90675288780745,2.4866212059902533
482835,48.8172861940655,2.294943209782653
482831,48.88552844051214,2.221436172210641
482817,48.98192802749441,2.310948932783797
482825,48.86574270883222,2.2924062064286823
482830,48.8968318107412,2.3225643402742326
482797,48.846209008326284,2.3486837402384304
482794,48.86812107867316,2.3436316351772803
482790,48.89246057506985,2.3788604009970644
482803,48.88342004382471,2.3397706278651618
482780,48.367381952885935,2.9928438834742654
482770,48.98743949716105,2.306107225534134
482753,48.80374120398404,2.3488260120726867
482751,48.78898725864125,2.267394311812963
482729,48.80937780254551,2.3591658072252297
482718,48.90610142897162,2.445387483378221
482703,48.644210358744935,2.313774758070645
482696,48.85052370253053,2.379571518842988
482604,48.703124713628284,2.6229696801625235
482599,48.231332022723294,2.705590998484776
482564,48.72974077956323,2.228755002027387
482386,48.67933932723499,2.3011635923520353
482366,48.78215761477123,2.190273523385882
482355,48.86149724709039,2.112809494091212
482353,48.879159769106444,2.487138638207073
482340,48.37677549430128,2.7990930740658304
482331,49.07579471849558,1.593760717139167
482100,48.985959005840236,1.9584290595946483
482086,48.97805028129068,1.9113992115345335
481670,49.029122449935656,2.3635852683713843
481654,49.10166175933548,2.0566965315520793
481111,48.831875793533314,2.388369017708497
481092,48.824283835193235,2.55622440038336
481098,48.8110908770729,2.5775317821959667
481080,49.06087268504236,2.676380602773168
481056,48.85086946283288,2.3917369984019636
481039,48.83486795155656,2.247519534323015
480984,48.69413485768242,2.10571110491201
480982,49.14312448724885,2.303158595022495
480962,48.656248249941314,2.2414471237073523
480952,48.80593331617051,2.0749408270199257
480949,48.9549818758453,3.1404448425112843
480881,48.89678708438951,2.3273934369448286
480873,48.9454598802188,2.5196124613901296
480828,48.53011613596198,2.0195043366930405
480927,48.91472234296193,2.084905588364902
480726,48.89961723111732,2.3301190938751803
480713,48.6940378101836,2.5032211068567087
480671,48.70208690243343,2.1338070265249387
480626,48.84675412070693,2.8232397638949056
480597,48.86126749554318,2.406377398193455
480603,48.42210545865643,2.749626144369802
480582,48.87169356064639,2.7957803863410104
480549,48.99218958319699,2.0757042528579
480543,48.43610349430292,2.7717049205363673
480406,48.66715700205542,3.1274231546144113
480345,48.49813977884023,2.363474596248917
480357,48.8797357285748,2.2289337012947796
480353,48.90330216272846,2.3225210601685946
480061,48.62772700155814,1.819145781198354
480003,48.71339326703537,2.2600610878237677
480000,48.95649250632171,2.2939639055921277
479995,48.544749815746336,3.2896250919090115
479996,48.883403936221505,2.3466708201618482
479968,48.85660892721451,2.286206204090234
479953,48.82761499762259,2.2994281297370445
479948,48.832096875413974,2.278000220902424
479941,48.98092797913464,2.2673803884869197
479936,48.78219513104985,2.239793264211791
479935,48.78145261938901,2.2375992843105386
479902,48.605860985009336,2.3002588089665665
479922,48.89525807618247,2.570731668188563
479929,48.83686221432094,2.370919325886665
479910,48.882307645545794,2.077000116750424
479917,49.0675358742804,2.3240715431145516
479895,48.7996379190837,2.4265540845218774
479900,48.91906504687198,2.3119109817401284
479852,48.92821973828314,2.2722989517148466
479607,49.021031265876374,3.1909912307691592
479392,48.53190771664019,2.5391335003019613
479368,48.80782247294183,2.069194967024052
63123,48.712829649171105,2.0685085471556044
63132,48.71179498284234,2.1497932627819623
426280,48.88319923334815,2.4812285128128755
424029,48.956128557108414,2.545882048944736
63107,48.711754278272046,1.9757139443614242
63119,48.711916935544544,2.0633734239949355
63116,48.711915388706984,2.2325723428470496
71116,48.842116296290385,2.2560467503735477
71110,48.84166794596248,2.2812740127760884
63169,48.71660732856161,2.253314252620814
427240,48.78000710451822,2.199486539236909
71102,48.84083957073222,2.2474810074709852
63174,48.71708318016004,2.260396234267862
63170,48.71681931480586,2.486863213630755
70565,48.817525759147365,2.3726438952235234
62097,48.55322977287068,3.0071882599574202
62093,48.55399734554686,2.6738939059182503
63159,48.71544466433987,2.4449986980289284
63157,48.71596447556501,2.4795112913550157
70557,48.816776169850215,2.4766665571272073
424088,48.87868699925895,2.472506197205167
62072,48.547562617968936,3.298054311816892
72682,48.93940709009227,2.3691127101021214
62077,48.551134983129494,2.661988107621558
71157,48.84671355572901,2.307218011389684
59801,48.52782484018017,1.9708749953192986
72671,48.936011744510246,2.480490283223386
71140,48.845127125063044,2.301965690480768
72674,48.93708061871367,2.4588644440602336
63182,48.71846526801299,2.48268755712061
59836,48.53390467893811,2.0082444744577392
63189,48.71897681777111,2.2319588616292743
71131,48.84397618022359,2.354877414802489
63184,48.71837035878794,2.087107928861656
72666,48.93544627726332,2.47557517466497
71139,48.84067243107856,2.319342991047202
59821,48.53135411780082,2.3780587303935765
59823,48.532196007454765,2.438777383542891
62067,48.55034817177758,2.6573796261126215
73382,48.915359908487765,2.5777905922310578
63198,48.71935050490203,2.2663317467362405
71129,48.84402908015722,2.307240069992202
72658,48.935008246676034,2.4500751068453
59859,48.54196018083032,2.3340118959663143
72645,48.932380406562025,2.4063166907370825
71199,48.84918377697637,2.2984077121284154
71195,48.851734392468146,2.318598860931503
72627,48.92861964107414,2.38370372675298
72637,48.92986659838383,2.3857362245855023
62041,48.54611930691707,2.621477235627127
59875,48.54884666252928,1.7895264321023356
72616,48.927208109009904,2.489981409007999
72626,48.9280800832214,2.4952136391024524
71173,48.84863453695562,2.3326822931339906
71176,48.84931593159323,2.3461442775505765
72609,48.92631110113517,2.4597202359087413
72614,48.927056023012334,2.47250714452535
71160,48.846827531625266,2.3295917111734736
62000,48.53701426731617,3.354148872913902
59760,48.521080042981446,2.382249945896277
72714,48.94578727738615,2.4454626190997995
67610,48.73761917084909,2.7140103460368707
72707,48.94333465021966,2.4657891488077013
415643,48.31138786951009,2.0003352320413557
67604,48.7343093835389,2.8682795529511145
67609,48.73752014108431,2.605159647812832
477767,48.82144920759644,2.194382797481626
425142,48.55888937508206,3.2975360040994306
415618,48.85441809233289,2.3718521849492413
415614,48.60419242958165,2.464095184108661
59795,48.52789976951658,2.012048903621564
415628,48.92515486752979,1.997287367477921
415627,48.487803314251266,2.7444814397376436
415634,48.4294368718514,2.75575547540588
73368,48.90974607847784,2.553599384335968
73362,48.90869213103572,2.5319301382850354
66594,49.02885501950829,2.0171786973490855
73371,48.91181730275486,2.5818032341980057
67635,48.74149510846301,2.841845688752117
73345,48.90417050934379,2.564608160752392
67636,48.74167714046231,2.7932290778363065
66579,49.02772862182083,2.1169912993863123
66572,49.02758091704176,2.1931198130464806
73352,48.905629325053276,2.567631280540281
67691,48.75873177170054,2.6732545157719407
70651,48.82346542484657,2.2927348137562875
67695,48.75991340868386,2.6663568306102223
67680,48.754174239770485,2.878022974353065
70661,48.82459812192532,2.2820814135225347
66551,49.02591354716646,2.455251870430055
427235,48.83612835611159,2.1168245041761886
70626,48.82037677596939,2.3515669548924314
66548,49.02505920703253,2.3251030462022593
66541,49.02405395820583,1.9199382779289547
70644,48.82295990414318,2.2758929645324337
66536,49.02375283744872,2.0002548111551697
66531,49.02304701220765,2.0272566658826854
70609,48.82032415744745,2.467492144206335
66523,49.022559942201006,2.0557953656072283
70619,48.8199524768382,2.42323220457662
66513,49.02099796007687,2.022427447570195
70623,48.82090900670107,2.339533882668347
66509,49.021546084071105,2.2160403750017723
415678,48.77794643133296,2.3341646107075724
63229,48.72288605594321,2.287217687818875
63223,48.723507889965944,1.9202796187693525
426171,48.56479954180171,2.3070416668933147
63237,48.72439391948029,2.0926107157963494
70479,48.81249027310728,2.3525978349968444
63242,48.72463068276647,2.0835725061235215
63258,48.72775184919371,2.2826646826801316
70497,48.813842946923714,2.3409102915526727
426166,48.96677516315483,1.6837978194749803
70447,48.810278294558046,2.3798392424499206
63263,48.72704689787786,2.081959789806953
71217,48.853733698528195,2.356453537385296
70438,48.80971149301552,2.3226270948877117
63275,48.729241163426,2.2448671473548933
71201,48.85110000440534,2.3625979871213705
70428,48.808648488189654,2.2586756416838227
71231,48.856560055125854,2.364473365666773
71239,48.8576151925557,2.3376442977181715
71233,48.85617387075221,2.3024105711526865
71221,48.854673024830184,2.329340851051739
70453,48.81010375898644,2.4240560208201614
71222,48.855042312263656,2.3615003363185156
63291,48.7300590512007,1.8248684541293798
59717,48.51128953955732,1.9301653757255237
72786,48.96308363489146,2.3853164707407624
62176,48.565032596346114,2.5941868183239567
72782,48.95989447787333,2.498025224700427
62181,48.562945235548256,3.2943741730727516
59706,48.50604031808697,1.913348600703162
71248,48.85904081690553,2.338484861999479
62185,48.56708797161312,2.606199836411857
62193,48.56870197323025,2.6100845228673664
62194,48.56925981572066,2.599291160372458
71268,48.86122522643337,2.2754156517798703
71264,48.85826857568583,2.3485398008410514
71261,48.860510250301694,2.3310240276150456
59753,48.51862013294813,2.2942794257893846
71294,48.86466508593247,2.294199755579398
59750,48.518313961846424,2.2829560782377496
62136,48.558376902404554,2.915507614686236
72727,48.94755509090321,2.3752260399067504
59745,48.51688556648224,2.2685204214477506
71287,48.86516520569194,2.3441732459096376
71289,48.8650681272376,2.3101091895804045
72735,48.94947292140048,2.4886503061841267
59737,48.51532979353904,2.444787015121152
72761,48.95515630232093,2.385253144655515
62158,48.56303661858622,2.736952128930786
72765,48.954206830708365,2.4498925624364145
62162,48.561638567160315,3.2842297613047036
72757,48.95190377920366,2.4861618358392095
72813,48.70344096323254,2.538884815242083
415738,48.851026895532975,2.2747397837839443
62109,48.55555258650139,2.922517816545414
73421,48.931264809571815,2.528649285213704
59666,48.48827417104341,2.1688700555599256
72803,48.69696223422486,2.570716206521075
66497,49.01908487968369,1.6107750187691168
59673,48.490239248937094,2.178475466541141
59678,48.49387609206692,2.1945729959995344
66492,49.01978975468845,2.108662985847959
73448,48.93740030767409,2.5315694486968052
73444,48.93700452216055,2.5724415257186446
59640,48.47434951762455,1.9988696979632534
59648,48.481240289379464,2.201864448177674
73457,48.939200443935796,2.513902826393826
73452,48.93853286509478,2.6023645224402534
59655,48.4820084462902,2.3483586980852413
72837,48.72200845489854,2.5349825955815435
67516,48.70717494247134,2.5231824569268664
73467,48.94231053138603,2.5202558682169602
66463,49.017261415480895,2.1060471980398887
67505,48.70377226164961,2.8710743192265165
67500,48.704046270542236,2.6172011997843243
67502,48.70336259226247,2.8837945480460143
67539,48.713978268347454,2.7398281139620155
73483,48.94572113000575,2.5886435292905365
67531,48.710911006672305,2.7524285817056766
59687,48.498134508768246,2.224105029419944
73498,48.94971204748013,2.5727056979130243
67521,48.70797544017662,2.5277007353324543
73499,48.94977949227738,2.5765076349424265
66470,49.01808858958507,2.1006119679286157
70507,48.81455227121352,2.3978053889926776
66429,49.01352553737141,1.9226659085092555
70517,48.81391187956208,2.350217436045725
66414,49.0131664099701,2.2308148987331973
70522,48.814578167573806,2.4231214181679417
66417,49.01334058035065,2.2687550575699174
67571,48.72626075603626,2.5097462314755203
66440,49.014056979334384,1.8989759025638067
66444,49.01564132934483,2.1781985091888156
70535,48.815738771790926,2.311061441325105
67562,48.72210028690046,2.503090212276613
66435,49.014952474329235,2.0702202472529914
70546,48.81660396930464,2.3343996165292724
427306,48.500646244983535,2.5815339671512842
426134,48.82813843557201,2.3891552539069636
66404,49.012039116973924,2.0433549665350172
73407,48.9250274249279,2.5115855918581715
73403,48.92393619107676,2.504260704027573
63202,48.71978243600579,2.088857281457444
73417,48.9297423751396,2.5245617764172956
63205,48.71939216474554,2.249169163950552
70341,48.80288011650711,2.4340816676062857
71355,48.876572907266016,2.331897675570063
71351,48.87607458774838,2.3434223340761537
72481,48.907555988992826,2.426749912898276
70330,48.80131048702684,2.4218249866844577
72477,48.90658941277033,2.443956665660519
72470,48.905974375966075,2.394987917956519
63381,48.74693188725001,1.917904654628796
71332,48.87252149369765,2.2644266110634104
63387,48.74866349494662,1.9263835879979976
63382,48.747320687657066,1.9513972617742055
70307,48.800792156673715,2.45705174177177
71319,48.87065932394214,2.259238236593342
71321,48.86985281215763,2.2747712644338454
63399,48.75094930177657,2.277544538633931
70313,48.80064324367616,2.402281801555932
70316,48.8016329242846,2.3238620497405784
63360,48.74259974590255,2.2631219883935336
70386,48.80629628946571,2.298114582256779
63369,48.74374799338111,1.9214184023981655
71313,48.869639556747096,2.337661810027122
70379,48.805278482649186,2.2591184061827962
71303,48.86718966072142,2.3378088326506368
63379,48.74625291060456,2.269938760124151
64821,48.92851301223092,1.936171297944703
63343,48.73963687531063,1.9480836646242288
70363,48.80470885705205,2.405060464773845
427073,48.531708031349986,2.012383523156991
72491,48.90826024316105,2.3777509654431186
63352,48.74041628719803,2.2306780226411913
64804,48.92772415716199,2.2110395032596095
67800,48.789437535550874,2.660505677594267
60873,48.66397229271161,2.328717358067976
60878,48.66474613628742,2.256030450561771
67805,48.78923208738609,2.907715665348359
59616,48.45268636812924,2.4758925069145614
60869,48.6575421470934,1.9002961999591155
60883,48.66277817901591,1.6166485729597164
60881,48.66481353006826,2.2676399389236614
427092,48.56328747050066,2.4488192026938425
59606,48.449929280159296,2.1686923946748395
64831,48.93015339339341,2.181043486555011
60895,48.667089408122656,2.254598370837072
59633,48.46621964961837,2.3210454459646814
66290,49.005929525236034,2.355599984607483
64842,48.93083627897281,2.176364765817804
70394,48.80695894841435,2.391976788425746
64841,48.929387800090126,1.8469827597000774
59628,48.461932846380385,2.189794106524127
64895,48.935084168233494,1.999518940376435
71392,48.88073111560171,2.334909519381018
71398,48.88126572449514,2.2955156215911185
72431,48.89969416993918,2.4963414117450093
72439,48.90003228640671,2.4912297717178697
71371,48.87871782981567,2.2942820146661482
71375,48.87928349650267,2.348045130130804
64875,48.93164883439623,1.5249740169271213
72425,48.89855179013354,2.4434559871751067
71364,48.8777197172366,2.2399533756473184
72410,48.96457292170155,2.3656524296446
71369,48.87847966422926,2.344946402174287
477939,48.550616345584054,3.0102161693167293
60919,48.6709094577882,2.2723350990598807
66361,49.00953137094043,2.2554330061804144
60921,48.66899534770622,1.644524162680795
59562,48.43509822799883,2.163600064436042
60906,48.66818047563485,1.94368114832291
66354,49.00956085812012,2.2801676732182274
67886,48.799538386854515,3.208921891311554
67889,48.804601035078015,2.600832730004595
66345,49.00779273653519,1.8940029951012949
66348,49.00887885408911,2.368262130024608
66343,49.008003795155616,1.9082151948393873
59583,48.43970546560112,2.179833569731464
59582,48.44118069481525,2.1491295089422717
60926,48.671444697813826,2.123897614907285
73598,48.9017671986309,2.0778487181083354
60932,48.671440989389914,2.413672683684694
73590,48.99459761979148,2.523763376836806
73594,49.004628197876855,2.5481301692866745
60957,48.674232201997505,2.2976801866548766
59528,48.42636303160737,2.0915254812209465
59520,48.42586127929099,2.0691617863955143
73567,48.97301730743342,2.5106702687598923
73566,48.96924399036944,2.5506299451632097
60947,48.672272036952144,1.8905468537554593
67846,48.79753752308071,2.704955602292913
73571,48.97618442962729,2.503448214360948
67840,48.79725886324859,2.6149176414069144
73578,48.98421178180232,2.5137345847784998
59547,48.43155341835017,2.1509280067396213
73541,48.96165502276652,2.579319761575364
66389,49.01107834171708,1.9110760937528806
67831,48.79579323840819,2.6642487561371513
66372,49.01003659571981,1.9132168467745951
66371,49.0097842257243,1.9337070913922125
59551,48.43317698171078,2.180300505831264
67826,48.794822295089745,2.6367026013549872
66378,49.01089839017725,2.48831217215956
60977,48.676704991359635,2.174690474970552
73525,48.95566015532403,2.5528502085888274
63338,48.73902187997019,2.332253907579806
73538,48.9601482452804,2.553071080168077
63325,48.73601461400245,2.2980052539498055
63320,48.73556709273573,2.2735691739147965
63316,48.733822948527106,2.0718735354859596
63319,48.735429158619105,2.2286438095172962
63303,48.73293747807414,2.3187889975450955
73515,48.952625243712966,2.510288671646358
416964,49.093108779919866,1.978882658691265
66322,49.00732343575749,2.0826386972742403
70407,48.80781971498839,2.49156426035061
66319,49.007868283713485,2.471761723686144
66313,49.006589170199014,2.2617081531350856
66307,49.00641115327173,2.017370973454172
60900,48.66789516822455,2.3178096573141618
70201,48.79306643515176,2.3925879194154316
71452,48.88518663092339,2.3070402787593602
72587,48.92309614565077,2.4852522412630713
71458,48.88689551045815,2.283384051382793
71440,48.885452360559135,2.264155312249578
71444,48.88586098160749,2.2901281815482424
427126,48.82448997264696,3.0943080875739315
70225,48.79485683048367,2.2883852608984276
71479,48.88823628503261,2.2635022726152862
424186,48.75366856783609,1.9353608219439136
70217,48.79462775198765,2.291458165445686
71469,48.88747990351188,2.3495176272228218
71464,48.887331852536626,2.3332296366050373
71409,48.882268985652985,2.337344368184661
71411,48.882628934528185,2.276781464383774
70242,48.7961053793757,2.4158383184053065
64914,48.938062793547346,2.2461496602008797
63465,48.760947063733525,1.9720005033523649
64916,48.93825676990284,2.189072364683164
71402,48.88182331046803,2.246766069307259
71405,48.88163610887726,2.300399097209158
63477,48.76212520898901,1.9809023989067192
63470,48.76113722136719,1.9166850352904303
71428,48.88382765776737,2.3225835096189744
71435,48.88403631400503,2.3284922316648795
71434,48.88444058549895,2.3604444136425804
63485,48.7623286311917,2.0577070965115696
427174,48.82461135306998,2.241252022079756
70251,48.79682653646695,2.457201924574589
71427,48.884050475596936,2.249120269105205
64941,48.94021877150591,2.167001427898203
70254,48.79749445778433,2.4883227341741607
64950,48.94051394550097,2.0199401503548335
72501,48.910593655186574,2.4753821838118784
64959,48.94125001167895,2.213830892630974
70286,48.7992534004763,2.265827418628407
66174,49.00101227429687,2.3200237130918158
70278,48.79839745472092,2.275158404656777
64963,48.94089036061141,2.1607859734764996
70274,48.798117307471735,2.3549680742015937
59508,48.422823534039026,2.068431587478598
59506,48.41936269520751,2.055165745296743
72526,48.91464095372538,2.4320955251133327
60994,48.67766698146708,2.360596683058238
72523,48.91475917485228,2.392047739256641
60989,48.67609003271478,1.7534644984415209
413312,48.953643500164496,2.311262277267717
70299,48.80027172980176,2.3083862256327845
72516,48.913596401977095,2.407670255965138
64988,48.94248093295335,2.033473564553414
72543,48.91817042279362,2.468292125757691
64991,48.942377796414966,2.2345443888446206
71494,48.88939279283387,2.296551090501652
72532,48.91566506681664,2.399596331774332
71481,48.88861235103506,2.356042752707482
72568,48.920838726675285,2.492581985187896
72560,48.91869819524196,2.3823952696178754
72552,48.91919174672932,2.386564984043115
67759,48.778268052508025,2.68039914181188
67753,48.77390594113193,2.685460580404902
59477,48.40230752486927,2.378565185325766
67748,48.77130602287053,2.828951538316965
66211,49.002487109829666,2.4708870545633492
59447,48.370852923792704,2.3866404286382257
67773,48.78350832870987,2.598836909731889
67776,48.78200150347913,3.029899785896157
66231,49.00291906420409,2.1067450544069857
59428,48.348156555295596,1.996512029566273
66268,49.00519710877041,2.3883377378386537
67719,48.76336355802883,2.7743076636233557
59439,48.36031925353053,2.38822803701035
67700,48.76218352088092,2.6791643933084583
66255,49.00359796216009,2.1884009470333665
73670,48.82770009853385,2.3586817758382077
59403,48.311605620382146,2.0037505317720075
66282,49.00571750928419,2.2081942478969485
66288,49.00554838422856,2.3167659223157453
67737,48.76561549867198,3.373202820008045
67739,48.76815267861375,3.039463505184169
66273,49.0035643335603,1.6843624601511011
72600,48.92492001250107,2.435934169962654
72604,48.92444459786243,2.4400265909440826
73696,48.9199700828327,2.409931143159883
73621,48.856230444283455,2.3702647985546683
73622,48.857383615830855,2.3679933601043524
73618,48.85214019389643,2.339645318859136
73634,48.867454069617565,2.3466459313534656
73637,48.86547042472502,2.3270616741254098
63453,48.75962245331349,2.065299637374611
73649,48.83419796158828,2.4002690550543946
63456,48.76194637707688,2.224007289524088
73639,48.85283176740344,2.3362264259429257
73650,48.8415449585754,2.4010088455783483
63448,48.758778705857836,2.055233973400184
71515,48.89217452144074,2.3235728240702698
426353,48.783043317094354,2.657498690786136
67796,48.79002495124224,2.6140250253806903
67784,48.78650432067355,2.6600756105027346
415594,48.47787462625518,2.35495223725323
73604,48.97006331864526,2.0769377381426333
73601,48.886643040115025,2.077646063570778
59484,48.404584398485355,2.4704740575392212
63403,48.75142336454211,1.9464043245313603
63400,48.750499521227795,1.9230064405858116
59496,48.413670121093375,2.0022013485790833
64662,48.9096869560166,2.1767472051391645
64668,48.909436867549275,2.1595126674452327
64657,48.907787468395334,2.1494434536716747
64640,48.90612448683889,2.150821246767285
64631,48.90548874428136,2.123123764848844
64638,48.90574387935003,2.1466187407691546
64624,48.904340791532285,2.142194401772698
64614,48.9029429792277,2.031404283786429
62499,48.64964524371858,3.4061775746097624
66969,49.06291377805354,2.091487787847442
66966,49.062720268127755,2.1434966180504977
65716,48.98414666099993,2.318379413070011
65708,48.98346583951288,2.2939526964698724
66956,49.0612280721676,2.065730699681808
65706,48.983725910649966,2.3800649795300983
65701,48.98361186986606,2.201105290674056
63595,48.77107039334455,2.0707893423085646
72255,48.92518303027641,2.3077017549519074
72256,48.926187612850725,2.366563969111587
63585,48.76975571482374,1.9419384309202103
63581,48.77006638360647,2.047804206118876
63583,48.77023204854242,2.072865764793127
66931,49.05831714765279,2.158551760859883
65755,48.986140455849466,2.412240393198578
66926,49.058044840149265,2.2091403255064166
72231,48.921626939127506,2.292417313448728
65750,48.98504699784488,2.2364436033974777
65747,48.9855034728656,2.003255435698898
65743,48.98499569178771,1.963497106440343
65741,48.98525539853562,2.4464146042600654
66908,49.05483952530418,2.017819063025627
72215,48.9192201670089,2.2808988614394097
65739,48.98524960059702,2.2726685971970455
66903,49.05458229934569,2.0926392545284567
65725,48.982879876528,1.9223926062035028
72227,48.92131335967207,2.357261978177017
65719,48.983936655445646,2.0569480004007388
65785,48.9862496503244,1.9181073433266576
73735,48.792216413742054,1.9750939368713483
73731,48.799517049755266,2.0733459489377735
65798,48.987223203265934,1.9497405496108613
73723,48.93811895659158,2.5982452699936163
73720,48.81347933310917,2.1928717267500146
73707,48.90547744520457,2.298127830448075
65764,48.98530141914873,2.3456972827612383
63502,48.76370830452615,1.9320063008563024
65769,48.98579176483348,2.4163364376875442
65775,48.986685825665774,2.2353742578776115
63513,48.765235370044216,2.17654934536332
63517,48.76477013597982,1.9116297812611154
73777,48.93754111735952,2.963103889413995
73772,48.762225799386734,2.4992527302877603
73767,48.689468434315955,2.2064160655715996
63579,48.76939940516893,1.947422591978743
421238,48.98843600433482,2.169917846319225
73752,48.91562139872819,2.2321066168087786
66977,49.06311096242316,2.057547940130018
66978,49.063807341631694,2.0889610940372236
73742,48.59786068579393,2.199788938400039
421253,49.000577859898065,2.162425463396966
72298,48.932904982003635,2.332536355635534
72295,48.932125550569076,2.3123797505350225
62477,48.64842870768562,2.5542001761256317
62489,48.653056218227746,2.5516966926926514
62455,48.64184513750886,2.5402012771078994
62462,48.64304833647399,2.541982401070369
73786,48.59627970074825,2.4790055510266935
62435,48.63366277855963,2.59298970905034
64693,48.91269740858,1.8532608260819
64690,48.91215997913752,1.8671972106189934
62414,48.627920404668394,3.02039466697675
64689,48.91208986670568,1.9184824367760174
64682,48.91100808017943,1.8557677098532328
64767,48.92357437654811,1.9632194638818297
64757,48.92175551520067,2.0278607099087647
64759,48.92162368511337,1.6917434143171557
72316,48.935006831917825,2.292897345493449
72314,48.9332796979514,2.3020182000789866
72319,48.935407739905784,2.340339332696237
72322,48.93640204517674,2.363736850694239
64773,48.92445398127054,2.0301372177687664
67914,48.81052283690232,2.6020129341706117
64724,48.919937193040276,2.111622098806488
64708,48.91457989542054,1.6805329701987206
64710,48.916532361722325,2.112717274615147
67935,48.81539476831621,2.6379687660744815
64744,48.92156006683056,2.022078072791164
64738,48.92044672913296,2.0311603464788086
72379,48.955897500750105,2.3114918752651965
65814,48.986954139454,1.8137782813831251
66823,49.047476915481305,1.8750719502127606
66819,49.047228858552984,2.125667664492077
65806,48.98853469808249,2.2805955765602612
72382,48.95536405063352,2.294750750880302
72387,48.95671338768038,2.343933573886866
421034,49.00395733754263,1.6787958892904358
65834,48.98863007774148,2.458799054154338
66844,49.04962957388486,2.089333092925362
65829,48.98861393625419,1.74790192370817
65821,48.97982791256557,1.8890033134524735
65818,48.988325762497944,2.2487067145477244
72336,48.940470210721266,2.3036827380569322
65857,48.98988042948479,2.3249313928919957
65846,48.9882144611664,1.8189216766381326
65847,48.98949109821074,2.304781727684257
66805,49.045481492873186,2.297117088695162
66806,49.04636001105449,2.136078722853097
72358,48.94617230453369,2.3645047560043833
73914,48.75710625938195,2.3157733697534386
65862,48.98847814259685,1.734957443446371
65867,48.987794589108425,1.7934463301080357
73928,48.98300888669297,2.6436323408118096
73828,48.5360797546148,2.3418078095316397
63621,48.773589732635834,1.9836383364222991
63627,48.77402943147788,1.980350143651793
65885,48.98763203612887,1.7417285322924285
73818,48.85896055461679,2.742818239914505
73820,48.926908547308216,2.3145436333110903
65899,48.991266143748256,2.215656834299913
70993,48.82725703518518,2.241485953405552
63630,48.773536893731034,1.957157576023255
62514,48.65727210013008,2.7106887805359325
73855,48.85974315721408,2.4072943502533786
73851,48.848529420267106,2.4325707249947937
62518,48.65615768601056,3.0793011092973988
73841,48.86451524890648,2.3603414327820054
63651,48.77566128897164,2.018940058186626
70962,48.90564575750556,2.20964839503519
63661,48.7765236599883,2.058485063215548
63665,48.776733983165656,2.0219683177756087
66850,49.0498689794262,2.018128303043863
70954,48.899622084604346,2.1950691542906124
63672,48.777644539920395,2.191241740529606
63677,48.77701255900815,2.0050537518890517
66861,49.050714353951214,2.0409593376830912
70983,48.82608061028782,2.313219984825621
73890,48.83314114531528,2.1533453264177553
63689,48.77866317973111,2.096185406111141
63688,48.77928533243237,1.9939729075656678
63695,48.77921371324714,2.1754033324396347
66888,49.05356198154468,2.130369980245254
66883,49.05302315745736,2.017870244520812
66884,49.052945657147234,2.0950142145446735
67945,48.813299903164214,3.078600438803155
70915,48.89006545098375,2.1902252665933704
67951,48.81489176419752,3.1023661819432795
67958,48.81713094640792,2.6351444544539113
70901,48.88787443815153,2.1887319116523125
67962,48.81787946791225,2.6417716097240507
62592,48.67992482844484,2.6095268377895047
70936,48.89467988095471,2.2098694233710923
70930,48.8929966224925,2.1789001351400015
70927,48.89260750821307,2.2278838236776046
64790,48.92618294455837,2.0371064645493115
62534,48.66183767310951,2.579511279810636
67983,48.820171917625046,3.0900033754972616
62543,48.66424407975312,2.5657907962071658
426509,48.94479735806297,2.378406042228486
62557,48.66856661637683,2.5291973497705498
63617,48.772670209300045,1.974450381609216
63608,48.772672521754735,2.2164860976658525
65912,48.990800439995226,2.0543842224143316
62281,48.59605369725357,2.5877218637468995
65900,48.990819997773,2.2853123919116514
62270,48.58973206878028,2.5922530645872968
68998,48.96249771483802,3.149369269412959
62253,48.5847298818853,2.77697542806103
64424,48.879422921541185,2.1320031273162066
64416,48.87442558993215,1.9743488768267663
64406,48.87221362380686,2.110438735939683
62291,48.59663015447865,2.576407127486749
68946,48.9568830007705,2.916512481841881
72008,48.89161360970061,2.4899004701239864
68933,48.95501992973247,2.9024238680392482
72000,48.891083284832014,2.43297301237331
65980,48.993882007293784,2.3060075237738746
70791,48.864159953536976,2.2131949465361123
68926,48.9551539866818,2.592494684265233
70799,48.86632952906752,2.1846233745953816
65969,48.99330996658893,2.1127386185965817
68912,48.9520901283604,2.8795932329744143
65950,48.9913015069437,1.812332958503189
72032,48.89500918988413,2.443602970586509
68984,48.960452222157066,2.9492335431652017
72038,48.89552755286277,2.485101996001088
65955,48.99118065550317,1.7948026052387291
72044,48.896453776975434,2.258741642108697
68970,48.95960228027167,2.8831263625008976
65945,48.99266109531204,2.17101189887647
66704,49.03879001954084,2.4612303714656822
72016,48.89276207141918,2.369439248956414
68962,48.958903439782084,2.8491730688047263
65919,48.99157035352456,2.29817431402611
72024,48.89346699175861,2.4134761035853325
72027,48.8939008186903,2.434490350032762
65924,48.99166119416384,2.1008439294161287
72086,48.90123683633944,2.3034641019565063
72083,48.90067356040637,2.244658602556412
72087,48.901219274587675,2.292033116674915
70850,48.876285554102594,2.2013200180726322
72077,48.899955349406476,2.239881091674499
70845,48.87610112547393,2.225953810100933
66730,49.04103739487686,2.3115116011687764
72068,48.900063977464924,2.235753143096456
72064,48.89763147802292,2.3591979829833956
66737,49.04168436476881,2.463005795480928
70834,48.87301955863757,2.229237633327315
63799,48.78728070879495,2.054459249628278
66740,49.041498077850285,1.9730792021223638
70832,48.87287109548635,2.1950667363344425
66748,49.040238862288035,1.5931850896976745
73982,48.94703270425241,2.211128886755152
421007,48.93831772920053,2.02026138209682
63769,48.78401913171421,1.8120426429771597
63765,48.78412138461361,2.0656025686493074
70895,48.88652365063306,2.2093044989274286
68902,48.94975001810719,3.135017186700302
63776,48.785159560363944,1.9776417623218312
63777,48.78548122862337,2.110005126185548
63741,48.783153014290924,2.189836154757775
66774,49.04289297961486,2.0294426862639283
66777,49.04020892649694,1.587187556987537
66773,49.043700478771775,2.058016648791918
70877,48.88299787157647,2.2024716253965684
70870,48.879714382513164,2.2077579763814787
63753,48.784083984319544,1.986530431975445
66784,49.04441322242866,2.070438035729131
73937,48.907360383856265,2.2411576930016577
70869,48.88012829365806,2.2030473628529728
63724,48.78139167841225,2.1317897184990215
63722,48.78007191420776,1.9896569905082124
62209,48.56928716396726,3.290675611137804
63730,48.78246191626675,2.195311394330509
64439,48.87916806232091,2.092777693584425
63703,48.780024686178635,2.196077075624257
63708,48.78020302043509,2.03377796435385
63715,48.7805929927004,2.04255600617966
64444,48.88000045294205,2.1485541629423697
70819,48.869831992177986,2.217553624894727
64495,48.88824365521424,2.102466221594944
62230,48.581453220080405,2.605401217972158
70803,48.86722824574555,2.1759936501652577
62244,48.584387675876,2.5591380189294592
64476,48.882029154349375,1.5756666369486363
64473,48.88440639555159,2.1296699614365706
62218,48.57142694702318,3.291141565268835
64487,48.88691954305925,2.0697926536535403
71040,48.83304281809853,2.2986740212394565
71042,48.833619105971465,2.276889263657326
68888,48.95031802589856,2.6148698418344978
68880,48.94305338000007,3.1404399368189893
62371,48.6215250871609,2.5678004084357156
71056,48.83395287566216,2.3327680696967397
68874,48.947030815003686,2.6217956280612964
71064,48.836351130815814,2.2810203458319216
64502,48.890116089451055,2.064511970326021
71076,48.83657009255266,2.3515834949754653
62396,48.62738415073422,2.578743216165061
68894,48.95045225985836,2.9286334192928924
62391,48.626108105404974,2.58037498429751
71009,48.82870471831133,2.25070754041553
71000,48.828194695993,2.281173699948648
71016,48.82981634486826,2.2638849096543097
64549,48.894205282947,2.062419824769772
71024,48.83160946282069,2.3246584338301606
71020,48.830732215223016,2.319043667411119
64535,48.89330769847969,2.1512826189934
476965,49.00189926176135,1.8805694897038192
68807,48.940295088976995,2.861635606913739
68803,48.93946948430847,2.807492717255331
476978,48.464572826971164,2.704635192688345
70687,48.82695271443736,2.1889443785402625
72107,48.90310413880374,2.366019557828363
68826,48.942089805870715,2.6823549721299584
70697,48.83025039334861,2.17730015996094
68823,48.94207426066553,2.6114429452322305
68820,48.9396212070711,3.149146596225489
72123,48.905321587467235,2.3099985935607656
72128,48.906097892986054,2.331925149706413
68842,48.94485608943453,2.598739316622959
68849,48.945934933799464,2.8992462803932035
72147,48.90923587979168,2.32940182263083
72140,48.90767060206443,2.326911728971441
68860,48.946136851376366,2.866596342216502
68864,48.94573935898591,3.1309793674957964
68868,48.948127896112176,2.611943838391206
66603,49.03022639772569,2.4555143032076354
68856,48.944222687406,3.11483908635857
72161,48.91176913728324,2.3660504453376228
70723,48.84185630245407,2.202433538001779
72182,48.91518669308159,2.3378257790107666
70715,48.84037774638219,2.1496851684825877
72172,48.914529906588655,2.3005845668644085
66622,49.03174966331478,2.0608865838065396
70704,48.836890930709046,2.145661514953593
70742,48.847064617985616,2.19786371093472
70736,48.8467007936389,2.232897354314044
66647,49.03356378130512,2.080923665176272
70732,48.844578724367985,2.2315659542372797
70728,48.84299053030095,2.213453224582833
63863,48.795287445198014,1.9547759602621675
70766,48.85680375283076,2.2112343363343085
66659,49.03385368200562,2.128128621145294
66667,49.03424654415088,1.5735011598237387
66663,49.035698076244564,2.456523660212408
63870,48.79523449983261,1.6461589649058448
425212,48.943460601332184,2.2734236332641906
66675,49.035519724893746,1.8667759565344197
66678,49.035878928106335,2.017278231598035
70785,48.86316391584563,2.218342152689894
66685,49.03666182931459,2.071014498795304
63892,48.79761801662712,1.7908475116021962
70775,48.86145381263796,2.229231543719566
66692,49.03767319974578,2.1486216624630528
426775,48.56112907773043,2.2414008084071337
66699,49.03804920042934,2.4554732859325874
66694,49.03796181937983,2.473178789494416
64565,48.89684446200118,2.1016700288132206
62302,48.60104766137434,2.5617170673995555
63839,48.79303029449402,2.1194940040786663
64579,48.89743597257843,2.1152865944098105
63841,48.79301985191356,1.9618867624640293
64584,48.8989162483514,2.0807706204946563
64587,48.89906828338787,2.069596033190495
63857,48.79603146875824,2.197647833428717
71092,48.83907575035707,2.3609465709574886
64593,48.90057411611204,2.1576164124527377
62331,48.60972057058868,2.5112511540286393
71089,48.83906139258291,2.292863805623082
71085,48.83843642921367,2.356608176837175
63800,48.78744704548803,2.1791865244343978
63809,48.787443463913924,1.8199414917300356
62367,48.62058659123736,2.732029669929574
62362,48.61874200677533,2.509959452962808
64240,48.841320602616,2.1196387946733974
65372,48.966903544061765,2.4616066096645657
64232,48.8400056385925,2.1212211095797726
420150,48.86100923044124,2.349759534103456
64264,48.847063014638536,2.1092873050069407
420137,48.76336801086588,1.8267173349587025
65385,48.966616062558316,1.7138938300214326
65388,48.96917910091377,2.399217319724437
64204,48.83392319441584,2.0114402625654533
420114,48.6696317003692,2.1195617053877047
64225,48.8403406360766,1.8798293922145395
64211,48.83546749112858,2.13345037031097
65318,48.96474900477202,2.458426232485356
65307,48.96321281205935,1.8611747119966906
65337,48.96513029533733,1.9388366435910975
65330,48.96464189581866,1.8701170963324323
64277,48.8486255629996,1.8042258333950023
65320,48.96497024218269,2.1991176997962514
65354,48.966178580971345,1.9434865572984918
64293,48.85358823111251,2.1463281354314376
65346,48.96628676091994,2.2084601835720576
60292,48.61299582289913,2.4942498811709637
60274,48.61104199582162,2.441499969160507
60280,48.61147341786491,2.4197907332938824
60258,48.6093283244668,2.3211636227486894
462026,48.600942306149975,2.4093217281540174
60262,48.60961481749173,2.4186515266250654
60234,48.60625238659596,2.4661019209883124
60230,48.60479782199378,2.496661993791341
60246,48.60770944229723,2.41075104669012
60240,48.60689591967084,2.469201553720098
60217,48.60437592855366,2.2819947154482163
60226,48.60531344162468,2.4476037313391372
420096,48.680134910238216,1.6435629173718105
60205,48.60279350478816,2.0859082129850464
64375,48.86799145573795,2.069673968728841
64369,48.866187887148484,2.112259295791393
64361,48.86395471673765,1.6077756508864833
420033,48.82091539925885,2.3049593604091387
64355,48.86244928149624,1.605171178451341
64343,48.861182505542565,1.71452705458433
64338,48.85988068803363,1.8755380289339938
64328,48.860192826265184,2.1392410497411634
64315,48.85764870262704,2.021205924233584
65433,48.970206547628024,1.8327997421938385
65420,48.96965907574497,2.205745294900863
65416,48.97036869614046,2.402433942064076
65407,48.971361251464046,2.414975449472568
65472,48.97231095924878,2.1908018321955107
65460,48.970790641746305,1.720771118163673
65465,48.97267857396312,2.2047566196595945
65456,48.971389385485786,1.9765952583930706
65446,48.971874194010034,2.3479152228362334
65448,48.972243375208585,2.322052863742162
60397,48.62085508848442,2.4559060458386095
478928,48.97288530490688,2.8995355291965224
60357,48.61874722589748,2.4601948521598898
60362,48.619362369807504,2.3101455153500696
60374,48.62018042586731,2.2664055514089227
60386,48.62135145195597,2.4274692635384034
60307,48.61433863350572,2.368553414373903
60314,48.614548531402,2.381120027905783
60324,48.6150645507178,2.4342262119183506
64302,48.85500465461489,2.0223255085050122
60333,48.61602339264227,2.3775956169586347
60346,48.616626452102636,2.126938257050544
60301,48.613720637445425,2.4818572031038446
420352,48.95871185427021,2.861818746554309
64004,48.8083570701098,1.9090520215205016
64023,48.81172899506873,2.1268179650028567
64011,48.80965104958312,2.1555718320906916
65579,48.976601655304414,1.8496513919258188
64042,48.81491882132613,2.0503150364633913
419673,49.02306462867048,2.4595750345295784
60095,48.58960013186107,2.221109500631399
65562,48.97556981432294,2.3371931651924003
65593,48.977495745630925,1.9697807863310794
60083,48.58709358938928,2.48897465709566
60080,48.58694721790092,2.2456777770765712
64053,48.81564380319941,2.146452241911579
65588,48.977822002951704,2.271228818590354
64051,48.81521668310593,1.8642845700384767
64086,48.81967607865347,1.9568749357447621
419636,49.10047495408998,2.5281244213751277
65520,48.975204106114454,2.3224377218882077
65524,48.97537150465542,2.332243770691844
65552,48.97468017865891,1.648992401055504
65559,48.9749160086931,1.7177054440919848
65543,48.975976823883855,2.0539435308341183
419644,48.97977285784097,2.5167747933358577
477077,48.605338521366036,2.3195334133439673
60011,48.57515695031189,2.4410487753736416
65508,48.974355184645574,1.980068199393531
478604,48.55880577782326,2.286074729714561
60008,48.57491386300535,2.4526145610579166
65510,48.974011044503285,2.294866581992437
60065,48.58589948389818,2.2941120574389915
60037,48.5801850576094,2.2411384497862925
463334,48.76429617451137,2.687287116764253
463383,48.82442066499654,2.6222424128893516
64107,48.821244849413915,1.9723712426547788
420240,48.87411025763486,2.3313674403759075
64143,48.82279318130706,1.6365072739028776
64139,48.823735115868544,1.9408021179220016
463400,48.7921474293823,2.6126140745256974
64119,48.82214574231021,1.988364951991059
64110,48.82092329011146,1.92555630346633
60199,48.603019090318256,2.309621605430736
60193,48.60224522436537,2.4918581238602986
64169,48.82748781281877,1.9989956998630334
65692,48.98289486853318,2.3164762522916327
64162,48.82672987263091,2.1285010251854786
64157,48.825623538374984,1.9643774094591147
65682,48.9788829256692,2.0030408539319797
65678,48.98060399466578,1.724717310148793
477254,48.78503704144149,2.241167381251795
65663,48.9801545835593,2.2904865966111827
65652,48.97913388152625,1.9178524321220438
65648,48.97960306221545,2.05421224446692
64199,48.831682025459486,1.9433994137765875
60115,48.59111916474817,2.266215906699314
478725,48.731069811452706,2.7287572753800804
65639,48.98032320564607,2.3733225224319994
65634,48.97984008461627,2.4598059025399373
65606,48.97808100090234,1.889245586428444
60144,48.59595266972578,2.255807455428158
65613,48.97695874746241,1.6852955338550462
60157,48.595919476043335,2.474818688564806
60168,48.59926283244699,2.2791624516440545
60164,48.59851417643836,2.464614394208987
60173,48.599529808633015,2.0670042751588253
60183,48.60056322251463,2.246559904711907
463436,48.825994330939665,2.6293616073954
60107,48.59321873781519,2.261704613955878
415244,48.792037087785076,2.4106431113316518
71605,48.83884796510904,2.4607835619138383
71629,48.84332972949831,2.4173051866111543
415207,48.72564076959163,1.3723764138619723
71618,48.841270294850545,2.4987113314538876
71623,48.842113947288624,2.44922950507417
60725,48.64778088844749,1.8229831695730478
478390,48.65275500254024,2.633277027604825
60743,48.65096525507171,2.3514335807419156
60710,48.64868652223057,2.4188486407563174
60706,48.648731738599146,2.3676632084855354
60720,48.649381990470495,2.354724861028222
60700,48.64692526309011,1.8306455557543457
70192,48.79222022891451,2.395095653640189
60692,48.64762125610195,2.347714791507286
478407,48.870482021798686,2.2452532005050303
60689,48.647471483060926,2.371737307044781
60676,48.64713965121614,2.343553345366279
60669,48.64556019692964,1.858715915370891
60665,48.64383206137052,1.8322079258835728
478478,48.74481682062163,2.753349022883668
70160,48.789877470859736,2.486423737584474
70162,48.78966840161773,2.340317302174193
60638,48.644367530348696,2.2495738349094094
70173,48.79072474522937,2.3928329750483885
70170,48.789858178150325,2.384308444114717
60631,48.64407815511539,2.2965035495523733
60635,48.644366305765224,2.282973065100753
70113,48.7837712450332,2.453132194030521
70116,48.786481045082816,2.2994155831278476
71517,48.89161227591195,2.2396005529059826
70126,48.78745678214305,2.2497618253409617
71535,48.89405037089195,2.3325230137278172
71529,48.89313940557431,2.2667199154032427
70131,48.79020234810605,2.2712158594186262
71542,48.894606949879176,2.26993178090197
70146,48.78740882122689,2.488564557658567
71559,48.827714349235826,2.463888661414444
71566,48.82867389026993,2.4025734134474526
71560,48.827514954082964,2.4757142236569925
71570,48.83020795051935,2.3928771532305535
71588,48.83514921308259,2.4931436819309516
71596,48.837115091029126,2.476619030485729
70107,48.7863689894046,2.2657705209798977
71591,48.8355016410769,2.4068002627583556
477489,48.82093960952431,2.120772905452908
462531,49.00364128296663,2.5583894874237667
420436,49.024832220841176,2.2145823737990495
415335,48.805970197614855,2.0675327611741516
71755,48.85886157453419,2.3849718800459216
71725,48.85564321369885,2.4222238389027457
71717,48.8550414259083,2.4394027932018805
65023,48.945065538548846,2.063953695893539
60845,48.660513269574814,2.3766724867477045
60836,48.65917830116816,2.3067826470659094
65000,48.94339304352232,1.9865665270139057
60865,48.66419415880124,2.3676460161609962
463645,48.82314020388331,2.4587054516722966
65075,48.94838962847368,2.2523693399410067
60811,48.655619417457615,1.8542329864943812
60823,48.657888801345344,2.3394809661067013
478524,48.95664714272285,2.33436186740493
60791,48.65344925209406,1.859161574981497
70081,48.78525438732634,2.4628549901023025
60761,48.65212544190336,2.4567260700406606
70069,48.783482292103464,2.23853596620228
60787,48.65414749297844,2.245638852495912
70046,48.78076769035113,2.2580986425439478
71666,48.84868536304148,2.3719757954621747
71659,48.8477348409666,2.488728826098102
71641,48.84565756281118,2.451222377086877
71658,48.8479572532264,2.439976383802245
478500,48.73168614015699,2.408869872484208
477593,48.88924070061289,2.118644471130793
71836,48.86814656219983,2.417177544013583
65100,48.950337829649044,2.136144688156562
71862,48.87368843361871,2.4617726141176517
420737,48.70197398066479,2.46439715013331
427474,48.99913569294505,2.427393148663652
71822,48.86799516878763,2.3868747996929316
421882,48.734156294271855,2.985274553732423
65178,48.95559174262648,2.2442978552982233
65188,48.95491328251574,2.066302707283713
72907,48.76422132870208,2.5131106879318414
463754,48.82098388147601,2.214336822294002
72941,48.77533530947697,2.5202259858746427
72932,48.77251113334474,2.51909533964977
65147,48.95318977482079,1.8564508988696369
65151,48.95480146186994,2.1874010308394345
72956,48.777619064596735,2.5488984352477244
72861,48.73540433758114,2.5595563032667363
417082,49.129637436224385,1.7892871862177824
72871,48.74607261648507,2.5090978238721893
65099,48.95027664335454,2.226618010143278
65090,48.94950944680771,2.188774015833815
60450,48.62549990553348,2.427810607004394
417070,49.13542920048944,1.7898301756402453
426093,48.943967013792395,2.411665767367265
60478,48.63087010295265,2.3168537688902333
71762,48.860058155946156,2.387690603735914
462230,48.893814276027086,2.067630354907939
71785,48.86235360998902,2.4424046490336777
71991,48.8902452960749,2.38263729962724
71989,48.88885882641063,2.39410259923119
65239,48.96021215524803,2.166653802994908
65201,48.957018299529864,1.9226827713689172
71968,48.88607822262907,2.4930502593701345
71962,48.885755864516426,2.4209760535451252
71948,48.883182601767004,2.49843061240728
71937,48.88281333699773,2.37502098927298
71920,48.88078863015127,2.373927167224922
71904,48.87901874172165,2.4329407457503907
65289,48.963242747043395,2.2284737563279924
65296,48.96306677530333,2.4033441239399385
65279,48.961025984129336,1.743096326675209
60614,48.642751322832964,1.966402128432627
60616,48.64311812574809,2.341798491897595
65252,48.96081539158128,2.3223452681126244
60519,48.63378502654809,1.8290933306072823
60514,48.63405748121642,2.3437988631835314
59982,48.570818321821726,2.1798148316700674
72976,48.78740246416586,2.5766142926690856
72983,48.79036871457273,2.5224698082701464
60528,48.63551332006684,2.3274198583882537
63090,48.70981084711842,2.2431704091434392
60559,48.6382293361598,2.313133845567347
63084,48.71015320056339,2.2568518605857237
59940,48.56460628618118,2.1713258124867427
60572,48.638065505265814,1.827104058020258
415161,48.867096763718685,1.4183423928761816
60595,48.64062557579491,2.236841520159419
63032,48.70757058875271,2.3969520910381314
63028,48.70639911700176,2.056602247678715
63005,48.70494458123811,2.4530261663290798
415199,48.73670578737169,1.347482647220973
462742,48.90057246526685,2.3336943462881568
420947,48.98745082655222,1.7901201086975338
462649,48.6522351453431,2.4423974613797546
69055,48.97346194612964,2.646122375555289
69040,48.97154432503125,2.76406796006948
69067,48.9739356890826,3.212175066607455
69082,48.976686131061236,3.2178553553155997
69037,48.9723032093532,2.5835158049758036
69023,48.96753560889944,2.9003858308270587
411339,49.283232716324214,1.8203745136275786
69192,49.007094635633656,2.974378705841501
411447,48.186422216965354,1.3862711811788562
69106,48.983622073184556,2.6150807417128923
69146,48.993197468666295,3.172598700755338
69136,48.99108052198589,2.665897542859082
61222,48.27026199901867,2.7268901202756997
61215,48.268077556959014,2.6776303733407496
61277,48.30484681651814,2.703925945344627
61242,48.27667936798658,2.671155027642953
419995,48.80975838546424,2.1859572411265953
61115,48.1994002679777,2.8209260053090466
61100,48.1856890761188,2.7500609975596966
417697,48.97602201422309,1.6996028883607541
61163,48.243159708480015,2.652613181568348
61178,48.25256005653613,2.927537039079549
61195,48.261866764090506,2.690173326405047
61033,48.68148682882158,2.1735282798113955
61019,48.680595399886336,2.196424110794346
422587,48.56761089153613,2.4648013484413025
61090,48.18042096685729,2.74388346621981
61047,48.68250047682563,1.8428099320957971
417900,48.93823929398077,2.2168727715225445
422756,49.01288681130586,2.191017256917752
62762,48.692648941025375,2.4462189445336664
62746,48.69176329876697,2.290080819196679
474399,48.90860117212722,2.2693193769918047
68593,48.89475923530343,2.8357745809466772
62718,48.68962389046644,2.4952407571062047
61627,48.43101384978345,2.7637037939042504
61632,48.43352718259999,2.7521065661194997
61621,48.427111662478836,3.1213935283571854
73264,48.87617407611966,2.5569820910365486
61678,48.450906996107804,2.604061853251643
62791,48.694375147672865,2.3631640584649425
61656,48.442806406714766,2.598903541793012
62782,48.69405746437711,2.3762385322801403
62775,48.69333226419473,2.488452426120247
69788,48.75915680487436,2.4230604590607916
73201,48.85754012899918,2.5031887849203196
422369,48.97498283452431,2.1922902248175267
68614,48.89761886130939,2.8769094567213216
73250,48.872883267075565,2.510963434832858
69758,48.755629685457585,2.4144616170222237
68620,48.89685999811353,2.861396420392388
69720,48.752327603876736,2.302104616136315
69727,48.7529241711814,2.4537409332780142
73227,48.86508628957059,2.5121135037900593
68650,48.9040826603404,2.5880790645395133
69719,48.75215657522584,2.4169489193937452
69710,48.75077829096672,2.3047980703690656
68647,48.90358556047024,2.6033271886159803
68676,48.90837985567202,2.8148313809748013
61571,48.41564036342682,2.711518790755197
61565,48.41306971815723,2.7316956749574537
62646,48.68512327633981,2.3818332891263636
425797,48.97518439827676,1.9797582147847903
61585,48.41817508462421,2.7296355719336995
474216,48.7595329283718,2.6869415491116606
62697,48.68897318129146,2.277069632458001
61510,48.40267871100443,2.6945386901420063
73178,48.84753006223876,2.5390407596935134
73185,48.85058213781319,2.5352457539780935
62666,48.687557262559025,2.294471653965627
62650,48.683884113173825,1.6155942180593423
62685,48.68805288716877,2.116398462213876
61539,48.40810019746099,2.7038039012521087
69883,48.76904354355693,2.422570198715706
424717,48.878779173765786,2.2354382673887154
73111,48.829291752174626,2.5680941434411024
68710,48.91748663350235,2.6137483212967654
68720,48.918531126774056,2.7135210736385162
424727,48.86967036278925,2.679061322007202
73124,48.83273710395241,2.513165543338052
69873,48.76801992487614,2.3738171899530642
69804,48.76187225033086,2.3000791645036935
69812,48.76287511781402,2.4247607713163326
68772,48.93072193016038,2.808889915673504
69834,48.764921767800516,2.327555257867772
62959,48.70337645338406,2.4135658189253397
62928,48.700693446492096,2.466672759180586
61483,48.393904028666995,2.9524553663333517
68389,48.870934298811996,3.0414635672464123
62990,48.70428575378531,2.4604393137257565
68363,48.870181336538664,2.5967652798060645
68365,48.87012433555414,2.647049376657054
61442,48.386158645917696,2.9543871053622546
61446,48.386611362552834,2.7850756640126435
61429,48.38421720781298,2.9479597278788208
73092,48.82294836943659,2.5502292255916013
73060,48.81086109266283,2.5102309875695394
73077,48.81704931148036,2.528258590815237
73058,48.811575825789134,2.514575017574395
423708,49.07038265833598,2.818160293874428
69981,48.77718174618094,2.4057621256630193
69992,48.77737732535953,2.307621362248238
424401,48.782547136666224,1.6593374160809469
68457,48.87891032503394,2.7220085107673078
69911,48.76897017246754,2.4469807495309377
69919,48.77214374044574,2.3436548737149354
74122,49.0798394393427,1.5020387835952884
425923,49.07001500996285,2.3054818046674765
69947,48.77456380466226,2.415657595634537
425941,48.54238697779196,2.660506884945189
69955,48.77511227362033,2.3739021932406703
74164,48.69826194350352,2.246082447706817
68407,48.8747493039844,2.5834642413260975
62818,48.69582313198688,2.4421566912577193
62807,48.69531809930996,2.3713592615505332
61367,48.36246414165528,2.9507219135047627
62840,48.69671003385273,2.1997839509134636
61382,48.37037996499001,2.8284930852235988
68487,48.88203060873452,2.616152098055604
61326,48.33572923561427,2.9316866729249127
61321,48.33440447229838,2.7862805744191776
68492,48.8818050771898,3.0010431119050747
423878,48.652153105374786,2.39161066534042
62890,48.69804743081732,2.136809047144876
67019,49.07099766554792,2.166557650701826
67009,49.06888828618896,2.42216201875416
74075,49.14007999881136,2.146013735037044
74090,48.78696287543879,2.0506741736474363
422258,49.145403685281146,2.302374139363875
68554,48.8891839754731,2.5954725679430797
74026,48.896860995444484,2.2895758146005307
68573,48.890378690468,2.8107358887356457
68510,48.88472448520872,2.620523153512194
74046,48.67897279181263,2.320225540012856
68534,48.88682574052925,2.7226685520013922
68538,48.887353057050134,2.621342676876556
68546,48.8884331549197,2.613193327142505
74050,48.6761452785285,2.3276103301227242
67128,49.09952070251966,2.4495832916147218
67136,49.102914375289025,2.0564751687823164
67100,49.08953407508627,2.276949282152345
67113,49.095317159006036,2.0951921056883918
69230,49.01895849917218,3.0297764345635363
69201,49.05946434920424,2.694839882644332
68135,48.841117623834826,2.638416843489081
68146,48.83916617377319,3.3288165003175836
412712,48.562370048694596,2.49973932502712
68123,48.839181886170934,2.6332795019359576
66030,48.99564678729235,2.1113525934224184
68181,48.847491365746684,2.6159431981230927
69287,49.04346537040938,2.508296415008042
68167,48.84492206039371,2.80192154075853
66021,48.99488097307715,1.9064888208692514
412673,48.803323797447064,2.366551644605979
68216,48.85233815966738,2.658760353593536
74367,48.909241893433055,2.389383575396142
69305,49.05016104708426,2.771022419030072
67079,49.081308182691586,1.6300471757521855
67055,49.07646105005039,2.3076401904704147
67030,49.071553984015296,2.081283935516398
69361,49.06875895363595,2.6044866198091956
67229,49.13561017128743,2.14395658911677
69378,49.071343902728465,3.1028310853470944
61984,48.53318507270305,3.372307090049903
61996,48.539570835270254,2.6404490943439476
69330,49.057853284418854,2.8474283835405303
69357,49.06806758719138,2.5757747951500463
68231,48.84989745687422,3.2388016769907857
68243,48.854127865116475,2.70990933210196
66119,48.996893255285855,1.6755449760361218
66123,48.99975055265739,2.1496394838941644
68279,48.858957723833285,2.719538983483439
66149,48.99992484902114,2.428826299103797
66158,49.00046986322594,2.3654738055080644
66167,49.000160928477975,2.269268575499459
423142,48.844867388616855,2.289923496182767
66085,48.995977819719336,1.7041329529972393
423124,48.99491971164228,2.6561841886467428
66098,48.998190811489124,2.2810495334946
68314,48.86148872418112,3.3251272843898585
68330,48.86703310085021,2.706197810061676
68335,48.86714785235149,2.812462905149538
67188,49.123024990563586,2.4267161886088986
67180,49.11913311159109,2.400808894286446
69429,49.092252923330435,2.545778501908134
67144,49.1060605118646,2.180880615392415
67167,49.113027142967915,1.9083933456811555
474177,48.55518635179589,2.660003921377752
69471,48.78709787052849,2.2190121660474738
61883,48.521620084426964,2.648081147887346
61893,48.52283819918684,2.666517517300149
67364,49.17358092003914,2.0539530868791975
67377,49.19026588454532,2.0715496441393135
61842,48.514910597736176,2.683797801559626
61856,48.516970380767305,2.6379838636388913
474151,48.86174503191322,2.34697651043533
67291,49.14696412214366,2.2706036398933076
69514,48.81561712212792,2.2216152229370554
61945,48.530808179365984,2.6794896776475965
67274,49.14415534113863,2.304172605036816
67260,49.14114155509843,2.328394168907497
69559,48.72716839021736,2.4726359575737558
69543,48.82463942217656,2.2163181007438197
69529,48.820822778467154,2.2015567040637802
61761,48.4831961218083,3.3571417273135866
61765,48.487890346737025,2.7008432522661745
61773,48.492749814523826,2.765659030307029
67449,48.693412214711614,2.610873051828494
69582,48.7332484310918,2.4211575128948883
67453,48.693969207291715,2.5094648546755254
68072,48.830930537807156,2.7256222486498465
68086,48.83360042231501,2.6344161480436306
67485,48.70183105419727,2.6040160418733573
67483,48.7010541392556,2.6070725375201405
68030,48.82681131735919,2.7178049547849352
68063,48.82865180161129,3.028312386734724
68017,48.82317440667593,3.138475793908351
67418,48.68850806427746,2.6074928770615875
63990,48.80670106331171,2.147347509861837
61803,48.506665968807006,2.565626021648365
63952,48.804986835145165,2.0057796312109364
63937,48.80296324664209,2.0723656583240855
61826,48.51038310826468,2.6791608969789076
61832,48.51041869991347,3.1966664824001163
69627,48.74050537166185,2.297665945475581
69620,48.739382890316634,2.407463687347781
69656,48.74483485911344,2.4077418267133814
69647,48.74419452128285,2.2963788871410133
63933,48.80239700553399,2.1139100832865103
63919,48.801402872265676,2.039920669506139
59976,48.57017780434132,2.456567779579808
59962,48.568390166746106,2.2762866101485293
60521,48.63497186564491,2.3191956217598726
65259,48.960927014531414,2.279782603698695
65248,48.96058714526593,2.228048832325532
60608,48.642506665937354,2.4105628094592615
416647,48.68907432223261,2.3186948655470707
65267,48.96185156770512,2.27502398459437
419392,48.69040260776478,2.2579070391032685
477622,48.88225761915098,2.1334831543908934
71914,48.87903150285189,2.4004890790795597
71923,48.88092315377044,2.4577094489470652
71941,48.883095879485836,2.487508956529258
71947,48.883022392821864,2.4409424577774663
462311,48.7540201330864,1.9224100866145553
65213,48.958289295256726,2.1972063137439215
65202,48.956300310278586,1.8215038918832407
71983,48.888944316484455,2.40999634896482
416620,48.68486296432191,2.3059122983688343
65225,48.959396332796175,2.244399608162589
71786,48.86327113743192,2.4041872407401566
71774,48.86174087506803,2.455823648695495
462241,48.98921709838845,1.7122753572977778
60477,48.63085757230472,2.4499871526788266
60497,48.633165879588866,2.4424717029110883
60444,48.62747846232454,2.103769593557011
60457,48.629521524593045,2.343373989312138
65093,48.94951344721006,2.038490503555063
72892,48.75933669115891,2.549573351419401
72888,48.75784466787642,2.5022466778687726
463796,48.87008403324059,2.4069858273842373
72866,48.74320156784014,2.5569066424909734
60425,48.62410672509065,2.4374799425230003
65159,48.953023815756076,1.8125517607889055
72967,48.78296680477343,2.53273133531397
416545,48.87986429587017,2.4692695367168973
421849,48.986729718525716,2.4521989744574286
65129,48.95171964010799,1.9643378892827301
463759,48.876025465223115,2.40273244165847
72911,48.76517307322384,2.501809455637421
65189,48.956312785860675,2.199510501178056
463733,48.57626557979879,2.561795580046524
65171,48.95438326732052,1.8604258323624876
65163,48.953675674887734,1.819364789560953
71825,48.86811932276571,2.441647689734762
71805,48.86582204081836,2.4265412182280426
65115,48.95057795905876,2.0417137627687976
71861,48.873563530333314,2.454050462741062
65109,48.95081110181252,2.0638229687990113
71842,48.870781947257235,2.459410075610064
478518,48.984838277690926,2.3632394946256468
70001,48.778148068513616,2.3966808862587303
71646,48.846131319966304,2.4997955641113454
71676,48.848354615971196,2.4781345751746113
70014,48.77900812689168,2.2836952871796763
70043,48.78087395326745,2.355473826415877
60786,48.65401349454931,2.4155582721329685
70037,48.780631575202584,2.335042185435425
70058,48.78165439170867,2.2706411405570797
70082,48.784645975755204,2.367064214965521
60792,48.655289843418,2.3535386872678363
70093,48.78539914465245,2.258733748139077
65059,48.947137039978585,2.164153125144032
65045,48.945474870588,1.80993876818569
60800,48.655385578760495,2.3438979112870024
60858,48.66120138898149,2.335060096595883
60862,48.66195622586272,2.3341203656157283
65003,48.94257302645031,1.7492902291566041
463667,48.82474785269097,2.412500371949499
65035,48.94600836452556,2.0404531116773637
65026,48.945699159105416,2.154038900208976
71722,48.85573154061831,2.3910669326567633
497006,48.48460757208748,2.2062791201930065
496932,48.97068953464329,2.0376207254431624
496047,48.99785810674495,1.9580880031094692
495867,48.78057114877947,2.218109538175575
495816,48.564340299517205,2.500858980143743
495771,48.89389542844688,2.4967657571812394
495701,48.73490158001051,2.4721839493006277
495057,48.940557880718295,2.615276556454489
494524,48.955198706279766,2.2173752332055727
494522,48.917790207399,2.5232518793243894
493992,48.974910369458684,2.29258675261092
493501,49.04650001971905,2.1060566005303976
492873,48.89507467420404,2.7705384032447027
492631,48.602512896023214,2.468689894505883
492324,48.968873537802544,2.3652106785695457
492106,48.836904362116485,2.7365920081838753
492039,48.56337924732571,2.294971057073873
491910,48.994073848502744,2.247571355379257
491798,48.915198862722896,2.0162346350346425
491734,48.83832581333983,2.488303393308646
491693,48.883053017394566,2.464362137872155
491482,48.979582930184534,2.0039496239432153
491444,48.925506203679426,2.1899739434284715
491421,48.93983341323457,2.228329532984158
491392,48.929791647717934,2.1973594315196174
491316,49.026919053683265,2.3304527738347733
491323,49.03704092946059,2.328270723851678
491307,48.98862365158323,1.8125444797119752
491126,48.80916643777715,2.0627776056052847
490919,48.87445306556011,2.278128876483562
490706,48.878373647317744,2.538140573687947
490532,49.04614199413576,2.0847842818428184
488642,48.93239470234836,2.1966231503348905
488509,48.93765961212128,2.0173183050499968
488407,48.86433473437115,2.074796677120707
488097,49.05851048541432,2.5022089640283296
487926,49.006032504212335,2.485940805103873
487154,48.628695347906365,2.270927180508589
487096,48.613943688597054,2.365329441099051
487075,49.053459981568146,2.456194007608383
486959,48.708006150659436,2.280774812226961
486943,48.96396090134491,1.8575661603719806
486748,48.5393411172801,2.663384918241068
486730,48.81614399487024,2.3072564420244412
486692,48.80368687422228,2.2782845640407126
486362,48.992621177454645,2.2627196963792264
486069,48.60597428964661,2.8966316291795087
485908,48.65584657030913,2.4356927138860947
485896,48.746241306671855,2.761672364412589
485882,48.6919045536855,2.173091842044097
485870,48.67783362026737,2.19905410687612
485836,48.43515802721333,2.1411148513840903
485811,48.80573157403632,2.3386708348201997
485793,48.50388522116789,2.7862807325931493
485751,48.965343326127694,2.9083317908957134
485730,48.5999121536802,2.669756359926916
485542,48.980607244502096,2.5344861511958126
485505,48.802285606596676,2.271169569005267
485318,48.95365464167969,2.8936808507585527
484378,48.6897894565547,2.288660723739572
483814,48.69276777066041,2.246351901264581
483666,48.91684938115938,2.470529748209233
483650,48.639112020304,2.278328521033878
483620,48.63987599822331,2.303156490055678
483575,48.896478300808205,2.80111844343855
483468,48.904590084230755,2.304803888970669
483414,48.40596243870789,2.6945196115031744
483407,48.91619489217675,2.272112328698602
483394,48.43359611406399,2.1726349690092883
483253,48.88764583464717,2.1691653502519355
483231,48.94619041782957,2.2170807197490072
482873,48.812384391102405,2.5188093591744387
482862,48.54105628894346,2.337267956553248
482818,48.97905408371135,2.3069022500244256
482821,48.82935206860788,2.306590528826076
482787,48.84363213152753,2.2826163409257965
482791,48.89186642350766,2.375287380451622
482776,48.80745277720278,2.437742508881016
482754,48.80718278446297,2.3582328221431257
482727,48.843732351415674,2.330149313510528
482705,48.80516813119563,2.3231694653259813
482673,48.9256964899938,2.2582499781303533
482420,48.984782470963204,1.7168056425451461
482350,48.889210063297064,2.3162400531363248
481656,48.522465575171516,2.640525720108291
481093,48.82288826342331,2.559450658788296
481036,48.98072413940651,2.44563633297172
480990,48.877862175382695,2.3055969854415337
480977,49.04562419321352,2.4880382437660153
480961,48.42586009925035,2.9933225375731274
480712,48.70447543780018,2.3630138044689923
480637,48.90593889565636,2.5491506404565887
480546,48.80220189368558,2.3346991264098826
480356,48.82944608275531,2.573507592395029
480060,48.625198390716925,1.8163531015834131
480008,48.9464922244545,2.1460320522655514
479994,48.83439822673677,2.3883121737983193
479933,48.897868000216896,2.339826101787804
479904,48.93144260430316,2.2581817012713725
479924,48.987076991916,2.704549087641239
479919,48.83930944123598,2.5495090006085688
479898,48.80839978616536,2.330861841730304
479832,48.90506946417709,2.6006421039950265
63131,48.71296325056955,2.3657985998350126
63100,48.70974343199228,2.068964510118974
70590,48.81867946715498,2.3228170327869213
70581,48.818691904827716,2.2445728066846407
70587,48.81895405069261,2.239107532424398
70572,48.81727785012007,2.248536049798444
63172,48.71583440855419,2.459361791213541
70568,48.817882456768764,2.4438062997817807
72697,48.94227491566739,2.421527763672469
72695,48.94075345753921,2.490510679077811
62071,48.55045278658127,2.6721545369167354
72680,48.93840228462008,2.3773085002940793
59802,48.52239700371956,2.38379858516776
71142,48.8448079531732,2.3327176646131793
73390,48.91488955023741,2.5276787587652048
73396,48.92108534907814,2.547409187036843
473782,48.95883094531342,2.4235012259804387
71138,48.844916170203646,2.3287510292962232
63190,48.718494484432156,2.49581821388817
62064,48.545132118532415,3.287777905949185
72654,48.93365565703098,2.443435334752297
59854,48.53960054684037,2.365599391003626
62031,48.54446268754925,2.9509437538329095
72628,48.92810730112443,2.369918482507151
71186,48.84973523855675,2.237676889822399
72617,48.927198248207795,2.4511129915994263
71170,48.848903815089436,2.3213954108247927
59869,48.547476109661524,2.216180197938798
72613,48.92708873933184,2.463669974736852
67616,48.738305579499304,2.717093349679871
73325,48.89983063696158,2.5053496043971544
415641,48.75156059214248,2.4323256045212203
67603,48.73617055988033,2.71756043080729
72722,48.94665391009881,2.371420885480953
59774,48.523976067869846,2.0054255602874203
73305,48.894013391962226,2.558596530740491
73313,48.89613612897657,2.5257620591653756
73309,48.89456573716307,2.563304123295181
425109,48.1362876164414,2.475514879239654
66599,49.029433979804175,1.9921009095594369
66587,49.028074107710076,1.9881205392435166
73341,48.902677400675564,2.5475487717127625
66575,49.02728801081038,1.979178875935072
66571,49.02690191749693,2.097717585375898
67694,48.75898092390326,2.670641087093646
66558,49.02604964268113,2.3589806840046084
67688,48.757202887680315,2.6989601755017643
66549,49.02509204604544,1.97685640795293
70639,48.823142560135345,2.331190218502305
67666,48.74950381100196,2.875585719507536
66520,49.02142455291207,2.229990344889035
70616,48.82113210004295,2.242889407075752
70622,48.82161137137377,2.251156796516691
415670,48.883746877484185,2.3948097974297355
63222,48.72290045273754,2.1232522385814385
70472,48.81155722078134,2.4031644061215336
63241,48.72483056886445,2.2233418584454636
63251,48.72485476595783,1.913080016085026
70442,48.809155061055996,2.3887648398126595
70440,48.809789969943765,2.4481002435417722
63276,48.72916483327582,2.1755611904706593
71206,48.848127947151525,2.264672147983602
70461,48.810694386104345,2.285220985722654
70457,48.81096927075763,2.3360103061900857
71223,48.85533251026324,2.3469478462543782
59714,48.50870990666805,2.227590660614616
62177,48.562186597884825,3.288257789019724
59700,48.502005501377184,2.019373035669664
72777,48.95520226418665,2.3828219916622784
72799,48.69412745242895,2.556785946791153
71260,48.86023399654967,2.281058781878981
62134,48.55676031566105,3.0099598999631696
72746,48.949726829016136,2.3856654935640615
59748,48.516853381152806,1.8307759567899158
72730,48.94802941914165,2.3878564065105596
59736,48.51433306045752,1.7919749137258338
413545,49.04371176258264,1.9431943019618083
72750,48.9511795377292,2.3752985559411846
62104,48.55234375293628,3.3034065831177126
415734,48.788510685866406,2.3699506107988833
59667,48.487795299166045,2.212131634113872
73437,48.93514425593678,2.5740470035879244
59679,48.493693730406406,1.8691657758710654
72830,48.71649528463384,2.572370326779745
73441,48.93633895249352,2.5212732642517297
62115,48.55608144763364,2.934353583795742
59656,48.48381039093843,2.332638600666363
73464,48.9411059790246,2.582878288699735
67510,48.70637904105015,2.5176178484747993
73478,48.944453326104785,2.5834794252473796
73486,48.94635987507931,2.5608350156242676
67532,48.71066473258958,2.8576771612586773
59686,48.49662788647425,1.8580024047129766
66476,49.01827724670171,2.052653413969398
66472,49.01843356964283,2.3158512923484795
66423,49.01341858552183,2.062619314001213
70516,48.815186743823546,2.265174107287013
66419,49.01346460093217,2.19469935321779
67579,48.72789645200569,2.9516823935812466
66430,49.01394271734304,2.041310245664585
70547,48.816882158685644,2.348988766427656
426135,48.82757357495845,2.393030426742303
63213,48.72160285865646,2.4051572449889487
66400,49.01209278016053,2.263953865225135
63209,48.72070098256444,2.2463295957248444
427003,48.8270389407332,2.3808453759965604
70346,48.80316745236618,2.257357954599764
71349,48.87575823015652,2.2369824095025184
71341,48.87451979193198,2.3022739311299394
72468,48.90584088215597,2.5006337410224373
72462,48.904192171400695,2.473680111074696
71318,48.8691548351732,2.30996645232141
71327,48.87188932734513,2.2847697984073387
72451,48.90198983830589,2.371298621392577
70387,48.806320869215874,2.2382229542509293
64810,48.92704921383903,1.8629558439372544
63376,48.74592682310979,2.1128826285697975
64822,48.92897745092604,2.0412927037161785
63346,48.74055070684556,2.2568680856988292
70356,48.80425768090246,2.4717476273105508
70350,48.80336466297218,2.3777566010992026
64858,48.92909279930258,1.5117443256778809
64850,48.931066161380336,2.1232045056645843
60868,48.662723930993145,2.3427874525400196
67818,48.79403379523675,2.654377306335117
59609,48.4517396582668,2.1600350808982425
64835,48.93152674839316,2.220433875561584
59639,48.471393752395876,2.285213625057822
70393,48.80652175090915,2.4722284908904917
64839,48.93053629885683,2.163566776215459
64891,48.93536009996285,2.203689101612585
71383,48.880336865816204,2.2442240592473173
71370,48.875942170484834,2.3252697938313074
72422,48.897993009794604,2.4057676776640147
64883,48.93292481960792,2.0406466644966867
72414,48.96627921683856,2.363521441845616
60918,48.67080663370073,2.0613391174040006
66365,49.00928711531621,2.0254365237011607
60905,48.667792885852606,2.4162869956293136
66358,49.00960541962743,2.3107389813338455
60939,48.673143651757265,2.345060431751074
67872,48.80211934518041,2.606433785265686
73584,48.98870508137426,2.5451054788132486
66337,49.00847289913842,2.4012710327579323
59596,48.44524624521698,2.1796524035126557
464035,48.90380523813534,2.3745029437667773
73560,48.966321937704166,2.5412586074134738
60962,48.67492416382816,2.377716295081233
73573,48.983068139673854,2.5189096240807234
66396,49.011568499852125,2.130437418212107
66380,49.010490232544655,1.8993454276489312
60981,48.67604277996688,2.3861511172630068
73548,48.9634439623306,2.5628212144408367
67829,48.7924268785514,3.232923602097696
67821,48.792732305908885,3.0244338435421154
73526,48.95595300641723,2.5016818923117663
73539,48.95992526275057,2.533483230130152
63321,48.73486302062442,2.3244544749401834
73505,48.95142096402714,2.5137817724755185
63307,48.733271835647166,2.2212379302844916
70412,48.80787740952549,2.241141437574725
70422,48.80858100890772,2.4570932060437047
66309,49.00630660040257,2.0439526280733302
413378,48.6954185642887,2.380244115747654
71455,48.886114804191976,2.2621958355109357
72571,48.92094300471543,2.4719686878846128
427129,48.80416921917864,3.094073925968952
70220,48.79381732231624,2.461010778075703
72593,48.924330871009516,2.4943356708611404
64900,48.935901325145146,1.949964544966502
64909,48.93740355461671,2.1339569394358646
70240,48.79424671677119,2.3552133203822563
64919,48.938371218463985,1.9957561941178001
63478,48.7622804564419,2.044286425524595
70239,48.79630179600988,2.321889107453475
64937,48.940228253668934,2.2380366519857433
70268,48.79810558137264,2.270057154604726
71419,48.88286845680266,2.344134387443545
71422,48.883078695567505,2.233431952069731
424106,48.63799295386247,2.511373919565147
70283,48.798979249172724,2.36986501173922
66175,48.999887495555136,1.7423679668312122
70270,48.79752239452259,2.3580657790788906
66180,49.00131513923138,2.2953638682051176
60993,48.67711541586397,2.3710483771148145
64977,48.94209834108253,2.1637767542176105
72517,48.9128723813676,2.436549103709822
70295,48.800260089274914,2.318100431460298
71499,48.89041450791675,2.2616098338418062
64994,48.942980643934874,2.0290954740470983
71480,48.88811252578356,2.275648381495893
72561,48.919607626458784,2.4812476375154042
66228,49.0030178489004,2.177817314993945
59479,48.40518750940789,2.14090858076991
66214,49.00290466837117,2.4018341819336215
66243,49.00362380636353,2.07688131272907
66239,49.00203545159233,1.8942895958265076
59429,48.34816717434633,2.0318434431177796
66266,49.00516391491889,2.3637899451714093
73676,48.875568895694656,2.395088884314129
59430,48.34945146417637,1.9916548404862822
66281,49.004811444286275,1.9067445235662102
415531,48.752955698571434,2.3341296513427374
73699,49.003955521563896,2.570646758150875
63431,48.757202394258265,2.0492835922478863
426380,48.87891086660642,2.187835251114385
63429,48.75722204126394,2.177961284033484
73646,48.87145707771462,2.367754435567321
426360,48.72548688706505,2.8395694623964722
71510,48.890493244316794,2.3596404262414667
71509,48.891076043378376,2.3313473286722632
67787,48.78759235584307,2.5977370455212867
63418,48.75510765824745,2.0426560950004182
73606,49.001242351977005,2.0759190510331607
72206,48.91843237171598,2.3516551464270683
64649,48.90777627872659,2.1168298648304122
64625,48.90440703146069,2.168161144624321
72272,48.92759229857705,2.284590944210374
65713,48.98373358169633,2.1818045632450302
66953,49.0640825780547,2.094443646169358
63596,48.770905476960166,2.12456858538707
72259,48.92628829773351,2.3418606537917985
72262,48.92598401208934,2.3570405118121043
63588,48.77039516214767,1.9450824218945144
73801,48.88503282512609,2.396574441042218
66923,49.05633870730784,2.0654561473133133
65742,48.98397079087941,1.7884598295076384
66907,49.05490413057261,2.040320948383382
72217,48.91954323718551,2.3434401778950718
65724,48.98521073983294,2.282643241260434
72221,48.9201537559566,2.28890301889205
63527,48.765294014550804,1.9089112021477974
65791,48.98882530466732,2.3898490163089887
62405,48.62835863440201,2.552437440389426
65765,48.98727654405985,1.955335012449572
63506,48.764684126484916,2.185354053182008
63514,48.764253682516745,1.9442813356858795
63568,48.76918019673545,2.1291013931493987
63561,48.7707985406452,2.1058807486668165
63572,48.76934217339112,2.0393606261822153
66970,49.06055941259289,1.5445598925119461
63556,48.76762615728518,1.9210678451721277
63550,48.76680630730581,1.9651362536941577
62470,48.644616119755504,2.780052527284143
73796,48.85915155546713,2.3142220254428847
62467,48.64373106113587,2.830115121537112
64694,48.91301429764121,1.8709992217449685
425595,48.499388406408485,2.2239375856694545
62429,48.632220115208625,2.5483535835462345
64766,48.923660426145055,2.0540554688404526
72304,48.93325072883429,2.343028318419
72313,48.934760818543936,2.3274962351458535
72325,48.93699187374246,2.324443825787117
67913,48.80994191611979,2.621135390097973
64707,48.9145132450534,1.732245610661656
67934,48.814692473791446,2.8294084210522588
67920,48.80802311515361,3.081662932021273
65815,48.988579914298384,2.2376761173288644
72374,48.95288980446737,2.3218136100073634
72381,48.95481678834805,2.3080924055703953
66843,49.04945172588848,2.084862721594038
65830,48.98863254342151,2.156195803377726
65822,48.987995559131,2.007723716685946
65854,48.98998217920316,2.418181863129043
73910,48.90128799533514,2.492567941975494
73905,48.8505106316576,2.5816683829644753
73923,48.970729406283304,2.3650036166800947
65861,48.98947783207489,2.0657772958833087
73925,48.98395037825979,2.36708275797116
63622,48.77326829689104,1.9881557194394228
65886,48.99087729937403,2.410888691630688
62500,48.654505950823065,2.5767191662906663
65894,48.99111671050022,2.278544285873962
73849,48.88451986846613,2.341883998768131
63643,48.77498155344015,2.0166733972811506
62526,48.6593628538185,2.7703504859365333
63660,48.77625450590214,1.9902820613892007
73876,48.90577198388535,2.253145188918503
70945,48.896112584261104,2.221966703349993
63676,48.77708237167625,2.1676663648089867
73891,48.83438210272086,2.2546721562339047
66871,49.05184376226209,2.028201323235814
70972,48.91436524130506,2.2290551102771867
70973,48.91617299785699,2.2193539446250377
70921,48.89169340005695,2.191577461657766
67953,48.815025073595635,3.0873730281195693
70906,48.88570227564183,2.2191288972808763
67968,48.81739345133911,3.0951259886879146
67977,48.81886670035104,3.09722600251778
62531,48.66096340282624,2.5627697490017574
62537,48.66271274701731,2.572647088998681
62553,48.66635832569111,2.6213268068791353
62569,48.67231320454928,2.6969499578302516
65911,48.991389503011064,2.373537509044873
65905,48.99073905767177,2.2959582162085885
414379,49.09973090818199,2.559405965476878
64429,48.87709931887583,1.9788572502456045
64405,48.87145775862131,2.097172499847512
65994,48.99192506156917,1.9132266979943713
65989,48.99310963085728,2.193948930147459
68939,48.95603796594467,2.6026812827225916
65971,48.99308259111484,1.9879957185936317
65968,48.99264098516157,1.8960952494194623
66727,49.04043293384174,2.134659115408611
65958,48.99292693886811,2.309580047029664
72037,48.89459148092898,2.4797169928219702
72042,48.89642848133979,2.2525017545609587
66703,49.03841066211652,2.0680904050584084
65936,48.990824031457976,2.14249536801868
72023,48.893548917470646,2.3737123519792407
65925,48.990977117840565,1.90935188725334
70861,48.8786271193711,2.2099425289597487
66769,49.04366888791539,2.138866109147242
70848,48.8764132671289,2.185569923948009
72069,48.89928134322209,2.32077965653977
70840,48.87427240498698,2.2213249297236417
73984,48.94398918171037,2.1850032922197955
63790,48.78629745440244,1.979756491350095
72052,48.89750996336592,2.324008182635686
66794,49.04468501433642,2.010470204943459
63771,48.78537059079013,2.0952729680107502
68900,48.951088060399734,2.917477538362617
66778,49.04378540659758,2.0847027233947286
73950,48.98626099002573,1.679840247677655
70876,48.881706684964975,2.229149967939693
66788,49.044933306852414,2.0309981764092604
73936,48.80416175196149,2.05770702832289
64458,48.881981731822066,2.123996862070257
64469,48.88403874707587,2.086358477883936
425367,48.908574027130825,2.229816224260784
63709,48.78033441389571,2.16904351078538
64445,48.87975035528676,2.097233276702759
62231,48.579721148778475,2.9901306330593718
426842,49.15799501260458,2.262298423294688
426846,49.15672529491413,2.2649142552416173
62217,48.5747391591635,2.586459442084076
62388,48.62519196703642,2.6003894963218963
71046,48.83397205877862,2.3217873379810796
71052,48.83479420796035,2.2558583425568703
68875,48.9479261778517,2.5998215198095975
64507,48.89061731011234,2.1529971952961695
71072,48.83722173718999,2.3019761889734216
62390,48.625622710182654,2.5153022722107528
64520,48.89161286526146,2.1044198789618123
64509,48.89098395203159,2.080767458510045
64544,48.89344039590818,1.9243530389573023
71030,48.828208677561626,2.326847942004922
70676,48.825605445657644,2.3505143863168714
70688,48.827130686595225,2.2080530676769143
70698,48.82980561919347,2.230741596967063
72117,48.90439881822198,2.2322517120883325
68816,48.9421902042819,2.6897875391491537
72138,48.90782923855097,2.344160935033754
68832,48.94323577089177,2.6889895071010863
68863,48.94667345415171,2.906187128723061
72156,48.91087635244485,2.2917653195452745
68855,48.94657172989169,2.695891392726256
72187,48.91562707526701,2.3534161588009024
70713,48.8383450688878,2.186532638388526
66623,49.02848859718424,1.6081711127576868
66639,49.03250375775683,2.063026911641774
72193,48.9164348526383,2.242635499271655
70725,48.84223975953519,2.207353392750432
70765,48.85661041349583,2.1936960303235873
63874,48.796672969812285,1.9792744717022817
70751,48.849160195055106,2.2113977289325506
66674,49.03395019297717,1.6010559772872648
70784,48.86267309086746,2.1965124483052034
70773,48.860307511296945,2.177936421173714
63817,48.78820949865621,1.6132275482831697
64550,48.894367661702205,2.0647833882872133
64566,48.89577432254424,2.0704528440159944
64567,48.8967776755152,2.1529788099696487
63845,48.79356678030262,1.9715687279550014
426762,48.613164281006924,2.4668793023592803
64589,48.89927332195797,2.0951827834510732
62332,48.61037390433082,2.6229118375368623
71086,48.83856283997406,2.2823931814133487
62358,48.61884397372173,2.542370533912262
63812,48.78737457762048,2.0453376716443157
65376,48.96650829284147,1.7214775131973128
64233,48.83984338066014,2.083420304269346
65395,48.96915636715795,2.3409559928943624
64254,48.84405576484691,2.0646642734587686
64208,48.832980973608464,1.6693555170863272
64223,48.83625635059997,1.6735230415898747
65317,48.9631999306166,1.7131861404455881
65338,48.96532548682006,2.2935639636163216
65326,48.96306907547617,1.8089350639954935
65351,48.965110619307865,1.9046428136021558
64299,48.853882340278986,2.142180118149469
60273,48.61098498404082,2.398403672384914
478883,48.89818274359901,2.3451622535485326
60263,48.609903603462016,2.3804831105658524
60239,48.60686192285028,2.1362233029011866
60241,48.606791650794456,2.4833296512142864
60221,48.60497118050879,2.3143025341145647
60204,48.48036730522024,2.493322059696995
64371,48.86668342325275,1.9797907797584584
65490,48.971977959445105,1.8481212812096315
64341,48.861098480640024,2.1227668348833313
64326,48.85867816469226,1.7416603421071182
65432,48.9708438169501,1.9722143236844742
65415,48.969959523588514,2.0722270492302366
65473,48.97240734709326,2.381511289315804
65466,48.971659824792646,1.918759345706334
64398,48.87052329936927,1.9718489575529767
60396,48.62200248823259,2.3550894947289684
60354,48.61727649101501,2.499316437874135
60373,48.61996242958759,2.4220370617329934
60308,48.613272272774395,1.842244010263451
64307,48.855751547147214,1.9766587262754705
60332,48.615525329671875,2.4698534352291555
60302,48.614566636311885,2.2583172150401505
64005,48.809045921131045,2.12520158179963
64012,48.80837729380608,1.7676655427563264
64045,48.81322031638475,1.6589642046686295
64036,48.81326597265197,1.8358770214555062
60087,48.58943182123015,2.1891713694051913
65599,48.9784304285387,2.278904809729136
64058,48.81605305524212,1.8178775753144272
64087,48.819762749827724,1.9678989165160206
65523,48.97601846504241,2.409288058634847
65550,48.97583237471703,2.370063983516294
65542,48.975528381161325,2.0472782839744874
65509,48.9744073886463,2.03641121670052
65515,48.97475332739015,1.9750809612043632
60067,48.585812887999396,2.4768182260201925
463333,48.75833950340245,2.69321302796212
64105,48.82163519906256,1.9665270043406633
64144,48.82391546487002,1.7572316150144565
64134,48.82323284300377,1.9845094754847248
64112,48.82181523115617,2.142265043723339
60194,48.602398753925534,2.120685309355912
65693,48.98268831978714,2.2560635062353636
64156,48.82588033228958,2.1217929375264113
64150,48.82353985795484,1.7801525504799358
65666,48.98125378151419,2.282602222992266
65647,48.98017647054275,2.234868899328919
65627,48.97893548757907,1.9078694767993223
60124,48.593073780817335,2.461035763781745
60135,48.59447472119176,2.477660630750569
65614,48.97821513495583,2.3048915697235297
60167,48.597769231411796,1.8019655394927558
60170,48.59987103526039,2.2943441831796356
420192,48.956742954358134,1.8171373955620256
415225,48.78913772384389,2.4117988201934417
71603,48.83785866667261,2.486325652297419
71615,48.84019717360417,2.481159222301476
60734,48.649292765881775,1.8409377985952289
60744,48.651045725097205,2.3809394560515056
60705,48.648197551829284,2.3033239484176367
60702,48.648236584466865,2.466908829441079
60693,48.647439326099644,2.070290429724914
60686,48.646327565291955,1.8261246725669331
70150,48.78839287687057,2.3430625372671474
70159,48.789771036959564,2.3193264753101226
60651,48.643927733656874,1.8401131881014519
60640,48.64465259030767,2.345206653491658
463577,48.84990844973269,2.285412188062976
70188,48.79199656225449,2.2756352942961935
71519,48.89181021239687,2.2848643924492777
71532,48.893601599556966,2.336729586232118
70134,48.78596332523363,2.3298973749387555
70145,48.78898685244737,2.2988102429842328
71565,48.828822487407955,2.383998121660385
71579,48.83243838714378,2.400180321945436
412096,48.57188633783211,2.66467368420163
70103,48.78578539057775,2.3326558561618227
420410,48.91312595888718,2.327898596525548
71747,48.8582642575082,2.475820510539879
71726,48.856109325590054,2.4614158571721876
65021,48.94525764514459,2.21334025246448
419138,48.79112834820572,2.5697372463240646
60866,48.66345480544314,2.35889652192531
65071,48.94814343344853,2.19357406875976
65054,48.9465054785062,2.249467850682473
60799,48.65527797905384,2.33101480196917
60760,48.65197688196778,2.272686674607203
70039,48.78098527956734,2.473643566001224
71668,48.84888791915234,2.461490491759587
71643,48.84645842175235,2.456242132512829
71688,48.85120787654138,2.41819148087499
71845,48.87100503569271,2.471098002303772
65118,48.95146952183617,2.06234323796873
71801,48.86563334660995,2.374504790575915
72901,48.76355447785231,2.5353675702070357
478159,48.96919475934676,2.8853652599386272
72931,48.77194608393652,2.5494917458162796
72948,48.77624235531025,2.549924137861284
72862,48.73568481061935,2.5649113706986473
72873,48.748098072913,2.512819000769307
60466,48.62973815046436,2.332983242407799
65083,48.949303835293435,2.2686382882997487
60476,48.63070585862361,2.319590375217234
71775,48.86071970133989,2.4810366289812564
71990,48.889574420178285,2.445884010052585
65238,48.96018720060447,2.225992614831684
71969,48.88657931863159,2.472685351365676
415131,48.861000244501554,1.4497736113945252
71924,48.88083042695212,2.4197081668273204
65284,48.96257015865999,2.0581686789129336
65276,48.96236954621142,1.8979740484718992
60618,48.64336286073322,2.289651582962818
60517,48.6349505643045,2.324936697839939
59980,48.57051744375668,2.167579209964749
72980,48.790319020287455,2.5123907300514063
60562,48.638690813569504,2.318305738512826
63068,48.70727537426647,2.1231202521165726
63045,48.70750686463085,2.427843682808355
63029,48.70588616011002,2.2121472479304263
415191,48.72700757078981,1.3776166157124092
462700,48.3936090874478,2.8250738812996325
411281,48.91632714974818,2.514982920461997
69061,48.97305623579764,3.177893146380431
69002,48.96563887643076,2.671510404749109
411349,49.20238205277644,1.9205792747729
69154,48.9957743612321,3.18129844961889
411486,48.293634587901295,2.401292615320056
61212,48.26707898455942,2.8710575879632443
61247,48.2778623329955,2.8025029401055854
419842,48.97161981706485,2.208515573777635
61158,48.237272230407804,2.901489159192961
61172,48.24690286845715,2.654184885888304
61031,48.68225037987615,2.405910590357579
61000,48.67787884858737,2.0496596148173127
61043,48.6827060795913,2.1671243984079362
417845,48.78755956532545,2.2677818663182783
474388,48.93566056848171,2.052745209802878
68595,48.89556210806842,2.7937841087875417
474351,48.88728013030709,2.336871475881831
73295,48.88985003169105,2.553858604480023
61676,48.452875183824844,2.7527455587555956
69690,48.74906284494096,2.3458287731823417
69688,48.74850094527498,2.3425987491274998
422355,48.97148332670807,2.196777167530455
69772,48.75738428930613,2.3885819823947383
68623,48.89751922475982,3.0589502070879075
61704,48.46531731215081,2.520596776448987
69736,48.75353370617043,2.3484184260211176
68660,48.90579043949287,2.793163812232796
68640,48.90182345008878,2.70650617060052
61573,48.41605735823992,2.7203483567257702
61597,48.41949215585447,3.0963452139304164
61582,48.41458660729046,3.2268975011518424
73159,48.842138274663746,2.533188688607723
73176,48.84751496033657,2.5763098949387637
61537,48.40690976484259,2.7989981876939822
62684,48.687945314533785,2.264897685045743
61548,48.409832013503866,2.7852307235506886
69848,48.76634830079335,2.3914702361767257
69853,48.76626395942743,2.3279189282118384
73121,48.832467360626275,2.511083759780897
68758,48.92586255865228,3.238160896961688
68779,48.93130119843136,3.1506445464786084
68798,48.93589853170755,3.2698946182072106
62929,48.700991920247674,2.245377212768234
68387,48.87249843364024,2.5788742178510016
68361,48.86976288438698,2.702699337091453
62970,48.70247237927524,1.8850473243619017
73080,48.81873531885531,2.522516462767187
73068,48.81363806300911,2.5108177119407955
73056,48.811396449708404,2.5563681077737015
73038,48.8069191286512,2.5263009915451535
74192,48.99993182595009,2.414414563781609
68451,48.878662553568475,2.756921486020059
68438,48.877931339460694,2.6083151459109732
69948,48.77414904043306,2.4683919299140213
69956,48.77510855676902,2.2716988009335326
74152,49.09311397882281,1.6052793726416763
62809,48.69561195420138,2.307481581215988
61396,48.37459797301605,2.9353565425895267
62863,48.697971711876,2.3817153070700914
68476,48.87858131157298,2.765791216734327
62878,48.698812189275166,2.3670369727619565
424436,48.79134290703655,2.5534486994733276
74073,49.45933264969961,2.112877001715942
422267,49.13897653970335,2.2910934925734945
74024,48.9250437621567,2.2795014076032243
68582,48.89136327539424,2.8254408809823786
74035,48.929642937709936,2.3099353585765963
62923,48.70052335679493,2.481132611370835
67126,49.09807937799683,2.361718801409523
68190,48.84493636742044,3.232599615497967
69227,49.02049543418479,2.772431544696457
68116,48.839423732109665,2.7193307309743298
68173,48.846418237552285,2.6136414396194945
69286,49.0422583662262,2.962154097000559
68165,48.845199760212964,2.73009138113778
74373,48.96013615244456,2.352398357875258
69309,49.05223883374347,2.656269609667948
67052,49.075974450683034,2.4413404645896013
69362,49.068802535985995,2.8227570242629842
69377,49.073330841797436,2.820483392533613
69399,49.08179767770786,2.7907989038662246
69358,49.06601351977525,2.879472551929438
68241,48.85301382892628,2.8463110837290895
66125,48.999431192379554,2.3503368758671828
66143,49.00042208494625,2.4665278478517823
68296,48.861834991173794,2.8720530398197748
66082,48.997591385255156,2.1080119902163466
68327,48.86662886678631,2.760944415807799
68344,48.869231885621325,2.706178592455606
69404,49.079658830901806,2.674134979752966
69424,49.09150202970619,2.5676971996904223
67169,49.11328142531062,2.287623484123708
67330,49.158170384370926,2.3243417472891945
61891,48.52283960031034,2.645249405363378
61872,48.519051956466384,2.6347263600269146
67356,49.16923550230497,2.038290958199076
473040,48.972696960278256,1.8457352083431142
61944,48.53068224184156,2.564851472543545
61914,48.5262059927272,2.6459037924987086
69549,48.724596694212266,2.4469610745810075
67428,48.69027526404378,2.6270361517060743
69579,48.73261677695009,2.4244549543017437
69584,48.73391675527316,2.3138811795168306
68071,48.8307914918889,2.657729882451282
61740,48.48174316670044,2.672482166140463
68032,48.826457400498526,2.790659005331154
68016,48.82518075406659,2.7054802080798277
63993,48.80760243281703,2.1282895926586236
69615,48.73861098937602,2.2929184738086357
61802,48.506378955100956,2.6613016955721323
69628,48.740574483428325,2.4467918786069993
69653,48.74414857519248,2.4008884646506945
63934,48.80250879679023,2.0946216988720914
59974,48.56960478345836,1.932695797241741
60522,48.63373854534845,2.451809337152779
65242,48.95947294155206,1.8509454045249263
477641,49.10820039448845,2.3670449688500668
65293,48.963762660654076,2.3291287450316025
71902,48.87882708610202,2.378048093875531
71943,48.883938971091915,2.4162917052258073
71957,48.88483086655546,2.3796895517120946
71976,48.88786276082499,2.489732654460492
462321,48.75312353083679,1.9292301427844711
71784,48.86257694897982,2.4821017697915093
71761,48.859523457643256,2.4666894227578684
60493,48.6324284829131,2.4329867703157033
72890,48.758322803056146,2.5538195631591885
72879,48.7535360869395,2.5391293137016757
72851,48.729689317845406,2.54186855998602
72965,48.78145520856519,2.530281557414812
65137,48.95202349916224,1.991006889337412
65124,48.95195179785274,2.2782137592760687
65192,48.95664741957129,2.282941709768141
421885,48.9581687615661,2.3494458670794374
71829,48.8630445059444,2.4637022988189954
420736,48.69821210491739,2.470978253428417
71871,48.87548791779904,2.4242601465713847
71856,48.871289792630016,2.425560790572081
70004,48.77818612867954,2.303636832241399
71675,48.84966590949419,2.4257242106814023
70042,48.7796762244833,2.443771223295705
70036,48.783112836039955,2.3671304469433285
70053,48.781611253666334,2.293397380194827
60790,48.65355068250611,2.3471928403077142
65057,48.946011149667605,2.037995467643659
420463,48.7838075822475,2.2310454552580525
60867,48.662939502050364,2.2370387459403624
427730,48.94011898245822,2.4429020419721543
65028,48.94611786263436,2.223901473026051
497021,48.82131551973647,2.27095804583176
495822,48.61782783153708,2.344232931625967
495702,48.74090052253071,2.4386018282704005
495453,48.84743484759081,2.548266867200709
494788,48.93010257697206,2.1901071117865536
494482,48.607568968114,2.608079245207353
493456,48.65792197978012,2.3739607063755095
492927,48.9565746835936,2.872666554925809
491992,48.802380454261424,2.2808895385902375
491442,48.9278442988151,2.1912887166342796
491315,49.02997789129312,2.3323414828113442
490790,48.877012589567386,2.452112292474609
490705,48.87743595939501,2.544557120878108
490531,49.04247993688599,2.0874477781748677
488441,48.63455260236324,2.584968989961545
488232,48.767373440605546,2.2542003739061447
487076,48.96717061312119,2.377441966373207
486942,48.97871252245451,1.990195035955568
486691,48.80886867779069,2.2814809235489295
486387,48.99540422132854,2.26343182696128
485867,48.70469627763048,2.391535812202596
485783,48.67693029628991,2.3169651200812713
485504,48.8014882692753,2.265802769985642
485346,48.779520344063066,2.171621859688291
484133,48.966225756688544,1.8654659322344296
483669,49.04766574869545,2.667154295504536
483634,48.781659215557085,2.317901187597087
483614,48.642905576966726,2.3043852873836688
483554,49.026916891306456,2.3204639070907205
483415,48.99360207426463,2.155076516317833
483242,48.875118904466454,2.103251416492085
482874,48.41295565602428,2.7251014777857367
482860,48.814957297065284,2.352267601651532
482819,48.981961909848266,2.305907113620374
482788,48.83599662559639,2.2970334579325997
482777,48.81282676392419,2.5005780175008065
482755,48.410427543160054,2.692115330600065
482706,48.8340500423942,2.35374009516895
482351,48.83923152635575,2.657613149895009
482067,48.95560507565799,1.8599775148741808
481657,48.52937433426358,2.649552809618509
481081,48.95922447638792,2.2025861733994656
481037,48.95657922670868,2.4614130889960713
480985,48.77007742011534,2.3175899157733464
480959,48.961194121418,2.577391101137773
480711,48.9487477204243,2.56338165556992
480639,48.90198857565352,2.5845421743309966
480590,48.84320247950533,2.1303853194651907
480538,48.48510706864616,2.7084846675209695
480344,48.88441375995743,2.281202240872465
479990,48.85030493493278,2.382483621655241
479957,48.82207236930084,2.372691341417666
479940,48.99759278759356,2.367265059141445
479918,48.83555124135347,2.4748023516642856
479866,48.95899192964093,2.1906950181740035
479756,48.92896575657151,2.4281245034105146
479431,48.980677534897985,1.810662934682654
427281,48.56201430755164,2.632868423825972
63110,48.71078669205667,2.4802152373763042
63166,48.717607778691516,2.240100942992694
70576,48.81809868161409,2.4333513074436284
72696,48.941531143779315,2.372015202621765
62070,48.54966483878675,2.893267324381628
59804,48.52891370276608,2.3853608548493566
73391,48.91785305787017,2.5440191956185707
62054,48.548558604410516,2.5972747832130287
59824,48.53094683890071,1.96107460354693
71124,48.84300966471384,2.2601543750612154
62030,48.54375183454268,2.641273925493405
62043,48.54323454887487,3.2930916506029173
62012,48.5418139843831,2.650580533701325
62028,48.5437056467782,2.6248477079041033
73327,48.89932255747082,2.5174806578103954
73330,48.900240803474844,2.567150876195209
59776,48.52291517073181,2.014147186712693
72701,48.9425747933672,2.486370035368568
67658,48.745872819818835,2.728122784551213
73348,48.904395782867525,2.581126213927083
67623,48.739632902549985,2.7231374541390867
66564,49.02627638612302,2.0065204079725913
66556,49.025240307579885,1.9213630863749211
70638,48.82255037745503,2.267719522289739
415679,48.841242141978626,2.2315810846006316
66519,49.02210407914951,2.1097102773863337
70488,48.811051302921314,2.3840990948217073
63240,48.72245997808989,1.8894062602523634
70441,48.809750600804286,2.3176427227125544
70433,48.8094424722328,2.2962952124424505
63289,48.73077809496686,2.1740740752320598
71228,48.856548488859545,2.341542213308552
72788,48.96435450334144,2.3885246177160027
72778,48.95680829905762,2.4944021993446106
71272,48.86250154108186,2.307178452309187
71291,48.866150910294344,2.3410664122307114
59741,48.516202907469214,2.2701548589100486
59735,48.51484141184506,2.3420472109066566
62161,48.5599058834868,3.3063910976095388
73426,48.93323643731467,2.549091515887547
73436,48.93517603171683,2.5183151582425785
62129,48.55535313144582,3.297929225786094
72843,48.725482940749146,2.570488642506378
67517,48.707437924320296,2.507109636645732
67501,48.704125444538214,2.6097129413801596
66484,49.01790068888594,2.090571123307668
66475,49.01850756738958,2.1037288147262907
70523,48.81486718534858,2.4812954903055
66445,49.01614354851671,2.191239956563414
70544,48.81626203102664,2.2989609995747022
66407,49.010764483132,1.7038870671383992
73418,48.93034305487283,2.50631516395355
72485,48.90830848941587,2.3689234826382144
70338,48.80294986325732,2.485328351542328
71331,48.87162554041172,2.3221218885481374
72459,48.903523020302444,2.4306071240063405
63366,48.74277296608004,1.953868641356277
70377,48.80554095266186,2.497155332462322
63341,48.73964819376294,2.248476781676467
64805,48.927393562230236,2.1726864986850796
67806,48.791527518908325,2.6416530870624606
64863,48.932438842069736,2.1649284344517286
60896,48.66593822893065,1.8769988340968233
70396,48.806994223360405,2.2936866574083488
71391,48.87700114714686,2.3114509407655426
64870,48.93313997013277,2.2328171502799448
71363,48.87753309886302,2.348932857907123
60917,48.670764348401896,2.3599409190824345
60907,48.66831770105244,2.19718313726592
60938,48.67249849576614,2.2688904626692112
73585,48.98962966107927,2.5295272848741326
73591,48.998356758085166,2.5261341855607036
67856,48.79968373684573,2.644279038968359
73572,48.97795633719034,2.5563263485782763
66383,49.01080443101518,2.0464056810447513
66387,49.01130384618369,2.2455104757143336
73556,48.965021518604,2.524833265434999
73519,48.95407110333974,2.5559771246742398
73506,48.95160147040235,2.583203710742627
70413,48.80794839544536,2.2481053790787504
70419,48.80860932589706,2.2907643929909196
71456,48.886227634704284,2.3400759573629597
413396,48.94883066117893,2.2841076391811295
71463,48.887089256532555,2.360473249806241
64908,48.93754806742148,2.2274556628678064
64918,48.93759309713764,2.158033920149348
70236,48.79808175239602,2.3337306206259174
70269,48.796381913555535,2.448487137446713
64942,48.94038623190483,2.1788892499218226
72504,48.91160365455118,2.4120725428134837
66189,49.00140905027255,2.2046311858341916
60990,48.67512119804537,1.912741931580981
66192,48.999487581815764,2.433327446809833
64997,48.9434797444616,2.129800989687395
72537,48.916422708196826,2.4977964214637383
67744,48.76969790508238,2.8302085780323645
67768,48.77998184151421,3.032028412797413
73669,48.872150053361715,2.409218617804091
67709,48.762179777765766,2.6728112004309774
67732,48.76726485252611,2.6675479550294536
67722,48.76480169686904,2.6728695939208147
73617,48.87879768179647,2.3229011862490134
71500,48.88976992934502,2.2657445085697483
73657,48.852272422659006,2.2680786507284356
67788,48.78603973161931,3.0298340477967987
66206,49.00225520913137,2.307009577630932
73607,49.0158423530133,2.0759942297241603
64648,48.90739055045888,2.0225830555420723
64606,48.901894908474745,2.1498057448784738
72278,48.92939210016533,2.2654651251251767
72251,48.9251406262453,2.2851637246198546
63586,48.77000575205074,2.12146765486188
72234,48.921736539695836,2.263594449744373
73814,48.88030326776,2.200290263020158
72218,48.92011460941371,2.2952148455773353
72222,48.92107559702181,2.3615702875396023
63531,48.76624862866436,2.078828001785763
65762,48.986484155771784,2.279804154311591
73700,48.81039523414808,2.432345637717509
63560,48.76900707522943,2.1724350365821814
63549,48.76654083003129,2.0211388353215867
72297,48.93222437676281,2.275723492083013
73797,48.85979604507685,2.2943611285714205
62430,48.632379419781564,2.58730680363501
62426,48.63173303299526,2.5942192729650437
64758,48.92315806871055,2.2182665683294682
64779,48.92522738307047,2.0334733495194968
64709,48.915608266143714,2.1740268619950527
67923,48.81198430956952,2.8286410978557344
66829,49.048145326553396,2.0458222210810226
64703,48.91580141610651,2.2072768409651786
65824,48.98840612644544,2.208068602934269
72345,48.94221807862595,2.337577215364401
72359,48.949256834348894,2.2953251027642074
73926,48.98510668264622,2.3579212989897997
65883,48.98936450286982,1.7184826784345788
70995,48.827502838203074,2.335724805693444
62513,48.65650405035425,2.7037756417637966
70963,48.90661755211057,2.2227851261851437
70944,48.896615470795005,2.200687593824794
63683,48.777620013333554,1.9768708398979442
63694,48.77891863224087,2.0362310563952946
67948,48.816074324769254,2.7932132658826965
70907,48.888444024650596,2.1931689939367285
67979,48.81991267375882,2.6434941152737883
64798,48.92850529520216,2.212215065932328
63616,48.77216355126829,1.875665790539979
65904,48.991647767202494,2.3896245687897157
64428,48.877183976753656,2.1160873999986554
65993,48.99425259103496,2.256772528066361
72001,48.8912047578792,2.448389735018542
65965,48.994243890407176,2.378593448749123
68983,48.96147014623013,2.602899246123472
66713,49.03999276784658,2.0605186091222567
68961,48.958159172907706,2.9467436578439505
68950,48.958558996558615,2.5982239000878877
72073,48.896359916529555,2.297630138656418
421002,48.943753940496244,2.021339940878867
63798,48.78767299810996,2.1826266998234893
66745,49.041903546434426,2.1119217104351775
68906,48.95170299430601,2.903993450099439
70888,48.88514595325973,2.207007126682124
72098,48.90222451155059,2.258993682338358
66782,49.04485430165298,2.3091287378964664
62206,48.57144413327885,2.605543576917987
64430,48.87758815450812,2.08489676805943
64494,48.887963631643835,2.082136844837625
64475,48.8843812434352,2.100112225338076
62229,48.5812923539091,2.5637803730120847
62377,48.620807272199265,2.967919734817368
64508,48.89003301187743,2.0881354099850618
71070,48.8371607672119,2.2839794487936915
71012,48.82993913033354,2.235432587112968
71033,48.8313813779218,2.3558642657633815
70689,48.82770359047544,2.179696962951998
70692,48.828091704472314,2.2243849553731967
68845,48.944894967614395,2.690754357998445
72145,48.908341919220874,2.358288480025285
72169,48.91394291563061,2.363029039848484
70719,48.841231311824394,2.1811463695489857
70743,48.8469199422361,2.214007132587022
70727,48.84221524567685,2.186288283336179
66666,49.03604548517667,2.4627905963969554
63889,48.798357520833314,2.143998596954712
63893,48.79575468751435,1.6022710484444687
64551,48.89527586054086,2.114450352862452
63835,48.79195745022253,2.043116573689787
64580,48.89937599087321,2.161816712769533
71097,48.83898816179721,2.234223481487091
63803,48.76921839134372,2.112901765522553
64241,48.8415334033552,2.1247380456891736
64265,48.84685680664843,2.1307740344412993
65382,48.96927509617875,1.989210474652328
65315,48.96380563251374,1.8511979325837724
65327,48.96535049640366,2.319663845383954
65340,48.9659937128098,2.2332542675169265
60255,48.608606686589624,2.3137530283659298
60237,48.60659433794454,2.4474003216567466
60220,48.60439034197495,2.365289242940493
64370,48.86650053019307,2.0214349423943467
64340,48.861830990547205,2.1196398019110467
65431,48.970597954800674,1.9469824743961908
65470,48.97326440285506,2.3908376007179175
64392,48.867629478706014,1.6190753215671672
60355,48.61874162890766,2.393606677091065
60309,48.61357778345358,2.4728780003037514
60335,48.61640901248117,2.464302518112283
64002,48.808755108039385,2.157976144515161
65571,48.975931862013255,2.4989358606752767
60090,48.587637432525135,1.8111878260215555
60074,48.587252495317216,2.2962497560740736
64079,48.81877939937181,2.1205505548466226
65544,48.975707751010866,1.9668312431663493
65506,48.97489858796633,2.197154700117741
60059,48.5834643207959,1.9863035669479723
64103,48.82031453309533,1.7942644269008872
64135,48.82385528959856,2.1258997666707256
64178,48.82869264304854,1.9435349288277322
65688,48.98316417274893,2.2316893267944415
65665,48.98005821911279,1.6719365560067618
60112,48.59180710931901,2.4910508485528697
65603,48.97867288856459,2.1994530193255875
421277,48.82306322036208,2.465584554555023
420186,48.77932405542947,2.316121689487658
71602,48.83820086120204,2.4177099461592952
60735,48.65012300844553,2.4100561643998724
60704,48.64847600728494,2.322759856205603
463596,48.879435589517264,2.3852947785634675
60668,48.6459986164968,2.451450127172203
70163,48.789642060435575,2.2533035447479057
60627,48.64293261266266,2.0830623126902603
71523,48.89276450271451,2.3597284213792165
70133,48.78786983120939,2.2931697009468657
71549,48.89600060309925,2.2728379635804545
71580,48.83470379043745,2.449348671437417
71710,48.853596184217714,2.41094855344792
427788,48.561027525820705,2.3034865699703326
60837,48.65979006558673,2.336836394836481
463621,48.804773359143525,2.4080892213429967
60795,48.65400939767017,1.8556599433598182
60781,48.65352038828919,2.357341579126031
70024,48.78001247288134,2.273515264889809
71843,48.870769075868395,2.417373144089319
71802,48.86599978758031,2.42797740288792
72921,48.769244077059206,2.546113500746633
65133,48.95192789144331,1.9156739153475928
60419,48.6243997346147,2.431933963120079
60467,48.62941564207624,2.046814438697268
426072,48.89762192758876,2.092660713832334
65222,48.959790082533225,2.1890369722891485
416600,48.73752256221655,2.2726920795897625
415113,48.78604348561587,2.2758064116271397
60601,48.64101055612457,2.272499764368513
72993,48.79241308725191,2.591118345506498
59993,48.57172478262551,1.939389939808653
59933,48.56306882938071,2.32125456902997
63047,48.70733073748304,2.0698569240447475
71886,48.87651534350389,2.4634476983269873
417569,48.96030742588083,3.236420467798555
69005,48.96658700384184,2.574117174278724
69169,49.00282947390233,2.7002294700384746
61249,48.27957178496421,2.680909781326061
61151,48.23372251038623,2.9191050724292484
61039,48.68099106473807,1.7571853461411209
61041,48.682650001760294,2.1830732014137415
61693,48.4610838515164,2.5249030148169025
62704,48.68935952424019,2.2295885028070415
61674,48.44866170030962,2.769013347451698
69687,48.74865127184881,2.4352406510770086
69777,48.758102720598636,2.329710842890995
61708,48.46839541825617,2.6052895747516254
68654,48.904279501642556,2.7780142348650574
62623,48.684250432100995,2.4975815713307754
61581,48.414914875100656,3.2361697786437302
61502,48.39914395501058,2.983490459151202
62680,48.686421805351515,2.194738296539471
68717,48.918353618721696,2.659432740369174
73120,48.83181384015432,2.5666837445917823
68778,48.9328877755448,2.8901609409086317
68396,48.87314910463072,2.7522028452118583
62998,48.70438192702174,2.039406357635094
73082,48.81858695301845,2.5588128525212768
73049,48.80966765698654,2.5731110472069005
69968,48.77536775567417,2.2780978482147933
68436,48.87818384887531,2.575542284267031
68427,48.876657248208886,2.7013442827934773
61377,48.36534924634427,3.0557885674394436
61337,48.34343410089292,2.602029330065607
61349,48.348292688894034,2.975340597417499
424520,49.13192071066449,2.418074801624615
68560,48.889475706274546,2.7137627584414954
74037,48.9082432800809,2.3875466932701412
69263,49.03519176933721,2.933194041573426
69225,49.01736243506386,3.02980969708916
68118,48.839387947353224,2.6389329489728914
68155,48.84414206594288,2.7316569985724874
74376,48.65768685606032,2.3711597756630125
423056,48.98173696872259,1.9123398787131298
67232,49.134856949172,2.364862637994797
69355,49.067031571356885,2.57394272475555
66126,48.99927463940959,2.159309885776959
68297,48.86240301586685,2.7218444293733866
74239,49.07231184347122,2.3898662089134906
69402,49.078108411323456,2.6760198608669707
67176,49.116810811563774,2.368364380167648
61897,48.526497075274655,2.678703431740643
67355,49.163903596812425,1.779779257425206
67289,49.145700710711324,2.258074044899439
69548,48.72460567416594,2.4158085638621114
61778,48.49721235611894,2.5502397098120957
68076,48.83169606070219,2.7320480031912706
68034,48.826656975360926,2.7023662529703576
63995,48.80629267425438,2.054768175520239
69603,48.73711667371097,2.4111744704487803
63914,48.80086561728402,2.0588830252722063
59972,48.570026991145774,2.269594998935492
65244,48.96001397391462,2.153765025510047
65291,48.96350724538074,2.3349364207421583
71935,48.871130360950325,2.486454250678832
65209,48.9578444577563,2.150905224855222
415098,48.781904947669084,2.2800693113371406
60492,48.63269800550819,2.4124985659522937
60469,48.630090666956065,2.3142719998991805
60422,48.62278242308045,2.4505401036444323
65134,48.952986106946184,2.2180093431402663
65190,48.95530148301071,2.0928559733417633
71823,48.86722725689595,2.493840332578943
65107,48.950813591839086,2.222042694559641
71650,48.84552296774358,2.4282430395276546
60773,48.65184217554224,1.8604321209081347
70052,48.78210693790706,2.4589677914298833
65055,48.946438137425794,1.9872035190524426
65019,48.94501198474911,2.2316180822276532
65020,48.94474101344043,1.9622718756191737
496049,48.95134963232403,2.528569650266734
494786,48.917444004910806,2.2013842625588036
493634,48.53998335460391,2.696448192245797
492707,48.38989775424302,2.4686159689121467
491896,49.039632617297165,2.0024759882761223
491703,48.97207306883805,1.859484764053131
491441,48.92829697201112,2.194407151745492
487510,48.996951819435594,2.4769086204361477
486690,48.80596746511344,2.2791312505076187
486386,48.98342978419686,2.268424473955958
485922,48.93381491199687,2.5439270641912937
485861,48.97386453850938,2.4010823952713443
485820,49.040580675731555,2.503242577651827
485781,48.672298484691744,2.318641793949286
484132,48.96940133781316,1.8556298344144508
483603,48.666210345361,2.327615834731813
483417,48.78909763107226,2.1521543873230677
482775,48.89156340641042,2.3613184326548446
482698,48.815645025099094,2.538301237085077
482431,48.84611859867132,2.47274728006914
482069,48.9866408823577,1.9226083947379535
481083,48.9943975464798,2.2023196896929176
480993,49.04835028706723,2.4863014180897616
480710,48.712267869842414,2.3635848051353543
480612,48.82952120060935,2.000693570322423
480070,48.55315163042509,3.0212463240946574
479956,48.82312748481009,2.369811523917974
479913,48.80851577086226,2.243235962502
70599,48.81944313644451,2.2743823452526724
70575,48.817927789494064,2.3250807797689617
59813,48.53003492973523,2.3402718843255017
59830,48.53300023883948,2.290476088935694
59825,48.531766800069065,2.371003741220633
72640,48.93174639100127,2.3910780662062963
62011,48.541245418625515,2.8077628858383967
415637,48.942322064045385,2.197828191977111
73363,48.909210428643114,2.5032003855376836
73358,48.90710764977563,2.5864453383464627
66557,49.025445682032824,2.2217928798422117
415687,48.789361781083834,2.284676117195281
70481,48.81224333668415,2.357673499600029
63268,48.728822052918474,2.2369534527037134
70464,48.81045296074818,2.250928925316817
72789,48.964653955577276,2.4953911839673153
71271,48.86213326042407,2.3018400646111985
73435,48.93502867156854,2.5031449236856624
62116,48.55773142152986,2.551265289700219
66457,49.016842215916256,2.2812698416173633
73493,48.949021490762235,2.531102964031888
67541,48.71416528701033,2.9600811715547044
70545,48.81671675434008,2.48472943814052
70503,48.81508800606256,2.2777522609598266
72473,48.90595226442766,2.389742757125452
71328,48.87181434057314,2.3010013682632318
63375,48.746091581728784,2.221617971949507
72498,48.91045315714844,2.4317660286025182
67819,48.7940903027054,2.6112928297004148
70395,48.80639874578512,2.426956314280299
477911,48.98859424557577,1.67042700674879
60916,48.669690682854934,1.8752273559011698
60937,48.67240363602663,2.067687107553149
59597,48.4457771489679,2.167392278492562
59537,48.42961594739929,2.1580634793216733
66388,49.010937959127695,2.050203583813073
73518,48.954119284828096,2.5161392827038696
66327,49.005687158662525,1.715954318706117
72586,48.923654450879525,2.4598842880814007
70216,48.79362882894446,2.486631836474961
424167,48.814026991230605,1.874490775846134
63483,48.76259131127857,1.9213147708028884
64958,48.94014576792946,2.0604381812636974
64971,48.94202885589179,2.1797506968435365
71498,48.88950527028863,2.2927447297215093
59465,48.39126347201298,2.3776420162524836
59450,48.37428478563944,2.0597027321607784
67708,48.7618413963463,2.664310675139333
72601,48.92540790033534,2.4316572988837186
73647,48.85458813694742,2.3855483555303825
415585,48.472088520652306,2.3255492992171574
73608,49.03181843530079,2.0743765133556096
64607,48.90216630006516,2.0841509374202905
63597,48.77148408825831,2.16712290097414
65758,48.98520129351058,2.4591968280585013
72219,48.920815943668345,2.3177215733567005
65792,48.98750815973789,2.273648104137815
63511,48.76439298933736,1.9346454658493657
63548,48.766962810261646,1.9608878778737369
73794,48.862516045037715,2.34606637587523
62422,48.631523314204294,2.54489234292801
64778,48.92176565704876,1.587032789344023
67925,48.81112411909615,3.0842345878718342
421035,48.9896799343003,1.7101525557057662
65845,48.98808560195238,1.811791541876324
73935,48.80184900088178,2.0621261970583595
65895,48.991302430001,2.238743025935603
70958,48.90298010266979,2.2283984097171006
70980,48.82608594871485,2.27008767160055
62571,48.672996787082,2.530393359570694
67974,48.81819512480554,3.1232979986651
62560,48.66873869748535,2.5540677991467517
64423,48.87629588350195,2.0899848460094606
65983,48.992322267033664,1.7087408320284665
66726,49.04116563439533,2.073751615937359
65933,48.99219542255868,2.312951340992364
66764,49.04287028606646,2.15493113998163
66743,49.04018062271736,1.596271590450375
70894,48.886505395517446,2.230660859856895
70878,48.882287591309726,2.207241560480631
63737,48.78282397873189,2.1204079930683792
426828,49.14931807201413,2.289101587853624
62226,48.57800371884861,2.8270611435379265
64505,48.889825389426726,2.103516391861907
64511,48.890837542543544,2.1600038495693545
70683,48.826224763725634,2.211213417603543
72137,48.90689346142167,2.2391453875634095
68854,48.945521928009605,2.666340391220047
70740,48.84680103196927,2.1934389937468537
63875,48.79460168335701,2.1240348034127887
63898,48.79962429070136,2.1245563170572175
63834,48.79040584039488,1.973210113690592
64599,48.901220411976745,2.16257138959409
65375,48.96808894186277,2.2062883170503986
65383,48.966563567337495,1.6936448914591133
65328,48.964364162226836,1.992863920600609
60256,48.60897662828062,2.3701102072217775
60212,48.60421170518902,2.256700585826101
64350,48.8636469618338,2.125054906731935
65400,48.968425832121554,1.8300258342814715
60352,48.61818399507654,2.4424006113405508
60337,48.61534751178395,1.8396406421261102
64044,48.81420976957476,1.9038428497055409
65589,48.975171247306385,1.7036748939043376
64099,48.82063069475651,2.1185171450823272
60052,48.58260610015558,2.222508294699362
64136,48.823718687467775,2.1177089646591996
419793,48.836169081715845,2.237112344942298
65628,48.977814437449354,1.7237200900389762
60169,48.599693478704076,2.492547433543166
71601,48.838253224916116,2.3992005610520355
60703,48.64731238052112,1.8417283398874
60666,48.64641676930613,2.3764399711255537
60629,48.64430370710621,2.3374195280819348
70136,48.78840149122832,2.3587224583386432
71582,48.833961330140475,2.3829224551071087
71728,48.85631417640588,2.3942286097970094
60801,48.655282210905824,2.210430771654954
60780,48.65344136747409,2.3919961856393286
420742,48.77916929778351,2.040554292450731
72923,48.767576235044515,2.5299778698731656
60418,48.62388466923301,2.4995992304882786
60483,48.63125090869308,2.4417253678785134
71971,48.88752076679509,2.4085532846879505
60603,48.641024333426785,1.9868445152003573
59989,48.5712230068908,1.9220960319073712
63042,48.707184814414084,1.9947561694967337
462604,48.872860080909135,2.574331403654785
69161,48.9994941039357,2.5126212225986913
61250,48.2797239009046,2.6772828046337005
461920,48.752975360283784,2.5035784942563244
61692,48.45590184810646,3.3759925781110507
61600,48.42220205398907,2.759350629644031
69779,48.75835052551231,2.3928626049845847
68658,48.90616003854143,2.5946721799276706
425779,48.87992826316855,2.2711534040521033
62656,48.686371343246726,2.1820369179938193
69861,48.767315864419196,2.2666916307995546
61492,48.39839636721639,2.9781204407374413
73084,48.8191056408495,2.526306046889779
69966,48.775908230747525,2.3188268717101597
425945,48.79870241103563,2.0640275619139006
62866,48.69792543026134,2.4651859637960434
74089,48.78923341399573,2.0365577812503433
74030,48.79906662993762,2.4543741011594578
69220,49.0187002706616,2.5985926111216426
66019,48.99529813104207,2.274803290748441
67058,49.07705006147459,2.075677292899746
67217,49.12961195867634,2.2895295115476464
68298,48.86310540540352,2.761880650309206
69400,49.08268285159967,2.518389504523785
67315,49.151066458582754,2.2762136737659855
61937,48.53009931959022,2.6513628783397554
61777,48.48741178507785,3.292644610834227
67491,48.700319485236925,2.620469293953665
69604,48.73731176449335,2.406072981220773
72970,48.78729180160785,2.50238770300709
65299,48.96274645167177,2.4131467401931355
71975,48.887852747599105,2.4627717444144253
60488,48.6280947745734,2.025322683847802
60423,48.62350744020976,2.1250120311859515
419294,48.92535165006672,2.390920900129766
71878,48.876349139501315,2.376264303274112
70010,48.77880474064135,2.288039379463597
60820,48.65782241333488,2.359454340519986
60829,48.65834382779064,2.304051005504973
496054,48.804250427095106,2.2913002150130253
492967,48.86484687475799,2.3668940901217614
491900,48.71594572159686,2.192468638701823
491440,48.92491642798939,2.1999048258427782
490754,48.70094312221369,2.888542235941776
486378,48.98853002601737,2.151223685913659
485858,48.70752384745764,2.244222825018688
485780,48.971017220801485,2.9206010981064963
485442,48.54308733177421,2.3233286545167116
483697,48.75544971463294,2.170099338098456
483416,48.8269677068069,2.120446480085815
482432,48.84494319558772,2.436840692235375
481100,48.84896646291659,2.2657470952628143
480611,48.42137212103544,2.737093503649084
479912,48.83718999924477,2.1554799257005324
479338,48.675245801817084,2.20214975705979
63178,48.71815704912569,2.0123189832291337
473790,48.95528443371814,2.4209255960914087
71197,48.851178775596054,2.2925971594209917
62008,48.54151063808516,2.6560691200725293
70660,48.824577358622484,2.244405803552656
63228,48.72119214052014,1.9114228781130436
70463,48.811001780259936,2.477602814161283
71270,48.858681295529145,2.323244397611488
59721,48.51222029287147,2.3439011792051456
73455,48.939213977793194,2.5084014438478355
59693,48.49944411196994,1.8936799977009033
70542,48.81646525206877,2.2801845928471205
72472,48.90668415201349,2.4392013092355294
70378,48.805560043461824,2.4563145090484797
64862,48.93193942774804,2.2342270760099074
72429,48.89804854186278,2.4774727633740463
66340,49.0079670165793,2.398180950991505
59538,48.430022364442095,2.172995413929132
63330,48.73672107447812,2.2630009568069296
72585,48.92309881882734,2.431150301549298
427192,48.833123503176914,2.2700708691026543
66179,49.00168011640929,2.4060373086986084
72544,48.91761136582085,2.435528985655932
67769,48.77893714223024,3.2277465479082426
73698,48.93175168507421,2.5011903178407393
67791,48.78846559572119,2.612968080250872
64604,48.901859029269765,2.132884052571945
73800,48.89352473025122,2.397928565954268
63532,48.76577976979061,1.9178132589485635
73756,48.94551171112883,3.1252175790218844
62423,48.63144759040488,2.5618831890074887
67924,48.810970162310184,2.955567958098233
72342,48.94127315577596,2.294894025817715
70998,48.82781464238705,2.331961212259011
66877,49.05260169415259,2.115842995240975
67971,48.81892735567329,2.9176798972146587
68991,48.96269981137202,2.897506708981836
66725,49.04051521184412,2.464973765083506
66765,49.043363824883386,2.2061837397545605
68905,48.95144447408875,2.9426885549266983
62207,48.571383928516006,2.6202171321879977
62225,48.57882160223357,2.564600794785677
71010,48.82933556735329,2.3225423904524347
68811,48.941096291687764,2.738234926125121
66637,49.03348431055885,2.4631316361615885
66686,49.03682159940248,2.0853862646978265
64598,48.90102908009725,2.0661574492551935
65380,48.96848369395537,1.8499539718967513
462030,48.59967645290575,2.4162121231888123
64351,48.86191661001601,1.6730127976896676
60353,48.61777915732148,1.9153235936245376
65572,48.97558741684786,1.7118343179338786
64097,48.82061679890218,1.933013142567814
64137,48.823654611866914,1.957742023733443
60110,48.59226168052302,2.1879545552563755
71600,48.83687140330428,2.482622845450828
60659,48.64640536200936,2.3657569518645976
70135,48.78839127750773,2.2640814437983545
71729,48.85722652744097,2.491688651363605
70060,48.78251659929453,2.253691321761386
72917,48.76725850580542,2.5326678696021303
60485,48.63169962280209,2.2708989017556047
416650,48.69148976901521,2.3163944710879725
60590,48.64036579320813,2.460888016394054
69163,49.000230677472736,2.931947510134884
411641,48.56052419015853,2.319098816179457
61601,48.4227442384021,2.7561177292396386
69701,48.74997264027841,2.4063370116848897
61522,48.40305686076924,2.686037840302154
61494,48.39879834334733,2.9659476062296317
69964,48.77544614796827,2.3261608977033794
61339,48.34307227035879,2.8964933862829283
74033,48.90177285819965,2.413622704449654
66018,48.99547025985232,2.309313932558762
69353,49.06424307755622,3.1584947991286403
67192,49.12533947452619,2.1810553893691784
67286,49.145751531028566,1.9778997463887367
67493,48.70170622375152,2.9690115130608956
59981,48.57000902905605,1.9029601694243707
65207,48.955925111097365,1.6716311315008756
72847,48.72781834061125,2.530260825964945
71876,48.87687826905658,2.4415333377565664
60815,48.657127746094204,2.410479528200125
491435,48.93255336657131,2.189468381522021
490756,48.853216104330855,2.772807822089787
487791,48.552402697610574,3.2869032038942385
485779,48.96341090239679,2.915723558733993
483696,48.7006256466864,2.2522040763362376
482449,48.83421539054513,2.290858765910056
479341,48.6700466941473,2.2776368280606025
63183,48.71851255467973,2.500113461299194
73329,48.900783552333074,2.5705292381143834
66554,49.02607874901097,1.9829152686052953
63287,48.73021897152314,2.271216583875375
59724,48.51290528520286,2.3392619232537157
73494,48.94887338102921,2.50325841753657
71342,48.876010437797156,2.2702197279103347
64861,48.931541186416545,2.0470123657228725
60936,48.672730844664066,1.878054996769226
73520,48.95433468156713,2.5353563011699007
70229,48.79505460705985,2.3918024323993117
64998,48.94422163789067,2.2409543821535607
67721,48.76474984009453,2.680291438785219
64605,48.901602873666945,2.0482220830709306
65793,48.98779871756593,2.3281420909308497
62409,48.62899536363172,2.5777803644027673
65840,48.98923660734657,2.220914065683768
70981,48.82584209480304,2.27732404343847
68990,48.96079535031826,3.124243828120743
66766,49.04339118463545,2.062734629254617
63728,48.780866204436784,1.8111140442061344
64517,48.89153983811848,2.1292711237160717
70741,48.84665607515272,2.169621267063365
71098,48.84019918354843,2.3458294596397327
60259,48.6091296092746,2.4490352500437296
60350,48.61779352035685,2.4897332200933118
65540,48.97610306951712,2.28898457685242
60111,48.591807326853306,2.2181747082395367
463564,48.85258944629183,2.368726105936876
71745,48.857853852329775,2.404440003906598
72914,48.76545500249039,2.528044610028643
477636,49.03559699628734,2.683095777721515
69179,49.00304377161304,2.519872712208483
61603,48.423734815706666,2.752240612529481
61523,48.40053889045191,3.339678336076716
69963,48.77543724363561,2.4588328156584227
68524,48.88594919196586,2.6057252290748227
69351,49.06333504961134,3.1549617660028044
67282,49.146755360162,1.974878250597719
60545,48.637303331494586,2.331407446523291
421800,48.71612069973959,2.2024363353482803
60817,48.65753060596774,2.3495871147853187
491439,48.92279859859266,2.1872184769220837
487788,48.60562903965477,2.9718421117583396
485761,48.962279356759176,2.917869472925806
480755,48.785192167022274,2.244356864325264
479361,49.10123137298562,2.561570459340824
415638,48.83754074803179,2.228018342663587
70466,48.81110746812802,2.2578100156941394
59694,48.49997208368751,2.3521154116000473
64860,48.932067411972106,2.147934066777779
63334,48.73816696409947,2.229874842604551
64999,48.94304464888055,2.209810502988372
64602,48.90111443339265,2.068399946269055
62408,48.62707521384759,2.5556100618286206
66878,49.052767689943785,2.1368134479175254
66760,49.042969047277516,2.30265663289949
71019,48.83049147079167,2.333786389565522
71099,48.83970275915102,2.278276361487622
60351,48.618187752626554,2.432720425852536
65621,48.978284923690545,1.9784609502545911
71744,48.85759908999794,2.3993522954952122
65271,48.96207113122798,2.318600539073015
422406,48.694720241353906,2.4506535363696327
73002,48.7963998783987,2.530609848969639
67201,49.12618371075501,1.999576861819632
478351,48.43282033681175,2.1749252471551292
65052,48.94602709597603,2.2335554541469285
491433,48.922582857415,2.1885592388274753
485778,48.95781823183362,2.9044942365654833
63288,48.730329852696066,2.2385494152123733
67817,48.78907141134303,3.4219496353920578
71497,48.889795035392,2.2802482952595935
64671,48.91043206789756,2.152060763779523
66761,49.04044235050402,1.5693023159377342
64597,48.901149034775244,2.0242349252531286
65622,48.97609395303915,1.5394177670534244
419371,48.69053780579116,2.2543455456520087
73000,48.79156791114633,2.532327610994393
60547,48.637496338280215,2.3154982603683765
480754,48.78321611549285,2.2433579021560646
60887,48.665842591484015,2.341498940371065
64672,48.911353547464316,2.166105856175236
64596,48.90034226217046,2.087900260560382
59884,48.553374514277714,2.2116473772736347
478350,48.80307019401558,2.0595785019592587
480747,48.84980327123449,2.3423497048759203
64866,48.93209480609668,2.1841795766730816
62339,48.61313869065116,2.5014654798114444
72978,48.78943004196297,2.5029117726160592
60888,48.66566030809387,2.337821171477089
478355,48.951160664848764,2.0729311106824424
411318,49.426247411392204,2.08834582322506
411366,49.01841486817869,1.1498558322259897
411453,48.19822559869753,3.2673805413803247
411444,48.073492940832686,1.3384330021828876
411429,49.187030650717,2.4596599270452217
411499,48.509921715910615,1.5573780613685342
411465,48.34261875935412,3.0720201061041963
411462,48.32421062271411,3.130154840410363
411459,48.2862001432567,3.20182215847476
411474,48.02662402302481,3.302762450780337
411468,47.973655686300866,3.393667054376571
411477,48.085206695756156,3.2865046950805197
411505,48.48257328597441,1.5243665464960081
411508,48.44815728195019,1.4805376543356368
411512,48.60508485349536,1.6816723125024857
494529,49.13298159722136,2.512112427041637
491164,49.1965463228203,1.9300989659278607
411502,48.542555489100806,1.5900733879453606
486944,48.8234594644837,3.0393214925060312
411480,47.96107924372578,3.5126763134529835
415518,48.895689831122844,1.8693015781745166
411450,48.27503094784323,1.6220416259899684
74349,48.586256682993294,1.5926330908061617
411456,48.13765030143217,3.2900826338816094
